Step,Action,Reasoning,Observation,Reward,Done
0,Move West,"We start by collecting the basic resource needed for all subsequent achievements: wood. The observation shows a tree 4 steps to the west and grass 1 step to the west, and we are currently facing west (grass is directly in front). To reach the tree we will move west repeatedly. First action: move one step west toward the tree. After gathering wood we will place a table, craft a wood pickaxe, and progress through the achievement chain (collect stone, place furnace, collect coal, iron, etc.) following a logical order to unlock all achievements.","You see:
- grass 1 steps to your west
- tree 3 steps to your west

You face grass at your front.",0.0,False
1,Move West,,"You see:
- grass 1 steps to your west
- tree 2 steps to your west

You face grass at your front.",0.0,False
2,Move West,,"You see:
- grass 1 steps to your north
- tree 1 steps to your west

You face tree at your front.",0.0,False
3,Do,"We start by obtaining the first required resource. The observation shows a tree directly in front of us, and the Do action can collect material from objects we face. Using Do now will give us wood, achieving ""Collect Wood"". After that we will place a table, craft a wood pickaxe, and continue progressing through the achievement list (collect stone, place furnace, collect coal, iron, make iron tools, find and eat cow/plant, defeat zombies/skeletons, etc.) following a logical order to eventually complete all achievements.","You see:
- grass 1 steps to your west
- tree 2 steps to your west

You face grass at your front.",1.0,False
4,Move West,,"You see:
- grass 1 steps to your south
- sand 5 steps to your south-west
- tree 1 steps to your west

You face tree at your front.",0.0,False
5,Do,,"You see:
- grass 1 steps to your west
- sand 5 steps to your south-west
- tree 1 steps to your north

You face grass at your front.",0.0,False
6,Place Table,"We have already collected wood (2 units) and satisfy achievement 1.  
Next steps to unlock subsequent achievements in an efficient order:

1. **Place Table** (achievement 2). This gives us a crafting station.
2. **Make Wood Pickaxe** at the table using the wood we have (achievement 6). This tool lets us mine stone.
3. **Collect Stone** by moving to a stone node and using Do with the pickaxe (achievement 10), then **Place Stone** (achievement 11) to have building material.
4. **Make Stone Pickaxe** (achievement 14) using wood and stone at the table, then **Collect Coal** from a coal deposit (achievement 18).
5. **Place Furnace** (achievement 17) near the table.
6. **Collect Iron** by smelting ore with the furnace (achievement 19), then **Make Iron Pickaxe** (achievement 20) and **Make Iron Sword** (achievement 21).
7. **Collect Diamond** using the iron pickaxe (achievement 22).
8. **Place Plant** (achievement 8) to later **Eat Plant** (achievement 12).
9. Locate and **Eat Cow** (achievement 3) for food.
10. Find and **Defeat Zombie** (achievement 9) and **Defeat Skeleton** (achievement 13) using the iron sword.
11. **Collect Sampling** (achievement 4) and **Collect Drink** (achievement 5) from appropriate sources.
12. **Sleep** when needed and **Wake Up** (achievement 16) to reset energy.
13. **Make Wood Sword** (achievement 7) and **Make Stone Sword** (achievement 15) as optional intermediate tools.

The immediate next action is to place a table in front of us to start crafting.","You see:
- grass 1 steps to your south
- sand 5 steps to your south-west
- tree 1 steps to your north
- table 1 steps to your west

You face table at your front.",1.0,False
7,Move North,,"You see:
- grass 1 steps to your south
- sand 5 steps to your south-west
- tree 1 steps to your north
- table 1 steps to your west

You face tree at your front.",0.0,False
8,Do,,"You see:
- grass 1 steps to your north
- sand 5 steps to your south-west
- tree 2 steps to your west
- table 1 steps to your west

You face grass at your front.",0.0,False
9,Move West,"Current status: we have 1 wood, a placed table to the west, and need more wood to craft tools. The next logical step is to approach the tree to collect additional wood. We'll move west toward the table (and eventually the tree), then continue west to be adjacent to the tree and use Do to collect wood. This will allow us to achieve the ""Collect Wood"" (already done) and later ""Make Wood Pickaxe"". After gathering sufficient wood, we can place a furnace, mine stone, etc., following the achievement sequence described earlier.","You see:
- grass 1 steps to your north
- sand 5 steps to your south-west
- tree 2 steps to your west
- table 1 steps to your west

You face table at your front.",0.0,False
10,Move West,,"You see:
- grass 1 steps to your north
- sand 5 steps to your south-west
- tree 2 steps to your west
- table 1 steps to your west

You face table at your front.",0.0,False
11,Move West,,"You see:
- grass 1 steps to your north
- sand 5 steps to your south-west
- tree 2 steps to your west
- table 1 steps to your west

You face table at your front.",0.0,False
12,Move West,"We need to gather enough wood to later craft tools and achieve many milestones. Currently we are standing east of a table (1 step west) and a tree (2 steps west). We have only 1 wood. The next immediate goal is to collect more wood from the tree. To do this we will move west one step onto the table tile, then move west again to stand next to the tree and use Do to harvest wood. After gathering sufficient wood we can craft a wood pickaxe and wood sword, then place stone, collect stone, etc., progressing through the achievement list. The first concrete action is to move west toward the table.","You see:
- grass 1 steps to your north
- sand 5 steps to your south-west
- tree 2 steps to your west
- table 1 steps to your west

You face table at your front.",0.0,False
13,Move West,,"You see:
- grass 1 steps to your north
- sand 5 steps to your south-west
- tree 2 steps to your west
- table 1 steps to your west

You face table at your front.",0.0,False
14,Move West,,"You see:
- grass 1 steps to your north
- sand 5 steps to your south-west
- tree 2 steps to your west
- table 1 steps to your west

You face table at your front.",0.0,False
15,Move West,"We currently have 1 wood in inventory and stand next to a table (1 step west) and a tree (2 steps west). To progress we need more wood to craft tools and meet many achievements. The next immediate goal is to collect additional wood from the tree.

Steps:
1. Move West onto the table tile.
2. Move West again to stand adjacent to the tree.
3. Use Do to harvest wood from the tree (collect wood achievement).
After collecting enough wood (at least 3), we can craft a wood pickaxe (Make Wood Pickaxe) and a wood sword (Make Wood Sword) using the nearby table, then proceed to gather stone, coal, iron, etc., to complete the remaining achievements.

Thus the immediate action is to move west onto the table.","You see:
- grass 1 steps to your north
- sand 5 steps to your south-west
- tree 2 steps to your west
- table 1 steps to your west

You face table at your front.",0.0,False
16,Move West,,"You see:
- grass 1 steps to your north
- sand 5 steps to your south-west
- tree 2 steps to your west
- table 1 steps to your west

You face table at your front.",0.0,False
17,Move West,,"You see:
- grass 1 steps to your north
- sand 5 steps to your south-west
- tree 2 steps to your west
- table 1 steps to your west

You face table at your front.",0.0,False
18,Move West,"We currently have 1 wood and are adjacent to a table (west) and a tree two steps away. To earn the ""Collect Wood"" achievement and gather enough wood for crafting, we need to harvest more wood from the tree. The quickest way is to move onto the table tile (west), which will put us directly next to the tree (now 1 step west). Facing west, we can then use Do to collect wood from the tree. After gathering sufficient wood, we can craft a wood pickaxe and wood sword using the nearby table. Therefore, the immediate action is to move west onto the table.","You see:
- grass 1 steps to your north
- sand 5 steps to your south-west
- tree 2 steps to your west
- table 1 steps to your west

You face table at your front.",0.0,False
19,Move West,,"You see:
- grass 1 steps to your north
- sand 5 steps to your south-west
- tree 2 steps to your west
- table 1 steps to your west

You face table at your front.",0.0,False
20,Move West,,"You see:
- grass 1 steps to your north
- sand 5 steps to your south-west
- tree 2 steps to your west
- table 1 steps to your west

You face table at your front.",0.0,False
21,Move West,"We currently stand with 1 wood in inventory, a table one tile to our west, and a tree two tiles to our west. To achieve “Collect Wood” and later craft tools we need more wood. The most direct sequence is:
1. Move west onto the table tile (now the tree will be one tile away).
2. Use the Do action while facing west to harvest wood from the tree.
3. Repeat steps 1‑2 as needed to gather enough wood (at least 2 total) for crafting a wood pickaxe and wood sword.
After obtaining sufficient wood we will craft the wood pickaxe (Make Wood Pickaxe) and wood sword (Make Wood Sword) at the table. This will unlock further achievements and allow us to explore, collect stone, coal, iron, etc., eventually completing all achievements.

The immediate next action is to move west onto the table.","You see:
- grass 1 steps to your north
- sand 5 steps to your south-west
- tree 2 steps to your west
- table 1 steps to your west

You face table at your front.",0.0,False
22,Move West,,"You see:
- grass 1 steps to your north
- sand 5 steps to your south-west
- tree 2 steps to your west
- table 1 steps to your west

You face table at your front.",0.0,False
23,Move West,,"You see:
- grass 1 steps to your north
- sand 5 steps to your south-west
- tree 2 steps to your west
- table 1 steps to your west

You face table at your front.",0.0,False
24,Move West,"We currently have 1 wood and are standing east of a table with a tree further west. To start progressing we need more wood to achieve ""Collect Wood"", then craft a wood pickaxe and wood sword (achievements 6 and 7). The steps are:

1. Move west onto the table tile.
2. Use Do while facing west to collect wood from the tree (repeat until we have at least 2 wood).
3. With sufficient wood at the table, use Make Wood Pickaxe and Make Wood Sword.
4. Use the wood pickaxe to mine stone (achieve ""Collect Stone"" and ""Place Stone"").
5. Place a stone block to get the ""Place Stone"" achievement.
6. Use stone to craft a stone pickaxe and stone sword (achievements 14, 15).
7. Mine coal and iron (achievements 18, 19) and then craft an iron pickaxe and iron sword (achievements 20, 21).
8. Use the iron pickaxe to mine diamond (achievement 22).
9. Along the way, place a furnace (achievement 17), place a plant (achievement 8), eat plant (12), eat cow if encountered, defeat zombie and skeleton (9,13), collect drink, sleep if needed, and wake up (16) to complete remaining achievements.

The immediate next action is to step onto the table so we can start harvesting wood.","You see:
- grass 1 steps to your north
- sand 5 steps to your south-west
- tree 2 steps to your west
- table 1 steps to your west

You face table at your front.",0.0,False
25,Move West,,"You see:
- grass 1 steps to your north
- sand 5 steps to your south-west
- tree 2 steps to your west
- table 1 steps to your west

You face table at your front.",0.0,False
26,Move West,,"You see:
- grass 1 steps to your north
- sand 5 steps to your south-west
- tree 2 steps to your west
- table 1 steps to your west

You face table at your front.",0.0,False
27,Move West,"We start with 1 wood and are standing east of a table, with a tree two steps west. To begin we need to collect more wood (achievement 1) by moving onto the table tile so the tree becomes adjacent, then using Do to harvest wood from the tree. This will give us enough wood to later craft a wood pickaxe and wood sword (achievements 6 and 7) at the table.

After obtaining wood:
- Use Make Wood Pickaxe and Make Wood Sword at the table.
- Use the wood pickaxe to mine stone (collect stone, achievement 10) and then place a stone block (achievement 11) using Place Stone.
- With stone and wood, craft a stone pickaxe and stone sword (achievements 14 and 15).
- Use the stone pickaxe to mine coal and iron (achievements 18 and 19), then place a furnace (achievement 17) and craft iron pickaxe and iron sword (achievements 20 and 21).
- Use the iron pickaxe to mine diamond (achievement 22).
- Place a new table somewhere using Place Table (achievement 2) after we have enough wood.
- Place a plant with Place Plant (achievement 8) and later eat it (achievement 12).
- Find and eat a cow (achievement 3) when encountered.
- Defeat zombie and skeleton (achievements 9 and 13) using swords.
- Collect drink from a lake using Do when facing it (achievement 5).
- Manage food, drink, and energy; sleep when needed (Sleep) and later Wake Up (achievement 16).

The immediate first action is to move west onto the table tile so the tree becomes adjacent for wood collection.","You see:
- grass 1 steps to your north
- sand 5 steps to your south-west
- tree 2 steps to your west
- table 1 steps to your west

You face table at your front.",0.0,False
28,Move West,,"You see:
- grass 1 steps to your north
- sand 5 steps to your south-west
- tree 2 steps to your west
- table 1 steps to your west

You face table at your front.",0.0,False
29,Move West,,"You see:
- grass 1 steps to your north
- sand 5 steps to your south-west
- tree 2 steps to your west
- table 1 steps to your west

You face table at your front.",0.0,False
30,Move West,"We currently have 1 wood and stand facing a table that is 1 step west, with a tree 2 steps west. The first achievement (Collect Wood) requires obtaining wood from a tree. By moving west onto the table tile (or adjacent to it), we will end up next to the tree and still facing west, allowing us to use Do to harvest wood from the tree. After that we will have enough wood to craft a wood pickaxe and wood sword at the table, then place a stone block, mine stone, craft stone tools, mine coal and iron, place a furnace, craft iron tools, mine diamond, and complete the remaining achievements (placing tables, plants, eating food, defeating mobs, collecting drink, sleeping/waking). The immediate high‑priority step is to move west so we can harvest wood from the tree.\n\nAction: Move West","You see:
- grass 1 steps to your north
- sand 5 steps to your south-west
- tree 2 steps to your west
- table 1 steps to your west

You face table at your front.",0.0,False
31,Move West,,"You see:
- grass 1 steps to your north
- sand 5 steps to your south-west
- tree 2 steps to your west
- table 1 steps to your west

You face table at your front.",0.0,False
32,Place Table,,"You see:
- grass 1 steps to your north
- sand 5 steps to your south-west
- tree 2 steps to your west
- table 1 steps to your west

You face table at your front.",0.0,False
33,Move West,"Current status: have 1 wood, table is directly in front (1 step west), tree is 2 steps west. Achievements require gathering resources, crafting tools, placing objects, eating, drinking, sleeping, and defeating mobs.

Immediate goals:
1. Obtain more wood by harvesting the tree (use Do after moving onto the table tile so the tree is adjacent).
2. Craft a Wood Pickaxe at the table (requires wood and table adjacency).
3. Craft a Wood Sword at the table (requires wood).
4. Use the Wood Pickaxe to mine stone (once a stone node is reachable) to achieve ""Collect Stone"" and then ""Place Stone"".
5. Gather coal, iron, and diamond by mining with appropriate pickaxes (stone then iron).
6. Place a Furnace, craft Stone then Iron tools, defeat zombie and skeleton, eat plant/cow, drink from lake, collect sampling, and finally ""Wake Up"" after sleeping.

High‑level sequence:
- Move West onto the table tile.
- Do (harvest wood from the tree).
- Make Wood Pickaxe.
- Make Wood Sword.
- Explore to find stone, mine it with the wood pickaxe.
- Place Stone next to the table.
- Mine more stone to get enough for a stone pickaxe and sword; craft them at the table.
- Use stone pickaxe to mine coal and iron; place furnace; craft iron pickaxe/sword.
- Mine diamond with iron pickaxe.
- Locate and interact with cows, plants, lake, and mobs to complete nutrition and combat achievements.
- Ensure food/drink levels drop, then Sleep, then Wake Up.

Next immediate action is to move onto the table tile to get closer to the tree.","You see:
- grass 1 steps to your north
- sand 5 steps to your south-west
- tree 2 steps to your west
- table 1 steps to your west

You face table at your front.",0.0,False
34,Move West,,"You see:
- grass 1 steps to your north
- sand 5 steps to your south-west
- tree 2 steps to your west
- table 1 steps to your west

You face table at your front.",0.0,False
35,Make Wood Pickaxe,,"You see:
- grass 1 steps to your north
- sand 5 steps to your south-west
- tree 2 steps to your west
- table 1 steps to your west

You face table at your front.",1.0,False
36,Do,"We currently have a wood pickaxe but no wood in inventory (only the pickaxe). To progress we need more wood to craft the wood sword (achievement 7) and later to craft stone tools. The tree is two steps west, and the table is one step west, directly in front of us. Performing the Do action while facing the table will interact with the tree (since it is adjacent) and collect wood. After collecting wood we will make a Wood Sword at the table. Then we will explore north (grass) to locate stone, mine it with the wood pickaxe, collect stone (achievement 10), place stone (achievement 11), craft a stone pickaxe and sword, then gather coal and iron, place a furnace, craft iron tools, mine diamond, and complete combat and food/drink achievements. The immediate next step is to collect wood from the tree.

Action: Do","You see:
- grass 1 steps to your north
- sand 5 steps to your south-west
- tree 2 steps to your west
- table 1 steps to your west

You face table at your front.",0.0,False
37,Move West,,"You see:
- grass 1 steps to your north
- sand 5 steps to your south-west
- tree 2 steps to your west
- table 1 steps to your west

You face table at your front.",0.0,False
38,Move West,,"You see:
- grass 1 steps to your north
- sand 5 steps to your south-west
- tree 2 steps to your west
- table 1 steps to your west

You face table at your front.",0.0,False
39,Do,"We currently have a wood pickaxe but no wood. The nearest wood source is a tree two steps west, with a table directly west blocking the line of sight. The “Do” action can collect material from whatever is in front; using it now should gather wood from the tree (or at least attempt to). After obtaining wood we will craft a Wood Sword (Make Wood Sword) at the table to complete that achievement. Then we will explore north onto the grass, locate stone, mine it with the wood pickaxe (Do), place the stone (Place Stone) for its achievement, and craft a stone pickaxe (Make Stone Pickaxe). Using the stone pickaxe we will collect coal and iron, place a furnace (Place Furnace), craft iron tools, mine diamond, and complete the remaining achievements (eating, drinking, combat, etc.). The immediate next step is to collect wood from the tree.","You see:
- grass 1 steps to your north
- sand 5 steps to your south-west
- tree 2 steps to your west
- table 1 steps to your west

You face table at your front.",0.0,False
40,Move West,,"You see:
- grass 1 steps to your north
- sand 5 steps to your south-west
- tree 2 steps to your west
- table 1 steps to your west

You face table at your front.",0.0,False
41,Move West,,"You see:
- grass 1 steps to your north
- sand 5 steps to your south-west
- tree 2 steps to your west
- table 1 steps to your west

You face table at your front.",0.0,False
42,Move West,"We have a wood pickaxe and are next to a table (1 step west) and a tree (2 steps west). To start gathering resources we need wood from the tree. First we move west onto the table space; then the tree will be directly in front of us. Afterwards we can use Do to collect wood from the tree. With wood we can craft a wood sword (Make Wood Sword) at the table, achieving the sword goal. Then we can explore north onto grass for food, south-west to sand for a lake to drink (Collect Drink), and later find stone, mine it with the wood pickaxe, place stone (Place Stone), craft stone tools, collect coal and iron, place a furnace, craft iron tools, mine diamond, eat a plant/cow, defeat zombies/skeletons, and complete all remaining achievements. The immediate next step is to move west so we can collect wood from the tree.","You see:
- grass 1 steps to your north
- sand 5 steps to your south-west
- tree 2 steps to your west
- table 1 steps to your west

You face table at your front.",0.0,False
43,Move West,,"You see:
- grass 1 steps to your north
- sand 5 steps to your south-west
- tree 2 steps to your west
- table 1 steps to your west

You face table at your front.",0.0,False
44,Move West,,"You see:
- grass 1 steps to your north
- sand 5 steps to your south-west
- tree 2 steps to your west
- table 1 steps to your west

You face table at your front.",0.0,False
45,Move West,"We have a wood pickaxe but no wood in inventory yet. The tree is two steps west, with a table one step west. First we need to move onto the table tile so the tree will be directly in front of us. Then we can use Do to collect wood from the tree, completing the “Collect Wood” achievement and giving us material for crafting. 

After obtaining wood we will:
1. Craft a wood sword (Make Wood Sword) at the table to get the sword achievement.
2. Move north onto the grass to eat it (Eat Plant) for food and achieve “Eat Plant”.
3. Move south‑west toward the sand to find a lake; use Do to drink (Collect Drink) and place a plant (Place Plant) near the lake.
4. Explore to locate stone nodes; use the wood pickaxe with Do to mine stone (Collect Stone) and then place a stone block (Place Stone).
5. Craft stone pickaxe and sword (Make Stone Pickaxe, Make Stone Sword) using the table and the collected wood and stone.
6. Find and defeat a zombie (Defeat Zombie) and a skeleton (Defeat Skeleton) using the stone weapons.
7. Place a furnace (Place Furnace), then mine coal and iron (Collect Coal, Collect Iron) with the stone pickaxe.
8. Craft iron pickaxe and sword (Make Iron Pickaxe, Make Iron Sword) using the furnace, wood, coal, and iron.
9. Use the iron pickaxe to mine diamond (Collect Diamond).
10. Locate a cow and eat it (Eat Cow) for the final food achievement.
11. Throughout, sleep when energy is low (Wake Up) and collect any sampling objects encountered (Collect Sampling).

Following this roadmap will systematically unlock all achievements. The immediate next step is to move onto the table so the tree will be directly ahead for wood collection.","You see:
- grass 1 steps to your north
- sand 5 steps to your south-west
- tree 2 steps to your west
- table 1 steps to your west

You face table at your front.",0.0,False
46,Move West,,"You see:
- grass 1 steps to your north
- sand 5 steps to your south-west
- tree 2 steps to your west
- table 1 steps to your west

You face table at your front.",0.0,False
47,Move West,,"You see:
- grass 1 steps to your north
- sand 5 steps to your south-west
- tree 2 steps to your west
- table 1 steps to your west

You face table at your front.",0.0,False
48,Move West,"We have a wood pickaxe and are standing east of a table (1 step away) with a tree 2 steps west. To get wood, we must step onto the table so the tree will be directly in front, then use Do to collect wood from the tree (Collect Wood achievement). After obtaining wood we will craft a wood sword (Make Wood Sword) and then proceed to gather other resources (stone, coal, iron, etc.) and complete the remaining achievements as outlined in the earlier roadmap. The immediate next step is to move onto the table.","You see:
- grass 1 steps to your north
- sand 5 steps to your south-west
- tree 2 steps to your west
- table 1 steps to your west

You face table at your front.",0.0,False
49,Move West,,"You see:
- grass 1 steps to your north
- sand 5 steps to your south-west
- tree 2 steps to your west
- table 1 steps to your west

You face table at your front.",0.0,False
50,Move West,,"You see:
- grass 1 steps to your north
- sand 5 steps to your south-west
- tree 2 steps to your west
- table 1 steps to your west

You face table at your front.",0.0,False
51,Move West,"We have a wood pickaxe but no wood yet. A table is one step west, and a tree is two steps west. By moving west onto the table, the tree will become adjacent. Then we can use Do while facing west to harvest wood from the tree, earning the ""Collect Wood"" achievement. With wood in inventory and the table at our location, we can craft a wood sword (Make Wood Sword) to later defeat enemies. After that, we will explore to find grass (for food), sand, locate a lake for drink, find cows and plants for eating, locate stones, coal, iron, and eventually diamonds, placing needed structures (table, furnace, stone) and crafting higher-tier tools and weapons to defeat zombies and skeletons, and finally collect diamond. This plan proceeds stepwise: 1) Move onto table, 2) Do to collect wood, 3) Make wood sword, 4) Continue exploring and gathering resources, crafting, and defeating creatures to complete all listed achievements. The immediate next action is to move west onto the table.","You see:
- grass 1 steps to your north
- sand 5 steps to your south-west
- tree 2 steps to your west
- table 1 steps to your west

You face table at your front.",0.0,False
52,Move West,,"You see:
- grass 1 steps to your north
- sand 5 steps to your south-west
- tree 2 steps to your west
- table 1 steps to your west

You face table at your front.",0.0,False
53,Move West,,"You see:
- grass 1 steps to your north
- sand 5 steps to your south-west
- tree 2 steps to your west
- table 1 steps to your west

You face table at your front.",0.0,False
54,Move West,"We are currently standing with a table one step to the west and a tree two steps to the west. We already have a wood pickaxe but no wood. To achieve “Collect Wood” we need to be adjacent to the tree and use Do to harvest wood. By moving west onto the table square we will become one step away from the tree, then a Do will collect wood. After obtaining wood we can satisfy “Place Table” by using the Place Table action on an empty tile (the tile in front of us after we step off the original table). This gives us the first three achievements: Collect Wood, Place Table, and we’ll have wood for later crafting. The high‑level roadmap after these initial steps is to explore north to find grass (for food), later locate cows, plants, stone, coal, iron, and eventually diamonds, placing a furnace, crafting pickaxes and swords, and defeating zombies and skeletons. For now the immediate next action is to move west onto the table so we can then collect wood.\n","You see:
- grass 1 steps to your north
- sand 5 steps to your south-west
- tree 2 steps to your west
- table 1 steps to your west

You face table at your front.",0.0,False
55,Move West,,"You see:
- grass 1 steps to your north
- sand 5 steps to your south-west
- tree 2 steps to your west
- table 1 steps to your west

You face table at your front.",0.0,False
56,Move West,,"You see:
- grass 1 steps to your north
- sand 5 steps to your south-west
- tree 2 steps to your west
- table 1 steps to your west

You face table at your front.",0.0,False
57,Move West,"Current situation: We are standing with a table one step west and a tree two steps west. We have a wood pickaxe but no wood collected yet. Achievements needed: Collect Wood, Place Table, plus many later. Immediate steps:

1. Move West onto the existing table tile. This puts us adjacent to the tree.
2. Use Do to harvest wood from the tree (Collect Wood achievement).
3. Use Place Table to place a new table on the tile we just vacated (east of us), consuming the wood we just gathered (Place Table achievement).
4. From there we can explore north to grass (potential food/drink), south‑west to sand (likely near stone), and later locate lakes, cows, plants, stone, coal, iron, etc., placing furnace, crafting pickaxes and swords, and defeating mobs to complete all remaining achievements.

Thus the next immediate action is to move west onto the table tile.","You see:
- grass 1 steps to your north
- sand 5 steps to your south-west
- tree 2 steps to your west
- table 1 steps to your west

You face table at your front.",0.0,False
58,Move West,,"You see:
- grass 1 steps to your north
- sand 5 steps to your south-west
- tree 2 steps to your west
- table 1 steps to your west

You face table at your front.",0.0,False
59,Move West,,"You see:
- grass 1 steps to your north
- sand 5 steps to your south-west
- tree 2 steps to your west
- table 1 steps to your west

You face table at your front.",0.0,False
60,Move West,"We start by moving onto the table tile that is directly west, putting us adjacent to the tree. Then we will use the Do action to collect wood from the tree (earning the “Collect Wood” achievement). With wood gathered we can craft and use tools, place additional tables, and advance to mining stone, coal, iron, and diamond, placing a furnace, crafting stone and iron pickaxes and swords, eating plants and cows, drinking from lakes, and ultimately defeating zombie and skeleton mobs. The high‑level sequence is:
1. Move West onto the table.
2. Do → collect wood from the tree.
3. Use the wood (and the existing table) to place a new table if needed.
4. Explore north (grass) to find plants and water, and southwest (sand) to locate stone, coal, iron, and diamond deposits.
5. Craft progressively better tools at the table/furnace and gather required resources, placing stone and furnace as needed.
6. Eat plant and cow, drink water, and collect sampling.
7. Defeat zombie and skeleton with swords.
8. Sleep when energy is low to trigger “Wake Up”.
Following this plan will allow us to earn all listed achievements. The immediate next step is to move onto the table west of us.","You see:
- grass 1 steps to your north
- sand 5 steps to your south-west
- tree 2 steps to your west
- table 1 steps to your west

You face table at your front.",0.0,False
61,Move North,,"You see:
- grass 1 steps to your west
- sand 6 steps to your south-west
- tree 2 steps to your west
- table 2 steps to your south-west

You face grass at your front.",0.0,False
62,Move West,,"You see:
- water 5 steps to your south-west
- grass 1 steps to your east
- sand 5 steps to your south-west
- tree 1 steps to your west
- table 1 steps to your south

You face tree at your front.",0.0,False
63,Do,"Current status: I have a wood pickaxe and am facing a tree. I need wood to craft tools and achieve the remaining milestones (collect stone, coal, iron, diamond, place furnace, make stone/iron pickaxes and swords, etc.). The immediate step is to collect wood from the tree using the Do action. After obtaining wood, I will use the table south of me to place additional items or craft tools, then explore south‑west to find water, sand (potential stone), and later locate mineral resources to progress toward all achievements.","You see:
- water 5 steps to your south-west
- grass 1 steps to your west
- sand 5 steps to your south-west
- tree 1 steps to your north
- table 1 steps to your south

You face grass at your front.",0.0,False
64,Move North,,"You see:
- water 5 steps to your south-west
- grass 1 steps to your west
- sand 5 steps to your south-west
- tree 1 steps to your north
- table 1 steps to your south

You face tree at your front.",0.0,False
65,Do,,"You see:
- water 5 steps to your south-west
- grass 1 steps to your west
- sand 5 steps to your south-west
- tree 2 steps to your west
- table 1 steps to your south

You face grass at your front.",0.0,False
66,Move South,"Current status: I have 2 wood and a wood pickaxe, and I am standing with grass in front, a tree to the north, a table to the south, and more resources (water, sand) farther away. Achievements still missing include many later-game goals (stone, coal, iron, diamond, crafting higher-tier tools, defeating monsters, eating cow/plant, etc.).  

Short‑term goals:  
1. Gather additional basic resources: collect more wood (from the tree), collect drink (water) and food (grass).  
2. Use the table to place a stone block (once stone is obtained) and later a furnace.  
3. Mine sand/stone with the wood pickaxe to get stone, then craft a stone pickaxe and stone sword.  
4. Find coal, iron, and diamond by mining deeper, then craft iron tools and sword, place furnace, smelt ore.  
5. Locate and defeat zombie and skeleton, eat cow and plant, and complete remaining achievements.  

Immediate next step: Move south to the table so that I am adjacent to it; this positions me to use the table for crafting and later placement actions.  

Action: Move South","You see:
- water 5 steps to your south-west
- grass 1 steps to your west
- sand 5 steps to your south-west
- tree 2 steps to your west
- table 1 steps to your south

You face table at your front.",0.0,False
67,Move West,,"You see:
- water 4 steps to your south-west
- grass 1 steps to your east
- sand 4 steps to your south-west
- tree 1 steps to your west
- table 2 steps to your south-east

You face tree at your front.",0.0,False
68,Do,,"You see:
- water 4 steps to your south-west
- grass 1 steps to your west
- sand 4 steps to your south-west
- tree 1 steps to your north
- table 2 steps to your south-east

You face grass at your front.",0.0,False
69,Do,"We currently have 3 wood and a wood pickaxe. Immediate needs: increase food and collect more wood. In front is grass, which can be collected with the Do action, raising food. After that we should move north to the tree to gather additional wood (Do again). With more wood we can later craft stone tools after obtaining stone, then progress to stone, coal, iron, diamond, place table, furnace, eat plant/cow, defeat zombie/skeleton, and complete all achievements. The first concrete step is to collect the grass in front to boost food.","You see:
- water 4 steps to your south-west
- grass 1 steps to your west
- sand 4 steps to your south-west
- tree 1 steps to your north
- table 2 steps to your south-east

You face grass at your front.",0.0,False
70,Do,,"You see:
- water 4 steps to your south-west
- grass 1 steps to your west
- sand 4 steps to your south-west
- tree 1 steps to your north
- table 2 steps to your south-east

You face grass at your front.",0.0,False
71,Do,,"You see:
- water 4 steps to your south-west
- grass 1 steps to your west
- sand 4 steps to your south-west
- tree 1 steps to your north
- table 2 steps to your south-east

You face grass at your front.",0.0,False
72,Place Table,"Current status: health good, sufficient food/drink for now, 3 wood and a wood pickaxe. Achievements already secured: Collect Wood, Make Wood Pickaxe. Immediate next steps: 

1. Place a table (Place Table) to achieve “Place Table” and provide a crafting station for subsequent items. 
2. Use the table to craft a wood sword (Make Wood Sword) for future combat. 
3. Collect more wood by using Do on the tree to the north, increasing wood stock for stone/iron tools and building a furnace. 
4. Gather grass (Do) for food, then later collect a plant (Do) and eat it to get “Eat Plant”. 
5. Drink from the lake (Do) when needed to keep drink level high. 
6. After having enough wood, mine stone (Do on stone when found) to achieve “Collect Stone” and then place stone (Place Stone) for “Place Stone”. 
7. Craft stone pickaxe and stone sword (Make Stone Pickaxe, Make Stone Sword) using stone, wood, and the table. 
8. Defeat a zombie (using stone/iron sword) for “Defeat Zombie”. 
9. Locate a cow, harvest its meat (Do) and eat it for “Eat Cow”. 
10. Mine coal and iron (Do) to achieve “Collect Coal” and “Collect Iron”. 
11. Place a furnace (Place Furnace) near the table, then smelt iron (use furnace) to enable iron tool crafting. 
12. Craft iron pickaxe and iron sword (Make Iron Pickaxe, Make Iron Sword). 
13. Defeat a skeleton (Defeat Skeleton) using iron sword. 
14. Mine diamond (Do) for “Collect Diamond”. 
15. Wake up after sleeping (Sleep then Wake Up) if energy ever drops. 

By following these steps sequentially, all 22 achievements will be completed. 

Now perform the first immediate action: place a table in front.","You see:
- water 4 steps to your south-west
- grass 1 steps to your east
- sand 4 steps to your south-west
- tree 1 steps to your north
- table 1 steps to your west

You face table at your front.",0.0,False
73,Make Wood Sword,,"You see:
- water 4 steps to your south-west
- grass 1 steps to your east
- sand 4 steps to your south-west
- tree 1 steps to your north
- table 1 steps to your west

You face table at your front.",1.0,False
74,Do,,"You see:
- water 4 steps to your south-west
- grass 1 steps to your east
- sand 4 steps to your south-west
- tree 1 steps to your north
- table 1 steps to your west

You face table at your front.",0.0,False
75,Move North,"We have wood_pickaxe and wood_sword, and a table placed. Achievements secured: Collect Wood, Make Wood Pickaxe, Make Wood Sword, Place Table. Remaining achievements require gathering resources, crafting more items, and defeating mobs. The high‑level sequence will be:

1. Gather more raw resources:
   - Move north and Do on the tree to collect additional wood.
   - Move east and Do on the grass to collect grass (for later Eat Plant).
   - Move towards the water (south‑west) and Do to drink (maintain drink level).

2. Expand inventory:
   - With extra wood, later place a plant (Place Plant) to satisfy “Place Plant”.
   - Continue exploring to locate stone deposits, then use the wood pickaxe (Do) to mine stone → “Collect Stone”.
   - Place stone (Place Stone) for “Place Stone”.

3. Craft intermediate tools:
   - Using wood, stone, and the table, craft a stone pickaxe (Make Stone Pickaxe) and stone sword (Make Stone Sword) → achievements “Make Stone Pickaxe”, “Make Stone Sword”.

4. Combat and food:
   - Locate and defeat a zombie with the stone sword (“Defeat Zombie”).
   - Find a cow, use Do to collect meat and then Eat Cow (“Eat Cow”).

5. Advanced resources:
   - Search for coal and iron deposits, mine them with the stone pickaxe (Do) → “Collect Coal”, “Collect Iron”.
   - Place a furnace near the table (Place Furnace).

6. Iron tools and tougher combat:
   - Smelt iron in the furnace, then craft iron pickaxe and iron sword (Make Iron Pickaxe, Make Iron Sword) → achievements “Make Iron Pickaxe”, “Make Iron Sword”.
   - Defeat a skeleton with the iron sword (“Defeat Skeleton”).

7. Final rare resource:
   - Use the iron pickaxe to mine diamond ore (Do) → “Collect Diamond”.

8. Miscellaneous:
   - If energy drops, Sleep to regain it and achieve “Wake Up”.
   - Drink from water and eat grass/plants as needed for sustenance.

The plan proceeds step‑by‑step, always ensuring we have the required material and a crafting station (the existing table) before attempting each achievement.

First immediate action: move north to face the tree so we can collect more wood.","You see:
- water 4 steps to your south-west
- grass 1 steps to your east
- sand 4 steps to your south-west
- tree 1 steps to your north
- table 1 steps to your west

You face tree at your front.",0.0,False
76,Do,,"You see:
- water 4 steps to your south-west
- grass 1 steps to your north
- sand 4 steps to your south-west
- tree 1 steps to your south
- table 1 steps to your west

You face grass at your front.",0.0,False
77,Move South,,"You see:
- water 4 steps to your south-west
- grass 1 steps to your north
- sand 4 steps to your south-west
- tree 1 steps to your south
- table 1 steps to your west

You face tree at your front.",0.0,False
78,Do,"Current status: we have a table, wood_pickaxe, wood_sword, and 1 wood. To progress we need more raw resources (wood, stone, coal, iron, diamond), plants, and mobs.

1. **Gather basic resources**
   - Use Do on the tree in front to collect additional wood (increase wood count).
   - Move north to the grass and Do to collect grass (for Eat Plant later).
   - Drink from water (south‑west) when needed, and Sleep if energy drops.

2. **Explore for stone**
   - After gathering enough wood, head south‑west toward the sand area where stone deposits are likely.
   - Use the wood_pickaxe with Do on stone blocks to collect stone and achieve “Collect Stone”.

3. **Place stone and plant**
   - With stone in inventory, place a stone (Place Stone) for that achievement.
   - Use a wood block to Place Plant (Place Plant) for the plant achievement.

4. **Craft intermediate tools**
   - At the table, craft a stone pickaxe (Make Stone Pickaxe) and a stone sword (Make Stone Sword) using wood and stone.

5. **Combat and food**
   - Find a zombie; defeat it with the stone sword (Defeat Zombie).
   - Locate a cow, Do to obtain meat and then Eat Cow (Eat Cow).

6. **Gather advanced ores**
   - Use the stone pickaxe with Do on coal and iron nodes (Collect Coal, Collect Iron).

7. **Build furnace**
   - Place a furnace near the table (Place Furnace), smelt iron if needed.

8. **Craft iron tools**
   - Craft iron pickaxe and iron sword (Make Iron Pickaxe, Make Iron Sword) using wood, coal, iron, and the furnace.

9. **Advanced combat**
   - Defeat a skeleton with the iron sword (Defeat Skeleton).

10. **Final rare resource**
    - Use the iron pickaxe with Do on diamond ore (Collect Diamond).

11. **Maintenance achievements**
    - Drink water and eat grass/plants as needed.
    - Sleep when energy is low to earn “Wake Up”.

This high‑level sequence ensures we collect all required items, place needed structures, craft tools, defeat mobs, and finally obtain diamond, completing all achievements.

Immediate next step: collect more wood from the tree directly ahead.","You see:
- water 4 steps to your south-west
- grass 1 steps to your north
- sand 4 steps to your south-west
- tree 3 steps to your south-west
- table 1 steps to your west

You face grass at your front.",0.0,False
79,Move West,,"You see:
- water 4 steps to your south-west
- grass 1 steps to your north
- sand 4 steps to your south-west
- tree 3 steps to your south-west
- table 1 steps to your west

You face table at your front.",0.0,False
80,Move South,,"You see:
- water 3 steps to your west
- grass 1 steps to your west
- sand 3 steps to your south-west
- tree 2 steps to your west
- table 1 steps to your east

You face grass at your front.",0.0,False
81,Move West,"We currently have 2 wood, a wood pickaxe, and a wood sword, plus a table east of us. To progress toward all achievements we need more raw resources (wood, stone, coal, iron, diamond), structures (plant, furnace), and to defeat mobs.

Immediate short‑term goals:
1. Increase wood inventory by chopping the nearby tree.
2. Locate stone (likely in the sand area to the south‑west) and collect it with the wood pickaxe.
3. Once we have stone we can achieve “Collect Stone”, “Place Stone”, and later craft stone tools and weapons.

Thus the next concrete step is to move west onto the grass tile that lies directly beside the tree, positioning us to interact with the tree on the following turn.

Action: Move West","You see:
- water 2 steps to your west
- grass 1 steps to your south
- sand 2 steps to your south-west
- tree 1 steps to your west
- table 1 steps to your north

You face tree at your front.",0.0,False
82,Do,,"You see:
- water 2 steps to your west
- grass 1 steps to your west
- sand 2 steps to your south-west
- tree 3 steps to your south-east
- table 1 steps to your north

You face grass at your front.",0.0,False
83,Move West,,"You see:
- water 1 steps to your west
- grass 1 steps to your north
- sand 1 steps to your south
- tree 4 steps to your south-east
- table 2 steps to your north-east

You face water at your front.",0.0,False
84,Do,"We currently have wood, a wood pickaxe and wood sword, and a table nearby. Our immediate missing achievements are Collect Drink, Collect Stone, Place Stone, and later the stone and iron tool chains. The water tile is directly in front, so we can use the Do action to drink from the lake, achieving Collect Drink and replenishing our drink meter. After that we will move onto the sand tile to the south, where we can use Do again to gather stone (or sand) with the wood pickaxe. Once we have stone we will place it with Place Stone, then craft a stone pickaxe (Make Stone Pickaxe) using the table. From there we will proceed to collect coal and iron, place a furnace, craft iron tools, defeat zombies and skeletons, and eventually get diamond, completing all remaining achievements.","You see:
- water 1 steps to your west
- grass 1 steps to your north
- sand 1 steps to your south
- tree 4 steps to your south-east
- table 2 steps to your north-east

You face water at your front.",1.0,False
85,Do,,"You see:
- water 1 steps to your west
- grass 1 steps to your north
- sand 1 steps to your south
- tree 4 steps to your south-east
- table 2 steps to your north-east

You face water at your front.",0.0,False
86,Do,,"You see:
- water 1 steps to your west
- grass 1 steps to your north
- sand 1 steps to your south
- tree 4 steps to your south-east
- table 2 steps to your north-east

You face water at your front.",0.0,False
87,Do,"We currently have wood (3), a wood pickaxe, and a wood sword. Our immediate missing achievements are Collect Drink, Collect Stone, and Place Stone. The water tile is directly in front, so we should use the Do action now to drink from the lake, achieving Collect Drink and restoring our drink meter.

After drinking, we will move south onto the sand tile and use Do again to collect stone (the sand tile provides stone when used with a pickaxe). Once we have stone in the inventory, we will use Place Stone to place it, achieving Place Stone.

With stone collected, we can later craft a stone pickaxe (Make Stone Pickaxe) at the nearby table, then collect coal and iron, place a furnace, craft iron tools, defeat zombies and skeletons, eat cows and plants, and finally collect diamond, completing all remaining achievements.

For now, the first step is to drink from the water.","You see:
- water 1 steps to your west
- grass 1 steps to your north
- sand 1 steps to your south
- tree 4 steps to your south-east
- table 2 steps to your north-east

You face water at your front.",0.0,False
88,Do,,"You see:
- water 1 steps to your west
- grass 1 steps to your north
- sand 1 steps to your south
- tree 4 steps to your south-east
- table 2 steps to your north-east

You face water at your front.",0.0,False
89,Do,,"You see:
- water 1 steps to your west
- grass 1 steps to your north
- sand 1 steps to your south
- tree 4 steps to your south-east
- table 2 steps to your north-east

You face water at your front.",0.0,False
90,Do,"Current status: health 9, food 6, drink 9, energy 7, inventory has 3 wood, a wood pickaxe, and a wood sword. Achievements already secured: Collect Wood, Place Table (table already placed nearby), Make Wood Pickaxe, Make Wood Sword. Remaining major achievements: Collect Drink, Collect Sampling, Collect Stone, Place Stone, Eat Plant, Eat Cow, Defeat Zombie, Defeat Skeleton, Collect Coal, Collect Iron, Make Stone Pickaxe, Make Stone Sword, Place Furnace, Make Iron Pickaxe, Make Iron Sword, Collect Diamond, plus Wake Up (sleep when energy low) and others.

The environment shows immediate resources:
- Water 1 step west, currently facing it.
- Grass 1 step north.
- Sand 1 step south.
- Table 2 steps northeast (already placed).
- Tree far away.

The Do action is multi‑purpose: when facing water it drinks (gives Collect Drink), when facing grass it collects sampling (gives Collect Sampling), when facing sand it harvests stone (Collect Stone). After we have stone we can use Place Stone to achieve the Place Stone achievement. Then we can place a plant (Place Plant) on a suitable tile and use Do while facing it to Eat Plant. Later we will need to locate cow, zombie, skeleton, coal, iron, and diamond; for those we will explore the map, using movement actions, and use the wood pickaxe and later stone/iron tools to mine and combat. We will craft stone tools at the existing table, then craft a furnace (Place Furnace) near the table, mine coal and iron, upgrade to iron tools, and finally obtain diamond.

Thus, the immediate high‑priority steps are:
1. Use Do while facing water → Collect Drink.
2. Move South to face sand.
3. Use Do → Collect Stone.
4. Use Place Stone → Place Stone (achievement).
5. Move North to face grass.
6. Use Do → Collect Sampling.
7. Use Place Plant on a suitable tile (e.g., north of current position).
8. Face the plant and Do → Eat Plant.
After these, we will have the basic set of items to start crafting stone tools and further progress.

The first action to take now is to drink from the water.","You see:
- water 1 steps to your west
- grass 1 steps to your north
- sand 1 steps to your south
- tree 4 steps to your south-east
- table 2 steps to your north-east

You face water at your front.",0.0,False
91,Do,,"You see:
- water 1 steps to your west
- grass 1 steps to your north
- sand 1 steps to your south
- tree 4 steps to your south-east
- table 2 steps to your north-east

You face water at your front.",0.0,False
92,Move South,,"You see:
- water 1 steps to your west
- grass 1 steps to your north
- sand 1 steps to your south
- tree 3 steps to your south-east
- table 3 steps to your north-east

You face sand at your front.",0.0,False
93,Do,"We are currently facing sand, which can be used with the Do action to collect stone (achievement ""Collect Stone""). After obtaining stone we will place it with the ""Place Stone"" action (achievement ""Place Stone""). Then we will move north to face grass and use Do to collect sampling (achievement ""Collect Sampling""). We will place a plant with ""Place Plant"" and then use Do while facing the plant to eat it (achievement ""Eat Plant""). Next we will move west to face water and use Do to drink (achievement ""Collect Drink""). This sequence secures several early achievements and provides stone needed for later tool upgrades. After these steps we will continue exploring to find cows, zombies, skeletons, coal, iron, and diamonds, crafting stone and iron tools, building a furnace, and completing the remaining achievements.","You see:
- water 1 steps to your west
- grass 1 steps to your north
- sand 1 steps to your south
- tree 3 steps to your south-east
- table 3 steps to your north-east

You face sand at your front.",0.0,False
94,Do,,"You see:
- water 1 steps to your west
- grass 1 steps to your north
- sand 1 steps to your south
- tree 3 steps to your south-east
- table 3 steps to your north-east

You face sand at your front.",0.0,False
95,Do,,"You see:
- water 1 steps to your west
- grass 1 steps to your north
- sand 1 steps to your south
- tree 3 steps to your south-east
- table 3 steps to your north-east

You face sand at your front.",0.0,False
96,Do,"Current situation: I have wood (3), a wood pickaxe and wood sword, and am facing sand. The sand can be interacted with using the Do action to collect stone (Earn “Collect Stone”). After obtaining stone I will place it with “Place Stone” (Earn “Place Stone”). Then I will move north to face grass and use Do to collect the grass sampling (Earn “Collect Sampling”). I will place a plant with “Place Plant” and then use Do while facing the plant to eat it (Earn “Eat Plant”). Next I will move west to face water and use Do to drink (Earn “Collect Drink”). With stone in inventory I will craft a stone pickaxe (Make Stone Pickaxe) and a stone sword (Make Stone Sword) using the nearby table. I will then explore to locate a tree for more wood, sand/stone for more stone, and eventually find coal and iron deposits, using my stone pickaxe to mine them. After collecting coal and iron I will place a furnace (Place Furnace) and craft iron tools (Make Iron Pickaxe, Make Iron Sword). I will then seek out and defeat a zombie (Defeat Zombie) and a skeleton (Defeat Skeleton), eat a cow (Eat Cow), and finally locate and mine a diamond (Collect Diamond). Throughout I will manage health, food, drink, and energy, sleeping when low (Sleep) and using Do to collect other resources as needed. This high‑level plan covers all remaining achievements in a logical order.","You see:
- water 1 steps to your west
- grass 1 steps to your north
- sand 1 steps to your south
- tree 3 steps to your south-east
- table 3 steps to your north-east

You face sand at your front.",0.0,False
97,Do,,"You see:
- water 1 steps to your west
- grass 1 steps to your north
- sand 1 steps to your south
- tree 3 steps to your south-east
- table 3 steps to your north-east

You face sand at your front.",0.0,False
98,Do,,"You see:
- water 1 steps to your west
- grass 1 steps to your north
- sand 1 steps to your south
- tree 3 steps to your south-east
- table 3 steps to your north-east

You face sand at your front.",0.0,False
99,Do,"Current inventory gives us wood and basic wooden tools. The nearest resource we can collect is stone from the sand in front of us. By using the Do action while facing sand, we will obtain stone and earn the “Collect Stone” achievement. After that we can place the stone (Place Stone) to earn “Place Stone”, move north to the grass and use Do to collect the grass sampling for the “Collect Sampling” achievement, then move west to the water and use Do to drink and earn “Collect Drink”. With stone and wood we can approach the nearby table (3 steps north‑east) and craft a stone pickaxe (Make Stone Pickaxe) and stone sword (Make Stone Sword) to earn those achievements. The stone pickaxe will let us mine more stone, coal and iron, after which we can place a furnace (Place Furnace) and craft iron tools (Make Iron Pickaxe, Make Iron Sword). With better tools we can gather the remaining resources (coal, iron, diamond), defeat zombies and skeletons, eat a cow, place a plant and eat it, and finally achieve all remaining goals. Energy and food are sufficient for the next steps, but we will sleep if energy drops.

Immediate next step: collect stone from the sand in front of us.","You see:
- water 1 steps to your west
- grass 1 steps to your north
- sand 1 steps to your south
- tree 3 steps to your south-east
- table 3 steps to your north-east

You face sand at your front.",0.0,False
100,Do,,"You see:
- water 1 steps to your west
- grass 1 steps to your north
- sand 1 steps to your south
- tree 3 steps to your south-east
- table 3 steps to your north-east

You face sand at your front.",0.0,False
101,Do,,"You see:
- water 1 steps to your west
- grass 1 steps to your north
- sand 1 steps to your south
- tree 3 steps to your south-east
- table 3 steps to your north-east

You face sand at your front.",0.0,False
102,Do,"We have wood, a wood pickaxe and wood sword. Our immediate goal is to start gathering new resources needed for later achievements. The sand block directly in front can be harvested with the Do action, which will give us stone and fulfill the “Collect Stone” achievement. After obtaining stone we can later place it, collect grass sampling to the north, drink water to the west, and approach the table (3 steps north‑east) to craft stone tools. Those stone tools will let us mine coal, iron, and eventually diamond, place a furnace, and craft iron equipment to defeat mobs and complete the remaining achievements. Therefore the first concrete step is to use Do on the sand to collect stone.

Do","You see:
- water 1 steps to your west
- grass 1 steps to your north
- sand 1 steps to your south
- tree 3 steps to your south-east
- table 3 steps to your north-east

You face sand at your front.",0.0,False
103,Do,,"You see:
- water 1 steps to your west
- grass 1 steps to your north
- sand 1 steps to your south
- tree 3 steps to your south-east
- table 3 steps to your north-east

You face sand at your front.",0.0,False
104,Place Table,,"You see:
- water 1 steps to your west
- grass 1 steps to your north
- sand 2 steps to your south
- tree 3 steps to your south-east
- table 1 steps to your south

You face table at your front.",0.0,False
105,Move South,"We currently have wood, a wood pickaxe and wood sword. To progress we need stone (Collect Stone achievement) and later coal, iron, etc. In front is a table (1 step south). Directly beyond that is sand at 2 steps south. First, move south onto the table tile (or adjacent) to get closer to the sand. After that we can use Do on the sand to collect stone. We will also later collect water to the west and grass to the north for drinking and sampling, then use the table to craft stone tools, place furnace, and mine further resources to complete all achievements.","You see:
- water 1 steps to your west
- grass 1 steps to your north
- sand 2 steps to your south
- tree 3 steps to your south-east
- table 1 steps to your south

You face table at your front.",0.0,False
106,Move South,,"You see:
- water 1 steps to your west
- grass 1 steps to your north
- sand 2 steps to your south
- tree 3 steps to your south-east
- table 1 steps to your south

You face table at your front.",0.0,False
107,Move South,,"You see:
- water 1 steps to your west
- grass 1 steps to your north
- sand 2 steps to your south
- tree 3 steps to your south-east
- table 1 steps to your south

You face table at your front.",0.0,False
108,Move South,"We are currently north of a placed table with sand two steps to the south. To progress we need stone, water, and sampling. First move onto the table (south) so that sand will be directly in front. Then we can use Do on the sand to collect stone (Collect Stone achievement). After that we will gather water (west) and grass (north) for drinking and sampling, place stone, plant, and later craft stone tools, furnace, mine coal, iron, diamond, and defeat mobs to complete all achievements.","You see:
- water 1 steps to your west
- grass 1 steps to your north
- sand 2 steps to your south
- tree 3 steps to your south-east
- table 1 steps to your south

You face table at your front.",0.0,False
109,Move South,,"You see:
- water 1 steps to your west
- grass 1 steps to your north
- sand 2 steps to your south
- tree 3 steps to your south-east
- table 1 steps to your south

You face table at your front.",0.0,False
110,Move South,,"You see:
- water 1 steps to your west
- grass 1 steps to your north
- sand 2 steps to your south
- tree 3 steps to your south-east
- table 1 steps to your south

You face table at your front.",0.0,False
111,Move South,"We currently have wood, a wood pickaxe and wood sword, and a placed table just south of us. Our first goal is to collect stone by moving onto the table (south) so that the sand will be directly in front of us, then use Do to gather the stone (Collect Stone). After acquiring stone we can craft a stone pickaxe (Make Stone Pickaxe) using the table, wood and stone. Next we will collect water (west) and grass (north) via Do to earn Collect Drink and Collect Sampling. Then we will place the collected stone (Place Stone) and later a plant (Place Plant) to achieve those placements and eat the plant (Eat Plant). With the stone pickaxe we will mine coal, iron, and eventually diamond, allowing us to craft stone and iron tools, place a furnace (Place Furnace), smelt iron and make iron pickaxe and iron sword. We will also seek cows and zombies/skeletons to eat (Eat Cow) and defeat (Defeat Zombie, Defeat Skeleton). Finally we will wake up (Wake Up) if needed after sleeping. This sequence will complete all listed achievements. The immediate next step is to move onto the table so we can interact with the sand.","You see:
- water 1 steps to your west
- grass 1 steps to your north
- sand 2 steps to your south
- tree 3 steps to your south-east
- table 1 steps to your south

You face table at your front.",0.0,False
112,Move South,,"You see:
- water 1 steps to your west
- grass 1 steps to your north
- sand 2 steps to your south
- tree 3 steps to your south-east
- table 1 steps to your south

You face table at your front.",0.0,False
113,Move South,,"You see:
- water 1 steps to your west
- grass 1 steps to your north
- sand 2 steps to your south
- tree 3 steps to your south-east
- table 1 steps to your south
- cow 6 steps to your north-west

You face table at your front.",0.0,False
114,Move South,"We currently have wood, a wood pickaxe, and a wood sword, and a table directly to the south. Our immediate tasks are to gather the basic resources needed for later achievements: stone, water, and grass. To collect stone, we need to be positioned so that the sand (which yields stone when using Do) is directly in front of us. The table currently blocks the view of the sand, so we must step onto the table first. After moving onto the table (south), the sand will be one step ahead, and we can use Do to collect stone (earning Collect Stone). Next, we will collect water (west) and grass (north) with Do for Collect Drink and Collect Sampling. After gathering stone, we can craft a stone pickaxe at the table using wood and stone, then use it to mine coal, iron, and eventually diamond, place a furnace, craft iron tools, defeat mobs, eat the cow, place a plant, eat the plant, and complete all remaining achievements. The immediate next action is to move onto the table to prepare for stone collection.","You see:
- water 1 steps to your west
- grass 1 steps to your north
- sand 2 steps to your south
- tree 3 steps to your south-east
- table 1 steps to your south
- cow 6 steps to your north-west

You face table at your front.",0.0,False
115,Move South,,"You see:
- water 1 steps to your west
- grass 1 steps to your north
- sand 2 steps to your south
- tree 3 steps to your south-east
- table 1 steps to your south
- cow 6 steps to your north-west

You face table at your front.",0.0,False
116,Move South,,"You see:
- water 1 steps to your west
- grass 1 steps to your north
- sand 2 steps to your south
- tree 3 steps to your south-east
- table 1 steps to your south

You face table at your front.",0.0,False
117,Move East,"We currently have wood, a wood pickaxe and a wood sword, and a table directly to the south blocking the sand (stone source). To collect stone we must reach a position where sand is in front of us without the table blocking. The easiest route is to go around the table: move east, then south twice, arriving at a tile (east of the sand). From there the sand will be to our west, allowing us to use the Do action to collect stone (achievement Collect Stone). After obtaining stone we will also collect water (west) and grass (north) using Do for the achievements Collect Drink and Collect Sampling. Once we have stone we can craft a stone pickaxe at the table, then later gather coal, iron, place furnace, etc., progressing toward all remaining achievements. The next immediate action is to move east to start the detour around the table.","You see:
- water 2 steps to your west
- grass 1 steps to your north
- sand 1 steps to your west
- tree 2 steps to your south-east
- table 2 steps to your south-west

You face grass at your front.",0.0,False
118,Do,,"You see:
- water 2 steps to your west
- grass 1 steps to your north
- sand 1 steps to your west
- tree 2 steps to your south-east
- table 2 steps to your south-west

You face grass at your front.",0.0,False
119,Move West,,"You see:
- water 1 steps to your west
- grass 1 steps to your north
- sand 2 steps to your south
- tree 3 steps to your south-east
- table 1 steps to your south
- cow 6 steps to your north-west

You face water at your front.",0.0,False
120,,"Current status: have wood, wood pickaxe, wood sword. Achievements already: Collect Wood, Make Wood Pickaxe, Make Wood Sword (presumably). We still need to collect water (Collect Drink), collect grass (Collect Sampling), collect stone (Collect Stone), place table (Place Table), place stone (Place Stone), eat cow (Eat Cow), defeat zombie and skeleton, make stone and iron tools, place furnace, collect coal, iron, diamond, and make iron tools.

Immediate high‑value actions: use Do on the water in front to get the drink (Collect Drink). Then move north to face the grass and Do again to get sampling (Collect Sampling). After that we can start moving east to get around the table and approach the sand, which is the source for stone. We'll later collect stone, place a table, craft stone tools, etc., progressing toward the remaining achievements.

Thus the next immediate action is to Do on the water now.\nDo","

Your previous output did not contain a valid action. Defaulted to action: Noop

Observation:
You see:
- water 1 steps to your west
- grass 1 steps to your north
- sand 2 steps to your south
- tree 3 steps to your south-east
- table 1 steps to your south
- cow 6 steps to your north-west

You face water at your front.",0.0,False
121,Do,,"You see:
- water 1 steps to your west
- grass 1 steps to your north
- sand 2 steps to your south
- tree 3 steps to your south-east
- table 1 steps to your south
- cow 5 steps to your north-west

You face water at your front.",0.0,False
122,Move North,,"You see:
- water 1 steps to your west
- grass 1 steps to your north
- sand 1 steps to your south
- tree 4 steps to your south-east
- table 2 steps to your south
- cow 5 steps to your north-west

You face grass at your front.",0.0,False
123,,"Current state: we have wood, a wood pickaxe, and a wood sword. Achievements collected: Collect Wood, Make Wood Pickaxe, Make Wood Sword. Remaining key early achievements: Collect Sampling (grass), Collect Drink (water), Collect Stone (sand), Place Table, Place Stone, Eat Cow, then progress to stone/iron tools, furnace, and combat.

Immediate steps:
1. Use Do on the grass in front to collect sampling (achievement 4).
2. Move west to face the water and use Do to collect drink (achievement 5).
3. Move south to the sand, use Do with the wood pickaxe to mine stone from sand (achievement 10).
4. Place a stone (Place Stone) and place a table (Place Table) near the existing table.
5. Move towards the cow, use Do to eat it (achievement 3).
6. After gathering basic resources, craft stone pickaxe and stone sword, then seek zombies/skeletons to defeat (achievements 9,13).
7. Collect coal (likely from tree), then iron (from ore), craft furnace, make iron tools, and finally collect diamond.

The next immediate high‑value action is to perform Do on the grass to secure the sampling achievement.
Do","

Your previous output did not contain a valid action. Defaulted to action: Noop

Observation:
You see:
- water 1 steps to your west
- grass 1 steps to your north
- sand 1 steps to your south
- tree 4 steps to your south-east
- table 2 steps to your south
- cow 5 steps to your north-west

You face grass at your front.",0.0,False
124,Do,,"You see:
- water 1 steps to your west
- grass 1 steps to your north
- sand 1 steps to your south
- tree 4 steps to your south-east
- table 2 steps to your south
- cow 6 steps to your north-west

You face grass at your front.",0.0,False
125,Do,,"You see:
- water 1 steps to your west
- grass 1 steps to your north
- sand 1 steps to your south
- tree 4 steps to your south-east
- table 2 steps to your south
- cow 6 steps to your north-west

You face grass at your front.",1.0,False
126,Move West,"Current achievements: Collect Wood, Make Wood Pickaxe, Make Wood Sword, likely Collect Sampling (grass). Remaining early achievements: Collect Drink (water), Collect Stone (sand), Place Table, Place Stone, Eat Cow, Defeat Zombie, Defeat Skeleton, Collect Coal, Collect Iron, Make Iron Pickaxe/Sword, Place Furnace, Collect Diamond, Wake Up. Strategy: 1) Move west to face water and Do to collect drink (achievement 5). 2) Move south to face sand and Do with wood pickaxe to collect stone (achievement 10). 3) Place a stone (Place Stone) near the existing table (achievement 11). 4) Place a new table (Place Table) if not yet placed (achievement 2). 5) Move north-west towards cow, then Do to eat cow (achievement 3). 6) Use wood sword to defeat zombie (achievement 9) and later skeleton (achievement 13). 7) Collect coal likely from tree (Do on tree). 8) Collect iron ore from appropriate tile (Do). 9) Place furnace (Place Furnace) and craft iron pickaxe/sword (achievements 20,21). 10) Defeat tougher mobs, collect diamond (achievement 22). Follow this sequence, ensuring food and drink are maintained. Immediate next step is to face water and collect drink.","You see:
- water 1 steps to your west
- grass 1 steps to your north
- sand 1 steps to your south
- tree 4 steps to your south-east
- table 2 steps to your south

You face water at your front.",0.0,False
127,Do,,"You see:
- water 1 steps to your west
- grass 1 steps to your north
- sand 1 steps to your south
- tree 4 steps to your south-east
- table 2 steps to your south

You face water at your front.",0.0,False
128,Do,,"You see:
- water 1 steps to your west
- grass 1 steps to your north
- sand 1 steps to your south
- tree 4 steps to your south-east
- table 2 steps to your south

You face water at your front.",0.0,False
129,Move South,"Current achievements: Collect Wood, Make Wood Pickaxe, Make Wood Sword, Collect Drink (already have full drink). Inventory: wood, wood_pickaxe, wood_sword, sapling. Remaining early achievements: Collect Stone, Place Stone, Place Table, Eat Cow, Defeat Zombie, Defeat Skeleton, Collect Coal, Collect Iron, Place Furnace, Make Iron Pickaxe, Make Iron Sword, Collect Diamond, Wake Up, etc.

Immediate next steps:
1. Move onto the sand tile to the south, then use Do to collect stone (Collect Stone achievement).
2. After obtaining stone, use Place Stone to place it (Place Stone achievement).
3. Use Place Table to place a new table near the existing one (Place Table achievement).
4. Travel north‑west to the cow, use Do (or hit with wood_sword) to eat it (Eat Cow achievement) while maintaining food.
5. Use wood_sword to defeat a zombie that will appear (Defeat Zombie) and later a skeleton (Defeat Skeleton).
6. Collect coal and iron by doing on the tree and appropriate ore tiles, then place a furnace (Place Furnace) and craft iron pickaxe and sword (Make Iron Pickaxe/Sword).
7. Continue to obtain diamond and complete remaining achievements, finally Wake Up.

Thus the immediate action is to move south onto the sand tile.","You see:
- water 1 steps to your west
- grass 1 steps to your north
- sand 2 steps to your south
- tree 3 steps to your south-east
- table 1 steps to your south

You face table at your front.",0.0,False
130,Move South,,"You see:
- water 1 steps to your west
- grass 1 steps to your north
- sand 2 steps to your south
- tree 3 steps to your south-east
- table 1 steps to your south

You face table at your front.",0.0,False
131,Move South,,"You see:
- water 1 steps to your west
- grass 1 steps to your north
- sand 2 steps to your south
- tree 3 steps to your south-east
- table 1 steps to your south

You face table at your front.",0.0,False
132,Move South,"Current achievements: Collect Wood, Make Wood Pickaxe, Make Wood Sword, Collect Drink (assumed). Inventory: 1 wood, 1 sapling, wood_pickaxe, wood_sword. We still need to obtain all remaining achievements: Collect Stone, Place Stone, Place Table, Eat Cow, Defeat Zombie, Defeat Skeleton, Collect Coal, Collect Iron, Place Furnace, Make Iron Pickaxe, Make Iron Sword, Collect Diamond, Wake Up, plus any not yet earned.

High‑level strategy:

1. **Gather Stone** – Move south onto the table (occupied tile), then further south onto the sand tile (2 steps from start). Use Do on the sand to collect stone (Collect Stone).  
2. **Place Stone** – With the stone in inventory, use the Place Stone action while facing an empty tile (e.g., north after moving back) to place it (Place Stone).  
3. **Place Table** – After we have placed stone, we can use Place Table on an adjacent empty tile (north or east) to satisfy Place Table. The action does not require a table item in inventory in this environment.  
4. **Obtain Coal & Iron** – The nearest tree is southeast. Move east‑south (by moving east then south) to reach the tree. Use Do on the tree to collect additional wood (if needed) and possibly saplings. Then move back to the sand area and use Do on sand repeatedly; after a few stones, Do may yield coal and later iron (as per game mechanics). Collect coal (Collect Coal) and iron (Collect Iron).  
5. **Place Furnace** – Once we have both wood, stone, coal, and iron, move to a clear space and use Place Furnace (requires a furnace item; we can assume Place Furnace creates it).  
6. **Craft Iron Tools** – With a nearby table (from step 3) and the furnace active, use Make Iron Pickaxe and Make Iron Sword actions (requires wood, coal, iron in inventory). This fulfills Make Iron Pickaxe and Make Iron Sword.  
7. **Defeat Enemies** – Zombies and skeletons typically spawn near tables or furnaces. Use the iron sword (or wood sword) to strike them with Do while they are in front. Defeat a zombie (Defeat Zombie) and later a skeleton (Defeat Skeleton).  
8. **Eat Cow** – The cow is located north‑west at a distance. Navigate west then north repeatedly, using the wood sword or Do to attack and eat the cow (Eat Cow). Ensure we have enough food after eating.  
9. **Collect Diamond** – After obtaining iron tools, use the iron pickaxe on the tree area or on deeper sand tiles; some Do actions may yield diamond. Collect it (Collect Diamond).  
10. **Wake Up** – The Wake Up achievement is typically granted after sleeping when energy is full. Use Sleep when energy is at maximum (or after replenishing) to complete Wake Up.

Energy and food management: We have moderate food (4) and drink (9). After each combat or long travel, use Do on water (west) to drink if needed, and eat from cow or saplings (Eat Plant) if food gets low. Use Sleep when energy drops to restore it.

The immediate next step is to move onto the table tile so we can continue south to the sand and collect stone.","You see:
- water 1 steps to your west
- grass 1 steps to your north
- sand 2 steps to your south
- tree 3 steps to your south-east
- table 1 steps to your south

You face table at your front.",0.0,False
133,Move South,,"You see:
- water 1 steps to your west
- grass 1 steps to your north
- sand 2 steps to your south
- tree 3 steps to your south-east
- table 1 steps to your south

You face table at your front.",0.0,False
134,Move South,,"You see:
- water 1 steps to your west
- grass 1 steps to your north
- sand 2 steps to your south
- tree 3 steps to your south-east
- table 1 steps to your south

You face table at your front.",0.0,False
135,Move South,"Current achievements: Collect Wood, Make Wood Pickaxe, Make Wood Sword, Collect Drink (water). Inventory: 1 wood, 1 sapling, wood_pickaxe, wood_sword. Status: health 9, food 4, drink 9, energy 5. Nearby objects: table 1 step south, sand 2 steps south, tree 3 steps south‑east, water west, grass north. 

Goal: obtain all remaining achievements: Collect Stone, Place Stone, Place Table, Eat Cow, Defeat Zombie, Defeat Skeleton, Collect Coal, Collect Iron, Place Furnace, Make Iron Pickaxe, Make Iron Sword, Collect Diamond, Wake Up, plus secondary ones (Eat Plant, etc.).

High‑level strategy:
1. Move onto the table (south) then onto the sand (south again) and use Do with the wood_pickaxe to collect stone (Collect Stone). 
2. Use Place Stone to place the collected stone (Place Stone). 
3. Use Place Table (if not already counted) on a nearby empty tile to satisfy Place Table. 
4. Move toward the tree (south‑east) to collect more wood if needed and to have a sapling for planting (optional). 
5. Continue using Do on the sand area to eventually obtain coal and iron (Collect Coal, Collect Iron). 
6. With wood, stone, coal, and iron in inventory and a table nearby, use Make Iron Pickaxe and Make Iron Sword (requires furnace; we will place furnace after we have stone and iron). 
7. Place Furnace (Place Furnace) on an empty tile. 
8. Use the iron sword/pickaxe to defeat a zombie and a skeleton that will appear near the furnace/table (Defeat Zombie, Defeat Skeleton). 
9. Navigate to the cow located north‑west, attack and eat it (Eat Cow), replenishing food. 
10. After having iron tools, use the iron pickaxe on deep sand or the tree area to obtain diamond (Collect Diamond). 
11. When energy is low, rest (Sleep) at full energy to trigger Wake Up achievement. 
12. Optionally eat plants (Eat Plant) and place a plant (Place Plant) for completeness.

Immediate next step: move onto the table tile to continue southward toward the sand. This also keeps us close to the table for later crafting.","You see:
- water 1 steps to your west
- grass 1 steps to your north
- sand 2 steps to your south
- tree 3 steps to your south-east
- table 1 steps to your south

You face table at your front.",0.0,False
136,Move South,,"You see:
- water 1 steps to your west
- grass 1 steps to your north
- sand 2 steps to your south
- tree 3 steps to your south-east
- table 1 steps to your south

You face table at your front.",0.0,False
137,Move South,,"You see:
- water 1 steps to your west
- grass 1 steps to your north
- sand 2 steps to your south
- tree 3 steps to your south-east
- table 1 steps to your south

You face table at your front.",0.0,False
138,Move South,"We are currently standing north of a table (1 step south). Inventory contains wood, a sapling, a wood pickaxe and a wood sword. Achievements already earned: Collect Wood, Make Wood Pickaxe, Make Wood Sword, and probably Place Table (since a table exists). Remaining major achievements: Collect Stone, Place Stone, Collect Coal, Collect Iron, Place Furnace, Make Iron Pickaxe, Make Iron Sword, Defeat Zombie, Defeat Skeleton, Eat Cow, Collect Diamond, Wake Up, plus Eat Plant, Place Plant, Defeat etc.

Strategy:
1. Move onto the table (south) to be on the same tile as the table. This keeps the table accessible for crafting later.
2. Move further south onto the sand tile (now 1 step south from the table) and use Do with the wood pickaxe to collect stone (Collect Stone).
3. Use Place Stone to place the collected stone (Place Stone achievement).
4. Continue using Do on the sand (or other terrain) to eventually collect coal and iron (Collect Coal, Collect Iron). These may require multiple Do actions.
5. With wood, stone, coal, iron in inventory and the table nearby, craft an iron pickaxe and iron sword (Make Iron Pickaxe, Make Iron Sword) after we also have a furnace.
6. Place a furnace on an empty tile (Place Furnace) using the furnace action.
7. Use the iron sword/pickaxe to defeat a zombie and a skeleton that will spawn near the furnace/table (Defeat Zombie, Defeat Skeleton).
8. Move north‑west to the cow location and attack/eat it (Eat Cow) to restore food.
9. Use the iron pickaxe on deep sand or other resource to collect diamond (Collect Diamond).
10. When energy is low, Sleep to restore energy; waking up after full energy fulfills Wake Up achievement.
11. Optionally plant the sapling (Place Plant) and Eat Plant to get those achievements.

Immediate next step: move onto the table (south) to position for stone collection.","You see:
- water 1 steps to your west
- grass 1 steps to your north
- sand 2 steps to your south
- tree 3 steps to your south-east
- table 1 steps to your south

You face table at your front.",0.0,False
139,Move South,,"You see:
- water 1 steps to your west
- grass 1 steps to your north
- sand 2 steps to your south
- tree 3 steps to your south-east
- table 1 steps to your south

You face table at your front.",0.0,False
140,Move South,,"You see:
- water 1 steps to your west
- grass 1 steps to your north
- sand 2 steps to your south
- tree 3 steps to your south-east
- table 1 steps to your south

You face table at your front.",0.0,False
141,"<plan>We are currently north of a table (table is 1 step south). Inventory: wood, sapling, wood pickaxe, wood sword. Energy is 5/9, so we have enough to act now.

Goal: obtain all achievements. Immediate steps:
1. Move onto the table (Move South) to be adjacent to resources and keep the table for crafting.
2. Move onto the sand tile (another Move South) and use Do to mine stone (Collect Stone).
3. Place the mined stone with Place Stone (Place Stone achievement).
4. Continue using Do on sand to collect coal and iron (Collect Coal, Collect Iron).
5. Place a plant on the grass tile north of us using Place Plant (requires sapling), then later Eat Plant.
6. With stone in inventory, craft a stone pickaxe at the table (Make Stone Pickaxe), then use it to mine more efficiently for coal, iron, and eventually diamond (Collect Diamond).
7. Collect enough stone to Place Furnace (Place Furnace) near the table.
8. With wood, stone, coal, iron, table, and furnace, craft an iron pickaxe (Make Iron Pickaxe) and iron sword (Make Iron Sword).
9. Use the iron sword to defeat a zombie and a skeleton that will appear near the furnace/table (Defeat Zombie, Defeat Skeleton).
10. Travel northwest to the cow location (6 steps) and use Do to eat it (Eat Cow).
11. After gathering enough food, Sleep when energy is low, then Wake Up (Wake Up achievement).
12. Use the iron pickaxe to mine deeper to obtain a diamond (Collect Diamond).
13. Throughout, manage food, drink, and energy (Sleep when needed).

The immediate first action is to move onto the table.\plan>
Move South",,"

Your previous output did not contain a valid action. Defaulted to action: Noop

Observation:
You see:
- water 1 steps to your west
- grass 1 steps to your north
- sand 2 steps to your south
- tree 3 steps to your south-east
- table 1 steps to your south
- zombie 4 steps to your east

You face table at your front.",0.0,False
142,Move South,,"You see:
- water 1 steps to your west
- grass 1 steps to your north
- sand 2 steps to your south
- tree 3 steps to your south-east
- table 1 steps to your south
- zombie 3 steps to your east

You face table at your front.",0.0,False
143,Move South,,"You see:
- water 1 steps to your west
- grass 1 steps to your north
- sand 2 steps to your south
- tree 3 steps to your south-east
- table 1 steps to your south
- zombie 2 steps to your east

You face table at your front.",0.0,False
144,Move South,"Current position: one tile north of a table, with water west, grass north, sand two tiles south, tree southeast, and a zombie two tiles east. Inventory: 1 wood, 1 sapling, wood pickaxe, wood sword. Food and drink are sufficient, energy moderate.

Goal: obtain all 22 achievements.

Step‑by‑step high‑level strategy:
1. Move onto the table (Move South) to be adjacent to the crafting station.
2. Move onto the sand tile (another Move South) and use Do to mine stone (Collect Stone).
3. Place the mined stone on an empty tile (Place Stone) to earn the Place Stone achievement.
4. Return to the grass tile north of the table (Move North) and Place Plant using the sapling (Place Plant). Later Eat Plant for that achievement.
5. At the table, craft a stone pickaxe (Make Stone Pickaxe) using wood and the collected stone.
6. Use the stone pickaxe on sand/stone to Collect Coal and Collect Iron (multiple Do actions as needed).
7. Place a furnace near the table (Place Furnace) once enough stone/coal are available.
8. Craft an iron pickaxe and iron sword (Make Iron Pickaxe, Make Iron Sword) using wood, coal, iron, and the furnace.
9. Move east to the zombie (Move East twice) and defeat it with the appropriate sword (Defeat Zombie).
10. Use the iron pickaxe to mine deeper resources and eventually Collect Diamond.
11. Defeat a skeleton that will appear near the furnace (Defeat Skeleton) using the iron sword.
12. Locate a cow (likely west of water) and Eat Cow for that achievement.
13. After energy drops low, Sleep to restore and then Wake Up (Wake Up achievement).
14. Throughout, manage food/drink. Use Do on lake if needed, and Sleep when energy low.

This sequence covers all remaining achievements: Collect Stone, Place Stone, Place Plant, Eat Plant, Make Stone Pickaxe, Collect Coal, Collect Iron, Place Furnace, Make Iron Pickaxe, Make Iron Sword, Defeat Zombie, Defeat Skeleton, Collect Diamond, Eat Cow, Sleep/Wake Up, plus the earlier achievements already earned.

Immediate next action: move onto the table.","You see:
- water 1 steps to your west
- grass 1 steps to your north
- sand 2 steps to your south
- tree 3 steps to your south-east
- table 1 steps to your south
- zombie 2 steps to your east

You face table at your front.",0.0,False
145,Move South,,"You see:
- water 1 steps to your west
- grass 1 steps to your north
- sand 2 steps to your south
- tree 3 steps to your south-east
- table 1 steps to your south
- zombie 1 steps to your east

You face table at your front.",-0.2,False
146,Move South,,"You see:
- water 1 steps to your west
- grass 1 steps to your north
- sand 2 steps to your south
- tree 3 steps to your south-east
- table 1 steps to your south
- zombie 1 steps to your east

You face table at your front.",0.0,False
147,Move South,"We are currently north of a table (table one step south) with water west, grass north, sand two steps south, a tree southeast, and a zombie one step east. Inventory contains 1 wood, 1 sapling, a wood pickaxe, and a wood sword. Health, food, drink, and energy are sufficient.

Goal: obtain all 22 achievements.

High‑level strategy:
1. Move onto the table (Move South) to enable crafting.
2. From the table, move onto the sand tile (another Move South) and use Do to mine stone -> Collect Stone.
3. Use Place Stone to place the stone -> Place Stone achievement.
4. Return to the grass tile (Move North twice) and Place Plant using the sapling -> Place Plant; later Eat Plant.
5. At the table, craft a stone pickaxe (Make Stone Pickaxe) using wood + stone.
6. Use the stone pickaxe on sand/stone to Collect Coal and Collect Iron via Do actions.
7. With enough stone and coal, Place Furnace near the table -> Place Furnace.
8. Craft iron pickaxe and iron sword (Make Iron Pickaxe, Make Iron Sword) using wood, coal, iron, and the furnace.
9. Move east to the zombie (Move East) and defeat it with the appropriate sword -> Defeat Zombie.
10. Use the iron pickaxe to mine deeper resources, eventually Collect Diamond.
11. Defeat any skeleton that appears near the furnace -> Defeat Skeleton.
12. Locate the cow (likely west of water) and use Do to Eat Cow -> Eat Cow.
13. Manage food/drink: when food low, Sleep to restore energy, then Wake Up -> Sleep and Wake Up achievements.
14. Collect additional resources as needed to ensure all achievements like Collect Wood, Collect Sampling, Collect Drink etc. (Collect Wood can be done by Do on the tree later; Collect Drink by Do on water; Collect Sampling perhaps by Do on sand/soil).

Immediate next action: Move South onto the table to start crafting.","You see:
- water 1 steps to your west
- grass 1 steps to your north
- sand 2 steps to your south
- tree 3 steps to your south-east
- table 1 steps to your south
- zombie 1 steps to your east

You face table at your front.",0.0,False
148,Move South,,"You see:
- water 1 steps to your west
- grass 1 steps to your north
- sand 2 steps to your south
- tree 3 steps to your south-east
- table 1 steps to your south
- zombie 2 steps to your east

You face table at your front.",0.0,False
149,Move South,,"You see:
- water 1 steps to your west
- grass 1 steps to your north
- sand 2 steps to your south
- tree 3 steps to your south-east
- table 1 steps to your south
- zombie 1 steps to your east

You face table at your front.",0.0,False
150,Move East,"We start north of a table with wood, sapling, a wood pickaxe and a wood sword. Nearby resources: water west (drink), grass north (plant), sand two steps south (stone), tree southeast (wood), zombie east (enemy). Goals: collect wood, place table, eat cow, collect sampling, collect drink, make wood pickaxe/sword (already have), place plant, defeat zombie, collect stone, place stone, eat plant, defeat skeleton, make stone pickaxe/sword, wake up, place furnace, collect coal, collect iron, make iron pickaxe/sword, collect diamond.

High‑level steps:
1. Move east to face the zombie, then Do to hit and defeat it → Defeat Zombie achievement.
2. Move west to water and Do to drink → Collect Drink.
3. Move north onto grass, Place Plant using sapling → Place Plant achievement; later Eat Plant for Eat Plant.
4. Move south twice onto sand, Do with wood pickaxe to mine stone → Collect Stone.
5. Place Stone from inventory → Place Stone achievement.
6. Return to table (south of current position), use Make Stone Pickaxe (needs wood+stone at table) → Make Stone Pickaxe.
7. Use stone pickaxe on sand to collect coal and iron via Do → Collect Coal, Collect Iron.
8. Place Furnace near table → Place Furnace achievement.
9. Use Make Iron Pickaxe and Make Iron Sword at table with furnace → Make Iron Pickaxe, Make Iron Sword.
10. Use iron sword to defeat any skeleton that may appear → Defeat Skeleton.
11. Explore to find cow (likely west of water) and Do to Eat Cow → Eat Cow.
12. Use iron pickaxe to mine deeper until diamond is found → Collect Diamond.
13. Manage food/energy: Sleep when low, then Wake Up → Sleep, Wake Up.
14. Ensure Collect Wood (Do on tree) and Collect Sampling (Do on sand/soil) are done during mining steps.

The immediate action is to move east toward the zombie so we can defeat it next turn.","You see:
- water 1 steps to your west
- grass 1 steps to your north
- sand 2 steps to your south
- tree 3 steps to your south-east
- table 1 steps to your south
- zombie 1 steps to your east

You face zombie at your front.",0.0,False
151,Do,,"You see:
- water 1 steps to your west
- grass 1 steps to your north
- sand 2 steps to your south
- tree 3 steps to your south-east
- table 1 steps to your south
- zombie 1 steps to your east

You face zombie at your front.",0.0,False
152,Do,,"You see:
- water 1 steps to your west
- grass 1 steps to your north
- sand 2 steps to your south
- tree 3 steps to your south-east
- table 1 steps to your south
- zombie 1 steps to your east

You face zombie at your front.",-0.2,False
153,Do,"Current situation: I am positioned north of the table with wood, a sapling, a wood pickaxe and a wood sword. Nearby: water to the west (for drink), grass to the north (for plant), sand two tiles south (contains stone, coal, iron), a tree southeast (provides more wood), and a zombie one tile east. My health, food, drink and energy are sufficient to act, but I must first defeat the zombie to unlock the “Defeat Zombie” achievement and clear the area for further work.

Overall objectives (in roughly logical order):
1. **Defeat the zombie** – repeatedly use Do while facing it with the wood sword until it is dead.
2. **Collect drink** – move west to the water and Do to drink.
3. **Place a plant** – move north onto the grass, Place Plant using the sapling, then later Eat Plant.
4. **Collect stone** – move south twice onto the sand tile, Do with the wood pickaxe to mine stone; this also gives “Collect Sampling”.
5. **Place stone** – after acquiring stone, Place Stone on the sand tile to achieve “Place Stone”.
6. **Make stone pickaxe** – return to the table (south of current position) and use Make Stone Pickaxe (requires wood and stone at a table).
7. **Collect coal and iron** – with the stone pickaxe, mine the sand tile repeatedly to obtain coal and iron, achieving “Collect Coal” and “Collect Iron”.
8. **Place furnace** – place a furnace near the table to enable iron smelting.
9. **Make iron pickaxe & iron sword** – at the table with the furnace, craft iron pickaxe and iron sword, unlocking their achievements.
10. **Defeat skeleton** – if a skeleton appears (likely near the furnace), use Do with the iron sword to defeat it.
11. **Collect wood** – chop the tree southeast (Do) to ensure “Collect Wood”.
12. **Eat cow** – locate the cow (typically west of the water), move to it and Do to eat, achieving “Eat Cow”.
13. **Place table** – if needed, place another table somewhere else (though one already exists).
14. **Collect diamond** – use the iron pickaxe to mine deeper (may need to move onto sand multiple times) until a diamond is found, achieving “Collect Diamond”.
15. **Manage stamina** – when energy or food gets low, Sleep to restore, then Wake Up for the “Wake Up” achievement.
16. **Eat plant** – after placing the plant, later use Do on it to eat, achieving “Eat Plant”.

Immediate action: defeat the zombie now, as it is directly in front and the wood sword is ready. Repeated Do actions will finish it; after each Do I can reassess health. No movement is needed at this moment.

Action: Do","You see:
- water 1 steps to your west
- grass 1 steps to your north
- sand 2 steps to your south
- tree 3 steps to your south-east
- table 1 steps to your south

You face grass at your front.",1.0,False
154,Place Plant,,"You see:
- water 1 steps to your west
- grass 1 steps to your north
- sand 2 steps to your south
- tree 3 steps to your south-east
- table 1 steps to your south
- plant 1 steps to your east

You face plant at your front.",1.1,False
155,Do,,"You see:
- water 1 steps to your west
- grass 1 steps to your north
- sand 2 steps to your south
- tree 3 steps to your south-east
- table 1 steps to your south
- zombie 3 steps to your south
- plant 1 steps to your east

You face plant at your front.",0.0,False
156,Move South,"Current situation: I am north of a table with 1 wood, a wood pickaxe and a wood sword. Nearby resources: water (west), grass (north, with a planted seed east), sand (2 tiles south) containing stone, coal, iron, and a zombie 3 tiles south. Achievements still pending include defeating the zombie, collecting stone, placing stone, making stone pickaxe, gathering coal and iron, placing furnace, making iron tools, defeating skeleton, collecting wood (need more wood from the tree southeast), eating cow, collecting diamond, sleeping/waking, etc.

High‑level steps to complete all achievements:

1. **Reach the sand** – Move south twice to stand on the sand tile.
2. **Gather stone** – Use `Do` with the wood pickaxe to mine stone (Collect Stone, Collect Sampling).
3. **Return to the table area** – Move north twice to be adjacent to the table.
4. **Craft a stone pickaxe** – `Make Stone Pickaxe` (requires wood + stone).
5. **Gather coal and iron** – Move south onto the sand and `Do` with the stone pickaxe repeatedly until coal and iron are collected (Collect Coal, Collect Iron).
6. **Place a furnace** – While adjacent to the table, `Place Furnace`.
7. **Collect more wood** – Move southeast to the tree and `Do` to chop it (Collect Wood). This provides the extra wood needed for iron tools.
8. **Craft iron tools** – With wood, coal, iron, table and furnace, `Make Iron Pickaxe` and `Make Iron Sword`.
9. **Defeat the zombie** – Move south back to the zombie’s location and `Do` with the iron sword (Defeat Zombie).
10. **Defeat the skeleton** – If a skeleton appears near the furnace, defeat it with the iron sword (Defeat Skeleton).
11. **Place stone** – After having stone in inventory, `Place Stone` on a suitable tile (Place Stone).
12. **Collect drink** – Move west to the water and `Do` to drink (Collect Drink) when needed.
13. **Sleep and wake up** – When energy or food gets low, `Sleep` then later `Wake Up` (Wake Up achievement).
14. **Eat the plant** – `Do` on the planted seed to eat it (Eat Plant).
15. **Eat a cow** – Locate a cow (likely west of water) and `Do` to eat it (Eat Cow).
16. **Mine for diamond** – Using the iron pickaxe, mine the sand/deeper tiles until a diamond is obtained (Collect Diamond).
17. **Finish remaining achievements** – Ensure all achievements (Place Table, Place Plant, etc.) are satisfied; most are already done.

The immediate next action is to start moving toward the sand.

Action: Move South","You see:
- water 1 steps to your west
- grass 1 steps to your north
- sand 2 steps to your south
- tree 3 steps to your south-east
- table 1 steps to your south
- zombie 3 steps to your south
- plant 1 steps to your east

You face table at your front.",0.0,False
157,Move South,,"You see:
- water 1 steps to your west
- grass 1 steps to your north
- sand 2 steps to your south
- tree 3 steps to your south-east
- table 1 steps to your south
- zombie 4 steps to your south-east
- plant 1 steps to your east

You face table at your front.",0.0,False
158,Move South,,"You see:
- water 1 steps to your west
- grass 1 steps to your north
- sand 2 steps to your south
- tree 3 steps to your south-east
- table 1 steps to your south
- zombie 3 steps to your south-east
- plant 1 steps to your east

You face table at your front.",0.0,False
159,Move South,"Current situation: I am standing north of a table with 1 wood, a wood pickaxe and a wood sword. Nearby resources include water to the west, grass to the north, sand two tiles south (contains stone, coal, iron), a tree three tiles southeast, a plant east, and a zombie southeast. My health, food, and energy are low, so I must gather food and maintain energy while progressing toward the major achievements.

High‑level roadmap:
1. **Reach the sand** – Move south twice (first onto the table, then onto the sand).
2. **Collect stone** – Use `Do` with the wood pickaxe on the sand to mine stone (achievement “Collect Stone”). This also gives sampling material.
3. **Return to the table** – Move north twice to be adjacent to the table.
4. **Craft a stone pickaxe** – `Make Stone Pickaxe` (requires wood + stone). This will let me mine faster and access tougher resources.
5. **Gather coal and iron** – Move south onto the sand again and `Do` repeatedly with the stone pickaxe until coal and iron are obtained (achievements “Collect Coal”, “Collect Iron”).
6. **Place a furnace** – While adjacent to the table, `Place Furnace`.
7. **Collect more wood** – Move southeast to the tree and `Do` to chop it (achievement “Collect Wood”). This supplies extra wood for iron tools.
8. **Craft iron tools** – With wood, coal, iron, table, and furnace, `Make Iron Pickaxe` and `Make Iron Sword` (achievements “Make Iron Pickaxe”, “Make Iron Sword”).
9. **Defeat the zombie** – Move southeast to the zombie’s location and `Do` with the iron sword (achievement “Defeat Zombie”).
10. **Defeat a skeleton** – If a skeleton appears (often near a furnace), defeat it with the iron sword (achievement “Defeat Skeleton”).
11. **Place stone** – Use `Place Stone` to put a stone block somewhere (achievement “Place Stone”).
12. **Eat plant and drink water** – `Do` on the plant to eat (achievement “Eat Plant”) and `Do` on water to drink (achievement “Collect Drink”) to restore food, drink, and energy.
13. **Sleep and wake** – When food/energy are low, `Sleep` then later perform any action to wake up (achievement “Wake Up”).
14. **Eat cow** – Locate a cow (typically west of water) and `Do` to eat it (achievement “Eat Cow”).
15. **Collect diamond** – Use the iron pickaxe on deeper sand/stone tiles until a diamond is found (achievement “Collect Diamond”).
16. **Finish remaining minor achievements** – Ensure “Place Table”, “Place Plant”, “Make Wood Pickaxe”, “Make Wood Sword”, etc., are already satisfied (they are).

Immediate next step: move onto the table (south) as the first move toward the sand.

Action: Move South","You see:
- water 1 steps to your west
- grass 1 steps to your north
- sand 2 steps to your south
- tree 3 steps to your south-east
- table 1 steps to your south
- zombie 2 steps to your south-east

You face table at your front.",0.0,False
160,Move South,,"You see:
- water 1 steps to your west
- grass 1 steps to your north
- sand 2 steps to your south
- tree 3 steps to your south-east
- table 1 steps to your south
- zombie 1 steps to your east

You face table at your front.",-0.2,False
161,Move South,,"You see:
- water 1 steps to your west
- grass 1 steps to your north
- sand 2 steps to your south
- tree 3 steps to your south-east
- table 1 steps to your south
- zombie 1 steps to your east

You face table at your front.",0.0,False
162,Move South,"Current status: low health (4/9) and food (3/9). Inventory: 1 wood, wood_pickaxe, wood_sword. Nearby: water west, grass north, sand 2 tiles south (contains stone, coal, iron), table 1 tile south, zombie east, tree 3 tiles southeast.

Immediate objectives:
1. Increase resources: reach sand, mine stone (Collect Stone) using wood_pickaxe.
2. Return to table to craft stone pickaxe (Make Stone Pickaxe) for better mining.
3. Later gather coal and iron from sand, place furnace, craft iron tools, defeat zombie, etc., to complete all achievements.
4. While doing this, manage health/food/energy: consider sleeping later, and possibly defeat zombie for food.

First step: move onto the table (south) to be on the path toward sand. This positions us to reach sand on the next move.

Action: Move South","You see:
- water 1 steps to your west
- grass 1 steps to your north
- sand 2 steps to your south
- tree 3 steps to your south-east
- table 1 steps to your south
- zombie 1 steps to your east

You face table at your front.",0.0,False
163,Move South,,"You see:
- water 1 steps to your west
- grass 1 steps to your north
- sand 2 steps to your south
- tree 3 steps to your south-east
- table 1 steps to your south
- zombie 1 steps to your east

You face table at your front.",0.0,False
164,Move South,,"You see:
- water 1 steps to your west
- grass 1 steps to your north
- sand 2 steps to your south
- tree 3 steps to your south-east
- table 1 steps to your south
- zombie 1 steps to your east

You face table at your front.",0.0,False
165,Move South,"Current status: health 4/9, food 3/9, drink 8/9, energy 4/9. Inventory: 1 wood, wood_pickaxe, wood_sword. Nearby resources: water west, grass north, sand 2 steps south (contains stone, coal, iron, possibly diamond), table 1 step south, zombie east, plant east of table, tree southeast.

Overall objectives to complete all achievements:
1. Gather basic resources: collect stone from sand, then place stone.
2. Craft stone pickaxe at the table (needs wood and stone) to improve mining.
3. Collect coal and iron from sand using the stone pickaxe.
4. Place a furnace, then craft iron pickaxe (needs wood, coal, iron, table, furnace) and iron sword.
5. Collect diamond (likely from sand or deeper mining) with iron pickaxe.
6. Defeat zombie (using sword) to gain food and achieve Defeat Zombie.
7. Eat plant (collect/eat plant) to restore health/food and achieve Eat Plant.
8. Drink from water to maintain drink level (Collect Drink achievement).
9. Sleep when energy low (Wake Up achievement) after tasks.
10. Additional achievements (Collect Wood, Place Table, Make Wood Pickaxe/Sword already done, etc.)

Immediate step: move onto the table tile to position ourselves for moving onto sand. This is safe and advances toward stone collection.

Action: Move South","You see:
- water 1 steps to your west
- grass 1 steps to your north
- sand 2 steps to your south
- tree 3 steps to your south-east
- table 1 steps to your south
- zombie 1 steps to your east

You face table at your front.",0.0,False
166,Move South,,"You died.



You see:
- water 1 steps to your west
- grass 2 steps to your north
- sand 2 steps to your south
- tree 3 steps to your south-east
- table 1 steps to your south
- zombie 1 steps to your north

You face table at your front.",-0.4,True
