Step,Action,Reasoning,Observation,Reward,Done
0,Move West,"We start with full health, food, drink, and energy, and no items. Nearby there is grass directly in front (west), a tree 5 steps to the north‑west, and a cow 5 steps to the south‑west. To begin earning achievements we need to collect wood from the tree (Collect Wood). We'll first move west onto the grass tile, then continue moving north and west to reach the tree. Once adjacent to the tree we will use Do to collect wood. After obtaining wood we can place a table (Place Table) and then craft the wood tools (Make Wood Pickaxe, Make Wood Sword) to progress toward the other achievements (collect stone, coal, iron, defeat mobs, etc.). The high‑level sequence will be:

1. Move west onto the grass.
2. Navigate north and west to the tree.
3. Do to collect wood (Collect Wood achievement).
4. Place Table (Place Table achievement).
5. Make Wood Pickaxe (Make Wood Pickaxe achievement).
6. Make Wood Sword (Make Wood Sword achievement).
7. Continue exploring to collect stone, coal, iron, defeat zombie/skeleton, eat cow, place furnace, etc., aiming to complete all listed achievements.

The first immediate action is to step onto the grass by moving west.","You see:
- grass 1 steps to your west
- tree 4 steps to your north-west
- cow 3 steps to your south-west

You face grass at your front.",0.0,False
1,Move West,,"You see:
- water 4 steps to your west
- grass 1 steps to your west
- tree 3 steps to your north-west
- cow 3 steps to your south

You face grass at your front.",0.0,False
2,Move West,,"You see:
- water 3 steps to your west
- grass 1 steps to your west
- tree 2 steps to your north-west
- cow 5 steps to your south-east

You face grass at your front.",0.0,False
3,Move North,,"You see:
- water 3 steps to your west
- grass 1 steps to your north
- tree 1 steps to your west

You face grass at your front.",0.0,False
4,Move North,,"You see:
- water 3 steps to your west
- grass 1 steps to your west
- tree 2 steps to your west

You face grass at your front.",0.0,False
5,Move West,,"You see:
- water 2 steps to your west
- grass 1 steps to your north
- tree 1 steps to your west

You face tree at your front.",0.0,False
6,Do,,"You see:
- water 2 steps to your west
- grass 1 steps to your west
- tree 1 steps to your south

You face grass at your front.",1.0,False
7,Do,,"You see:
- water 2 steps to your west
- grass 1 steps to your west
- tree 1 steps to your south

You face grass at your front.",0.0,False
8,Move South,,"You see:
- water 2 steps to your west
- grass 1 steps to your west
- tree 1 steps to your south

You face tree at your front.",0.0,False
9,Do,,"You see:
- water 2 steps to your west
- grass 1 steps to your west

You face grass at your front.",0.0,False
10,Place Table,,"You see:
- water 2 steps to your west
- grass 1 steps to your west
- table 1 steps to your south

You face table at your front.",1.0,False
11,Move West,,"You see:
- water 1 steps to your west
- grass 1 steps to your north
- table 2 steps to your south-east

You face water at your front.",0.0,False
12,Move North,"We start by gathering wood, which is needed for almost all subsequent achievements. The tree is likely near the water to the west, so we will move north onto the grass to get a better view, then head west toward the tree and use Do to collect wood (earning Collect Wood). We already have a table placed, so after obtaining wood we can make a wood pickaxe and wood sword (achievements Make Wood Pickaxe and Make Wood Sword). With the pickaxe we will mine stone (Collect Stone, Place Stone), then collect coal and iron (Collect Coal, Collect Iron). Using the table and furnace (we will place a furnace after gathering stone and coal) we can craft stone and iron tools and weapons (Make Stone Pickaxe, Make Stone Sword, Make Iron Pickaxe, Make Iron Sword). We will also drink from the lake (Collect Drink) and eat grass or plants (Eat Plant) to keep food and drink levels up, sleeping when energy is low (Wake Up). Once we have weapons, we will defeat a zombie and a skeleton (Defeat Zombie, Defeat Skeleton). We will hunt the cow (Eat Cow) and place a plant (Place Plant). Finally we will collect a diamond (Collect Diamond). Throughout we will manage health, food, drink, and energy, using Sleep and Do as needed.","You see:
- water 2 steps to your west
- grass 1 steps to your west
- tree 5 steps to your north-east
- table 3 steps to your south-east

You face grass at your front.",0.0,False
13,Move North,,"You see:
- water 1 steps to your west
- grass 1 steps to your north
- tree 4 steps to your north-east
- table 4 steps to your south-east

You face grass at your front.",0.0,False
14,Move North,,"You see:
- water 1 steps to your west
- grass 1 steps to your north
- tree 3 steps to your north

You face grass at your front.",0.0,False
15,Move North,,"You see:
- water 1 steps to your west
- grass 1 steps to your north
- tree 2 steps to your north

You face grass at your front.",0.0,False
16,Move North,,"You see:
- water 2 steps to your west
- grass 1 steps to your west
- sand 7 steps to your north-west
- tree 1 steps to your north

You face tree at your front.",0.0,False
17,Do,,"You see:
- water 2 steps to your west
- grass 1 steps to your west
- sand 7 steps to your north-west
- tree 3 steps to your north-west

You face grass at your front.",0.0,False
18,Move West,,"You see:
- water 1 steps to your west
- grass 1 steps to your north
- sand 5 steps to your north-west
- tree 2 steps to your north

You face water at your front.",0.0,False
19,Move North,,"You see:
- water 2 steps to your south-west
- grass 1 steps to your west
- sand 4 steps to your west
- tree 1 steps to your north

You face tree at your front.",0.0,False
20,Do,,"You see:
- water 2 steps to your south-west
- grass 1 steps to your west
- sand 4 steps to your west
- tree 2 steps to your west

You face grass at your front.",0.0,False
21,Place Table,,"You see:
- water 2 steps to your south-west
- grass 1 steps to your west
- sand 4 steps to your west
- tree 2 steps to your west
- table 1 steps to your north

You face table at your front.",0.0,False
22,Move West,,"You see:
- water 1 steps to your south
- grass 1 steps to your north
- sand 3 steps to your west
- tree 1 steps to your west
- table 2 steps to your north-east

You face tree at your front.",0.0,False
23,Do,,"You see:
- water 1 steps to your south
- grass 1 steps to your west
- sand 3 steps to your west
- tree 2 steps to your north-west
- table 2 steps to your north-east

You face grass at your front.",0.0,False
24,Move West,"We currently have 1 wood, a table placed nearby, and access to water, grass, sand and a tree to the north‑west. The high‑level route to complete all achievements is:

1. **Gather Wood** – Use Do on the tree to collect more wood (Collect Wood).  
2. **Drink Water** – Use Do on water to fill drink level (Collect Drink).  
3. **Craft Wood Tools** – With wood and the table, Make Wood Pickaxe and Make Wood Sword (achievements 6 and 7).  
4. **Mine Stone** – Use the wood pickaxe on nearby stone (sand area may contain stone) to Collect Stone and Place Stone (achievements 10 and 11).  
5. **Collect Coal & Iron** – Mine deeper in the sand/stone area to find Coal and Iron (achievements 18 and 19).  
6. **Place Furnace** – Use collected stone and wood to place a furnace (achievement 17).  
7. **Craft Stone & Iron Tools** – Using the furnace, table, wood, stone, coal, and iron, Make Stone Pickaxe, Stone Sword, Iron Pickaxe, Iron Sword (achievements 14,15,20,21).  
8. **Gather Food** – Eat grass/plants (Eat Plant) and later place a plant (Place Plant, achievement 8). Find a cow, kill it and Eat Cow (achievement 3).  
9. **Defeat Mobs** – Use iron sword to defeat a zombie and a skeleton (achievements 9 and 13).  
10. **Sleep / Wake Up** – When energy drops, Sleep to recover (Wake Up).  
11. **Collect Diamond** – Use iron pickaxe to mine deep stone for diamond (achievement 22).  

We will start by moving west to get closer to the tree, then use Do to collect wood and drink water, then proceed with the crafting and mining sequence outlined above.

Next immediate action: move west to approach the tree.","You see:
- water 1 steps to your west
- grass 1 steps to your east
- sand 2 steps to your west
- tree 1 steps to your north
- table 3 steps to your north-east

You face water at your front.",0.0,False
25,Move North,,"You see:
- water 1 steps to your west
- grass 1 steps to your east
- sand 2 steps to your west
- tree 1 steps to your north
- table 3 steps to your north-east

You face tree at your front.",0.0,False
26,Do,,"You see:
- water 1 steps to your west
- grass 1 steps to your north
- sand 2 steps to your west
- tree 5 steps to your south-west
- table 3 steps to your north-east

You face grass at your front.",0.0,False
27,Make Wood Pickaxe,,"You see:
- water 1 steps to your west
- grass 1 steps to your north
- sand 2 steps to your west
- tree 5 steps to your south-west
- table 3 steps to your north-east

You face grass at your front.",0.0,False
28,Move West,,"You see:
- water 1 steps to your west
- grass 1 steps to your north
- sand 2 steps to your west
- tree 5 steps to your south-west
- table 3 steps to your north-east

You face water at your front.",0.0,False
29,Do,,"You see:
- water 1 steps to your west
- grass 1 steps to your north
- sand 2 steps to your west
- tree 5 steps to your south-west
- table 3 steps to your north-east

You face water at your front.",1.0,False
30,Do,,"You see:
- water 1 steps to your west
- grass 1 steps to your north
- sand 2 steps to your west
- tree 5 steps to your south-west
- table 3 steps to your north-east

You face water at your front.",0.0,False
31,Move West,,"You see:
- water 1 steps to your west
- grass 1 steps to your north
- sand 2 steps to your west
- tree 5 steps to your south-west
- table 3 steps to your north-east

You face water at your front.",0.0,False
32,Do,,"You see:
- water 1 steps to your west
- grass 1 steps to your north
- sand 2 steps to your west
- tree 5 steps to your south-west
- table 3 steps to your north-east

You face water at your front.",0.0,False
33,Move West,,"You see:
- water 1 steps to your west
- grass 1 steps to your north
- sand 2 steps to your west
- tree 5 steps to your south-west
- table 3 steps to your north-east

You face water at your front.",0.0,False
34,Move East,,"You see:
- water 1 steps to your south
- grass 1 steps to your west
- sand 3 steps to your west
- tree 4 steps to your north-east
- table 2 steps to your north-east

You face grass at your front.",0.0,False
35,Move West,,"You see:
- water 1 steps to your west
- grass 1 steps to your north
- sand 2 steps to your west
- tree 5 steps to your south-west
- table 3 steps to your north-east

You face water at your front.",0.0,False
36,Move North,"We have wood (2) and a placed table a few steps north‑east. Our next priority is to craft the basic tools needed for later mining and combat. To do that we must stand adjacent to the table. We will move north to get closer to the table, then later move east/north as needed to be next to it and issue the Make Wood Pickaxe and Make Wood Sword actions. After obtaining the tools we will mine stone from the nearby sand/stone area, collect coal and iron, place a furnace, craft stone and iron tools, obtain food (plant, cow), defeat mobs, and finally mine diamond. This step‑by‑step approach follows the achievement list efficiently.","You see:
- water 2 steps to your south-west
- grass 1 steps to your west
- sand 2 steps to your west
- tree 4 steps to your north-east
- table 2 steps to your east
- cow 6 steps to your north-west

You face grass at your front.",0.0,False
37,Move East,,"You see:
- water 2 steps to your south
- grass 1 steps to your west
- sand 3 steps to your west
- tree 3 steps to your north-east
- table 1 steps to your east

You face table at your front.",0.0,False
38,Make Wood Pickaxe,,"You see:
- water 2 steps to your south
- grass 1 steps to your west
- sand 3 steps to your west
- tree 3 steps to your north-east
- table 1 steps to your east

You face table at your front.",1.0,False
39,Make Wood Sword,,"You see:
- water 2 steps to your south
- grass 1 steps to your west
- sand 3 steps to your west
- tree 3 steps to your north-east
- table 1 steps to your east

You face table at your front.",1.0,False
40,Place Table,,"You see:
- water 2 steps to your south
- grass 1 steps to your west
- sand 3 steps to your west
- tree 3 steps to your north-east
- table 1 steps to your east

You face table at your front.",0.0,False
41,Move West,,"You see:
- water 2 steps to your south-west
- grass 1 steps to your west
- sand 2 steps to your west
- tree 4 steps to your north-east
- table 2 steps to your east
- cow 6 steps to your north-west

You face grass at your front.",0.0,False
42,Move North,,"You see:
- water 2 steps to your north
- grass 1 steps to your south
- sand 1 steps to your west
- tree 3 steps to your north-east
- table 3 steps to your south-east
- cow 4 steps to your west

You face sand at your front.",0.0,False
43,Move North,,"You see:
- water 1 steps to your north
- grass 1 steps to your south
- sand 1 steps to your west
- tree 2 steps to your east
- table 4 steps to your south-east
- cow 5 steps to your south-west

You face water at your front.",0.0,False
44,Do,,"You see:
- water 1 steps to your north
- grass 1 steps to your south
- sand 1 steps to your west
- tree 2 steps to your east
- table 4 steps to your south-east
- cow 5 steps to your south-west

You face water at your front.",0.0,False
45,Do,,"You see:
- water 1 steps to your north
- grass 1 steps to your south
- sand 1 steps to your west
- tree 2 steps to your east
- table 4 steps to your south-east

You face water at your front.",0.0,False
46,Move West,,"You see:
- water 1 steps to your north
- grass 2 steps to your south
- sand 1 steps to your west
- tree 3 steps to your east
- table 5 steps to your south-east

You face sand at your front.",0.0,False
47,Do,,"You see:
- water 1 steps to your north
- grass 2 steps to your south
- sand 1 steps to your west
- tree 3 steps to your east
- table 5 steps to your south-east

You face sand at your front.",0.0,False
48,Do,"We have already crafted a wood pickaxe and wood sword and placed a table, achieving early achievements. Our next priority is to gather stone, which is needed for many later achievements (Collect Stone, Place Stone, Place Furnace, Make Stone/Iron tools, etc.). The sand tile directly in front of us can be mined with the wood pickaxe; using the Do action when facing sand should collect stone. After obtaining stone we can place a stone block, then later gather coal and iron, build a furnace, craft higher‑level tools, obtain food (plant and cow), defeat mobs, and finally collect diamond. The high‑level sequence will be:

1. Do (collect stone from sand).  
2. Place Stone (use the stone we just collected).  
3. Move toward the table and place Furnace (requires stone and wood).  
4. Use the wood pickaxe on appropriate tiles to collect coal and iron.  
5. Make Stone Pickaxe/Sword, then Iron Pickaxe/Sword using the furnace.  
6. Place Plant and Eat Plant, then approach the cow and Eat Cow.  
7. Defeat Zombie and Skeleton with our weapons.  
8. Collect Diamond after obtaining iron tools and a furnace.

This plan follows the achievement order and uses the available actions and inventory efficiently. 

Next immediate step: collect stone from the sand tile in front of us.","You see:
- water 1 steps to your north
- grass 2 steps to your south
- sand 1 steps to your west
- tree 3 steps to your east
- table 5 steps to your south-east

You face sand at your front.",0.0,False
49,Do,,"You see:
- water 1 steps to your north
- grass 2 steps to your south
- sand 1 steps to your west
- tree 3 steps to your east
- table 5 steps to your south-east

You face sand at your front.",0.0,False
50,Place Stone,,"You see:
- water 1 steps to your north
- grass 2 steps to your south
- sand 1 steps to your west
- tree 3 steps to your east
- table 5 steps to your south-east
- cow 5 steps to your south-west

You face sand at your front.",0.0,False
51,Do,,"You see:
- water 1 steps to your north
- grass 2 steps to your south
- sand 1 steps to your west
- tree 3 steps to your east
- table 5 steps to your south-east
- cow 4 steps to your south-west

You face sand at your front.",0.0,False
52,Do,,"You see:
- water 1 steps to your north
- grass 2 steps to your south
- sand 1 steps to your west
- tree 3 steps to your east
- table 5 steps to your south-east
- cow 4 steps to your south-west

You face sand at your front.",0.0,False
53,Do,,"You see:
- water 1 steps to your north
- grass 2 steps to your south
- sand 1 steps to your west
- tree 3 steps to your east
- table 5 steps to your south-east
- cow 3 steps to your south-west

You face sand at your front.",0.0,False
54,Do,,"You see:
- water 1 steps to your north
- grass 2 steps to your south
- sand 1 steps to your west
- tree 3 steps to your east
- table 5 steps to your south-east
- cow 3 steps to your south-west

You face sand at your front.",0.0,False
55,Do,,"You see:
- water 1 steps to your north
- grass 2 steps to your south
- sand 1 steps to your west
- tree 3 steps to your east
- table 5 steps to your south-east
- cow 2 steps to your south-west
- skeleton 4 steps to your west

You face sand at your front.",0.0,False
56,Move West,,"You see:
- water 1 steps to your north
- grass 3 steps to your south-west
- sand 1 steps to your west
- tree 4 steps to your east
- table 6 steps to your south-east
- cow 1 steps to your south
- skeleton 3 steps to your west

You face sand at your front.",0.0,False
57,Do,,"You see:
- water 1 steps to your north
- grass 3 steps to your south-west
- sand 1 steps to your west
- tree 4 steps to your east
- table 6 steps to your south-east
- cow 1 steps to your south
- skeleton 3 steps to your west
- arrow 2 steps to your west

You face sand at your front.",0.0,False
58,Do,,"You see:
- water 1 steps to your north
- grass 3 steps to your south-west
- sand 1 steps to your east
- tree 4 steps to your east
- table 6 steps to your south-east
- cow 1 steps to your south
- skeleton 3 steps to your west
- arrow 1 steps to your west

You face arrow at your front.",0.0,False
59,Do,,"You see:
- water 1 steps to your north
- grass 3 steps to your south-west
- sand 1 steps to your west
- tree 4 steps to your east
- table 6 steps to your south-east
- cow 1 steps to your south
- skeleton 4 steps to your west

You face sand at your front.",-0.2,False
60,Do,"Current status: I have a wood pickaxe and wood sword, and I am facing sand to the west. My immediate needs are to collect stone, place it, and then obtain a table to start crafting higher‑level tools and other items. Long‑term, I must gather stone, coal, iron, and diamond; place a furnace; craft stone and iron pickaxes/swords; eat plants and the cow; defeat the skeleton (and later a zombie); and finally collect a diamond. 

High‑level roadmap:
1. **Collect Stone** – Use the wood pickaxe on the sand tile in front (west) with the Do action to obtain stone.
2. **Place Stone** – Use Place Stone (still facing west) to place the stone I just collected, achieving “Collect Stone” and “Place Stone”.
3. **Gather Wood for Table** – Move east to the tree, Do to collect more wood if needed.
4. **Place Table** – Face an empty tile (e.g., south) and use Place Table to create a crafting station, achieving “Place Table”.
5. **Craft Stone Pickaxe & Sword** – With the table, wood, and stone in inventory, use Make Stone Pickaxe and Make Stone Sword.
6. **Collect Coal** – Move onto a coal tile (if present) or mine a coal‑containing block with the stone pickaxe using Do.
7. **Collect Iron** – Locate an iron deposit, mine it with the stone pickaxe (or later iron pickaxe) using Do.
8. **Place Furnace** – With stone, wood, and coal at the table, use Place Furnace to build a furnace, achieving “Place Furnace”.
9. **Smelt Iron** – Use the furnace (implicitly via Make Iron Pickaxe/Make Iron Sword actions) to turn iron ore into usable iron.
10. **Craft Iron Tools** – Make Iron Pickaxe and Iron Sword, achieving the corresponding achievements.
11. **Place Plant & Eat Plant** – Use Place Plant in front of grass, then Do to eat it, achieving “Place Plant” and “Eat Plant”.
12. **Eat Cow** – Move south to the cow, use Do while facing it to eat, achieving “Eat Cow”.
13. **Defeat Skeleton** – Use the iron sword (or stone sword) to hit the skeleton with Do, achieving “Defeat Skeleton”. Later locate and defeat a zombie for “Defeat Zombie”.
14. **Collect Diamond** – With the iron pickaxe, mine a diamond block using Do, achieving “Collect Diamond”.
15. **Wake Up** – Ensure I have the Wake Up achievement (likely automatic after sleeping if needed).

Each step will be taken one action at a time, checking observations after each. The immediate next action is to collect stone from the sand tile in front of me.","You see:
- water 1 steps to your north
- grass 3 steps to your south-west
- sand 1 steps to your west
- tree 4 steps to your east
- table 6 steps to your south-east
- cow 1 steps to your south
- skeleton 4 steps to your west

You face sand at your front.",0.0,False
61,Do,,"You see:
- water 1 steps to your north
- grass 3 steps to your south-west
- sand 1 steps to your west
- tree 4 steps to your east
- table 6 steps to your south-east
- cow 1 steps to your south
- skeleton 4 steps to your west

You face sand at your front.",0.0,False
62,Do,,"You see:
- water 1 steps to your north
- grass 3 steps to your south-west
- sand 1 steps to your west
- tree 4 steps to your east
- table 6 steps to your south-east
- cow 2 steps to your south-west
- skeleton 3 steps to your west

You face sand at your front.",0.0,False
63,Do,,"You see:
- water 1 steps to your north
- grass 3 steps to your south-west
- sand 1 steps to your west
- tree 4 steps to your east
- table 6 steps to your south-east
- cow 1 steps to your south
- skeleton 4 steps to your west

You face sand at your front.",0.0,False
64,Do,,"You see:
- water 1 steps to your north
- grass 3 steps to your south-west
- sand 1 steps to your west
- tree 4 steps to your east
- table 6 steps to your south-east
- cow 1 steps to your south
- skeleton 4 steps to your west
- arrow 3 steps to your west

You face sand at your front.",0.0,False
65,Do,,"You see:
- water 1 steps to your north
- grass 3 steps to your south-west
- sand 1 steps to your west
- tree 4 steps to your east
- table 6 steps to your south-east
- cow 1 steps to your south
- skeleton 4 steps to your west
- arrow 2 steps to your west

You face sand at your front.",0.0,False
66,Do,,"You see:
- water 1 steps to your north
- grass 3 steps to your south-west
- sand 1 steps to your east
- tree 4 steps to your east
- table 6 steps to your south-east
- cow 1 steps to your south
- skeleton 3 steps to your west
- arrow 1 steps to your west

You face arrow at your front.",0.0,False
67,Move East,,"You see:
- water 1 steps to your north
- grass 2 steps to your south
- sand 1 steps to your south
- tree 3 steps to your east
- table 5 steps to your south-east
- cow 2 steps to your south-west
- skeleton 4 steps to your west
- arrow 1 steps to your west

You face sand at your front.",0.0,False
68,Do,,"You see:
- water 1 steps to your north
- grass 2 steps to your south
- sand 1 steps to your west
- tree 3 steps to your east
- table 5 steps to your south-east
- cow 2 steps to your south-west
- skeleton 3 steps to your west

You face sand at your front.",-0.2,False
69,Do,,"You see:
- water 1 steps to your north
- grass 2 steps to your south
- sand 1 steps to your west
- tree 3 steps to your east
- table 5 steps to your south-east
- cow 3 steps to your south-west
- skeleton 4 steps to your west

You face sand at your front.",0.0,False
70,Do,,"You see:
- water 1 steps to your north
- grass 2 steps to your south
- sand 1 steps to your west
- tree 3 steps to your east
- table 5 steps to your south-east
- cow 4 steps to your south-west
- skeleton 4 steps to your west

You face sand at your front.",0.0,False
71,Do,,"You see:
- water 1 steps to your north
- grass 2 steps to your south
- sand 1 steps to your west
- tree 3 steps to your east
- table 5 steps to your south-east
- cow 5 steps to your south-west
- skeleton 5 steps to your south-west

You face sand at your front.",0.0,False
72,Do,"Current status: I have a wood pickaxe and wood sword. Nearby resources: sand (stone) to the west, tree (wood) 3 steps east, table 5 steps southeast, cow 5 steps southwest, skeleton 5 steps southwest, water north. My immediate goal is to start gaining early achievements: Collect Stone, Place Stone, Collect Wood, Place Table, and later craft higher tools. Steps:
1. Use Do on the sand in front (west) to collect stone (Earn “Collect Stone”).
2. Place the collected stone with Place Stone (Earn “Place Stone”).
3. Move east toward the tree and use Do to collect wood (Earn “Collect Wood”).
4. Move toward the table location and use Place Table (Earn “Place Table”).
5. With wood and stone at the table, craft stone pickaxe and stone sword (Earn “Make Stone Pickaxe” and “Make Stone Sword”).
6. Then proceed to collect coal, iron, place furnace, etc., and complete remaining achievements (eat cow, defeat skeleton, etc.).
The next immediate action is to collect stone from the sand in front.","You see:
- water 1 steps to your north
- grass 2 steps to your south
- sand 1 steps to your west
- tree 3 steps to your east
- table 5 steps to your south-east
- cow 5 steps to your south-west
- skeleton 5 steps to your south-west

You face sand at your front.",0.0,False
73,Do,,"You see:
- water 1 steps to your north
- grass 2 steps to your south
- sand 1 steps to your west
- tree 3 steps to your east
- table 5 steps to your south-east
- cow 5 steps to your south-west
- skeleton 5 steps to your south-west
- arrow 4 steps to your south-west

You face sand at your front.",0.0,False
74,Do,,"You see:
- water 1 steps to your north
- grass 2 steps to your south
- sand 1 steps to your west
- tree 3 steps to your east
- table 5 steps to your south-east
- cow 5 steps to your south-west
- skeleton 5 steps to your south-west
- arrow 3 steps to your south-west

You face sand at your front.",0.0,False
75,Do,,"You see:
- water 1 steps to your north
- grass 2 steps to your south
- sand 1 steps to your west
- tree 3 steps to your east
- table 5 steps to your south-east
- cow 6 steps to your south-west
- skeleton 5 steps to your south-west
- arrow 2 steps to your south-west

You face sand at your front.",0.0,False
76,Do,,"You see:
- water 1 steps to your north
- grass 2 steps to your south
- sand 1 steps to your west
- tree 3 steps to your east
- table 5 steps to your south-east
- cow 5 steps to your south-west
- skeleton 5 steps to your south-west
- arrow 1 steps to your south

You face sand at your front.",0.1,False
77,Do,,"You see:
- water 1 steps to your north
- grass 2 steps to your south
- sand 1 steps to your west
- tree 3 steps to your east
- table 5 steps to your south-east
- cow 5 steps to your south-west
- skeleton 5 steps to your south-west
- arrow 2 steps to your south-east

You face sand at your front.",0.0,False
78,Do,,"You see:
- water 1 steps to your north
- grass 2 steps to your south
- sand 1 steps to your west
- tree 3 steps to your east
- table 5 steps to your south-east
- cow 5 steps to your south-west
- skeleton 5 steps to your south-west
- arrow 3 steps to your south-east

You face sand at your front.",0.0,False
79,Do,,"You see:
- water 1 steps to your north
- grass 2 steps to your south
- sand 1 steps to your west
- tree 3 steps to your east
- table 5 steps to your south-east
- cow 4 steps to your south-west
- skeleton 4 steps to your south-west
- arrow 4 steps to your south-east

You face sand at your front.",0.0,False
80,Do,,"You see:
- water 1 steps to your north
- grass 2 steps to your south
- sand 1 steps to your west
- tree 3 steps to your east
- table 5 steps to your south-east
- cow 3 steps to your south-west
- skeleton 3 steps to your south-west

You face sand at your front.",0.0,False
81,Do,,"You see:
- water 1 steps to your north
- grass 2 steps to your south
- sand 1 steps to your west
- tree 3 steps to your east
- table 5 steps to your south-east
- cow 3 steps to your south-west
- skeleton 4 steps to your south-west

You face sand at your front.",0.0,False
82,Place Stone,,"You see:
- water 1 steps to your north
- grass 2 steps to your south
- sand 1 steps to your west
- tree 3 steps to your east
- table 5 steps to your south-east
- cow 3 steps to your south-west
- skeleton 4 steps to your south-west

You face sand at your front.",0.0,False
83,Do,,"You see:
- water 1 steps to your north
- grass 2 steps to your south
- sand 1 steps to your west
- tree 3 steps to your east
- table 5 steps to your south-east
- cow 3 steps to your south-west
- skeleton 4 steps to your south-west

You face sand at your front.",0.0,False
84,Do,"Current state: I have a wood pickaxe and wood sword, indicating I have already collected wood. I need to obtain early achievements: Collect Stone, Place Stone, Place Table, and later craft stone tools, eat cow, defeat skeleton, etc. Immediate priorities: 1) Collect stone from the sand directly in front by using Do. This will give the ""Collect Stone"" achievement and provide stone in inventory. 2) After collecting stone, I can place it with Place Stone to earn ""Place Stone"". Then I will travel to the table location (5 steps southeast) to place the table for the ""Place Table"" achievement and later craft stone pickaxe/sword. Finally, I will proceed to the cow and skeleton for eating and defeating them, and later gather coal, iron, furnace, etc., to complete all achievements. The next immediate action is to collect the stone from the sand.","You see:
- water 1 steps to your north
- grass 2 steps to your south
- sand 1 steps to your west
- tree 3 steps to your east
- table 5 steps to your south-east
- cow 4 steps to your south-west
- skeleton 4 steps to your south-west
- arrow 3 steps to your south-west

You face sand at your front.",0.0,False
85,Do,,"You see:
- water 1 steps to your north
- grass 2 steps to your south
- sand 1 steps to your west
- tree 3 steps to your east
- table 5 steps to your south-east
- cow 4 steps to your south-west
- skeleton 4 steps to your south-west
- arrow 2 steps to your south-west

You face sand at your front.",0.0,False
86,Do,,"You see:
- water 1 steps to your north
- grass 2 steps to your south
- sand 1 steps to your west
- tree 3 steps to your east
- table 5 steps to your south-east
- cow 4 steps to your south-west
- skeleton 4 steps to your south-west
- arrow 1 steps to your south

You face sand at your front.",0.0,False
87,Do,,"You see:
- water 1 steps to your north
- grass 2 steps to your south
- sand 1 steps to your west
- tree 3 steps to your east
- table 5 steps to your south-east
- cow 5 steps to your south-west
- skeleton 4 steps to your south-west
- arrow 2 steps to your south-east

You face sand at your front.",0.0,False
88,Do,,"You see:
- water 1 steps to your north
- grass 2 steps to your south
- sand 1 steps to your west
- tree 3 steps to your east
- table 5 steps to your south-east
- cow 6 steps to your south-west
- skeleton 4 steps to your south-west
- arrow 3 steps to your south-west

You face sand at your front.",0.0,False
89,Do,,"You see:
- water 1 steps to your north
- grass 2 steps to your south
- sand 1 steps to your west
- tree 3 steps to your east
- table 5 steps to your south-east
- cow 5 steps to your south-west
- skeleton 4 steps to your south-west
- arrow 2 steps to your south-west

You face sand at your front.",0.0,False
90,Do,,"You see:
- water 1 steps to your north
- grass 2 steps to your south
- sand 1 steps to your west
- tree 3 steps to your east
- table 5 steps to your south-east
- cow 6 steps to your south-west
- skeleton 4 steps to your south-west
- arrow 1 steps to your south

You face sand at your front.",0.0,False
91,Move West,,"You see:
- water 1 steps to your north
- grass 3 steps to your south-west
- sand 1 steps to your west
- tree 4 steps to your east
- table 6 steps to your south-east
- cow 5 steps to your south-west
- skeleton 4 steps to your south-west
- arrow 3 steps to your south-east

You face sand at your front.",0.0,False
92,Do,,"You see:
- water 1 steps to your north
- grass 3 steps to your south-west
- sand 1 steps to your west
- tree 4 steps to your east
- table 6 steps to your south-east
- cow 5 steps to your south-west
- skeleton 4 steps to your south-west
- arrow 4 steps to your south-east

You face sand at your front.",0.0,False
93,Do,,"You see:
- water 1 steps to your north
- grass 3 steps to your south-east
- sand 1 steps to your west
- tree 4 steps to your east
- table 6 steps to your south-east
- cow 4 steps to your south-west
- skeleton 4 steps to your south-west
- arrow 3 steps to your south-west

You face sand at your front.",0.0,False
94,Do,,"You see:
- water 1 steps to your north
- grass 3 steps to your south-west
- sand 1 steps to your west
- tree 4 steps to your east
- table 6 steps to your south-east
- cow 3 steps to your south
- skeleton 4 steps to your south-west
- arrow 2 steps to your south-west

You face sand at your front.",0.0,False
95,Move West,,"You see:
- water 1 steps to your north
- grass 2 steps to your south-west
- stone 6 steps to your north-west
- sand 1 steps to your west
- cow 4 steps to your south-east
- skeleton 4 steps to your south-west
- arrow 2 steps to your south-east

You face sand at your front.",0.0,False
96,Move North,"We currently have wood tools and good health, food, drink, and energy. Our next priority is to obtain the ""Collect Stone"" achievement and then ""Place Stone"" and ""Place Table"" to enable crafting stone tools and further progress. A stone deposit is visible 6 steps to the north‑west. We should move toward it, starting with a Move North to reduce the distance. After reaching the stone we will use Do to collect it, then Place Stone to earn that achievement, and later Place Table to set up a crafting station. This will set up the foundation for making stone pickaxe/sword and subsequent achievements. 
Next immediate action: Move North.","You see:
- water 1 steps to your north
- grass 2 steps to your south-west
- stone 6 steps to your north-west
- sand 1 steps to your west
- cow 3 steps to your south-east
- skeleton 3 steps to your south-west
- arrow 3 steps to your south-east

You face water at your front.",0.0,False
97,Move North,,"You see:
- water 1 steps to your north
- grass 2 steps to your south-west
- stone 6 steps to your north-west
- sand 1 steps to your west
- cow 3 steps to your south-east
- skeleton 4 steps to your south-west
- arrow 4 steps to your south-east

You face water at your front.",0.0,False
98,Do,,"You see:
- water 1 steps to your north
- grass 2 steps to your south-west
- stone 6 steps to your north-west
- sand 1 steps to your west
- cow 2 steps to your south
- skeleton 3 steps to your west
- arrow 5 steps to your south-east

You face water at your front.",0.0,False
99,Move West,,"You see:
- water 1 steps to your north
- grass 1 steps to your south
- stone 5 steps to your north-west
- path 5 steps to your north-west
- sand 1 steps to your west
- tree 7 steps to your south-west
- cow 2 steps to your south-east
- skeleton 3 steps to your west

You face sand at your front.",0.0,False
100,Move West,,"You see:
- water 2 steps to your north
- grass 1 steps to your south
- stone 4 steps to your north-west
- path 4 steps to your west
- sand 1 steps to your west
- tree 6 steps to your south-west
- cow 2 steps to your south-east
- skeleton 3 steps to your west

You face sand at your front.",0.0,False
101,Move West,,"You see:
- water 2 steps to your north
- grass 1 steps to your south
- stone 3 steps to your north-west
- path 3 steps to your west
- sand 1 steps to your north
- tree 5 steps to your south-west
- coal 4 steps to your west
- cow 4 steps to your south-east
- skeleton 1 steps to your west

You face skeleton at your front.",0.0,False
102,Do,,"You see:
- water 2 steps to your north
- grass 1 steps to your south
- stone 3 steps to your north-west
- path 3 steps to your west
- sand 1 steps to your north
- tree 5 steps to your south-west
- coal 4 steps to your west
- cow 3 steps to your south-east
- skeleton 1 steps to your west

You face skeleton at your front.",0.1,False
103,Do,,"You see:
- water 2 steps to your north
- grass 1 steps to your south
- stone 3 steps to your north-west
- path 3 steps to your west
- sand 1 steps to your west
- tree 5 steps to your south-west
- coal 4 steps to your west
- cow 3 steps to your south-east

You face sand at your front.",1.0,False
104,Move West,,"You see:
- water 3 steps to your north-east
- grass 1 steps to your west
- stone 2 steps to your north
- path 2 steps to your west
- sand 1 steps to your north
- tree 4 steps to your south-west
- coal 3 steps to your west
- cow 5 steps to your south-east

You face grass at your front.",0.0,False
105,Move North,,"You see:
- water 2 steps to your north-east
- grass 2 steps to your south-west
- stone 1 steps to your north
- path 1 steps to your west
- sand 1 steps to your south
- coal 4 steps to your west
- cow 5 steps to your south-east

You face stone at your front.",0.0,False
106,Do,,"You see:
- water 2 steps to your north-east
- grass 2 steps to your south-west
- stone 2 steps to your north
- path 1 steps to your west
- sand 1 steps to your south
- coal 4 steps to your west
- cow 5 steps to your south-east

You face path at your front.",1.0,False
107,Place Stone,,"You see:
- water 2 steps to your north-east
- grass 2 steps to your south-west
- stone 1 steps to your north
- path 1 steps to your west
- sand 1 steps to your south
- coal 4 steps to your west
- cow 5 steps to your south-east

You face stone at your front.",1.0,False
108,Do,"We need to progress through achievements. The next needed achievements are Collect Stone and Place Stone. Stone is directly in front of us, and we have a wood pickaxe, so we can use the Do action to collect the stone. After that we will place it with Place Stone. Then we will head toward the known table location (south‑east) and place a table to unlock crafting stations for later achievements.","You see:
- water 2 steps to your north-east
- grass 2 steps to your south-west
- stone 2 steps to your north
- path 1 steps to your west
- sand 1 steps to your south
- coal 4 steps to your west
- cow 5 steps to your south-east

You face path at your front.",0.0,False
109,Move North,,"You see:
- water 1 steps to your east
- grass 3 steps to your south-west
- stone 1 steps to your north
- path 1 steps to your west
- sand 1 steps to your south
- coal 4 steps to your north-west

You face stone at your front.",0.0,False
110,Do,,"You see:
- water 1 steps to your east
- grass 3 steps to your south-west
- stone 2 steps to your west
- path 1 steps to your west
- sand 1 steps to your south
- coal 4 steps to your north-west
- cow 6 steps to your south-east

You face path at your front.",0.0,False
111,Move West,,"You see:
- water 2 steps to your east
- grass 2 steps to your south
- stone 1 steps to your west
- path 1 steps to your north
- sand 2 steps to your south-east
- coal 3 steps to your north-west
- cow 7 steps to your south-east

You face stone at your front.",0.0,False
112,Place Stone,,"You see:
- water 2 steps to your east
- grass 2 steps to your south
- stone 1 steps to your west
- path 1 steps to your north
- sand 2 steps to your south-east
- coal 3 steps to your north-west
- cow 6 steps to your south-east

You face stone at your front.",0.0,False
113,Move East,,"You see:
- water 1 steps to your east
- grass 3 steps to your south-west
- stone 2 steps to your west
- path 1 steps to your west
- sand 1 steps to your south
- coal 4 steps to your north-west
- cow 6 steps to your south-east

You face water at your front.",0.0,False
114,Move West,,"You see:
- water 2 steps to your east
- grass 2 steps to your south
- stone 1 steps to your west
- path 1 steps to your north
- sand 2 steps to your south-east
- coal 3 steps to your north-west
- cow 6 steps to your south-east

You face stone at your front.",0.0,False
115,Move East,,"You see:
- water 1 steps to your east
- grass 3 steps to your south-west
- stone 2 steps to your west
- path 1 steps to your west
- sand 1 steps to your south
- coal 4 steps to your north-west
- cow 6 steps to your south-east

You face water at your front.",0.0,False
116,Do,,"You see:
- water 1 steps to your east
- grass 3 steps to your south-west
- stone 2 steps to your west
- path 1 steps to your west
- sand 1 steps to your south
- coal 4 steps to your north-west
- cow 7 steps to your south-east

You face water at your front.",0.0,False
117,Move West,,"You see:
- water 2 steps to your east
- grass 2 steps to your south
- stone 1 steps to your west
- path 1 steps to your north
- sand 2 steps to your south-east
- coal 3 steps to your north-west

You face stone at your front.",0.0,False
118,Place Table,,"You see:
- water 2 steps to your east
- grass 2 steps to your south
- stone 1 steps to your west
- path 1 steps to your north
- sand 2 steps to your south-east
- coal 3 steps to your north-west

You face stone at your front.",0.0,False
119,Move North,,"You see:
- water 2 steps to your north
- grass 3 steps to your south
- stone 1 steps to your west
- path 1 steps to your north
- sand 3 steps to your south-east
- coal 2 steps to your north-west

You face path at your front.",0.0,False
120,Move West,"We need to progress toward later achievements. First, collect coal (achievement 18) which is located north‑west of our current spot. The table we placed earlier is directly to our west, so we can stand on the table to craft stone tools after getting coal. Steps:
1. Move West – go to the tile where the table is (and also where stone was).
2. Move North – now we are in front of the coal tile.
3. Do – collect the coal.
4. Move South – return to the table tile.
5. Make Stone Pickaxe – craft using wood (we have wood items) and stone at the table.
6. Make Stone Sword – craft using wood and stone at the table.
7. Place Furnace – place a furnace in front of the table to enable future iron work.

After these, we will have the coal, stone tools, and a furnace, setting us up for the remaining achievements (collect iron, make iron tools, defeat monsters, etc.).","You see:
- water 2 steps to your north
- grass 3 steps to your south
- stone 1 steps to your west
- path 1 steps to your north
- sand 3 steps to your south-east
- coal 2 steps to your north-west

You face stone at your front.",0.0,False
121,Move West,,"You see:
- water 2 steps to your north
- grass 3 steps to your south
- stone 1 steps to your west
- path 1 steps to your north
- sand 3 steps to your south-east
- coal 2 steps to your north-west

You face stone at your front.",0.0,False
122,Move North,,"You see:
- water 1 steps to your north
- stone 1 steps to your east
- path 1 steps to your south
- sand 4 steps to your south-east
- coal 1 steps to your west

You face water at your front.",0.0,False
123,Move West,,"You see:
- water 1 steps to your north
- stone 1 steps to your east
- path 1 steps to your south
- sand 4 steps to your south-east
- coal 1 steps to your west

You face coal at your front.",0.0,False
124,Do,,"You see:
- water 1 steps to your north
- stone 1 steps to your east
- path 1 steps to your west
- sand 4 steps to your south-east
- coal 6 steps to your south-west

You face path at your front.",1.0,False
125,Move South,,"You see:
- water 2 steps to your north
- grass 3 steps to your south
- stone 1 steps to your west
- path 1 steps to your north
- sand 3 steps to your south-east
- coal 5 steps to your south-west

You face path at your front.",0.0,False
126,Move West,,"You see:
- water 2 steps to your north
- grass 3 steps to your south
- stone 1 steps to your west
- path 1 steps to your north
- sand 3 steps to your south-east
- coal 5 steps to your south-west
- cow 7 steps to your south-east

You face stone at your front.",0.0,False
127,Place Furnace,,"You see:
- water 2 steps to your north
- grass 3 steps to your south
- stone 1 steps to your west
- path 1 steps to your north
- sand 3 steps to your south-east
- coal 5 steps to your south-west
- cow 6 steps to your south-east

You face stone at your front.",0.0,False
128,Move North,,"You see:
- water 1 steps to your north
- stone 1 steps to your east
- path 1 steps to your west
- sand 4 steps to your south-east
- coal 6 steps to your south-west

You face water at your front.",0.1,False
129,Do,,"You see:
- water 1 steps to your north
- stone 1 steps to your east
- path 1 steps to your west
- sand 4 steps to your south-east
- coal 6 steps to your south-west

You face water at your front.",0.0,False
130,Place Stone,,"You see:
- water 2 steps to your north-west
- stone 1 steps to your north
- path 1 steps to your west
- sand 4 steps to your south-east
- coal 6 steps to your south-west

You face stone at your front.",0.0,False
131,Place Stone,,"You see:
- water 2 steps to your north-west
- stone 1 steps to your north
- path 1 steps to your west
- sand 4 steps to your south-east
- coal 6 steps to your south-west

You face stone at your front.",0.0,False
132,Move North,"We currently have a table and furnace placed, plus a wood pickaxe and wood sword. Achievements left include collecting iron and diamond, making iron tools, eating a cow and plant, placing a plant, defeating zombie and skeleton, placing stone, collecting drink, etc. Our next priority is to locate iron ore (and later diamond). The observation shows stone one step north; iron ore is often near stone, so we should move north to investigate. We will also gather more coal (south‑west) and plant (grass south) later. After collecting iron, we will craft iron pickaxe and iron sword at the table using wood (which we can get from trees if needed), coal, and iron, then use those to mine diamond and defeat monsters. Finally we will eat the cow (south‑east) and plant, place plant, place stone, and sleep to wake up.","You see:
- water 2 steps to your north-west
- stone 1 steps to your north
- path 1 steps to your west
- sand 4 steps to your south-east
- coal 6 steps to your south-west
- cow 6 steps to your south-east

You face stone at your front.",0.0,False
133,Move West,,"You see:
- water 1 steps to your north
- stone 1 steps to your west
- path 1 steps to your east
- sand 5 steps to your south-east
- coal 5 steps to your north-west
- cow 7 steps to your south-east

You face stone at your front.",0.0,False
134,Place Stone,,"You see:
- water 1 steps to your north
- stone 1 steps to your west
- path 1 steps to your east
- sand 5 steps to your south-east
- coal 5 steps to your north-west
- cow 6 steps to your south-east

You face stone at your front.",0.0,False
135,Place Stone,,"You see:
- water 1 steps to your north
- stone 1 steps to your west
- path 1 steps to your east
- sand 5 steps to your south-east
- coal 5 steps to your north-west
- cow 6 steps to your south-east

You face stone at your front.",0.0,False
136,Do,,"You see:
- water 1 steps to your north
- stone 1 steps to your south
- path 1 steps to your west
- sand 5 steps to your south-east
- coal 5 steps to your north-west
- cow 7 steps to your south-east

You face path at your front.",0.0,False
137,Move South,,"You see:
- water 1 steps to your north
- stone 1 steps to your south
- path 1 steps to your west
- sand 5 steps to your south-east
- coal 5 steps to your north-west

You face stone at your front.",0.0,False
138,Do,,"You see:
- water 1 steps to your north
- stone 2 steps to your south-west
- path 1 steps to your west
- sand 5 steps to your south-east
- coal 5 steps to your north-west

You face path at your front.",0.0,False
139,Move South,,"You see:
- water 2 steps to your north
- grass 4 steps to your south-east
- stone 1 steps to your west
- path 1 steps to your north
- sand 4 steps to your south-east
- coal 4 steps to your south-west

You face stone at your front.",0.0,False
140,Place Table,,"You see:
- water 2 steps to your north
- grass 4 steps to your south-east
- stone 1 steps to your west
- path 1 steps to your north
- sand 4 steps to your south-east
- coal 4 steps to your south-west
- cow 7 steps to your south-east

You face stone at your front.",0.0,False
141,Do,,"You see:
- water 2 steps to your north
- grass 4 steps to your south-east
- stone 1 steps to your west
- path 1 steps to your north
- sand 4 steps to your south-east
- coal 4 steps to your south-west

You face path at your front.",0.0,False
142,Move South,,"You see:
- water 3 steps to your north
- grass 3 steps to your south
- stone 1 steps to your west
- path 1 steps to your north
- sand 3 steps to your south-east
- coal 3 steps to your south-west
- cow 6 steps to your south-east

You face path at your front.",0.0,False
143,Place Furnace,,"You see:
- water 3 steps to your north
- grass 3 steps to your south
- stone 1 steps to your west
- path 1 steps to your north
- sand 3 steps to your south-east
- coal 3 steps to your south-west
- furnace 1 steps to your south

You face furnace at your front.",1.0,False
144,Move West,"We are currently adjacent to a furnace (south) and have 1 coal, wood pickaxe, and wood sword. Nearby resources: stone west (1 step), more coal southwest (3 steps), grass south (3 steps) for plant/food, water north (3 steps) for drink, cow southeast (6 steps). Achievements still missing include collecting stone, placing stone, collecting coal (more), collecting drink, eating plant, placing plant, defeating zombie and skeleton, collecting iron, making iron tools, and diamond. Immediate priorities: gather essential resources to progress towards iron. First, move west to face the stone so we can Do to collect it (achievement Collect Stone). Then we can also collect additional coal by moving southwest later, and collect grass for plant/food. After gathering stone and extra coal, we can place stone (Place Stone) and later use furnace with coal to smelt iron when found. Finally, we will explore further (south‑east towards sand and cow) to locate iron ore and monsters. Thus the next immediate action is to move west to face the stone.","You see:
- water 3 steps to your north
- grass 3 steps to your south
- stone 1 steps to your west
- path 1 steps to your north
- sand 3 steps to your south-east
- coal 3 steps to your south-west
- furnace 1 steps to your south

You face stone at your front.",0.0,False
145,Do,,"You see:
- water 3 steps to your north
- grass 3 steps to your south
- stone 2 steps to your west
- path 1 steps to your west
- sand 3 steps to your south-east
- coal 3 steps to your south-west
- furnace 1 steps to your south

You face path at your front.",0.0,False
146,Move West,,"You see:
- water 4 steps to your north-east
- grass 4 steps to your south-east
- stone 1 steps to your west
- path 1 steps to your east
- sand 4 steps to your south-east
- coal 2 steps to your south-west
- furnace 2 steps to your south-east

You face stone at your front.",0.0,False
147,Place Stone,,"You see:
- water 4 steps to your north-east
- grass 4 steps to your south-east
- stone 1 steps to your west
- path 1 steps to your east
- sand 4 steps to your south-east
- coal 2 steps to your south-west
- furnace 2 steps to your south-east

You face stone at your front.",0.0,False
148,Move South,,"You see:
- water 4 steps to your north-east
- grass 4 steps to your south-east
- stone 1 steps to your west
- path 1 steps to your east
- sand 4 steps to your south-east
- coal 2 steps to your south-west
- furnace 2 steps to your south-east

You face stone at your front.",0.0,False
149,Move South,,"You see:
- water 4 steps to your north-east
- grass 4 steps to your south-east
- stone 1 steps to your west
- path 1 steps to your east
- sand 4 steps to your south-east
- coal 2 steps to your south-west
- furnace 2 steps to your south-east

You face stone at your front.",0.0,False
150,Do,,"You see:
- water 4 steps to your north-east
- grass 4 steps to your south-east
- stone 1 steps to your west
- path 1 steps to your south
- sand 4 steps to your south-east
- coal 2 steps to your south-west
- furnace 2 steps to your south-east

You face path at your front.",0.0,False
151,Move West,,"You see:
- water 4 steps to your north-east
- grass 4 steps to your south-east
- stone 1 steps to your west
- path 1 steps to your south
- sand 4 steps to your south-east
- coal 2 steps to your south-west
- furnace 2 steps to your south-east

You face stone at your front.",0.0,False
152,Make Stone Pickaxe,,"You see:
- water 4 steps to your north-east
- grass 4 steps to your south-east
- stone 1 steps to your west
- path 1 steps to your south
- sand 4 steps to your south-east
- coal 2 steps to your south-west
- furnace 2 steps to your south-east

You face stone at your front.",0.0,False
153,Place Stone,,"You see:
- water 4 steps to your north-east
- grass 4 steps to your south-east
- stone 1 steps to your west
- path 1 steps to your south
- sand 4 steps to your south-east
- coal 2 steps to your south-west
- furnace 2 steps to your south-east

You face stone at your front.",0.0,False
154,Sleep,,"You are sleeping, and will not be able take actions until energy is full.



You see:
- water 4 steps to your north-east
- grass 4 steps to your south-east
- stone 1 steps to your west
- path 1 steps to your south
- sand 4 steps to your south-east
- coal 2 steps to your south-west
- furnace 2 steps to your south-east

You face stone at your front.",0.1,False
155,Noop,,"You are sleeping, and will not be able take actions until energy is full.



You see:
- water 4 steps to your north-east
- grass 4 steps to your south-east
- stone 1 steps to your west
- path 1 steps to your south
- sand 4 steps to your south-east
- coal 2 steps to your south-west
- furnace 2 steps to your south-east

You face stone at your front.",0.0,False
156,Noop,"Current status: sleeping with energy 4/9, cannot act until energy reaches 9. Immediate goal is to wait until fully rested, then wake up (achievement Wake Up). After waking, I will collect missing resources and achievements in a logical order:
1. Wake up (Sleep until energy full, then Noop will end sleep).
2. Collect Drink by using Do on water lake.
3. Collect Plant by Do on grass, then Place Plant and Eat Plant.
4. Collect Stone (already have 2) and Place Stone (already placed) – achievement Collect Stone and Place Stone done.
5. Collect Coal (need additional coal) by moving southwest and Do on coal.
6. Use stone and wood to Make Stone Pickaxe and Stone Sword (requires nearby Table; will Place Table if needed).
7. Use Stone Pickaxe to mine more stone/coal and find Iron ore (move southeast toward sand area, likely contains iron).
8. Collect Iron, then Place Furnace (already placed) and use coal to smelt iron, then Make Iron Pickaxe and Iron Sword.
9. Find and Eat Cow (achievement Eat Cow) and Defeat Zombie and Skeleton with appropriate weapons.
10. Collect Diamond (likely found deeper after iron) and achieve remaining achievements.
Overall, the immediate required action is to wait (Noop) while sleeping until energy is full. After that, continue with the above sequence.","You are sleeping, and will not be able take actions until energy is full.



You see:
- water 4 steps to your north-east
- grass 4 steps to your south-east
- stone 1 steps to your west
- path 1 steps to your south
- sand 4 steps to your south-east
- coal 2 steps to your south-west
- furnace 2 steps to your south-east

You face stone at your front.",0.0,False
157,Noop,,"You are sleeping, and will not be able take actions until energy is full.



You see:
- water 4 steps to your north-east
- grass 4 steps to your south-east
- stone 1 steps to your west
- path 1 steps to your south
- sand 4 steps to your south-east
- coal 2 steps to your south-west
- furnace 2 steps to your south-east

You face stone at your front.",0.0,False
158,Noop,,"You are sleeping, and will not be able take actions until energy is full.



You see:
- water 4 steps to your north-east
- grass 4 steps to your south-east
- stone 1 steps to your west
- path 1 steps to your south
- sand 4 steps to your south-east
- coal 2 steps to your south-west
- furnace 2 steps to your south-east

You face stone at your front.",0.0,False
159,Noop,,"You are sleeping, and will not be able take actions until energy is full.



You see:
- water 4 steps to your north-east
- grass 4 steps to your south-east
- stone 1 steps to your west
- path 1 steps to your south
- sand 4 steps to your south-east
- coal 2 steps to your south-west
- furnace 2 steps to your south-east

You face stone at your front.",0.0,False
160,Noop,,"You are sleeping, and will not be able take actions until energy is full.



You see:
- water 4 steps to your north-east
- grass 4 steps to your south-east
- stone 1 steps to your west
- path 1 steps to your south
- sand 4 steps to your south-east
- coal 2 steps to your south-west
- furnace 2 steps to your south-east

You face stone at your front.",0.0,False
161,Noop,,"You are sleeping, and will not be able take actions until energy is full.



You see:
- water 4 steps to your north-east
- grass 4 steps to your south-east
- stone 1 steps to your west
- path 1 steps to your south
- sand 4 steps to your south-east
- coal 2 steps to your south-west
- furnace 2 steps to your south-east

You face stone at your front.",0.0,False
162,Noop,,"You are sleeping, and will not be able take actions until energy is full.



You see:
- water 4 steps to your north-east
- grass 4 steps to your south-east
- stone 1 steps to your west
- path 1 steps to your south
- sand 4 steps to your south-east
- coal 2 steps to your south-west
- furnace 2 steps to your south-east

You face stone at your front.",0.0,False
163,Noop,,"You are sleeping, and will not be able take actions until energy is full.



You see:
- water 4 steps to your north-east
- grass 4 steps to your south-east
- stone 1 steps to your west
- path 1 steps to your south
- sand 4 steps to your south-east
- coal 2 steps to your south-west
- furnace 2 steps to your south-east

You face stone at your front.",0.0,False
164,Noop,,"You are sleeping, and will not be able take actions until energy is full.



You see:
- water 4 steps to your north-east
- grass 4 steps to your south-east
- stone 1 steps to your west
- path 1 steps to your south
- sand 4 steps to your south-east
- coal 2 steps to your south-west
- furnace 2 steps to your south-east

You face stone at your front.",0.0,False
165,Noop,,"You are sleeping, and will not be able take actions until energy is full.



You see:
- water 4 steps to your north-east
- grass 4 steps to your south-east
- stone 1 steps to your west
- path 1 steps to your south
- sand 4 steps to your south-east
- coal 2 steps to your south-west
- furnace 2 steps to your south-east

You face stone at your front.",0.0,False
166,Noop,,"You are sleeping, and will not be able take actions until energy is full.



You see:
- water 4 steps to your north-east
- grass 4 steps to your south-east
- stone 1 steps to your west
- path 1 steps to your south
- sand 4 steps to your south-east
- coal 2 steps to your south-west
- furnace 2 steps to your south-east

You face stone at your front.",0.0,False
167,Noop,,"You are sleeping, and will not be able take actions until energy is full.



You see:
- water 4 steps to your north-east
- grass 4 steps to your south-east
- stone 1 steps to your west
- path 1 steps to your south
- sand 4 steps to your south-east
- coal 2 steps to your south-west
- furnace 2 steps to your south-east

You face stone at your front.",0.0,False
168,Noop,"We are currently sleeping with energy 5/9, so we must wait until energy reaches 9 before we can perform any other actions. We will use Noop actions each turn to let energy recover. Once fully rested, we will achieve the Wake Up achievement, then collect Drink (Do on water), collect Plant (Do on grass), place a Plant, eat the Plant, collect additional coal (Do on coal), place a Table, and use the Table with wood and stone to make a Stone Pickaxe and Stone Sword. Then we will use the Stone Pickaxe to gather more stone and coal, locate iron ore (likely near sand), collect iron, and use the existing furnace to smelt iron. With iron, wood, and coal we will craft an Iron Pickaxe and Iron Sword. After that we will seek and eat a cow (Eat Cow), defeat zombies and skeletons (Defeat Zombie, Defeat Skeleton), and finally locate a diamond to achieve Collect Diamond. This sequence will complete all remaining achievements in a logical order.","You are sleeping, and will not be able take actions until energy is full.



You see:
- water 4 steps to your north-east
- grass 4 steps to your south-east
- stone 1 steps to your west
- path 1 steps to your south
- sand 4 steps to your south-east
- coal 2 steps to your south-west
- furnace 2 steps to your south-east

You face stone at your front.",0.0,False
169,Noop,,"You are sleeping, and will not be able take actions until energy is full.



You see:
- water 4 steps to your north-east
- grass 4 steps to your south-east
- stone 1 steps to your west
- path 1 steps to your south
- sand 4 steps to your south-east
- coal 2 steps to your south-west
- furnace 2 steps to your south-east

You face stone at your front.",0.0,False
170,Noop,,"You are sleeping, and will not be able take actions until energy is full.



You see:
- water 4 steps to your north-east
- grass 4 steps to your south-east
- stone 1 steps to your west
- path 1 steps to your south
- sand 4 steps to your south-east
- coal 2 steps to your south-west
- furnace 2 steps to your south-east

You face stone at your front.",0.0,False
171,Noop,,"You are sleeping, and will not be able take actions until energy is full.



You see:
- water 4 steps to your north-east
- grass 4 steps to your south-east
- stone 1 steps to your west
- path 1 steps to your south
- sand 4 steps to your south-east
- coal 2 steps to your south-west
- furnace 2 steps to your south-east

You face stone at your front.",0.0,False
172,Noop,,"You are sleeping, and will not be able take actions until energy is full.



You see:
- water 4 steps to your north-east
- grass 4 steps to your south-east
- stone 1 steps to your west
- path 1 steps to your south
- sand 4 steps to your south-east
- coal 2 steps to your south-west
- furnace 2 steps to your south-east

You face stone at your front.",0.0,False
173,Noop,,"You are sleeping, and will not be able take actions until energy is full.



You see:
- water 4 steps to your north-east
- grass 4 steps to your south-east
- stone 1 steps to your west
- path 1 steps to your south
- sand 4 steps to your south-east
- coal 2 steps to your south-west
- furnace 2 steps to your south-east

You face stone at your front.",0.0,False
174,Noop,,"You are sleeping, and will not be able take actions until energy is full.



You see:
- water 4 steps to your north-east
- grass 4 steps to your south-east
- stone 1 steps to your west
- path 1 steps to your south
- sand 4 steps to your south-east
- coal 2 steps to your south-west
- furnace 2 steps to your south-east

You face stone at your front.",0.0,False
175,Noop,,"You are sleeping, and will not be able take actions until energy is full.



You see:
- water 4 steps to your north-east
- grass 4 steps to your south-east
- stone 1 steps to your west
- path 1 steps to your south
- sand 4 steps to your south-east
- coal 2 steps to your south-west
- furnace 2 steps to your south-east

You face stone at your front.",0.0,False
176,Noop,,"You are sleeping, and will not be able take actions until energy is full.



You see:
- water 4 steps to your north-east
- grass 4 steps to your south-east
- stone 1 steps to your west
- path 1 steps to your south
- sand 4 steps to your south-east
- coal 2 steps to your south-west
- furnace 2 steps to your south-east

You face stone at your front.",0.0,False
177,Noop,,"You are sleeping, and will not be able take actions until energy is full.



You see:
- water 4 steps to your north-east
- grass 4 steps to your south-east
- stone 1 steps to your west
- path 1 steps to your south
- sand 4 steps to your south-east
- coal 2 steps to your south-west
- furnace 2 steps to your south-east

You face stone at your front.",0.0,False
178,Noop,,"You are sleeping, and will not be able take actions until energy is full.



You see:
- water 4 steps to your north-east
- grass 4 steps to your south-east
- stone 1 steps to your west
- path 1 steps to your south
- sand 4 steps to your south-east
- coal 2 steps to your south-west
- furnace 2 steps to your south-east

You face stone at your front.",0.0,False
179,Noop,,"You are sleeping, and will not be able take actions until energy is full.



You see:
- water 4 steps to your north-east
- grass 4 steps to your south-east
- stone 1 steps to your west
- path 1 steps to your south
- sand 4 steps to your south-east
- coal 2 steps to your south-west
- furnace 2 steps to your south-east

You face stone at your front.",0.0,False
180,Noop,"We are currently sleeping with energy 6/9, so we must wait until energy reaches 9 before we can act. The immediate step is to use Noop actions each turn to recover energy. Once fully rested we will achieve Wake Up, then use Do to collect water (Drink) and grass (Collect Plant and Eat Plant), place a Table, craft Stone Pickaxe and Stone Sword (after collecting additional stone and coal), place a Furnace, collect Iron and Coal, smelt Iron, craft Iron Pickaxe and Iron Sword, then seek cows, zombies, skeletons, and diamonds to complete all remaining achievements.","You are sleeping, and will not be able take actions until energy is full.



You see:
- water 4 steps to your north-east
- grass 4 steps to your south-east
- stone 1 steps to your west
- path 1 steps to your south
- sand 4 steps to your south-east
- coal 2 steps to your south-west
- furnace 2 steps to your south-east

You face stone at your front.",0.0,False
181,Noop,,"You are sleeping, and will not be able take actions until energy is full.



You see:
- water 4 steps to your north-east
- grass 4 steps to your south-east
- stone 1 steps to your west
- path 1 steps to your south
- sand 4 steps to your south-east
- coal 2 steps to your south-west
- furnace 2 steps to your south-east

You face stone at your front.",0.0,False
182,Noop,,"You are sleeping, and will not be able take actions until energy is full.



You see:
- water 4 steps to your north-east
- grass 4 steps to your south-east
- stone 1 steps to your west
- path 1 steps to your south
- sand 4 steps to your south-east
- coal 2 steps to your south-west
- furnace 2 steps to your south-east

You face stone at your front.",0.0,False
183,Noop,,"You are sleeping, and will not be able take actions until energy is full.



You see:
- water 4 steps to your north-east
- grass 4 steps to your south-east
- stone 1 steps to your west
- path 1 steps to your south
- sand 4 steps to your south-east
- coal 2 steps to your south-west
- furnace 2 steps to your south-east

You face stone at your front.",0.0,False
184,Noop,,"You are sleeping, and will not be able take actions until energy is full.



You see:
- water 4 steps to your north-east
- grass 4 steps to your south-east
- stone 1 steps to your west
- path 1 steps to your south
- sand 4 steps to your south-east
- coal 2 steps to your south-west
- furnace 2 steps to your south-east

You face stone at your front.",0.0,False
185,Noop,,"You are sleeping, and will not be able take actions until energy is full.



You see:
- water 4 steps to your north-east
- grass 4 steps to your south-east
- stone 1 steps to your west
- path 1 steps to your south
- sand 4 steps to your south-east
- coal 2 steps to your south-west
- furnace 2 steps to your south-east

You face stone at your front.",0.0,False
186,Noop,,"You are sleeping, and will not be able take actions until energy is full.



You see:
- water 4 steps to your north-east
- grass 4 steps to your south-east
- stone 1 steps to your west
- path 1 steps to your south
- sand 4 steps to your south-east
- coal 2 steps to your south-west
- furnace 2 steps to your south-east

You face stone at your front.",0.0,False
187,Noop,,"You are sleeping, and will not be able take actions until energy is full.



You see:
- water 4 steps to your north-east
- grass 4 steps to your south-east
- stone 1 steps to your west
- path 1 steps to your south
- sand 4 steps to your south-east
- coal 2 steps to your south-west
- furnace 2 steps to your south-east

You face stone at your front.",0.0,False
188,Noop,,"You are sleeping, and will not be able take actions until energy is full.



You see:
- water 4 steps to your north-east
- grass 4 steps to your south-east
- stone 1 steps to your west
- path 1 steps to your south
- sand 4 steps to your south-east
- coal 2 steps to your south-west
- furnace 2 steps to your south-east

You face stone at your front.",0.0,False
189,Noop,,"You are sleeping, and will not be able take actions until energy is full.



You see:
- water 4 steps to your north-east
- grass 4 steps to your south-east
- stone 1 steps to your west
- path 1 steps to your south
- sand 4 steps to your south-east
- coal 2 steps to your south-west
- furnace 2 steps to your south-east

You face stone at your front.",0.0,False
190,Noop,,"You are sleeping, and will not be able take actions until energy is full.



You see:
- water 4 steps to your north-east
- grass 4 steps to your south-east
- stone 1 steps to your west
- path 1 steps to your south
- sand 4 steps to your south-east
- coal 2 steps to your south-west
- furnace 2 steps to your south-east
- zombie 4 steps to your south-east

You face stone at your front.",0.0,False
191,Noop,,"You are sleeping, and will not be able take actions until energy is full.



You see:
- water 4 steps to your north-east
- grass 4 steps to your south-east
- stone 1 steps to your west
- path 1 steps to your south
- sand 4 steps to your south-east
- coal 2 steps to your south-west
- furnace 2 steps to your south-east
- zombie 3 steps to your south-east

You face stone at your front.",0.0,False
192,Noop,"We are currently sleeping with energy 7/9, so we must wait (Noop) until energy reaches maximum (9) and we wake up (earning the Wake Up achievement). Once awake, we will:

1. Move west to the stone that is directly in front and use Do to collect it, increasing our stone count for later crafting and to achieve Collect Stone and Place Stone.
2. Move south to the path (one step) and then southeast toward the zombie (3 steps away). Use the wood sword (already in inventory) to defeat the zombie with Do, achieving Defeat Zombie.
3. Collect water (north‑east 4 steps) and grass (south‑east 4 steps) using Do to earn Collect Drink and Collect Sampling, and then Eat Plant.
4. Use the collected wood (from grass/plant) and stone to Place Table, then craft a stone pickaxe and stone sword (Make Stone Pickaxe, Make Stone Sword) at the table.
5. Place the furnace (already visible southeast) to enable smelting.
6. Collect coal (south‑west 2 steps) and then mine iron (if any iron node appears after using the stone pickaxe) to achieve Collect Coal and Collect Iron.
7. Smelt iron in the furnace and craft iron tools and weapon (Make Iron Pickaxe, Make Iron Sword) to prepare for tougher mobs.
8. Seek out and defeat a skeleton (if encountered) using the iron sword for Defeat Skeleton.
9. Find a cow (if present) to Eat Cow.
10. Locate diamonds (likely deeper) using the iron pickaxe to achieve Collect Diamond.
11. Place additional stones and plants as needed (Place Stone, Place Plant) and complete any remaining achievements (Collect Wood, Place Table, Make Wood Pickaxe/Sword already done, etc.).

The immediate required action now is to wait until energy is full by doing a Noop. After waking, we will follow the above sequence to complete all achievements.","You are sleeping, and will not be able take actions until energy is full.



You see:
- water 4 steps to your north-east
- grass 4 steps to your south-east
- stone 1 steps to your west
- path 1 steps to your south
- sand 4 steps to your south-east
- coal 2 steps to your south-west
- furnace 2 steps to your south-east
- zombie 4 steps to your south-east

You face stone at your front.",0.0,False
193,Noop,,"You are sleeping, and will not be able take actions until energy is full.



You see:
- water 4 steps to your north-east
- grass 4 steps to your south-east
- stone 1 steps to your west
- path 1 steps to your south
- sand 4 steps to your south-east
- coal 2 steps to your south-west
- furnace 2 steps to your south-east
- zombie 3 steps to your south-east

You face stone at your front.",0.0,False
194,Noop,,"You are sleeping, and will not be able take actions until energy is full.



You see:
- water 4 steps to your north-east
- grass 4 steps to your south-east
- stone 1 steps to your west
- path 1 steps to your south
- sand 4 steps to your south-east
- coal 2 steps to your south-west
- furnace 2 steps to your south-east
- zombie 3 steps to your south-east

You face stone at your front.",0.0,False
195,Noop,,"You are sleeping, and will not be able take actions until energy is full.



You see:
- water 4 steps to your north-east
- grass 4 steps to your south-east
- stone 1 steps to your west
- path 1 steps to your south
- sand 4 steps to your south-east
- coal 2 steps to your south-west
- furnace 2 steps to your south-east
- zombie 3 steps to your south-east

You face stone at your front.",0.0,False
196,Noop,,"You are sleeping, and will not be able take actions until energy is full.



You see:
- water 4 steps to your north-east
- grass 4 steps to your south-east
- stone 1 steps to your west
- path 1 steps to your south
- sand 4 steps to your south-east
- coal 2 steps to your south-west
- furnace 2 steps to your south-east
- zombie 3 steps to your south-east

You face stone at your front.",0.0,False
197,Noop,,"You are sleeping, and will not be able take actions until energy is full.



You see:
- water 4 steps to your north-east
- grass 4 steps to your south-east
- stone 1 steps to your west
- path 1 steps to your south
- sand 4 steps to your south-east
- coal 2 steps to your south-west
- furnace 2 steps to your south-east
- zombie 3 steps to your south-east

You face stone at your front.",0.0,False
198,Noop,,"You are sleeping, and will not be able take actions until energy is full.



You see:
- water 4 steps to your north-east
- grass 4 steps to your south-east
- stone 1 steps to your west
- path 1 steps to your south
- sand 4 steps to your south-east
- coal 2 steps to your south-west
- furnace 2 steps to your south-east
- zombie 3 steps to your south-east

You face stone at your front.",0.0,False
199,Noop,,"You are sleeping, and will not be able take actions until energy is full.



You see:
- water 4 steps to your north-east
- grass 4 steps to your south-east
- stone 1 steps to your west
- path 1 steps to your south
- sand 4 steps to your south-east
- coal 2 steps to your south-west
- furnace 2 steps to your south-east
- zombie 3 steps to your south-east

You face stone at your front.",0.0,False
200,Noop,,"You are sleeping, and will not be able take actions until energy is full.



You see:
- water 4 steps to your north-east
- grass 4 steps to your south-east
- stone 1 steps to your west
- path 1 steps to your south
- sand 4 steps to your south-east
- coal 2 steps to your south-west
- furnace 2 steps to your south-east
- zombie 3 steps to your south-east

You face stone at your front.",0.0,False
201,Noop,,"You are sleeping, and will not be able take actions until energy is full.



You see:
- water 4 steps to your north-east
- grass 4 steps to your south-east
- stone 1 steps to your west
- path 1 steps to your south
- sand 4 steps to your south-east
- coal 2 steps to your south-west
- furnace 2 steps to your south-east
- zombie 3 steps to your south-east

You face stone at your front.",0.0,False
202,Noop,,"You are sleeping, and will not be able take actions until energy is full.



You see:
- water 4 steps to your north-east
- grass 4 steps to your south-east
- stone 1 steps to your west
- path 1 steps to your south
- sand 4 steps to your south-east
- coal 2 steps to your south-west
- furnace 2 steps to your south-east
- zombie 3 steps to your south-east

You face stone at your front.",0.0,False
203,Noop,,"You are sleeping, and will not be able take actions until energy is full.



You see:
- water 4 steps to your north-east
- grass 4 steps to your south-east
- stone 1 steps to your west
- path 1 steps to your south
- sand 4 steps to your south-east
- coal 2 steps to your south-west
- furnace 2 steps to your south-east
- zombie 3 steps to your south-east

You face stone at your front.",0.0,False
204,Noop,"We first need to wake up by waiting a turn (Noop) to fill energy to max. After waking we will:
1. Move west to the stone block and use Do to collect it (Collect Stone).
2. Place a stone (Place Stone) to earn that achievement.
3. Move south onto the path, then head southeast toward the zombie (3 steps away). Use Do while the zombie is in front to hit it with our wood sword (Defeat Zombie).
4. While nearby, use Do on the water tile (Collect Drink) and on the grass tile (Collect Sampling). Then Eat Plant (Eat Plant) and Place Plant (Place Plant) using the grass we collected.
5. Move to the furnace location (south‑east) and Place Furnace (Place Furnace) to enable smelting.
6. Move southwest to collect coal (Collect Coal).
7. With stone and wood we already have, Place Table (Place Table) and then Make Stone Pickaxe and Make Stone Sword (achievements for stone tools).
8. Use the stone pickaxe to mine any iron deposits we later find (Collect Iron) and then Make Iron Pickaxe and Iron Sword (after having coal and iron and a furnace).
9. Seek out and defeat a skeleton (Defeat Skeleton) with the iron sword.
10. Find a cow and Eat Cow (Eat Cow).
11. Using the iron pickaxe, mine deeper to find diamonds (Collect Diamond).
12. Ensure we also obtain Collect Wood (by gathering grass/trees), Place Plant (already), and the Wake Up achievement (by our initial Noop). This high‑level sequence covers all listed achievements.

The immediate required action is to wait one turn to fill energy and wake up.","You are sleeping, and will not be able take actions until energy is full.



You see:
- water 4 steps to your north-east
- grass 4 steps to your south-east
- stone 1 steps to your west
- path 1 steps to your south
- sand 4 steps to your south-east
- coal 2 steps to your south-west
- furnace 2 steps to your south-east
- zombie 3 steps to your south-east

You face stone at your front.",0.0,False
205,Noop,,"You are sleeping, and will not be able take actions until energy is full.



You see:
- water 4 steps to your north-east
- grass 4 steps to your south-east
- stone 1 steps to your west
- path 1 steps to your south
- sand 4 steps to your south-east
- coal 2 steps to your south-west
- furnace 2 steps to your south-east
- zombie 3 steps to your south-east

You face stone at your front.",0.0,False
206,Noop,,"You are sleeping, and will not be able take actions until energy is full.



You see:
- water 4 steps to your north-east
- grass 4 steps to your south-east
- stone 1 steps to your west
- path 1 steps to your south
- sand 4 steps to your south-east
- coal 2 steps to your south-west
- furnace 2 steps to your south-east
- zombie 3 steps to your south-east

You face stone at your front.",0.0,False
207,Noop,,"You are sleeping, and will not be able take actions until energy is full.



You see:
- water 4 steps to your north-east
- grass 4 steps to your south-east
- stone 1 steps to your west
- path 1 steps to your south
- sand 4 steps to your south-east
- coal 2 steps to your south-west
- furnace 2 steps to your south-east
- zombie 3 steps to your south-east

You face stone at your front.",0.0,False
208,Noop,,"You are sleeping, and will not be able take actions until energy is full.



You see:
- water 4 steps to your north-east
- grass 4 steps to your south-east
- stone 1 steps to your west
- path 1 steps to your south
- sand 4 steps to your south-east
- coal 2 steps to your south-west
- furnace 2 steps to your south-east
- zombie 3 steps to your south-east

You face stone at your front.",0.0,False
209,Noop,,"You see:
- water 4 steps to your north-east
- grass 4 steps to your south-east
- stone 1 steps to your west
- path 1 steps to your south
- sand 4 steps to your south-east
- coal 2 steps to your south-west
- furnace 2 steps to your south-east
- zombie 3 steps to your south-east

You face stone at your front.",1.0,False
210,Do,,"You see:
- water 4 steps to your north-east
- grass 4 steps to your south-east
- stone 1 steps to your north
- path 1 steps to your west
- sand 4 steps to your south-east
- coal 2 steps to your south-west
- furnace 2 steps to your south-east
- zombie 3 steps to your south-east

You face path at your front.",0.0,False
211,Move North,,"You see:
- water 4 steps to your north-east
- grass 4 steps to your south-east
- stone 1 steps to your north
- path 1 steps to your west
- sand 4 steps to your south-east
- coal 2 steps to your south-west
- furnace 2 steps to your south-east
- zombie 3 steps to your south-east

You face stone at your front.",0.0,False
212,Do,,"You see:
- water 4 steps to your north-east
- grass 4 steps to your south-east
- stone 2 steps to your west
- path 1 steps to your west
- sand 4 steps to your south-east
- coal 2 steps to your south-west
- furnace 2 steps to your south-east
- zombie 3 steps to your south-east

You face path at your front.",0.0,False
213,Move West,,"You see:
- water 5 steps to your north-east
- grass 5 steps to your south-east
- stone 1 steps to your west
- path 1 steps to your north
- sand 5 steps to your south-east
- lava 4 steps to your west
- coal 1 steps to your south
- furnace 3 steps to your south-east
- zombie 4 steps to your south-east

You face stone at your front.",0.0,False
214,Place Table,,"You see:
- water 5 steps to your north-east
- grass 5 steps to your south-east
- stone 1 steps to your west
- path 1 steps to your north
- sand 5 steps to your south-east
- lava 4 steps to your west
- coal 1 steps to your south
- furnace 3 steps to your south-east
- zombie 4 steps to your south-east

You face stone at your front.",0.0,False
215,Place Stone,,"You see:
- water 5 steps to your north-east
- grass 5 steps to your south-east
- stone 1 steps to your west
- path 1 steps to your north
- sand 5 steps to your south-east
- lava 4 steps to your west
- coal 1 steps to your south
- furnace 3 steps to your south-east
- zombie 4 steps to your south-east

You face stone at your front.",0.0,False
216,Place Table,"Current status: I have stone, coal, a wood pickaxe and wood sword, and sufficient energy/food/drink. Achievements already secured: Wake Up, Collect Stone, Place Stone, Collect Coal, Make Wood Pickaxe, Make Wood Sword. Remaining key achievements: Place Table, Place Furnace, Collect Drink (water), Defeat Zombie, Collect Sampling (grass), Place Plant, Eat Plant, Defeat Skeleton, Make Stone Pickaxe, Make Stone Sword, Collect Iron, Make Iron Pickaxe, Make Iron Sword, Collect Diamond, Eat Cow, Collect Wood (if not yet), and other sampling‑related ones.

Immediate high‑level plan:
1. Place a table now to earn the “Place Table” achievement.
2. Move north onto the path, then east‑south‑east toward the water tile; use Do on water to collect a drink (Collect Drink).
3. Move to the grass tile, use Do to collect sampling (Collect Sampling) and possibly obtain a plant item.
4. Use Place Plant to place a plant (Place Plant) and then Eat Plant (by using Do on the plant) to get “Eat Plant”.
5. Navigate southeast toward the zombie (4 steps away); position so the zombie is directly in front and use Do with the wood sword to defeat it (Defeat Zombie).
6. Move to the furnace location (south‑east) and Place Furnace (Place Furnace) to enable smelting.
7. With the furnace, smelt stone and coal if needed, then craft a stone pickaxe and stone sword (Make Stone Pickaxe, Make Stone Sword) using the nearby table.
8. Search for iron (not yet visible); once found, mine it with the stone pickaxe, collect iron (Collect Iron), then craft iron tools (Make Iron Pickaxe, Make Iron Sword) using the furnace and table.
9. Use the iron sword to defeat any skeletons encountered (Defeat Skeleton).
10. Locate a cow (if present), approach and use Do to eat it (Eat Cow).
11. Use the iron pickaxe to mine deeper for diamonds (Collect Diamond).
12. Throughout, ensure any additional wood or sampling needs are met by using Do on grass or trees if they appear.

The next immediate action is to place the table to secure that achievement.","You see:
- water 5 steps to your north-east
- grass 5 steps to your south-east
- stone 1 steps to your west
- path 1 steps to your north
- sand 5 steps to your south-east
- lava 4 steps to your west
- coal 1 steps to your south
- furnace 3 steps to your south-east
- zombie 4 steps to your south-east

You face stone at your front.",0.0,False
217,Move North,,"You see:
- water 3 steps to your north
- grass 6 steps to your south-east
- stone 2 steps to your south-west
- path 1 steps to your west
- sand 6 steps to your south-east
- lava 5 steps to your south-west
- coal 2 steps to your south
- furnace 4 steps to your south-east
- zombie 5 steps to your south-east

You face path at your front.",0.0,False
218,Move West,,"You see:
- water 3 steps to your north
- grass 7 steps to your south-east
- stone 1 steps to your south
- path 1 steps to your west
- lava 4 steps to your west
- coal 3 steps to your north-west
- furnace 5 steps to your south-east
- zombie 6 steps to your south-east

You face path at your front.",0.0,False
219,Move North,,"You see:
- water 2 steps to your north
- stone 2 steps to your south
- path 1 steps to your west
- lava 5 steps to your south-west
- coal 2 steps to your north-west
- furnace 6 steps to your south-east

You face path at your front.",0.0,False
220,Move North,,"You see:
- water 1 steps to your north
- stone 3 steps to your west
- path 1 steps to your south
- lava 6 steps to your south-west
- coal 1 steps to your west

You face water at your front.",0.0,False
221,Do,,"You see:
- water 1 steps to your north
- stone 3 steps to your west
- path 1 steps to your south
- lava 6 steps to your south-west
- coal 1 steps to your west

You face water at your front.",0.0,False
222,Do,,"You see:
- water 1 steps to your north
- stone 3 steps to your west
- path 1 steps to your south
- lava 6 steps to your south-west
- coal 1 steps to your west

You face water at your front.",0.0,False
223,Move South,,"You see:
- water 2 steps to your north
- stone 2 steps to your south
- path 1 steps to your west
- lava 5 steps to your south-west
- coal 2 steps to your north-west
- furnace 6 steps to your south-east

You face path at your front.",0.0,False
224,Move North,,"You see:
- water 1 steps to your north
- stone 3 steps to your west
- path 1 steps to your south
- lava 6 steps to your south-west
- coal 1 steps to your west

You face water at your front.",0.0,False
225,Do,,"You see:
- water 1 steps to your north
- stone 3 steps to your west
- path 1 steps to your south
- lava 6 steps to your south-west
- coal 1 steps to your west

You face water at your front.",0.0,False
226,Move South,,"You see:
- water 2 steps to your north
- stone 2 steps to your south
- path 1 steps to your west
- lava 5 steps to your south-west
- coal 2 steps to your north-west
- furnace 6 steps to your south-east
- zombie 7 steps to your south-east

You face path at your front.",0.0,False
227,Move North,,"You see:
- water 1 steps to your north
- stone 3 steps to your west
- path 1 steps to your south
- lava 6 steps to your south-west
- coal 1 steps to your west

You face water at your front.",0.0,False
228,Move South,"Current status: low food (2/9), need to eat to avoid starvation. Achievements remaining: Collect Sampling (grass), Place Plant, Eat Plant, Place Furnace, Make Stone Pickaxe, Make Stone Sword, Defeat Zombie, etc. Immediate goal: get food by eating a plant. The grass tile is located to the south‑east (approximately 6‑7 steps away). First move onto the path south, then navigate toward the grass, use Do on the grass to collect sampling (and obtain a plant), Place Plant, then Do on the plant to eat it and restore food. After feeding, we can proceed to the furnace location to place it and later craft stone tools. Therefore, the next immediate action is to move south onto the path.","You see:
- water 2 steps to your north
- stone 2 steps to your south
- path 1 steps to your west
- lava 5 steps to your south-west
- coal 2 steps to your north-west
- furnace 6 steps to your south-east
- zombie 7 steps to your south-east

You face path at your front.",0.0,False
229,Move West,,"You see:
- water 2 steps to your north
- stone 2 steps to your south
- path 1 steps to your west
- lava 4 steps to your south-west
- coal 1 steps to your north
- furnace 7 steps to your south-east

You face path at your front.",0.0,False
230,Place Furnace,,"You see:
- water 2 steps to your north
- stone 2 steps to your south
- path 1 steps to your south
- lava 4 steps to your south-west
- coal 1 steps to your north
- furnace 1 steps to your west
- zombie 6 steps to your south-east

You face furnace at your front.",0.0,False
231,Move South,,"You see:
- water 3 steps to your north
- stone 1 steps to your south
- path 1 steps to your west
- lava 3 steps to your west
- coal 2 steps to your north
- furnace 2 steps to your north-west
- zombie 4 steps to your south-east

You face stone at your front.",0.0,False
232,Move East,,"You see:
- water 3 steps to your north
- grass 7 steps to your south-east
- stone 1 steps to your south
- path 1 steps to your west
- lava 4 steps to your west
- coal 3 steps to your north-west
- furnace 3 steps to your north-west
- zombie 2 steps to your east

You face path at your front.",0.0,False
233,Move West,,"You see:
- water 3 steps to your north
- stone 1 steps to your south
- path 1 steps to your west
- lava 3 steps to your west
- coal 2 steps to your north
- furnace 2 steps to your north-west
- zombie 2 steps to your east

You face path at your front.",0.0,False
234,Move East,,"You see:
- water 3 steps to your north
- grass 7 steps to your south-east
- stone 1 steps to your south
- path 1 steps to your west
- lava 4 steps to your west
- coal 3 steps to your north-west
- furnace 3 steps to your north-west
- zombie 1 steps to your east

You face zombie at your front.",-0.2,False
235,Do,,"You see:
- water 3 steps to your north
- grass 7 steps to your south-east
- stone 1 steps to your south
- path 1 steps to your west
- lava 4 steps to your west
- coal 3 steps to your north-west
- furnace 3 steps to your north-west
- zombie 1 steps to your east

You face zombie at your front.",0.0,False
236,Do,,"You see:
- water 3 steps to your north
- grass 7 steps to your south-east
- stone 1 steps to your south
- path 1 steps to your west
- lava 4 steps to your west
- coal 3 steps to your north-west
- furnace 3 steps to your north-west
- zombie 1 steps to your east

You face zombie at your front.",0.0,False
237,Do,,"You see:
- water 3 steps to your north
- grass 7 steps to your south-east
- stone 1 steps to your south
- path 1 steps to your west
- lava 4 steps to your west
- coal 3 steps to your north-west
- furnace 3 steps to your north-west
- zombie 6 steps to your south-east

You face path at your front.",1.0,False
238,Do,,"You see:
- water 3 steps to your north
- grass 7 steps to your south-east
- stone 1 steps to your south
- path 1 steps to your west
- lava 4 steps to your west
- coal 3 steps to your north-west
- furnace 3 steps to your north-west
- zombie 6 steps to your south-east

You face path at your front.",0.0,False
239,Move South,,"You see:
- water 3 steps to your north
- grass 7 steps to your south-east
- stone 1 steps to your south
- path 1 steps to your west
- lava 4 steps to your west
- coal 3 steps to your north-west
- furnace 3 steps to your north-west
- zombie 6 steps to your south-east

You face stone at your front.",0.0,False
240,Do,"Current status: low food (1/9) but we have wood pickaxe and wood sword. Achievements left include Collect Stone, Collect Sampling, Place Plant, Eat Plant, Defeat Zombie, Place Stone, and later crafting. Immediate high‑priority steps:

1. Use Do while facing the stone (1 step south) to collect the stone resource (Collect Stone achievement) and add stone to inventory.
2. Travel toward the grass (7 steps south‑east). Move east and south repeatedly to reach it.
3. When on the grass tile, use Do to collect the sampling (Collect Sampling) which gives us a plant item.
4. Use Place Plant to put the plant in front of us.
5. Use Do on the placed plant to Eat Plant, restoring food.
6. Move to the zombie (south‑east of our position) and use Do to hit it, achieving Defeat Zombie.
7. Use Place Stone (with the stone we collected) to achieve Place Stone.

After these steps we will have secured food, defeated the zombie, and placed stone, setting up for later crafting achievements.

The first immediate action is to collect the stone that is directly in front of us.","You see:
- water 3 steps to your north
- grass 7 steps to your south-east
- stone 2 steps to your south-west
- path 1 steps to your west
- lava 4 steps to your west
- coal 3 steps to your north-west
- furnace 3 steps to your north-west
- zombie 6 steps to your south-east

You face path at your front.",0.0,False
241,Move East,,"You see:
- water 3 steps to your north
- grass 6 steps to your south-east
- stone 3 steps to your south-west
- path 1 steps to your west
- sand 6 steps to your south-east
- lava 5 steps to your south-west
- coal 2 steps to your south
- furnace 4 steps to your north-west
- zombie 5 steps to your south-east

You face path at your front.",0.0,False
242,Move East,,"You see:
- water 3 steps to your north
- grass 5 steps to your south-east
- stone 4 steps to your south-west
- path 1 steps to your west
- sand 5 steps to your south-east
- coal 3 steps to your south-west
- furnace 3 steps to your south-east
- zombie 4 steps to your south-east

You face path at your front.",0.0,False
243,Move East,,"You see:
- water 2 steps to your north
- grass 4 steps to your south-east
- stone 3 steps to your north-east
- path 1 steps to your west
- sand 4 steps to your south-east
- coal 4 steps to your south-west
- furnace 2 steps to your south
- zombie 3 steps to your south

You face path at your front.",0.0,False
244,Move East,,"You see:
- water 2 steps to your east
- grass 3 steps to your south
- stone 2 steps to your north
- path 1 steps to your west
- sand 3 steps to your south-east
- coal 5 steps to your south-west
- furnace 3 steps to your south-west
- zombie 4 steps to your south-west

You face path at your front.",0.0,False
245,Move South,,"You see:
- water 2 steps to your east
- grass 2 steps to your south
- stone 3 steps to your north
- path 1 steps to your west
- sand 2 steps to your south-east
- coal 4 steps to your south-west
- furnace 2 steps to your south-west
- zombie 3 steps to your south-west

You face path at your front.",0.0,False
246,Move South,,"You see:
- water 3 steps to your north-east
- grass 1 steps to your south
- stone 4 steps to your west
- path 1 steps to your north
- sand 1 steps to your east
- coal 3 steps to your west
- furnace 1 steps to your west
- zombie 2 steps to your south-west

You face grass at your front.",0.0,False
247,Do,,"You see:
- water 3 steps to your north-east
- grass 1 steps to your south
- stone 4 steps to your west
- path 1 steps to your north
- sand 1 steps to your east
- coal 3 steps to your west
- furnace 1 steps to your west
- zombie 2 steps to your south-west

You face grass at your front.",0.0,False
248,Do,,"You see:
- water 3 steps to your north-east
- grass 1 steps to your south
- stone 4 steps to your west
- path 1 steps to your north
- sand 1 steps to your east
- coal 3 steps to your west
- furnace 1 steps to your west
- zombie 2 steps to your south-west

You face grass at your front.",0.0,False
249,Do,,"You see:
- water 3 steps to your north-east
- grass 1 steps to your south
- stone 4 steps to your west
- path 1 steps to your north
- sand 1 steps to your east
- coal 3 steps to your west
- furnace 1 steps to your west
- zombie 2 steps to your south-west

You face grass at your front.",0.0,False
250,Do,,"You see:
- water 3 steps to your north-east
- grass 1 steps to your south
- stone 4 steps to your west
- path 1 steps to your north
- sand 1 steps to your east
- coal 3 steps to your west
- furnace 1 steps to your west
- zombie 2 steps to your south-west

You face grass at your front.",0.0,False
251,Do,,"You see:
- water 3 steps to your north-east
- grass 1 steps to your south
- stone 4 steps to your west
- path 1 steps to your north
- sand 1 steps to your east
- coal 3 steps to your west
- furnace 1 steps to your west
- zombie 2 steps to your south-west

You face grass at your front.",1.0,False
252,Place Plant,"Current status: low food (1), but we have sapling, stone, coal, wood tools. Achievements still missing include Collect Sampling, Eat Plant, Place Plant, Defeat Zombie, Place Stone, Collect Drink, and later crafting. Immediate priority is to increase food to avoid death. We can do this by placing a plant (using our sapling) in front of us (south where grass is) and then using Do to eat it, which should grant food and achieve Eat Plant (and possibly Collect Sampling if the plant yields sampling). After eating, we will have enough food to safely move toward the zombie (south‑west) and hit it with Do to achieve Defeat Zombie. Then we can move west to the stone location and use Place Stone to place the stone we already have, achieving Place Stone. Finally we can move toward water and use Do to drink, achieving Collect Drink, and later work on building a table, furnace, and crafting iron items. This plan progresses through the remaining low‑level achievements while maintaining survival.

First action: Place Plant in front of us (south) to set up eating the plant.","You see:
- water 3 steps to your north-east
- grass 2 steps to your south
- stone 4 steps to your west
- path 1 steps to your north
- sand 1 steps to your east
- coal 3 steps to your west
- furnace 1 steps to your west
- zombie 2 steps to your south-west
- plant 1 steps to your south

You face plant at your front.",1.0,False
253,Do,,"You see:
- water 3 steps to your north-east
- grass 2 steps to your south
- stone 4 steps to your west
- path 1 steps to your north
- sand 1 steps to your east
- coal 3 steps to your west
- furnace 1 steps to your west
- zombie 3 steps to your south-west
- plant 1 steps to your south

You face plant at your front.",0.0,False
254,Move North,,"You see:
- water 2 steps to your east
- grass 2 steps to your south
- stone 3 steps to your north
- path 1 steps to your west
- sand 2 steps to your south-east
- coal 4 steps to your south-west
- furnace 2 steps to your south-west
- zombie 3 steps to your south-west

You face path at your front.",0.0,False
255,Place Stone,,"You see:
- water 2 steps to your east
- grass 2 steps to your south
- stone 1 steps to your north
- path 1 steps to your west
- sand 2 steps to your south-east
- coal 4 steps to your south-west
- furnace 2 steps to your south-west
- zombie 3 steps to your south-west

You face stone at your front.",0.0,False
256,Move South,,"You see:
- water 3 steps to your north-east
- grass 1 steps to your south
- stone 2 steps to your north
- path 1 steps to your north
- sand 1 steps to your east
- coal 3 steps to your west
- furnace 1 steps to your west
- zombie 2 steps to your south-west

You face grass at your front.",0.1,False
257,Do,,"You see:
- water 3 steps to your north-east
- grass 1 steps to your south
- stone 2 steps to your north
- path 1 steps to your north
- sand 1 steps to your east
- coal 3 steps to your west
- furnace 1 steps to your west
- zombie 2 steps to your south-west

You face grass at your front.",0.0,False
258,Move West,,"You see:
- water 3 steps to your north-east
- grass 2 steps to your south
- stone 2 steps to your north
- path 1 steps to your north
- sand 1 steps to your east
- coal 3 steps to your west
- furnace 1 steps to your west
- zombie 1 steps to your south

You face furnace at your front.",-0.2,False
259,Do,,"You see:
- water 3 steps to your north-east
- grass 2 steps to your south
- stone 2 steps to your north
- path 1 steps to your north
- sand 1 steps to your east
- coal 3 steps to your west
- furnace 1 steps to your west
- zombie 1 steps to your south

You face furnace at your front.",0.0,False
260,Move South,,"You see:
- water 3 steps to your north-east
- grass 2 steps to your south
- stone 2 steps to your north
- path 1 steps to your north
- sand 1 steps to your east
- coal 3 steps to your west
- furnace 1 steps to your west
- zombie 1 steps to your south

You face zombie at your front.",0.0,False
261,Do,,"You see:
- water 3 steps to your north-east
- grass 2 steps to your south
- stone 2 steps to your north
- path 1 steps to your north
- sand 1 steps to your east
- coal 3 steps to your west
- furnace 1 steps to your west
- zombie 1 steps to your south

You face zombie at your front.",0.0,False
262,Move South,,"You see:
- water 3 steps to your north-east
- grass 2 steps to your south
- stone 2 steps to your north
- path 1 steps to your north
- sand 1 steps to your east
- coal 3 steps to your west
- furnace 1 steps to your west
- zombie 1 steps to your south

You face zombie at your front.",0.0,False
263,Do,,"You see:
- water 3 steps to your north-east
- grass 2 steps to your south
- stone 2 steps to your north
- path 1 steps to your north
- sand 1 steps to your east
- coal 3 steps to your west
- furnace 1 steps to your west
- zombie 1 steps to your south

You face zombie at your front.",0.0,False
264,Do,"Current status: food is 0, so we must obtain food quickly. The zombie is directly south, so we should finish defeating it first (use Do to hit it; may need multiple hits). After the zombie is gone, we can move south toward the grass (2 steps away) and use Do on the grass to collect/eat it, restoring food (and achieving Eat Plant if not already). Then we can head north‑east to the water (3 steps) and Do to drink (Collect Drink). Finally, we can address any remaining achievements like Wake Up (Sleep if needed) or other crafting later. The immediate next step is to continue attacking the zombie.","You see:
- water 3 steps to your north-east
- grass 1 steps to your south
- stone 2 steps to your north
- path 1 steps to your north
- sand 1 steps to your east
- coal 3 steps to your west
- furnace 1 steps to your west

You face grass at your front.",-0.2,False
265,Do,,"You see:
- water 3 steps to your north-east
- grass 1 steps to your south
- stone 2 steps to your north
- path 1 steps to your north
- sand 1 steps to your east
- coal 3 steps to your west
- furnace 1 steps to your west

You face grass at your front.",0.0,False
266,Do,,"You see:
- water 3 steps to your north-east
- grass 1 steps to your south
- stone 2 steps to your north
- path 1 steps to your north
- sand 1 steps to your east
- coal 3 steps to your west
- furnace 1 steps to your west

You face grass at your front.",0.0,False
267,Do,,"You see:
- water 3 steps to your north-east
- grass 1 steps to your south
- stone 2 steps to your north
- path 1 steps to your north
- sand 1 steps to your east
- coal 3 steps to your west
- furnace 1 steps to your west

You face grass at your front.",0.0,False
268,Do,,"You see:
- water 3 steps to your north-east
- grass 1 steps to your south
- stone 2 steps to your north
- path 1 steps to your north
- sand 1 steps to your east
- coal 3 steps to your west
- furnace 1 steps to your west

You face grass at your front.",0.0,False
269,Do,,"You see:
- water 3 steps to your north-east
- grass 1 steps to your south
- stone 2 steps to your north
- path 1 steps to your north
- sand 1 steps to your east
- coal 3 steps to your west
- furnace 1 steps to your west

You face grass at your front.",0.0,False
270,Do,,"You see:
- water 3 steps to your north-east
- grass 1 steps to your south
- stone 2 steps to your north
- path 1 steps to your north
- sand 1 steps to your east
- coal 3 steps to your west
- furnace 1 steps to your west

You face grass at your front.",0.0,False
271,Do,,"You see:
- water 3 steps to your north-east
- grass 1 steps to your south
- stone 2 steps to your north
- path 1 steps to your north
- sand 1 steps to your east
- coal 3 steps to your west
- furnace 1 steps to your west

You face grass at your front.",0.0,False
272,Do,,"You see:
- water 3 steps to your north-east
- grass 1 steps to your south
- stone 2 steps to your north
- path 1 steps to your north
- sand 1 steps to your east
- coal 3 steps to your west
- furnace 1 steps to your west

You face grass at your front.",0.0,False
273,Do,,"You see:
- water 3 steps to your north-east
- grass 1 steps to your south
- stone 2 steps to your north
- path 1 steps to your north
- sand 1 steps to your east
- coal 3 steps to your west
- furnace 1 steps to your west

You face grass at your front.",0.0,False
274,Do,,"You see:
- water 3 steps to your north-east
- grass 1 steps to your south
- stone 2 steps to your north
- path 1 steps to your north
- sand 1 steps to your east
- coal 3 steps to your west
- furnace 1 steps to your west

You face grass at your front.",-0.1,False
275,Do,,"You see:
- water 3 steps to your north-east
- grass 1 steps to your south
- stone 2 steps to your north
- path 1 steps to your north
- sand 1 steps to your east
- coal 3 steps to your west
- furnace 1 steps to your west

You face grass at your front.",0.0,False
276,Do,"Current status: low health (3) and no food. Immediate priority is to obtain food to avoid death. Grass is directly in front (south) and can be collected/eaten with the Do action, which will also achieve the ""Eat Plant"" achievement and replenish food. After eating, we will have food to survive and can then proceed to gather stone (north), collect additional resources, place stone, place table, and craft higher-tier tools to complete remaining achievements. Therefore, the first action should be Do to collect and eat the grass.","You see:
- water 3 steps to your north-east
- grass 1 steps to your south
- stone 2 steps to your north
- path 1 steps to your north
- sand 1 steps to your east
- coal 3 steps to your west
- furnace 1 steps to your west

You face grass at your front.",0.0,False
277,Do,,"You see:
- water 3 steps to your north-east
- grass 1 steps to your south
- stone 2 steps to your north
- path 1 steps to your north
- sand 1 steps to your east
- coal 3 steps to your west
- furnace 1 steps to your west

You face grass at your front.",0.0,False
278,Do,,"You see:
- water 3 steps to your north-east
- grass 1 steps to your south
- stone 2 steps to your north
- path 1 steps to your north
- sand 1 steps to your east
- coal 3 steps to your west
- furnace 1 steps to your west

You face grass at your front.",0.0,False
279,Do,,"You see:
- water 3 steps to your north-east
- grass 1 steps to your south
- stone 2 steps to your north
- path 1 steps to your north
- sand 1 steps to your east
- coal 3 steps to your west
- furnace 1 steps to your west

You face grass at your front.",0.0,False
280,Do,,"You see:
- water 3 steps to your north-east
- grass 1 steps to your south
- stone 2 steps to your north
- path 1 steps to your north
- sand 1 steps to your east
- coal 3 steps to your west
- furnace 1 steps to your west

You face grass at your front.",0.0,False
281,Do,,"You see:
- water 3 steps to your north-east
- grass 1 steps to your south
- stone 2 steps to your north
- path 1 steps to your north
- sand 1 steps to your east
- coal 3 steps to your west
- furnace 1 steps to your west

You face grass at your front.",0.0,False
282,Do,,"You see:
- water 3 steps to your north-east
- grass 1 steps to your south
- stone 2 steps to your north
- path 1 steps to your north
- sand 1 steps to your east
- coal 3 steps to your west
- furnace 1 steps to your west

You face grass at your front.",0.0,False
283,Do,,"You see:
- water 3 steps to your north-east
- grass 1 steps to your south
- stone 2 steps to your north
- path 1 steps to your north
- sand 1 steps to your east
- coal 3 steps to your west
- furnace 1 steps to your west

You face grass at your front.",0.0,False
284,Do,,"You see:
- water 3 steps to your north-east
- grass 1 steps to your south
- stone 2 steps to your north
- path 1 steps to your north
- sand 1 steps to your east
- coal 3 steps to your west
- furnace 1 steps to your west

You face grass at your front.",0.0,False
285,Do,,"You see:
- water 3 steps to your north-east
- grass 1 steps to your south
- stone 2 steps to your north
- path 1 steps to your north
- sand 1 steps to your east
- coal 3 steps to your west
- furnace 1 steps to your west

You face grass at your front.",0.0,False
286,Do,,"You see:
- water 3 steps to your north-east
- grass 1 steps to your south
- stone 2 steps to your north
- path 1 steps to your north
- sand 1 steps to your east
- coal 3 steps to your west
- furnace 1 steps to your west

You face grass at your front.",0.0,False
287,Do,,"You see:
- water 3 steps to your north-east
- grass 1 steps to your south
- stone 2 steps to your north
- path 1 steps to your north
- sand 1 steps to your east
- coal 3 steps to your west
- furnace 1 steps to your west

You face grass at your front.",0.0,False
288,Do,"We are low on health and have no food, so the immediate priority is to eat something to survive and earn the ""Eat Plant"" achievement. Grass is directly in front (south) and the Do action both collects the grass and consumes it, increasing food and health. After eating, we will have enough food to continue gathering resources (stone, coal) and then place a table and furnace, craft stone and iron tools, and complete the remaining achievements.","You see:
- water 3 steps to your north-east
- grass 1 steps to your south
- stone 2 steps to your north
- path 1 steps to your north
- sand 1 steps to your east
- coal 3 steps to your west
- furnace 1 steps to your west

You face grass at your front.",0.0,False
289,Do,,"You see:
- water 3 steps to your north-east
- grass 1 steps to your south
- stone 2 steps to your north
- path 1 steps to your north
- sand 1 steps to your east
- coal 3 steps to your west
- furnace 1 steps to your west

You face grass at your front.",0.0,False
290,Do,,"You see:
- water 3 steps to your north-east
- grass 1 steps to your south
- stone 2 steps to your north
- path 1 steps to your north
- sand 1 steps to your east
- coal 3 steps to your west
- furnace 1 steps to your west

You face grass at your front.",-0.1,False
291,Do,,"You see:
- water 3 steps to your north-east
- grass 1 steps to your south
- stone 2 steps to your north
- path 1 steps to your north
- sand 1 steps to your east
- coal 3 steps to your west
- furnace 1 steps to your west

You face grass at your front.",0.0,False
292,Do,,"You see:
- water 3 steps to your north-east
- grass 1 steps to your south
- stone 2 steps to your north
- path 1 steps to your north
- sand 1 steps to your east
- coal 3 steps to your west
- furnace 1 steps to your west

You face grass at your front.",0.0,False
293,Do,,"You see:
- water 3 steps to your north-east
- grass 1 steps to your south
- stone 2 steps to your north
- path 1 steps to your north
- sand 1 steps to your east
- coal 3 steps to your west
- furnace 1 steps to your west

You face grass at your front.",0.0,False
294,Do,,"You see:
- water 3 steps to your north-east
- grass 1 steps to your south
- stone 2 steps to your north
- path 1 steps to your north
- sand 1 steps to your east
- coal 3 steps to your west
- furnace 1 steps to your west

You face grass at your front.",0.0,False
295,Do,,"You see:
- water 3 steps to your north-east
- grass 1 steps to your south
- stone 2 steps to your north
- path 1 steps to your north
- sand 1 steps to your east
- coal 3 steps to your west
- furnace 1 steps to your west

You face grass at your front.",0.0,False
296,Do,,"You see:
- water 3 steps to your north-east
- grass 1 steps to your south
- stone 2 steps to your north
- path 1 steps to your north
- sand 1 steps to your east
- coal 3 steps to your west
- furnace 1 steps to your west

You face grass at your front.",0.0,False
297,Do,,"You see:
- water 3 steps to your north-east
- grass 1 steps to your south
- stone 2 steps to your north
- path 1 steps to your north
- sand 1 steps to your east
- coal 3 steps to your west
- furnace 1 steps to your west

You face grass at your front.",0.0,False
298,Do,,"You see:
- water 3 steps to your north-east
- grass 1 steps to your south
- stone 2 steps to your north
- path 1 steps to your north
- sand 1 steps to your east
- coal 3 steps to your west
- furnace 1 steps to your west

You face grass at your front.",0.0,False
299,Do,,"You see:
- water 3 steps to your north-east
- grass 1 steps to your south
- stone 2 steps to your north
- path 1 steps to your north
- sand 1 steps to your east
- coal 3 steps to your west
- furnace 1 steps to your west

You face grass at your front.",0.0,False
300,Do,"We are at critical health (2) with no food. The only immediate source of food is the grass directly south. Using the Do action on the grass should collect it and likely count as eating a plant, granting the ""Eat Plant"" achievement and restoring food/health. After restoring food we can then proceed to gather stone, coal, place a table, furnace, and craft higher-tier tools to complete remaining achievements. First step: use Do on the grass to eat it.","You see:
- water 3 steps to your north-east
- grass 1 steps to your south
- stone 2 steps to your north
- path 1 steps to your north
- sand 1 steps to your east
- coal 3 steps to your west
- furnace 1 steps to your west

You face grass at your front.",0.0,False
301,Do,,"You see:
- water 3 steps to your north-east
- grass 1 steps to your south
- stone 2 steps to your north
- path 1 steps to your north
- sand 1 steps to your east
- coal 3 steps to your west
- furnace 1 steps to your west

You face grass at your front.",0.0,False
302,Do,,"You see:
- water 3 steps to your north-east
- grass 1 steps to your south
- stone 2 steps to your north
- path 1 steps to your north
- sand 1 steps to your east
- coal 3 steps to your west
- furnace 1 steps to your west

You face grass at your front.",0.0,False
303,Do,,"You see:
- water 3 steps to your north-east
- grass 1 steps to your south
- stone 2 steps to your north
- path 1 steps to your north
- sand 1 steps to your east
- coal 3 steps to your west
- furnace 1 steps to your west

You face grass at your front.",0.0,False
304,Do,,"You see:
- water 3 steps to your north-east
- grass 1 steps to your south
- stone 2 steps to your north
- path 1 steps to your north
- sand 1 steps to your east
- coal 3 steps to your west
- furnace 1 steps to your west

You face grass at your front.",0.0,False
305,Do,,"You see:
- water 3 steps to your north-east
- grass 1 steps to your south
- stone 2 steps to your north
- path 1 steps to your north
- sand 1 steps to your east
- coal 3 steps to your west
- furnace 1 steps to your west

You face grass at your front.",0.0,False
306,Do,,"You see:
- water 3 steps to your north-east
- grass 1 steps to your south
- stone 2 steps to your north
- path 1 steps to your north
- sand 1 steps to your east
- coal 3 steps to your west
- furnace 1 steps to your west

You face grass at your front.",-0.1,False
307,Do,,"You see:
- water 3 steps to your north-east
- grass 1 steps to your south
- stone 2 steps to your north
- path 1 steps to your north
- sand 1 steps to your east
- coal 3 steps to your west
- furnace 1 steps to your west

You face grass at your front.",0.0,False
308,Do,,"You see:
- water 3 steps to your north-east
- grass 1 steps to your south
- stone 2 steps to your north
- path 1 steps to your north
- sand 1 steps to your east
- coal 3 steps to your west
- furnace 1 steps to your west

You face grass at your front.",0.0,False
309,Do,,"You see:
- water 3 steps to your north-east
- grass 1 steps to your south
- stone 2 steps to your north
- path 1 steps to your north
- sand 1 steps to your east
- coal 3 steps to your west
- furnace 1 steps to your west

You face grass at your front.",0.0,False
310,Do,,"You see:
- water 3 steps to your north-east
- grass 1 steps to your south
- stone 2 steps to your north
- path 1 steps to your north
- sand 1 steps to your east
- coal 3 steps to your west
- furnace 1 steps to your west

You face grass at your front.",0.0,False
311,Do,,"You see:
- water 3 steps to your north-east
- grass 1 steps to your south
- stone 2 steps to your north
- path 1 steps to your north
- sand 1 steps to your east
- coal 3 steps to your west
- furnace 1 steps to your west

You face grass at your front.",0.0,False
312,Do,"We are at critical health (1) with no food. The only immediate source of food is the grass directly south. Using the Do action on the grass will eat the plant, satisfying the ""Eat Plant"" achievement and restoring food/health. After regaining food we can safely collect resources (stone, coal), place a table, use the nearby furnace, and progress toward crafting tools and other achievements. First step: Do to eat the grass.","You see:
- water 3 steps to your north-east
- grass 1 steps to your south
- stone 2 steps to your north
- path 1 steps to your north
- sand 1 steps to your east
- coal 3 steps to your west
- furnace 1 steps to your west

You face grass at your front.",0.0,False
313,Do,,"You see:
- water 3 steps to your north-east
- grass 1 steps to your south
- stone 2 steps to your north
- path 1 steps to your north
- sand 1 steps to your east
- coal 3 steps to your west
- furnace 1 steps to your west

You face grass at your front.",0.0,False
314,Do,,"You see:
- water 3 steps to your north-east
- grass 1 steps to your south
- stone 2 steps to your north
- path 1 steps to your north
- sand 1 steps to your east
- coal 3 steps to your west
- furnace 1 steps to your west

You face grass at your front.",0.0,False
315,Do,,"You see:
- water 3 steps to your north-east
- grass 1 steps to your south
- stone 2 steps to your north
- path 1 steps to your north
- sand 1 steps to your east
- coal 3 steps to your west
- furnace 1 steps to your west

You face grass at your front.",0.0,False
316,Do,,"You see:
- water 3 steps to your north-east
- grass 1 steps to your south
- stone 2 steps to your north
- path 1 steps to your north
- sand 1 steps to your east
- coal 3 steps to your west
- furnace 1 steps to your west

You face grass at your front.",0.0,False
317,Do,,"You see:
- water 3 steps to your north-east
- grass 1 steps to your south
- stone 2 steps to your north
- path 1 steps to your north
- sand 1 steps to your east
- coal 3 steps to your west
- furnace 1 steps to your west

You face grass at your front.",0.0,False
318,Do,,"You see:
- water 3 steps to your north-east
- grass 1 steps to your south
- stone 2 steps to your north
- path 1 steps to your north
- sand 1 steps to your east
- coal 3 steps to your west
- furnace 1 steps to your west

You face grass at your front.",0.0,False
319,Do,,"You see:
- water 3 steps to your north-east
- grass 1 steps to your south
- stone 2 steps to your north
- path 1 steps to your north
- sand 1 steps to your east
- coal 3 steps to your west
- furnace 1 steps to your west

You face grass at your front.",0.0,False
320,Do,,"You see:
- water 3 steps to your north-east
- grass 1 steps to your south
- stone 2 steps to your north
- path 1 steps to your north
- sand 1 steps to your east
- coal 3 steps to your west
- furnace 1 steps to your west

You face grass at your front.",0.0,False
321,Do,,"You see:
- water 3 steps to your north-east
- grass 1 steps to your south
- stone 2 steps to your north
- path 1 steps to your north
- sand 1 steps to your east
- coal 3 steps to your west
- furnace 1 steps to your west

You face grass at your front.",0.0,False
322,Do,,"You died.



You see:
- water 3 steps to your north-east
- grass 1 steps to your south
- stone 2 steps to your north
- path 1 steps to your north
- sand 1 steps to your east
- coal 3 steps to your west
- furnace 1 steps to your west

You face grass at your front.",-0.1,True
