Step,Action,Reasoning,Observation,Reward,Done
0,northwest,"To explore the level and reach the stairs down, I will first focus on mapping out the surrounding area by moving in different directions by utilizing the information provided by the language observation. Since there are walls to the north, east, south, and west, I will try to find a gap or an opening. The presence of a horizontal wall near the north and northeast, and another to the southeast and south, suggests that there might be a passage or opening to the northwest or northeast. After mapping the area, I will search for hidden doors, chests, and other objects of interest. I will also keep an eye out for enemies and be prepared to defend myself using my short sword or daggers. Once I have a better understanding of the level layout, I will prioritize finding the stairs down to progress to the next level.","message:
It's a wall.

language observation:
vertical wall far east
horizontal wall near north and northeast
horizontal wall adjacent southeast and south
southwest corner adjacent southwest
vertical wall adjacent west and northwest

cursor:
Yourself a rogue
(x=65, y=19)

map:
                                                                                
                                                                                
                                                                                
                                                                                
                                                                                
                                                                                
                                                                                
                                                                                
                                                                                
                                                                                
                                                                                
                                                                                
                                                                                
                                                                                
                                                                                
                                                                ---------       
                                                                |........       
                                                                |.......|       
                                                                |@......|       
                                                                ---------       
                                                                                
Agent the Footpad              St:13 Dx:17 Co:13 In:11 Wi:10 Ch:10 Chaotic S:0  
Dlvl:1 $:0 HP:12(12) Pw:2(2) AC:7 Xp:1/0                                        

",0.0,False
1,northeast,,"message:


language observation:
vertical wall far east
horizontal wall very near north, northeast, southeast, and south
southwest corner very near southwest
vertical wall very near west
northwest room corner very near northwest
stairs up adjacent southwest

cursor:
Yourself a rogue
(x=66, y=18)

map:
                                                                                
                                                                                
                                                                                
                                                                                
                                                                                
                                                                                
                                                                                
                                                                                
                                                                                
                                                                                
                                                                                
                                                                                
                                                                                
                                                                                
                                                                                
                                                                ---------       
                                                                |........       
                                                                |.@.....|       
                                                                |<......|       
                                                                ---------       
                                                                                
Agent the Footpad              St:13 Dx:17 Co:13 In:11 Wi:10 Ch:10 Chaotic S:0  
Dlvl:1 $:0 HP:12(12) Pw:2(2) AC:7 Xp:1/0                                        

",0.0,False
2,east,,"message:


language observation:
vertical wall near east and west
horizontal wall very near north, northeast, southeast, south, southwest, and northwest
stairs up very near westsouthwest

cursor:
Yourself a rogue
(x=67, y=18)

map:
                                                                                
                                                                                
                                                                                
                                                                                
                                                                                
                                                                                
                                                                                
                                                                                
                                                                                
                                                                                
                                                                                
                                                                                
                                                                                
                                                                                
                                                                                
                                                                ---------       
                                                                |........       
                                                                |..@....|       
                                                                |<......|       
                                                                ---------       
                                                                                
Agent the Footpad              St:13 Dx:17 Co:13 In:11 Wi:10 Ch:10 Chaotic S:0  
Dlvl:1 $:0 HP:12(12) Pw:2(2) AC:7 Xp:1/0                                        

",0.0,False
3,southwest,,"message:


language observation:
vertical wall far east
horizontal wall near north and northeast
vertical wall very near west and northwest
horizontal wall adjacent southeast, south, and southwest
stairs up adjacent west

cursor:
Yourself a rogue
(x=66, y=19)

map:
                                                                                
                                                                                
                                                                                
                                                                                
                                                                                
                                                                                
                                                                                
                                                                                
                                                                                
                                                                                
                                                                                
                                                                                
                                                                                
                                                                                
                                                                                
                                                                ---------       
                                                                |........       
                                                                |.......|       
                                                                |<@.....|       
                                                                ---------       
                                                                                
Agent the Footpad              St:13 Dx:17 Co:13 In:11 Wi:10 Ch:10 Chaotic S:0  
Dlvl:1 $:0 HP:12(12) Pw:2(2) AC:7 Xp:1/0                                        

",0.0,False
4,search,,"message:


language observation:
vertical wall far east
horizontal wall near north and northeast
vertical wall very near west and northwest
horizontal wall adjacent southeast, south, and southwest
stairs up adjacent west

cursor:
Yourself a rogue
(x=66, y=19)

map:
                                                                                
                                                                                
                                                                                
                                                                                
                                                                                
                                                                                
                                                                                
                                                                                
                                                                                
                                                                                
                                                                                
                                                                                
                                                                                
                                                                                
                                                                                
                                                                ---------       
                                                                |........       
                                                                |.......|       
                                                                |<@.....|       
                                                                ---------       
                                                                                
Agent the Footpad              St:13 Dx:17 Co:13 In:11 Wi:10 Ch:10 Chaotic S:0  
Dlvl:1 $:0 HP:12(12) Pw:2(2) AC:7 Xp:1/0                                        

",0.0,False
5,east,,"message:


language observation:
horizontal wall near north and northeast
vertical wall near east and west
northwest room corner near northwest
stairs up very near west
horizontal wall adjacent southeast, south, and southwest

cursor:
Yourself a rogue
(x=67, y=19)

map:
                                                                                
                                                                                
                                                                                
                                                                                
                                                                                
                                                                                
                                                                                
                                                                                
                                                                                
                                                                                
                                                                                
                                                                                
                                                                                
                                                                                
                                                                                
                                                                ---------       
                                                                |........       
                                                                |.......|       
                                                                |<.@....|       
                                                                ---------       
                                                                                
Agent the Footpad              St:13 Dx:17 Co:13 In:11 Wi:10 Ch:10 Chaotic S:0  
Dlvl:1 $:0 HP:12(12) Pw:2(2) AC:7 Xp:1/0                                        

",0.0,False
6,search,"To complete the task, I need to explore the level and find the stairs down. Since I've already found the stairs up, my next step is to search the perimeter of the room and explore any adjacent areas. I will use the 'search' action to look for hidden doors or secret passages. If I don't find any, I will try to move in different directions to see if I can find an opening or a gap in the walls. I will also keep an eye on my inventory and use my lock pick if I encounter any locked doors or chests. Once I have a better understanding of the level layout, I will prioritize finding the stairs down to progress to the next level.","message:


language observation:
horizontal wall near north and northeast
vertical wall near east and west
northwest room corner near northwest
stairs up very near west
horizontal wall adjacent southeast, south, and southwest

cursor:
Yourself a rogue
(x=67, y=19)

map:
                                                                                
                                                                                
                                                                                
                                                                                
                                                                                
                                                                                
                                                                                
                                                                                
                                                                                
                                                                                
                                                                                
                                                                                
                                                                                
                                                                                
                                                                                
                                                                ---------       
                                                                |........       
                                                                |.......|       
                                                                |<.@....|       
                                                                ---------       
                                                                                
Agent the Footpad              St:13 Dx:17 Co:13 In:11 Wi:10 Ch:10 Chaotic S:0  
Dlvl:1 $:0 HP:12(12) Pw:2(2) AC:7 Xp:1/0                                        

",0.0,False
7,north,,"message:


language observation:
vertical wall near east and west
horizontal wall very near north, northeast, southeast, south, southwest, and northwest
stairs up very near westsouthwest

cursor:
Yourself a rogue
(x=67, y=18)

map:
                                                                                
                                                                                
                                                                                
                                                                                
                                                                                
                                                                                
                                                                                
                                                                                
                                                                                
                                                                                
                                                                                
                                                                                
                                                                                
                                                                                
                                                                                
                                                                ---------       
                                                                |........       
                                                                |..@....|       
                                                                |<......|       
                                                                ---------       
                                                                                
Agent the Footpad              St:13 Dx:17 Co:13 In:11 Wi:10 Ch:10 Chaotic S:0  
Dlvl:1 $:0 HP:12(12) Pw:2(2) AC:7 Xp:1/0                                        

",0.0,False
8,east,,"message:


language observation:
vertical wall near east and west
stairs up near westsouthwest
horizontal wall very near north, northeast, southeast, south, southwest, and northwest

cursor:
Yourself a rogue
(x=68, y=18)

map:
                                                                                
                                                                                
                                                                                
                                                                                
                                                                                
                                                                                
                                                                                
                                                                                
                                                                                
                                                                                
                                                                                
                                                                                
                                                                                
                                                                                
                                                                                
                                                                ---------       
                                                                |........       
                                                                |...@...|       
                                                                |<......|       
                                                                ---------       
                                                                                
Agent the Footpad              St:13 Dx:17 Co:13 In:11 Wi:10 Ch:10 Chaotic S:0  
Dlvl:1 $:0 HP:12(12) Pw:2(2) AC:7 Xp:1/0                                        

",0.0,False
9,search,,"message:


language observation:
vertical wall near east and west
stairs up near westsouthwest
horizontal wall very near north, northeast, southeast, south, southwest, and northwest

cursor:
Yourself a rogue
(x=68, y=18)

map:
                                                                                
                                                                                
                                                                                
                                                                                
                                                                                
                                                                                
                                                                                
                                                                                
                                                                                
                                                                                
                                                                                
                                                                                
                                                                                
                                                                                
                                                                                
                                                                ---------       
                                                                |........       
                                                                |...@...|       
                                                                |<......|       
                                                                ---------       
                                                                                
Agent the Footpad              St:13 Dx:17 Co:13 In:11 Wi:10 Ch:10 Chaotic S:0  
Dlvl:1 $:0 HP:12(12) Pw:2(2) AC:7 Xp:1/0                                        

",0.0,False
10,east,,"message:


language observation:
vertical wall near east and west
stairs up near westsouthwest
horizontal wall very near north, northeast, southeast, south, southwest, and northwest

cursor:
Yourself a rogue
(x=69, y=18)

map:
                                                                                
                                                                                
                                                                                
                                                                                
                                                                                
                                                                                
                                                                                
                                                                                
                                                                                
                                                                                
                                                                                
                                                                                
                                                                                
                                                                                
                                                                                
                                                                ---------       
                                                                |........       
                                                                |....@..|       
                                                                |<......|       
                                                                ---------       
                                                                                
Agent the Footpad              St:13 Dx:17 Co:13 In:11 Wi:10 Ch:10 Chaotic S:0  
Dlvl:1 $:0 HP:12(12) Pw:2(2) AC:7 Xp:1/0                                        

",0.0,False
11,west,,"message:


language observation:
vertical wall near east and west
stairs up near westsouthwest
horizontal wall very near north, northeast, southeast, south, southwest, and northwest

cursor:
Yourself a rogue
(x=68, y=18)

map:
                                                                                
                                                                                
                                                                                
                                                                                
                                                                                
                                                                                
                                                                                
                                                                                
                                                                                
                                                                                
                                                                                
                                                                                
                                                                                
                                                                                
                                                                                
                                                                ---------       
                                                                |........       
                                                                |...@...|       
                                                                |<......|       
                                                                ---------       
                                                                                
Agent the Footpad              St:13 Dx:17 Co:13 In:11 Wi:10 Ch:10 Chaotic S:0  
Dlvl:1 $:0 HP:12(12) Pw:2(2) AC:7 Xp:1/0                                        

",0.0,False
12,search,"I will review my previous observations to understand the current state of the game. From the observations, I notice that I have been moving around a room with horizontal walls near the north, northeast, southeast, south, southwest, and northwest, and vertical walls near the east and west. I have also found the stairs up, but my goal is to find the stairs down. Since I have not found the stairs down yet, my plan is to continue exploring the room and searching for any hidden doors, secret passages, or gaps in the walls that could lead me to the stairs down. I will use the 'search' action to examine the room more closely and look for any clues or hidden features. If I don't find anything, I will try moving in different directions to see if I can find an opening or a gap in the walls.","message:


language observation:
vertical wall near east and west
stairs up near westsouthwest
horizontal wall very near north, northeast, southeast, south, southwest, and northwest

cursor:
Yourself a rogue
(x=68, y=18)

map:
                                                                                
                                                                                
                                                                                
                                                                                
                                                                                
                                                                                
                                                                                
                                                                                
                                                                                
                                                                                
                                                                                
                                                                                
                                                                                
                                                                                
                                                                                
                                                                ---------       
                                                                |........       
                                                                |...@...|       
                                                                |<......|       
                                                                ---------       
                                                                                
Agent the Footpad              St:13 Dx:17 Co:13 In:11 Wi:10 Ch:10 Chaotic S:0  
Dlvl:1 $:0 HP:12(12) Pw:2(2) AC:7 Xp:1/0                                        

",0.0,False
13,south,,"message:


language observation:
horizontal wall near north, northeast, and northwest
vertical wall near east and west
stairs up near west
horizontal wall adjacent southeast, south, and southwest

cursor:
Yourself a rogue
(x=68, y=19)

map:
                                                                                
                                                                                
                                                                                
                                                                                
                                                                                
                                                                                
                                                                                
                                                                                
                                                                                
                                                                                
                                                                                
                                                                                
                                                                                
                                                                                
                                                                                
                                                                ---------       
                                                                |........       
                                                                |.......|       
                                                                |<..@...|       
                                                                ---------       
                                                                                
Agent the Footpad              St:13 Dx:17 Co:13 In:11 Wi:10 Ch:10 Chaotic S:0  
Dlvl:1 $:0 HP:12(12) Pw:2(2) AC:7 Xp:1/0                                        

",0.0,False
14,search,,"message:


language observation:
horizontal wall near north, northeast, and northwest
vertical wall near east and west
stairs up near west
horizontal wall adjacent southeast, south, and southwest

cursor:
Yourself a rogue
(x=68, y=19)

map:
                                                                                
                                                                                
                                                                                
                                                                                
                                                                                
                                                                                
                                                                                
                                                                                
                                                                                
                                                                                
                                                                                
                                                                                
                                                                                
                                                                                
                                                                                
                                                                ---------       
                                                                |........       
                                                                |.......|       
                                                                |<..@...|       
                                                                ---------       
                                                                                
Agent the Footpad              St:13 Dx:17 Co:13 In:11 Wi:10 Ch:10 Chaotic S:0  
Dlvl:1 $:0 HP:12(12) Pw:2(2) AC:7 Xp:1/0                                        

",0.0,False
15,west,,"message:


language observation:
horizontal wall near north and northeast
vertical wall near east and west
northwest room corner near northwest
stairs up very near west
horizontal wall adjacent southeast, south, and southwest

cursor:
Yourself a rogue
(x=67, y=19)

map:
                                                                                
                                                                                
                                                                                
                                                                                
                                                                                
                                                                                
                                                                                
                                                                                
                                                                                
                                                                                
                                                                                
                                                                                
                                                                                
                                                                                
                                                                                
                                                                ---------       
                                                                |........       
                                                                |.......|       
                                                                |<.@....|       
                                                                ---------       
                                                                                
Agent the Footpad              St:13 Dx:17 Co:13 In:11 Wi:10 Ch:10 Chaotic S:0  
Dlvl:1 $:0 HP:12(12) Pw:2(2) AC:7 Xp:1/0                                        

",0.0,False
16,search,,"message:


language observation:
horizontal wall near north and northeast
vertical wall near east and west
northwest room corner near northwest
stairs up very near west
horizontal wall adjacent southeast, south, and southwest

cursor:
Yourself a rogue
(x=67, y=19)

map:
                                                                                
                                                                                
                                                                                
                                                                                
                                                                                
                                                                                
                                                                                
                                                                                
                                                                                
                                                                                
                                                                                
                                                                                
                                                                                
                                                                                
                                                                                
                                                                ---------       
                                                                |........       
                                                                |.......|       
                                                                |<.@....|       
                                                                ---------       
                                                                                
Agent the Footpad              St:13 Dx:17 Co:13 In:11 Wi:10 Ch:10 Chaotic S:0  
Dlvl:1 $:0 HP:12(12) Pw:2(2) AC:7 Xp:1/0                                        

",0.0,False
17,northwest,,"message:


language observation:
vertical wall far east
horizontal wall very near north, northeast, southeast, and south
southwest corner very near southwest
vertical wall very near west
northwest room corner very near northwest
stairs up adjacent southwest

cursor:
Yourself a rogue
(x=66, y=18)

map:
                                                                                
                                                                                
                                                                                
                                                                                
                                                                                
                                                                                
                                                                                
                                                                                
                                                                                
                                                                                
                                                                                
                                                                                
                                                                                
                                                                                
                                                                                
                                                                ---------       
                                                                |........       
                                                                |.@.....|       
                                                                |<......|       
                                                                ---------       
                                                                                
Agent the Footpad              St:13 Dx:17 Co:13 In:11 Wi:10 Ch:10 Chaotic S:0  
Dlvl:1 $:0 HP:12(12) Pw:2(2) AC:7 Xp:1/0                                        

",0.0,False
18,northwest,"I will review my previous observations to understand the current state of the game. From the observations, I notice that I have been moving around a room with horizontal walls near the north, northeast, southeast, south, southwest, and northwest, and vertical walls near the east and west. I have also found the stairs up, but my goal is to find the stairs down. Since I have not found the stairs down yet, my plan is to continue exploring the room and searching for any hidden doors, secret passages, or gaps in the walls that could lead me to the stairs down. I will use the 'search' action to examine the room more closely and look for any clues or hidden features. If I don't find anything, I will try moving in different directions to see if I can find an opening or a gap in the walls. Given my current position and the layout of the room, I will start by moving northwest to explore that part of the room.","message:


language observation:
doorway far east
dark area far east
horizontal wall near southeast and south
stairs up very near south
horizontal wall adjacent north and northeast
vertical wall adjacent southwest and west
northwest room corner adjacent northwest

cursor:
Yourself a rogue
(x=65, y=17)

map:
                                                                                
                                                                                
                                                                                
                                                                                
                                                                                
                                                                                
                                                                                
                                                                                
                                                                                
                                                                                
                                                                                
                                                                                
                                                                                
                                                                                
                                                                                
                                                                ---------       
                                                                |@.......       
                                                                |.......|       
                                                                |<......|       
                                                                ---------       
                                                                                
Agent the Footpad              St:13 Dx:17 Co:13 In:11 Wi:10 Ch:10 Chaotic S:0  
Dlvl:1 $:0 HP:12(12) Pw:2(2) AC:7 Xp:1/0                                        

",0.0,False
19,east,,"message:


language observation:
doorway far east
dark area far east
horizontal wall near southeast and south
stairs up very near southsouthwest
vertical wall very near southwest and west
horizontal wall adjacent north, northeast, and northwest

cursor:
Yourself a rogue
(x=66, y=17)

map:
                                                                                
                                                                                
                                                                                
                                                                                
                                                                                
                                                                                
                                                                                
                                                                                
                                                                                
                                                                                
                                                                                
                                                                                
                                                                                
                                                                                
                                                                                
                                                                ---------       
                                                                |.@......       
                                                                |.......|       
                                                                |<......|       
                                                                ---------       
                                                                                
Agent the Footpad              St:13 Dx:17 Co:13 In:11 Wi:10 Ch:10 Chaotic S:0  
Dlvl:1 $:0 HP:12(12) Pw:2(2) AC:7 Xp:1/0                                        

",0.0,False
20,east,,"message:


language observation:
dark area far east
doorway near east
horizontal wall near southeast and south
southwest corner near southwest
vertical wall near west
stairs up very near southwest
horizontal wall adjacent north, northeast, and northwest

cursor:
Yourself a rogue
(x=67, y=17)

map:
                                                                                
                                                                                
                                                                                
                                                                                
                                                                                
                                                                                
                                                                                
                                                                                
                                                                                
                                                                                
                                                                                
                                                                                
                                                                                
                                                                                
                                                                                
                                                                ---------       
                                                                |..@.....       
                                                                |.......|       
                                                                |<......|       
                                                                ---------       
                                                                                
Agent the Footpad              St:13 Dx:17 Co:13 In:11 Wi:10 Ch:10 Chaotic S:0  
Dlvl:1 $:0 HP:12(12) Pw:2(2) AC:7 Xp:1/0                                        

",0.0,False
21,east,,"message:


language observation:
doorway near east
dark area near east
horizontal wall near southeast, south, and southwest
stairs up near westsouthwest
vertical wall near west
horizontal wall adjacent north, northeast, and northwest

cursor:
Yourself a rogue
(x=68, y=17)

map:
                                                                                
                                                                                
                                                                                
                                                                                
                                                                                
                                                                                
                                                                                
                                                                                
                                                                                
                                                                                
                                                                                
                                                                                
                                                                                
                                                                                
                                                                                
                                                                ---------       
                                                                |...@....       
                                                                |.......|       
                                                                |<......|       
                                                                ---------       
                                                                                
Agent the Footpad              St:13 Dx:17 Co:13 In:11 Wi:10 Ch:10 Chaotic S:0  
Dlvl:1 $:0 HP:12(12) Pw:2(2) AC:7 Xp:1/0                                        

",0.0,False
22,east,,"message:


language observation:
doorway near east
dark area near east
southeast corner near southeast
horizontal wall near south and southwest
stairs up near westsouthwest
vertical wall near west
horizontal wall adjacent north, northeast, and northwest

cursor:
Yourself a rogue
(x=69, y=17)

map:
                                                                                
                                                                                
                                                                                
                                                                                
                                                                                
                                                                                
                                                                                
                                                                                
                                                                                
                                                                                
                                                                                
                                                                                
                                                                                
                                                                                
                                                                                
                                                                ---------       
                                                                |....@...       
                                                                |.......|       
                                                                |<......|       
                                                                ---------       
                                                                                
Agent the Footpad              St:13 Dx:17 Co:13 In:11 Wi:10 Ch:10 Chaotic S:0  
Dlvl:1 $:0 HP:12(12) Pw:2(2) AC:7 Xp:1/0                                        

",0.0,False
23,open,,"message:
In what direction?

language observation:
doorway near east
dark area near east
southeast corner near southeast
horizontal wall near south and southwest
stairs up near westsouthwest
vertical wall near west
horizontal wall adjacent north, northeast, and northwest

cursor:

(x=19, y=0)

map:
                                                                                
                                                                                
                                                                                
                                                                                
                                                                                
                                                                                
                                                                                
                                                                                
                                                                                
                                                                                
                                                                                
                                                                                
                                                                                
                                                                                
                                                                                
                                                                ---------       
                                                                |....@...       
                                                                |.......|       
                                                                |<......|       
                                                                ---------       
                                                                                
Agent the Footpad              St:13 Dx:17 Co:13 In:11 Wi:10 Ch:10 Chaotic S:0  
Dlvl:1 $:0 HP:12(12) Pw:2(2) AC:7 Xp:1/0                                        

",0.0,False
24,east,"I will review my previous observations to understand the current state of the game. From the observations, I notice that I have been moving around a room with horizontal walls near the north, northeast, southeast, south, southwest, and northwest, and vertical walls near the east and west. I have also found the stairs up, but my goal is to find the stairs down. Since I have not found the stairs down yet, my plan is to continue exploring the room and searching for any hidden doors, secret passages, or gaps in the walls that could lead me to the stairs down. I will use the 'search' action to examine the room more closely and look for any clues or hidden features. If I don't find anything, I will try moving in different directions to see if I can find an opening or a gap in the walls. Given my current position and the layout of the room, I will start by moving east through the doorway to explore the dark area. I will also keep an eye out for any objects or items that could be useful in my quest to find the stairs down.","message:
You see no door there.

language observation:
doorway near east
dark area near east
southeast corner near southeast
horizontal wall near south and southwest
stairs up near westsouthwest
vertical wall near west
horizontal wall adjacent north, northeast, and northwest

cursor:
Yourself a rogue
(x=69, y=17)

map:
                                                                                
                                                                                
                                                                                
                                                                                
                                                                                
                                                                                
                                                                                
                                                                                
                                                                                
                                                                                
                                                                                
                                                                                
                                                                                
                                                                                
                                                                                
                                                                ---------       
                                                                |....@...       
                                                                |.......|       
                                                                |<......|       
                                                                ---------       
                                                                                
Agent the Footpad              St:13 Dx:17 Co:13 In:11 Wi:10 Ch:10 Chaotic S:0  
Dlvl:1 $:0 HP:12(12) Pw:2(2) AC:7 Xp:1/0                                        

",0.0,False
25,search,,"message:


language observation:
doorway near east
dark area near east
southeast corner near southeast
horizontal wall near south and southwest
stairs up near westsouthwest
vertical wall near west
horizontal wall adjacent north, northeast, and northwest

cursor:
Yourself a rogue
(x=69, y=17)

map:
                                                                                
                                                                                
                                                                                
                                                                                
                                                                                
                                                                                
                                                                                
                                                                                
                                                                                
                                                                                
                                                                                
                                                                                
                                                                                
                                                                                
                                                                                
                                                                ---------       
                                                                |....@...       
                                                                |.......|       
                                                                |<......|       
                                                                ---------       
                                                                                
Agent the Footpad              St:13 Dx:17 Co:13 In:11 Wi:10 Ch:10 Chaotic S:0  
Dlvl:1 $:0 HP:12(12) Pw:2(2) AC:7 Xp:1/0                                        

",0.0,False
26,east,,"message:


language observation:
vertical wall far west
dark area near east
horizontal wall near south and southwest
stairs up near westsouthwest
doorway very near east
vertical wall very near southeast
horizontal wall adjacent north, northeast, and northwest

cursor:
Yourself a rogue
(x=70, y=17)

map:
                                                                                
                                                                                
                                                                                
                                                                                
                                                                                
                                                                                
                                                                                
                                                                                
                                                                                
                                                                                
                                                                                
                                                                                
                                                                                
                                                                                
                                                                                
                                                                ---------       
                                                                |.....@..       
                                                                |.......|       
                                                                |<......|       
                                                                ---------       
                                                                                
Agent the Footpad              St:13 Dx:17 Co:13 In:11 Wi:10 Ch:10 Chaotic S:0  
Dlvl:1 $:0 HP:12(12) Pw:2(2) AC:7 Xp:1/0                                        

",0.0,False
27,east,,"message:


language observation:
stairs up far westsouthwest
vertical wall far west
horizontal wall near south and southwest
dark area very near east
horizontal wall adjacent north and northwest
northeast room corner adjacent northeast
doorway adjacent east
vertical wall adjacent southeast

cursor:
Yourself a rogue
(x=71, y=17)

map:
                                                                                
                                                                                
                                                                                
                                                                                
                                                                                
                                                                                
                                                                                
                                                                                
                                                                                
                                                                                
                                                                                
                                                                                
                                                                                
                                                                                
                                                                                
                                                                ---------       
                                                                |......@.       
                                                                |.......|       
                                                                |<......|       
                                                                ---------       
                                                                                
Agent the Footpad              St:13 Dx:17 Co:13 In:11 Wi:10 Ch:10 Chaotic S:0  
Dlvl:1 $:0 HP:12(12) Pw:2(2) AC:7 Xp:1/0                                        

",0.0,False
28,search,,"message:


language observation:
stairs up far westsouthwest
vertical wall far west
horizontal wall near south and southwest
dark area very near east
horizontal wall adjacent north and northwest
northeast room corner adjacent northeast
doorway adjacent east
vertical wall adjacent southeast

cursor:
Yourself a rogue
(x=71, y=17)

map:
                                                                                
                                                                                
                                                                                
                                                                                
                                                                                
                                                                                
                                                                                
                                                                                
                                                                                
                                                                                
                                                                                
                                                                                
                                                                                
                                                                                
                                                                                
                                                                ---------       
                                                                |......@.       
                                                                |.......|       
                                                                |<......|       
                                                                ---------       
                                                                                
Agent the Footpad              St:13 Dx:17 Co:13 In:11 Wi:10 Ch:10 Chaotic S:0  
Dlvl:1 $:0 HP:12(12) Pw:2(2) AC:7 Xp:1/0                                        

",0.0,False
29,east,,"message:


language observation:
stairs up far westsouthwest
vertical wall far west
horizontal wall near southwest
dark area very near northeast and east
northeast room corner adjacent north
dark area adjacent southeast
vertical wall adjacent south
horizontal wall adjacent northwest

cursor:
Yourself a rogue
(x=72, y=17)

map:
                                                                                
                                                                                
                                                                                
                                                                                
                                                                                
                                                                                
                                                                                
                                                                                
                                                                                
                                                                                
                                                                                
                                                                                
                                                                                
                                                                                
                                                                                
                                                                ---------#      
                                                                |.......@#      
                                                                |.......|       
                                                                |<......|       
                                                                ---------       
                                                                                
Agent the Footpad              St:13 Dx:17 Co:13 In:11 Wi:10 Ch:10 Chaotic S:0  
Dlvl:1 $:0 HP:12(12) Pw:2(2) AC:7 Xp:1/0                                        

",0.0,False
30,northwest,"I will review my previous observations to understand the current state of the game. From the observations, I notice that I have been moving around a room with horizontal walls near the north, northeast, southeast, south, southwest, and northwest, and vertical walls near the east and west. I have also found the stairs up, but my goal is to find the stairs down. Since I have not found the stairs down yet, my plan is to continue exploring the room and searching for any hidden doors, secret passages, or gaps in the walls that could lead me to the stairs down. I will use the 'search' action to examine the room more closely and look for any clues or hidden features. If I don't find anything, I will try moving in different directions to see if I can find an opening or a gap in the walls. Given my current position and the layout of the room, I will start by moving in the direction that seems most likely to lead me to the stairs down or to a new area. I will also keep an eye out for any objects or items that could be useful in my quest to find the stairs down.","message:
It's a wall.

language observation:
stairs up far westsouthwest
vertical wall far west
horizontal wall near southwest
dark area very near northeast and east
northeast room corner adjacent north
dark area adjacent southeast
vertical wall adjacent south
horizontal wall adjacent northwest

cursor:
Yourself a rogue
(x=72, y=17)

map:
                                                                                
                                                                                
                                                                                
                                                                                
                                                                                
                                                                                
                                                                                
                                                                                
                                                                                
                                                                                
                                                                                
                                                                                
                                                                                
                                                                                
                                                                                
                                                                ---------#      
                                                                |.......@#      
                                                                |.......|       
                                                                |<......|       
                                                                ---------       
                                                                                
Agent the Footpad              St:13 Dx:17 Co:13 In:11 Wi:10 Ch:10 Chaotic S:0  
Dlvl:1 $:0 HP:12(12) Pw:2(2) AC:7 Xp:1/0                                        

",0.0,False
31,search,,"message:


language observation:
stairs up far westsouthwest
vertical wall far west
horizontal wall near southwest
dark area very near northeast and east
northeast room corner adjacent north
dark area adjacent southeast
vertical wall adjacent south
horizontal wall adjacent northwest

cursor:
Yourself a rogue
(x=72, y=17)

map:
                                                                                
                                                                                
                                                                                
                                                                                
                                                                                
                                                                                
                                                                                
                                                                                
                                                                                
                                                                                
                                                                                
                                                                                
                                                                                
                                                                                
                                                                                
                                                                ---------#      
                                                                |.......@#      
                                                                |.......|       
                                                                |<......|       
                                                                ---------       
                                                                                
Agent the Footpad              St:13 Dx:17 Co:13 In:11 Wi:10 Ch:10 Chaotic S:0  
Dlvl:1 $:0 HP:12(12) Pw:2(2) AC:7 Xp:1/0                                        

",0.0,False
32,south,,"message:
It's a wall.

language observation:
stairs up far westsouthwest
vertical wall far west
horizontal wall near southwest
dark area very near northeast and east
northeast room corner adjacent north
dark area adjacent southeast
vertical wall adjacent south
horizontal wall adjacent northwest

cursor:
Yourself a rogue
(x=72, y=17)

map:
                                                                                
                                                                                
                                                                                
                                                                                
                                                                                
                                                                                
                                                                                
                                                                                
                                                                                
                                                                                
                                                                                
                                                                                
                                                                                
                                                                                
                                                                                
                                                                ---------#      
                                                                |.......@#      
                                                                |.......|       
                                                                |<......|       
                                                                ---------       
                                                                                
Agent the Footpad              St:13 Dx:17 Co:13 In:11 Wi:10 Ch:10 Chaotic S:0  
Dlvl:1 $:0 HP:12(12) Pw:2(2) AC:7 Xp:1/0                                        

",0.0,False
33,east,,"message:


language observation:
stairs up far westsouthwest
vertical wall far west
dark area very near north
dark area adjacent northeast, east, southeast, and south
vertical wall adjacent southwest
doorway adjacent west
northeast room corner adjacent northwest

cursor:
Yourself a rogue
(x=73, y=17)

map:
                                                                                
                                                                                
                                                                                
                                                                                
                                                                                
                                                                                
                                                                                
                                                                                
                                                                                
                                                                                
                                                                                
                                                                                
                                                                                
                                                                                
                                                                                
                                                                ---------#      
                                                                |........@      
                                                                |.......|       
                                                                |<......|       
                                                                ---------       
                                                                                
Agent the Footpad              St:13 Dx:17 Co:13 In:11 Wi:10 Ch:10 Chaotic S:0  
Dlvl:1 $:0 HP:12(12) Pw:2(2) AC:7 Xp:1/0                                        

",0.0,False
34,west,,"message:


language observation:
stairs up far westsouthwest
vertical wall far west
horizontal wall near southwest
dark area very near northeast and east
northeast room corner adjacent north
dark area adjacent southeast
vertical wall adjacent south
horizontal wall adjacent northwest

cursor:
Yourself a rogue
(x=72, y=17)

map:
                                                                                
                                                                                
                                                                                
                                                                                
                                                                                
                                                                                
                                                                                
                                                                                
                                                                                
                                                                                
                                                                                
                                                                                
                                                                                
                                                                                
                                                                                
                                                                ---------#      
                                                                |.......@#      
                                                                |.......|       
                                                                |<......|       
                                                                ---------       
                                                                                
Agent the Footpad              St:13 Dx:17 Co:13 In:11 Wi:10 Ch:10 Chaotic S:0  
Dlvl:1 $:0 HP:12(12) Pw:2(2) AC:7 Xp:1/0                                        

",0.0,False
35,northwest,,"message:
It's a wall.

language observation:
stairs up far westsouthwest
vertical wall far west
horizontal wall near southwest
dark area very near northeast and east
northeast room corner adjacent north
dark area adjacent southeast
vertical wall adjacent south
horizontal wall adjacent northwest

cursor:
Yourself a rogue
(x=72, y=17)

map:
                                                                                
                                                                                
                                                                                
                                                                                
                                                                                
                                                                                
                                                                                
                                                                                
                                                                                
                                                                                
                                                                                
                                                                                
                                                                                
                                                                                
                                                                                
                                                                ---------#      
                                                                |.......@#      
                                                                |.......|       
                                                                |<......|       
                                                                ---------       
                                                                                
Agent the Footpad              St:13 Dx:17 Co:13 In:11 Wi:10 Ch:10 Chaotic S:0  
Dlvl:1 $:0 HP:12(12) Pw:2(2) AC:7 Xp:1/0                                        

",0.0,False
36,search,"I will review my previous observations to understand the layout of the room and the location of the stairs up. Since my goal is to find the stairs down, I will look for any openings or gaps in the walls that could lead me to a new area. I have already tried moving in different directions and found that some of them are blocked by walls. I will use the 'search' action to examine the room more closely and look for any hidden doors or secret passages. If I don't find anything, I will try using my lock pick to see if there are any locked doors or chests that I can open. I will also keep an eye out for any objects or items that could be useful in my quest to find the stairs down.","message:


language observation:
stairs up far westsouthwest
vertical wall far west
horizontal wall near southwest
dark area very near northeast and east
northeast room corner adjacent north
dark area adjacent southeast
vertical wall adjacent south
horizontal wall adjacent northwest

cursor:
Yourself a rogue
(x=72, y=17)

map:
                                                                                
                                                                                
                                                                                
                                                                                
                                                                                
                                                                                
                                                                                
                                                                                
                                                                                
                                                                                
                                                                                
                                                                                
                                                                                
                                                                                
                                                                                
                                                                ---------#      
                                                                |.......@#      
                                                                |.......|       
                                                                |<......|       
                                                                ---------       
                                                                                
Agent the Footpad              St:13 Dx:17 Co:13 In:11 Wi:10 Ch:10 Chaotic S:0  
Dlvl:1 $:0 HP:12(12) Pw:2(2) AC:7 Xp:1/0                                        

",0.0,False
37,north,,"message:
It's a wall.

language observation:
stairs up far westsouthwest
vertical wall far west
horizontal wall near southwest
dark area very near northeast and east
northeast room corner adjacent north
dark area adjacent southeast
vertical wall adjacent south
horizontal wall adjacent northwest

cursor:
Yourself a rogue
(x=72, y=17)

map:
                                                                                
                                                                                
                                                                                
                                                                                
                                                                                
                                                                                
                                                                                
                                                                                
                                                                                
                                                                                
                                                                                
                                                                                
                                                                                
                                                                                
                                                                                
                                                                ---------#      
                                                                |.......@#      
                                                                |.......|       
                                                                |<......|       
                                                                ---------       
                                                                                
Agent the Footpad              St:13 Dx:17 Co:13 In:11 Wi:10 Ch:10 Chaotic S:0  
Dlvl:1 $:0 HP:12(12) Pw:2(2) AC:7 Xp:1/0                                        

",0.0,False
38,search,,"message:


language observation:
stairs up far westsouthwest
vertical wall far west
horizontal wall near southwest
dark area very near northeast and east
northeast room corner adjacent north
dark area adjacent southeast
vertical wall adjacent south
horizontal wall adjacent northwest

cursor:
Yourself a rogue
(x=72, y=17)

map:
                                                                                
                                                                                
                                                                                
                                                                                
                                                                                
                                                                                
                                                                                
                                                                                
                                                                                
                                                                                
                                                                                
                                                                                
                                                                                
                                                                                
                                                                                
                                                                ---------#      
                                                                |.......@#      
                                                                |.......|       
                                                                |<......|       
                                                                ---------       
                                                                                
Agent the Footpad              St:13 Dx:17 Co:13 In:11 Wi:10 Ch:10 Chaotic S:0  
Dlvl:1 $:0 HP:12(12) Pw:2(2) AC:7 Xp:1/0                                        

",0.0,False
39,west,,"message:


language observation:
stairs up far westsouthwest
vertical wall far west
dark area near east
horizontal wall near south and southwest
horizontal wall adjacent north and northwest
northeast room corner adjacent northeast
doorway adjacent east
vertical wall adjacent southeast

cursor:
Yourself a rogue
(x=71, y=17)

map:
                                                                                
                                                                                
                                                                                
                                                                                
                                                                                
                                                                                
                                                                                
                                                                                
                                                                                
                                                                                
                                                                                
                                                                                
                                                                                
                                                                                
                                                                                
                                                                ---------#      
                                                                |......@.#      
                                                                |.......|       
                                                                |<......|       
                                                                ---------       
                                                                                
Agent the Footpad              St:13 Dx:17 Co:13 In:11 Wi:10 Ch:10 Chaotic S:0  
Dlvl:1 $:0 HP:12(12) Pw:2(2) AC:7 Xp:1/0                                        

",0.0,False
40,east,,"message:


language observation:
stairs up far westsouthwest
vertical wall far west
horizontal wall near southwest
dark area very near northeast and east
northeast room corner adjacent north
dark area adjacent southeast
vertical wall adjacent south
horizontal wall adjacent northwest

cursor:
Yourself a rogue
(x=72, y=17)

map:
                                                                                
                                                                                
                                                                                
                                                                                
                                                                                
                                                                                
                                                                                
                                                                                
                                                                                
                                                                                
                                                                                
                                                                                
                                                                                
                                                                                
                                                                                
                                                                ---------#      
                                                                |.......@#      
                                                                |.......|       
                                                                |<......|       
                                                                ---------       
                                                                                
Agent the Footpad              St:13 Dx:17 Co:13 In:11 Wi:10 Ch:10 Chaotic S:0  
Dlvl:1 $:0 HP:12(12) Pw:2(2) AC:7 Xp:1/0                                        

",0.0,False
41,search,,"message:


language observation:
stairs up far westsouthwest
vertical wall far west
horizontal wall near southwest
dark area very near northeast and east
northeast room corner adjacent north
dark area adjacent southeast
vertical wall adjacent south
horizontal wall adjacent northwest

cursor:
Yourself a rogue
(x=72, y=17)

map:
                                                                                
                                                                                
                                                                                
                                                                                
                                                                                
                                                                                
                                                                                
                                                                                
                                                                                
                                                                                
                                                                                
                                                                                
                                                                                
                                                                                
                                                                                
                                                                ---------#      
                                                                |.......@#      
                                                                |.......|       
                                                                |<......|       
                                                                ---------       
                                                                                
Agent the Footpad              St:13 Dx:17 Co:13 In:11 Wi:10 Ch:10 Chaotic S:0  
Dlvl:1 $:0 HP:12(12) Pw:2(2) AC:7 Xp:1/0                                        

",0.0,False
42,search,"I will review my previous observations to understand the layout of the room and the location of the stairs up. Since my goal is to find the stairs down, I will look for any openings or gaps in the walls that could lead me to a new area. I have already tried moving in different directions and found that some of them are blocked by walls. I will use the 'search' action to examine the room more closely and look for any hidden doors or secret passages. If I don't find anything, I will try moving in different directions again to see if I can find a way out of the room. I will also keep an eye out for any objects or items that could be useful in my quest to find the stairs down.","message:


language observation:
stairs up far westsouthwest
vertical wall far west
horizontal wall near southwest
dark area very near northeast and east
northeast room corner adjacent north
dark area adjacent southeast
vertical wall adjacent south
horizontal wall adjacent northwest

cursor:
Yourself a rogue
(x=72, y=17)

map:
                                                                                
                                                                                
                                                                                
                                                                                
                                                                                
                                                                                
                                                                                
                                                                                
                                                                                
                                                                                
                                                                                
                                                                                
                                                                                
                                                                                
                                                                                
                                                                ---------#      
                                                                |.......@#      
                                                                |.......|       
                                                                |<......|       
                                                                ---------       
                                                                                
Agent the Footpad              St:13 Dx:17 Co:13 In:11 Wi:10 Ch:10 Chaotic S:0  
Dlvl:1 $:0 HP:12(12) Pw:2(2) AC:7 Xp:1/0                                        

",0.0,False
43,east,,"message:


language observation:
stairs up far westsouthwest
vertical wall far west
dark area very near north
dark area adjacent northeast, east, southeast, and south
vertical wall adjacent southwest
doorway adjacent west
northeast room corner adjacent northwest

cursor:
Yourself a rogue
(x=73, y=17)

map:
                                                                                
                                                                                
                                                                                
                                                                                
                                                                                
                                                                                
                                                                                
                                                                                
                                                                                
                                                                                
                                                                                
                                                                                
                                                                                
                                                                                
                                                                                
                                                                ---------#      
                                                                |........@      
                                                                |.......|       
                                                                |<......|       
                                                                ---------       
                                                                                
Agent the Footpad              St:13 Dx:17 Co:13 In:11 Wi:10 Ch:10 Chaotic S:0  
Dlvl:1 $:0 HP:12(12) Pw:2(2) AC:7 Xp:1/0                                        

",0.0,False
44,west,,"message:


language observation:
stairs up far westsouthwest
vertical wall far west
horizontal wall near southwest
dark area very near northeast and east
northeast room corner adjacent north
dark area adjacent southeast
vertical wall adjacent south
horizontal wall adjacent northwest

cursor:
Yourself a rogue
(x=72, y=17)

map:
                                                                                
                                                                                
                                                                                
                                                                                
                                                                                
                                                                                
                                                                                
                                                                                
                                                                                
                                                                                
                                                                                
                                                                                
                                                                                
                                                                                
                                                                                
                                                                ---------#      
                                                                |.......@#      
                                                                |.......|       
                                                                |<......|       
                                                                ---------       
                                                                                
Agent the Footpad              St:13 Dx:17 Co:13 In:11 Wi:10 Ch:10 Chaotic S:0  
Dlvl:1 $:0 HP:12(12) Pw:2(2) AC:7 Xp:1/0                                        

",0.0,False
45,north,,"message:
It's a wall.

language observation:
stairs up far westsouthwest
vertical wall far west
horizontal wall near southwest
dark area very near northeast and east
northeast room corner adjacent north
dark area adjacent southeast
vertical wall adjacent south
horizontal wall adjacent northwest

cursor:
Yourself a rogue
(x=72, y=17)

map:
                                                                                
                                                                                
                                                                                
                                                                                
                                                                                
                                                                                
                                                                                
                                                                                
                                                                                
                                                                                
                                                                                
                                                                                
                                                                                
                                                                                
                                                                                
                                                                ---------#      
                                                                |.......@#      
                                                                |.......|       
                                                                |<......|       
                                                                ---------       
                                                                                
Agent the Footpad              St:13 Dx:17 Co:13 In:11 Wi:10 Ch:10 Chaotic S:0  
Dlvl:1 $:0 HP:12(12) Pw:2(2) AC:7 Xp:1/0                                        

",0.0,False
46,east,,"message:


language observation:
stairs up far westsouthwest
vertical wall far west
dark area very near north
dark area adjacent northeast, east, southeast, and south
vertical wall adjacent southwest
doorway adjacent west
northeast room corner adjacent northwest

cursor:
Yourself a rogue
(x=73, y=17)

map:
                                                                                
                                                                                
                                                                                
                                                                                
                                                                                
                                                                                
                                                                                
                                                                                
                                                                                
                                                                                
                                                                                
                                                                                
                                                                                
                                                                                
                                                                                
                                                                ---------#      
                                                                |........@      
                                                                |.......|       
                                                                |<......|       
                                                                ---------       
                                                                                
Agent the Footpad              St:13 Dx:17 Co:13 In:11 Wi:10 Ch:10 Chaotic S:0  
Dlvl:1 $:0 HP:12(12) Pw:2(2) AC:7 Xp:1/0                                        

",0.0,False
47,west,,"message:


language observation:
stairs up far westsouthwest
vertical wall far west
horizontal wall near southwest
dark area very near northeast and east
northeast room corner adjacent north
dark area adjacent southeast
vertical wall adjacent south
horizontal wall adjacent northwest

cursor:
Yourself a rogue
(x=72, y=17)

map:
                                                                                
                                                                                
                                                                                
                                                                                
                                                                                
                                                                                
                                                                                
                                                                                
                                                                                
                                                                                
                                                                                
                                                                                
                                                                                
                                                                                
                                                                                
                                                                ---------#      
                                                                |.......@#      
                                                                |.......|       
                                                                |<......|       
                                                                ---------       
                                                                                
Agent the Footpad              St:13 Dx:17 Co:13 In:11 Wi:10 Ch:10 Chaotic S:0  
Dlvl:1 $:0 HP:12(12) Pw:2(2) AC:7 Xp:1/0                                        

",0.0,False
48,east,"I will review my previous observations to understand the layout of the room and the location of the stairs up. Since my goal is to find the stairs down, I will look for any openings or gaps in the walls that could lead me to a new area. I have already tried moving in different directions and found that some of them are blocked by walls. I will use the 'search' action to examine the room more closely and look for any hidden doors or secret passages. If I don't find anything, I will try moving in different directions again to see if I can find a way out of the room. I will also keep an eye out for any objects or items that could be useful in my quest to find the stairs down. Given the current map and observations, my next step will be to move east and explore the dark area adjacent to my current position.","message:


language observation:
stairs up far westsouthwest
vertical wall far west
dark area very near north
dark area adjacent northeast, east, southeast, and south
vertical wall adjacent southwest
doorway adjacent west
northeast room corner adjacent northwest

cursor:
Yourself a rogue
(x=73, y=17)

map:
                                                                                
                                                                                
                                                                                
                                                                                
                                                                                
                                                                                
                                                                                
                                                                                
                                                                                
                                                                                
                                                                                
                                                                                
                                                                                
                                                                                
                                                                                
                                                                ---------#      
                                                                |........@      
                                                                |.......|       
                                                                |<......|       
                                                                ---------       
                                                                                
Agent the Footpad              St:13 Dx:17 Co:13 In:11 Wi:10 Ch:10 Chaotic S:0  
Dlvl:1 $:0 HP:12(12) Pw:2(2) AC:7 Xp:1/0                                        

",0.0,False
49,search,,"message:


language observation:
stairs up far westsouthwest
vertical wall far west
dark area very near north
dark area adjacent northeast, east, southeast, and south
vertical wall adjacent southwest
doorway adjacent west
northeast room corner adjacent northwest

cursor:
Yourself a rogue
(x=73, y=17)

map:
                                                                                
                                                                                
                                                                                
                                                                                
                                                                                
                                                                                
                                                                                
                                                                                
                                                                                
                                                                                
                                                                                
                                                                                
                                                                                
                                                                                
                                                                                
                                                                ---------#      
                                                                |........@      
                                                                |.......|       
                                                                |<......|       
                                                                ---------       
                                                                                
Agent the Footpad              St:13 Dx:17 Co:13 In:11 Wi:10 Ch:10 Chaotic S:0  
Dlvl:1 $:0 HP:12(12) Pw:2(2) AC:7 Xp:1/0                                        

",0.0,False
50,west,,"message:


language observation:
stairs up far westsouthwest
vertical wall far west
horizontal wall near southwest
dark area very near northeast and east
northeast room corner adjacent north
dark area adjacent southeast
vertical wall adjacent south
horizontal wall adjacent northwest

cursor:
Yourself a rogue
(x=72, y=17)

map:
                                                                                
                                                                                
                                                                                
                                                                                
                                                                                
                                                                                
                                                                                
                                                                                
                                                                                
                                                                                
                                                                                
                                                                                
                                                                                
                                                                                
                                                                                
                                                                ---------#      
                                                                |.......@#      
                                                                |.......|       
                                                                |<......|       
                                                                ---------       
                                                                                
Agent the Footpad              St:13 Dx:17 Co:13 In:11 Wi:10 Ch:10 Chaotic S:0  
Dlvl:1 $:0 HP:12(12) Pw:2(2) AC:7 Xp:1/0                                        

",0.0,False
51,east,,"message:


language observation:
stairs up far westsouthwest
vertical wall far west
dark area very near north
dark area adjacent northeast, east, southeast, and south
vertical wall adjacent southwest
doorway adjacent west
northeast room corner adjacent northwest

cursor:
Yourself a rogue
(x=73, y=17)

map:
                                                                                
                                                                                
                                                                                
                                                                                
                                                                                
                                                                                
                                                                                
                                                                                
                                                                                
                                                                                
                                                                                
                                                                                
                                                                                
                                                                                
                                                                                
                                                                ---------#      
                                                                |........@      
                                                                |.......|       
                                                                |<......|       
                                                                ---------       
                                                                                
Agent the Footpad              St:13 Dx:17 Co:13 In:11 Wi:10 Ch:10 Chaotic S:0  
Dlvl:1 $:0 HP:12(12) Pw:2(2) AC:7 Xp:1/0                                        

",0.0,False
52,search,,"message:


language observation:
stairs up far westsouthwest
vertical wall far west
dark area very near north
dark area adjacent northeast, east, southeast, and south
vertical wall adjacent southwest
doorway adjacent west
northeast room corner adjacent northwest

cursor:
Yourself a rogue
(x=73, y=17)

map:
                                                                                
                                                                                
                                                                                
                                                                                
                                                                                
                                                                                
                                                                                
                                                                                
                                                                                
                                                                                
                                                                                
                                                                                
                                                                                
                                                                                
                                                                                
                                                                ---------#      
                                                                |........@      
                                                                |.......|       
                                                                |<......|       
                                                                ---------       
                                                                                
Agent the Footpad              St:13 Dx:17 Co:13 In:11 Wi:10 Ch:10 Chaotic S:0  
Dlvl:1 $:0 HP:12(12) Pw:2(2) AC:7 Xp:1/0                                        

",0.0,False
53,northwest,,"message:
It's a wall.

language observation:
stairs up far westsouthwest
vertical wall far west
dark area very near north
dark area adjacent northeast, east, southeast, and south
vertical wall adjacent southwest
doorway adjacent west
northeast room corner adjacent northwest

cursor:
Yourself a rogue
(x=73, y=17)

map:
                                                                                
                                                                                
                                                                                
                                                                                
                                                                                
                                                                                
                                                                                
                                                                                
                                                                                
                                                                                
                                                                                
                                                                                
                                                                                
                                                                                
                                                                                
                                                                ---------#      
                                                                |........@      
                                                                |.......|       
                                                                |<......|       
                                                                ---------       
                                                                                
Agent the Footpad              St:13 Dx:17 Co:13 In:11 Wi:10 Ch:10 Chaotic S:0  
Dlvl:1 $:0 HP:12(12) Pw:2(2) AC:7 Xp:1/0                                        

",0.0,False
54,search,"To complete the task, I will first review my previous observations to understand the layout of the room and the location of the stairs up. Since my goal is to find the stairs down, I will look for any openings or gaps in the walls that could lead me to a new area. I have already tried moving in different directions and found that some of them are blocked by walls. I will use the 'search' action to examine the room more closely and look for any hidden doors or secret passages. If I don't find anything, I will try moving in different directions again to see if I can find a way out of the room. I will also keep an eye out for any objects or items that could be useful in my quest to find the stairs down. Given the current map and observations, my next step will be to methodically explore the room and surrounding areas to gather more information and find a path forward.","message:


language observation:
stairs up far westsouthwest
vertical wall far west
dark area very near north
dark area adjacent northeast, east, southeast, and south
vertical wall adjacent southwest
doorway adjacent west
northeast room corner adjacent northwest

cursor:
Yourself a rogue
(x=73, y=17)

map:
                                                                                
                                                                                
                                                                                
                                                                                
                                                                                
                                                                                
                                                                                
                                                                                
                                                                                
                                                                                
                                                                                
                                                                                
                                                                                
                                                                                
                                                                                
                                                                ---------#      
                                                                |........@      
                                                                |.......|       
                                                                |<......|       
                                                                ---------       
                                                                                
Agent the Footpad              St:13 Dx:17 Co:13 In:11 Wi:10 Ch:10 Chaotic S:0  
Dlvl:1 $:0 HP:12(12) Pw:2(2) AC:7 Xp:1/0                                        

",0.0,False
55,west,,"message:


language observation:
stairs up far westsouthwest
vertical wall far west
horizontal wall near southwest
dark area very near northeast and east
northeast room corner adjacent north
dark area adjacent southeast
vertical wall adjacent south
horizontal wall adjacent northwest

cursor:
Yourself a rogue
(x=72, y=17)

map:
                                                                                
                                                                                
                                                                                
                                                                                
                                                                                
                                                                                
                                                                                
                                                                                
                                                                                
                                                                                
                                                                                
                                                                                
                                                                                
                                                                                
                                                                                
                                                                ---------#      
                                                                |.......@#      
                                                                |.......|       
                                                                |<......|       
                                                                ---------       
                                                                                
Agent the Footpad              St:13 Dx:17 Co:13 In:11 Wi:10 Ch:10 Chaotic S:0  
Dlvl:1 $:0 HP:12(12) Pw:2(2) AC:7 Xp:1/0                                        

",0.0,False
56,search,,"message:


language observation:
stairs up far westsouthwest
vertical wall far west
horizontal wall near southwest
dark area very near northeast and east
northeast room corner adjacent north
dark area adjacent southeast
vertical wall adjacent south
horizontal wall adjacent northwest

cursor:
Yourself a rogue
(x=72, y=17)

map:
                                                                                
                                                                                
                                                                                
                                                                                
                                                                                
                                                                                
                                                                                
                                                                                
                                                                                
                                                                                
                                                                                
                                                                                
                                                                                
                                                                                
                                                                                
                                                                ---------#      
                                                                |.......@#      
                                                                |.......|       
                                                                |<......|       
                                                                ---------       
                                                                                
Agent the Footpad              St:13 Dx:17 Co:13 In:11 Wi:10 Ch:10 Chaotic S:0  
Dlvl:1 $:0 HP:12(12) Pw:2(2) AC:7 Xp:1/0                                        

",0.0,False
57,northwest,,"message:
It's a wall.

language observation:
stairs up far westsouthwest
vertical wall far west
horizontal wall near southwest
dark area very near northeast and east
northeast room corner adjacent north
dark area adjacent southeast
vertical wall adjacent south
horizontal wall adjacent northwest

cursor:
Yourself a rogue
(x=72, y=17)

map:
                                                                                
                                                                                
                                                                                
                                                                                
                                                                                
                                                                                
                                                                                
                                                                                
                                                                                
                                                                                
                                                                                
                                                                                
                                                                                
                                                                                
                                                                                
                                                                ---------#      
                                                                |.......@#      
                                                                |.......|       
                                                                |<......|       
                                                                ---------       
                                                                                
Agent the Footpad              St:13 Dx:17 Co:13 In:11 Wi:10 Ch:10 Chaotic S:0  
Dlvl:1 $:0 HP:12(12) Pw:2(2) AC:7 Xp:1/0                                        

",0.0,False
58,south,,"message:
It's a wall.

language observation:
stairs up far westsouthwest
vertical wall far west
horizontal wall near southwest
dark area very near northeast and east
northeast room corner adjacent north
dark area adjacent southeast
vertical wall adjacent south
horizontal wall adjacent northwest

cursor:
Yourself a rogue
(x=72, y=17)

map:
                                                                                
                                                                                
                                                                                
                                                                                
                                                                                
                                                                                
                                                                                
                                                                                
                                                                                
                                                                                
                                                                                
                                                                                
                                                                                
                                                                                
                                                                                
                                                                ---------#      
                                                                |.......@#      
                                                                |.......|       
                                                                |<......|       
                                                                ---------       
                                                                                
Agent the Footpad              St:13 Dx:17 Co:13 In:11 Wi:10 Ch:10 Chaotic S:0  
Dlvl:1 $:0 HP:12(12) Pw:2(2) AC:7 Xp:1/0                                        

",0.0,False
59,north,,"message:
It's a wall.

language observation:
stairs up far westsouthwest
vertical wall far west
horizontal wall near southwest
dark area very near northeast and east
northeast room corner adjacent north
dark area adjacent southeast
vertical wall adjacent south
horizontal wall adjacent northwest

cursor:
Yourself a rogue
(x=72, y=17)

map:
                                                                                
                                                                                
                                                                                
                                                                                
                                                                                
                                                                                
                                                                                
                                                                                
                                                                                
                                                                                
                                                                                
                                                                                
                                                                                
                                                                                
                                                                                
                                                                ---------#      
                                                                |.......@#      
                                                                |.......|       
                                                                |<......|       
                                                                ---------       
                                                                                
Agent the Footpad              St:13 Dx:17 Co:13 In:11 Wi:10 Ch:10 Chaotic S:0  
Dlvl:1 $:0 HP:12(12) Pw:2(2) AC:7 Xp:1/0                                        

",0.0,False
60,east,"To complete the task, I will first review my previous observations to understand the layout of the room and the location of the stairs up. Since my goal is to find the stairs down, I will look for any openings or gaps in the walls that could lead me to a new area. I have already tried moving in different directions and found that some of them are blocked by walls. I will use the 'search' action to examine the room more closely and look for any hidden doors or secret passages. If I don't find anything, I will try moving in different directions again to see if I can find a way out of the room. I will also keep an eye out for any objects or items that could be useful in my quest to find the stairs down. Given the current map and observations, my next step will be to methodically explore the room and surrounding areas to gather more information and find a path forward. I will prioritize searching the area to the east, as it appears to be a dark area that may contain hidden passages or doors. If searching does not yield any results, I will attempt to move east to explore the dark area further.","message:


language observation:
stairs up far westsouthwest
vertical wall far west
dark area very near north
dark area adjacent northeast, east, southeast, and south
vertical wall adjacent southwest
doorway adjacent west
northeast room corner adjacent northwest

cursor:
Yourself a rogue
(x=73, y=17)

map:
                                                                                
                                                                                
                                                                                
                                                                                
                                                                                
                                                                                
                                                                                
                                                                                
                                                                                
                                                                                
                                                                                
                                                                                
                                                                                
                                                                                
                                                                                
                                                                ---------#      
                                                                |........@      
                                                                |.......|       
                                                                |<......|       
                                                                ---------       
                                                                                
Agent the Footpad              St:13 Dx:17 Co:13 In:11 Wi:10 Ch:10 Chaotic S:0  
Dlvl:1 $:0 HP:12(12) Pw:2(2) AC:7 Xp:1/0                                        

",0.0,False
61,search,,"message:


language observation:
stairs up far westsouthwest
vertical wall far west
dark area very near north
dark area adjacent northeast, east, southeast, and south
vertical wall adjacent southwest
doorway adjacent west
northeast room corner adjacent northwest

cursor:
Yourself a rogue
(x=73, y=17)

map:
                                                                                
                                                                                
                                                                                
                                                                                
                                                                                
                                                                                
                                                                                
                                                                                
                                                                                
                                                                                
                                                                                
                                                                                
                                                                                
                                                                                
                                                                                
                                                                ---------#      
                                                                |........@      
                                                                |.......|       
                                                                |<......|       
                                                                ---------       
                                                                                
Agent the Footpad              St:13 Dx:17 Co:13 In:11 Wi:10 Ch:10 Chaotic S:0  
Dlvl:1 $:0 HP:12(12) Pw:2(2) AC:7 Xp:1/0                                        

",0.0,False
62,east,,"message:
It's solid stone.

language observation:
stairs up far westsouthwest
vertical wall far west
dark area very near north
dark area adjacent northeast, east, southeast, and south
vertical wall adjacent southwest
doorway adjacent west
northeast room corner adjacent northwest

cursor:
Yourself a rogue
(x=73, y=17)

map:
                                                                                
                                                                                
                                                                                
                                                                                
                                                                                
                                                                                
                                                                                
                                                                                
                                                                                
                                                                                
                                                                                
                                                                                
                                                                                
                                                                                
                                                                                
                                                                ---------#      
                                                                |........@      
                                                                |.......|       
                                                                |<......|       
                                                                ---------       
                                                                                
Agent the Footpad              St:13 Dx:17 Co:13 In:11 Wi:10 Ch:10 Chaotic S:0  
Dlvl:1 $:0 HP:12(12) Pw:2(2) AC:7 Xp:1/0                                        

",0.0,False
63,west,,"message:


language observation:
stairs up far westsouthwest
vertical wall far west
horizontal wall near southwest
dark area very near northeast and east
northeast room corner adjacent north
dark area adjacent southeast
vertical wall adjacent south
horizontal wall adjacent northwest

cursor:
Yourself a rogue
(x=72, y=17)

map:
                                                                                
                                                                                
                                                                                
                                                                                
                                                                                
                                                                                
                                                                                
                                                                                
                                                                                
                                                                                
                                                                                
                                                                                
                                                                                
                                                                                
                                                                                
                                                                ---------#      
                                                                |.......@#      
                                                                |.......|       
                                                                |<......|       
                                                                ---------       
                                                                                
Agent the Footpad              St:13 Dx:17 Co:13 In:11 Wi:10 Ch:10 Chaotic S:0  
Dlvl:1 $:0 HP:12(12) Pw:2(2) AC:7 Xp:1/0                                        

",0.0,False
64,north,,"message:
It's a wall.

language observation:
stairs up far westsouthwest
vertical wall far west
horizontal wall near southwest
dark area very near northeast and east
northeast room corner adjacent north
dark area adjacent southeast
vertical wall adjacent south
horizontal wall adjacent northwest

cursor:
Yourself a rogue
(x=72, y=17)

map:
                                                                                
                                                                                
                                                                                
                                                                                
                                                                                
                                                                                
                                                                                
                                                                                
                                                                                
                                                                                
                                                                                
                                                                                
                                                                                
                                                                                
                                                                                
                                                                ---------#      
                                                                |.......@#      
                                                                |.......|       
                                                                |<......|       
                                                                ---------       
                                                                                
Agent the Footpad              St:13 Dx:17 Co:13 In:11 Wi:10 Ch:10 Chaotic S:0  
Dlvl:1 $:0 HP:12(12) Pw:2(2) AC:7 Xp:1/0                                        

",0.0,False
65,search,,"message:


language observation:
stairs up far westsouthwest
vertical wall far west
horizontal wall near southwest
dark area very near northeast and east
northeast room corner adjacent north
dark area adjacent southeast
vertical wall adjacent south
horizontal wall adjacent northwest

cursor:
Yourself a rogue
(x=72, y=17)

map:
                                                                                
                                                                                
                                                                                
                                                                                
                                                                                
                                                                                
                                                                                
                                                                                
                                                                                
                                                                                
                                                                                
                                                                                
                                                                                
                                                                                
                                                                                
                                                                ---------#      
                                                                |.......@#      
                                                                |.......|       
                                                                |<......|       
                                                                ---------       
                                                                                
Agent the Footpad              St:13 Dx:17 Co:13 In:11 Wi:10 Ch:10 Chaotic S:0  
Dlvl:1 $:0 HP:12(12) Pw:2(2) AC:7 Xp:1/0                                        

",0.0,False
66,search,"To complete the task, I need to find the stairs down. Since I don't have any information about the location of the stairs down, I will need to explore the level. I have already tried moving in different directions, but some of them are blocked by walls. My plan is to methodically explore the room and surrounding areas to gather more information and find a path forward. I will use the 'search' action to examine the room more closely and look for any hidden doors or secret passages. If I don't find anything, I will try moving in different directions again to see if I can find a way out of the room. I will prioritize searching the area to the east, as it appears to be a dark area that may contain hidden passages or doors. Once I find a way out of the room, I will continue to explore the level, searching for any clues or objects that could help me find the stairs down.","message:


language observation:
stairs up far westsouthwest
vertical wall far west
horizontal wall near southwest
dark area very near northeast and east
northeast room corner adjacent north
dark area adjacent southeast
vertical wall adjacent south
horizontal wall adjacent northwest

cursor:
Yourself a rogue
(x=72, y=17)

map:
                                                                                
                                                                                
                                                                                
                                                                                
                                                                                
                                                                                
                                                                                
                                                                                
                                                                                
                                                                                
                                                                                
                                                                                
                                                                                
                                                                                
                                                                                
                                                                ---------#      
                                                                |.......@#      
                                                                |.......|       
                                                                |<......|       
                                                                ---------       
                                                                                
Agent the Footpad              St:13 Dx:17 Co:13 In:11 Wi:10 Ch:10 Chaotic S:0  
Dlvl:1 $:0 HP:12(12) Pw:2(2) AC:7 Xp:1/0                                        

",0.0,False
67,east,,"message:


language observation:
stairs up far westsouthwest
vertical wall far west
dark area very near north
dark area adjacent northeast, east, southeast, and south
vertical wall adjacent southwest
doorway adjacent west
northeast room corner adjacent northwest

cursor:
Yourself a rogue
(x=73, y=17)

map:
                                                                                
                                                                                
                                                                                
                                                                                
                                                                                
                                                                                
                                                                                
                                                                                
                                                                                
                                                                                
                                                                                
                                                                                
                                                                                
                                                                                
                                                                                
                                                                ---------#      
                                                                |........@      
                                                                |.......|       
                                                                |<......|       
                                                                ---------       
                                                                                
Agent the Footpad              St:13 Dx:17 Co:13 In:11 Wi:10 Ch:10 Chaotic S:0  
Dlvl:1 $:0 HP:12(12) Pw:2(2) AC:7 Xp:1/0                                        

",0.0,False
68,west,,"message:


language observation:
stairs up far westsouthwest
vertical wall far west
horizontal wall near southwest
dark area very near northeast and east
northeast room corner adjacent north
dark area adjacent southeast
vertical wall adjacent south
horizontal wall adjacent northwest

cursor:
Yourself a rogue
(x=72, y=17)

map:
                                                                                
                                                                                
                                                                                
                                                                                
                                                                                
                                                                                
                                                                                
                                                                                
                                                                                
                                                                                
                                                                                
                                                                                
                                                                                
                                                                                
                                                                                
                                                                ---------#      
                                                                |.......@#      
                                                                |.......|       
                                                                |<......|       
                                                                ---------       
                                                                                
Agent the Footpad              St:13 Dx:17 Co:13 In:11 Wi:10 Ch:10 Chaotic S:0  
Dlvl:1 $:0 HP:12(12) Pw:2(2) AC:7 Xp:1/0                                        

",0.0,False
69,search,,"message:


language observation:
stairs up far westsouthwest
vertical wall far west
horizontal wall near southwest
dark area very near northeast and east
northeast room corner adjacent north
dark area adjacent southeast
vertical wall adjacent south
horizontal wall adjacent northwest

cursor:
Yourself a rogue
(x=72, y=17)

map:
                                                                                
                                                                                
                                                                                
                                                                                
                                                                                
                                                                                
                                                                                
                                                                                
                                                                                
                                                                                
                                                                                
                                                                                
                                                                                
                                                                                
                                                                                
                                                                ---------#      
                                                                |.......@#      
                                                                |.......|       
                                                                |<......|       
                                                                ---------       
                                                                                
Agent the Footpad              St:13 Dx:17 Co:13 In:11 Wi:10 Ch:10 Chaotic S:0  
Dlvl:1 $:0 HP:12(12) Pw:2(2) AC:7 Xp:1/0                                        

",0.0,False
70,north,,"message:
It's a wall.

language observation:
stairs up far westsouthwest
vertical wall far west
horizontal wall near southwest
dark area very near northeast and east
northeast room corner adjacent north
dark area adjacent southeast
vertical wall adjacent south
horizontal wall adjacent northwest

cursor:
Yourself a rogue
(x=72, y=17)

map:
                                                                                
                                                                                
                                                                                
                                                                                
                                                                                
                                                                                
                                                                                
                                                                                
                                                                                
                                                                                
                                                                                
                                                                                
                                                                                
                                                                                
                                                                                
                                                                ---------#      
                                                                |.......@#      
                                                                |.......|       
                                                                |<......|       
                                                                ---------       
                                                                                
Agent the Footpad              St:13 Dx:17 Co:13 In:11 Wi:10 Ch:10 Chaotic S:0  
Dlvl:1 $:0 HP:12(12) Pw:2(2) AC:7 Xp:1/0                                        

",0.0,False
71,east,,"message:


language observation:
stairs up far westsouthwest
vertical wall far west
dark area very near north
dark area adjacent northeast, east, southeast, and south
vertical wall adjacent southwest
doorway adjacent west
northeast room corner adjacent northwest

cursor:
Yourself a rogue
(x=73, y=17)

map:
                                                                                
                                                                                
                                                                                
                                                                                
                                                                                
                                                                                
                                                                                
                                                                                
                                                                                
                                                                                
                                                                                
                                                                                
                                                                                
                                                                                
                                                                                
                                                                ---------#      
                                                                |........@      
                                                                |.......|       
                                                                |<......|       
                                                                ---------       
                                                                                
Agent the Footpad              St:13 Dx:17 Co:13 In:11 Wi:10 Ch:10 Chaotic S:0  
Dlvl:1 $:0 HP:12(12) Pw:2(2) AC:7 Xp:1/0                                        

",0.0,False
72,search,"To complete the task, I need to find the stairs down. Since I don't have any information about the location of the stairs down, I will need to explore the level. I have already tried moving in different directions, but some of them are blocked by walls. My plan is to methodically explore the room and surrounding areas to gather more information and find a path forward. I will use the 'search' action to examine the room more closely and look for any hidden doors or secret passages. If I don't find anything, I will try moving in different directions again to see if I can find a way out of the room. I will prioritize searching the dark areas to the east and northeast, as they may contain hidden passages or doors. Once I find a way out of the room, I will continue to explore the level, searching for any clues or objects that could help me find the stairs down.","message:


language observation:
stairs up far westsouthwest
vertical wall far west
dark area very near north
dark area adjacent northeast, east, southeast, and south
vertical wall adjacent southwest
doorway adjacent west
northeast room corner adjacent northwest

cursor:
Yourself a rogue
(x=73, y=17)

map:
                                                                                
                                                                                
                                                                                
                                                                                
                                                                                
                                                                                
                                                                                
                                                                                
                                                                                
                                                                                
                                                                                
                                                                                
                                                                                
                                                                                
                                                                                
                                                                ---------#      
                                                                |........@      
                                                                |.......|       
                                                                |<......|       
                                                                ---------       
                                                                                
Agent the Footpad              St:13 Dx:17 Co:13 In:11 Wi:10 Ch:10 Chaotic S:0  
Dlvl:1 $:0 HP:12(12) Pw:2(2) AC:7 Xp:1/0                                        

",0.0,False
73,west,,"message:


language observation:
stairs up far westsouthwest
vertical wall far west
horizontal wall near southwest
dark area very near northeast and east
northeast room corner adjacent north
dark area adjacent southeast
vertical wall adjacent south
horizontal wall adjacent northwest

cursor:
Yourself a rogue
(x=72, y=17)

map:
                                                                                
                                                                                
                                                                                
                                                                                
                                                                                
                                                                                
                                                                                
                                                                                
                                                                                
                                                                                
                                                                                
                                                                                
                                                                                
                                                                                
                                                                                
                                                                ---------#      
                                                                |.......@#      
                                                                |.......|       
                                                                |<......|       
                                                                ---------       
                                                                                
Agent the Footpad              St:13 Dx:17 Co:13 In:11 Wi:10 Ch:10 Chaotic S:0  
Dlvl:1 $:0 HP:12(12) Pw:2(2) AC:7 Xp:1/0                                        

",0.0,False
74,search,,"message:


language observation:
stairs up far westsouthwest
vertical wall far west
horizontal wall near southwest
dark area very near northeast and east
northeast room corner adjacent north
dark area adjacent southeast
vertical wall adjacent south
horizontal wall adjacent northwest

cursor:
Yourself a rogue
(x=72, y=17)

map:
                                                                                
                                                                                
                                                                                
                                                                                
                                                                                
                                                                                
                                                                                
                                                                                
                                                                                
                                                                                
                                                                                
                                                                                
                                                                                
                                                                                
                                                                                
                                                                ---------#      
                                                                |.......@#      
                                                                |.......|       
                                                                |<......|       
                                                                ---------       
                                                                                
Agent the Footpad              St:13 Dx:17 Co:13 In:11 Wi:10 Ch:10 Chaotic S:0  
Dlvl:1 $:0 HP:12(12) Pw:2(2) AC:7 Xp:1/0                                        

",0.0,False
75,northwest,,"message:
It's a wall.

language observation:
stairs up far westsouthwest
vertical wall far west
horizontal wall near southwest
dark area very near northeast and east
northeast room corner adjacent north
dark area adjacent southeast
vertical wall adjacent south
horizontal wall adjacent northwest

cursor:
Yourself a rogue
(x=72, y=17)

map:
                                                                                
                                                                                
                                                                                
                                                                                
                                                                                
                                                                                
                                                                                
                                                                                
                                                                                
                                                                                
                                                                                
                                                                                
                                                                                
                                                                                
                                                                                
                                                                ---------#      
                                                                |.......@#      
                                                                |.......|       
                                                                |<......|       
                                                                ---------       
                                                                                
Agent the Footpad              St:13 Dx:17 Co:13 In:11 Wi:10 Ch:10 Chaotic S:0  
Dlvl:1 $:0 HP:12(12) Pw:2(2) AC:7 Xp:1/0                                        

",0.0,False
76,east,,"message:


language observation:
stairs up far westsouthwest
vertical wall far west
dark area very near north
dark area adjacent northeast, east, southeast, and south
vertical wall adjacent southwest
doorway adjacent west
northeast room corner adjacent northwest

cursor:
Yourself a rogue
(x=73, y=17)

map:
                                                                                
                                                                                
                                                                                
                                                                                
                                                                                
                                                                                
                                                                                
                                                                                
                                                                                
                                                                                
                                                                                
                                                                                
                                                                                
                                                                                
                                                                                
                                                                ---------#      
                                                                |........@      
                                                                |.......|       
                                                                |<......|       
                                                                ---------       
                                                                                
Agent the Footpad              St:13 Dx:17 Co:13 In:11 Wi:10 Ch:10 Chaotic S:0  
Dlvl:1 $:0 HP:12(12) Pw:2(2) AC:7 Xp:1/0                                        

",0.0,False
77,west,,"message:


language observation:
stairs up far westsouthwest
vertical wall far west
horizontal wall near southwest
dark area very near northeast and east
northeast room corner adjacent north
dark area adjacent southeast
vertical wall adjacent south
horizontal wall adjacent northwest

cursor:
Yourself a rogue
(x=72, y=17)

map:
                                                                                
                                                                                
                                                                                
                                                                                
                                                                                
                                                                                
                                                                                
                                                                                
                                                                                
                                                                                
                                                                                
                                                                                
                                                                                
                                                                                
                                                                                
                                                                ---------#      
                                                                |.......@#      
                                                                |.......|       
                                                                |<......|       
                                                                ---------       
                                                                                
Agent the Footpad              St:13 Dx:17 Co:13 In:11 Wi:10 Ch:10 Chaotic S:0  
Dlvl:1 $:0 HP:12(12) Pw:2(2) AC:7 Xp:1/0                                        

",0.0,False
78,search,"To complete the task, I need to find the stairs down. Since I don't have any information about the location of the stairs down, I will need to explore the level. My plan is to methodically explore the room and surrounding areas to gather more information and find a path forward. I will use the 'search' action to examine the room more closely and look for any hidden doors or secret passages. I will also try moving in different directions to see if I can find a way out of the room. I will prioritize searching the dark areas to the east and northeast, as they may contain hidden passages or doors. Once I find a way out of the room, I will continue to explore the level, searching for any clues or objects that could help me find the stairs down.","message:


language observation:
stairs up far westsouthwest
vertical wall far west
horizontal wall near southwest
dark area very near northeast and east
northeast room corner adjacent north
dark area adjacent southeast
vertical wall adjacent south
horizontal wall adjacent northwest

cursor:
Yourself a rogue
(x=72, y=17)

map:
                                                                                
                                                                                
                                                                                
                                                                                
                                                                                
                                                                                
                                                                                
                                                                                
                                                                                
                                                                                
                                                                                
                                                                                
                                                                                
                                                                                
                                                                                
                                                                ---------#      
                                                                |.......@#      
                                                                |.......|       
                                                                |<......|       
                                                                ---------       
                                                                                
Agent the Footpad              St:13 Dx:17 Co:13 In:11 Wi:10 Ch:10 Chaotic S:0  
Dlvl:1 $:0 HP:12(12) Pw:2(2) AC:7 Xp:1/0                                        

",0.0,False
79,east,,"message:


language observation:
stairs up far westsouthwest
vertical wall far west
dark area very near north
dark area adjacent northeast, east, southeast, and south
vertical wall adjacent southwest
doorway adjacent west
northeast room corner adjacent northwest

cursor:
Yourself a rogue
(x=73, y=17)

map:
                                                                                
                                                                                
                                                                                
                                                                                
                                                                                
                                                                                
                                                                                
                                                                                
                                                                                
                                                                                
                                                                                
                                                                                
                                                                                
                                                                                
                                                                                
                                                                ---------#      
                                                                |........@      
                                                                |.......|       
                                                                |<......|       
                                                                ---------       
                                                                                
Agent the Footpad              St:13 Dx:17 Co:13 In:11 Wi:10 Ch:10 Chaotic S:0  
Dlvl:1 $:0 HP:12(12) Pw:2(2) AC:7 Xp:1/0                                        

",0.0,False
80,search,,"message:


language observation:
stairs up far westsouthwest
vertical wall far west
dark area very near north
dark area adjacent northeast, east, southeast, and south
vertical wall adjacent southwest
doorway adjacent west
northeast room corner adjacent northwest

cursor:
Yourself a rogue
(x=73, y=17)

map:
                                                                                
                                                                                
                                                                                
                                                                                
                                                                                
                                                                                
                                                                                
                                                                                
                                                                                
                                                                                
                                                                                
                                                                                
                                                                                
                                                                                
                                                                                
                                                                ---------#      
                                                                |........@      
                                                                |.......|       
                                                                |<......|       
                                                                ---------       
                                                                                
Agent the Footpad              St:13 Dx:17 Co:13 In:11 Wi:10 Ch:10 Chaotic S:0  
Dlvl:1 $:0 HP:12(12) Pw:2(2) AC:7 Xp:1/0                                        

",0.0,False
81,west,,"message:


language observation:
stairs up far westsouthwest
vertical wall far west
horizontal wall near southwest
dark area very near northeast and east
northeast room corner adjacent north
dark area adjacent southeast
vertical wall adjacent south
horizontal wall adjacent northwest

cursor:
Yourself a rogue
(x=72, y=17)

map:
                                                                                
                                                                                
                                                                                
                                                                                
                                                                                
                                                                                
                                                                                
                                                                                
                                                                                
                                                                                
                                                                                
                                                                                
                                                                                
                                                                                
                                                                                
                                                                ---------#      
                                                                |.......@#      
                                                                |.......|       
                                                                |<......|       
                                                                ---------       
                                                                                
Agent the Footpad              St:13 Dx:17 Co:13 In:11 Wi:10 Ch:10 Chaotic S:0  
Dlvl:1 $:0 HP:12(12) Pw:2(2) AC:7 Xp:1/0                                        

",0.0,False
82,northwest,,"message:
It's a wall.

language observation:
stairs up far westsouthwest
vertical wall far west
horizontal wall near southwest
dark area very near northeast and east
northeast room corner adjacent north
dark area adjacent southeast
vertical wall adjacent south
horizontal wall adjacent northwest

cursor:
Yourself a rogue
(x=72, y=17)

map:
                                                                                
                                                                                
                                                                                
                                                                                
                                                                                
                                                                                
                                                                                
                                                                                
                                                                                
                                                                                
                                                                                
                                                                                
                                                                                
                                                                                
                                                                                
                                                                ---------#      
                                                                |.......@#      
                                                                |.......|       
                                                                |<......|       
                                                                ---------       
                                                                                
Agent the Footpad              St:13 Dx:17 Co:13 In:11 Wi:10 Ch:10 Chaotic S:0  
Dlvl:1 $:0 HP:12(12) Pw:2(2) AC:7 Xp:1/0                                        

",0.0,False
83,east,,"message:


language observation:
stairs up far westsouthwest
vertical wall far west
dark area very near north
dark area adjacent northeast, east, southeast, and south
vertical wall adjacent southwest
doorway adjacent west
northeast room corner adjacent northwest

cursor:
Yourself a rogue
(x=73, y=17)

map:
                                                                                
                                                                                
                                                                                
                                                                                
                                                                                
                                                                                
                                                                                
                                                                                
                                                                                
                                                                                
                                                                                
                                                                                
                                                                                
                                                                                
                                                                                
                                                                ---------#      
                                                                |........@      
                                                                |.......|       
                                                                |<......|       
                                                                ---------       
                                                                                
Agent the Footpad              St:13 Dx:17 Co:13 In:11 Wi:10 Ch:10 Chaotic S:0  
Dlvl:1 $:0 HP:12(12) Pw:2(2) AC:7 Xp:1/0                                        

",0.0,False
84,east,"To complete the task, I need to find the stairs down. Since I don't have any information about the location of the stairs down, I will need to explore the level. My plan is to methodically explore the room and surrounding areas to gather more information and find a path forward. I will use the 'search' action to examine the room more closely and look for any hidden doors or secret passages. I will also try moving in different directions to see if I can find a way out of the room. I will prioritize searching the dark areas to the east and northeast, as they may contain hidden passages or doors. Once I find a way out of the room, I will continue to explore the level, searching for any clues or objects that could help me find the stairs down. I will also keep an eye on my inventory and use my lock pick if I encounter any locked doors or chests.","message:
It's solid stone.

language observation:
stairs up far westsouthwest
vertical wall far west
dark area very near north
dark area adjacent northeast, east, southeast, and south
vertical wall adjacent southwest
doorway adjacent west
northeast room corner adjacent northwest

cursor:
Yourself a rogue
(x=73, y=17)

map:
                                                                                
                                                                                
                                                                                
                                                                                
                                                                                
                                                                                
                                                                                
                                                                                
                                                                                
                                                                                
                                                                                
                                                                                
                                                                                
                                                                                
                                                                                
                                                                ---------#      
                                                                |........@      
                                                                |.......|       
                                                                |<......|       
                                                                ---------       
                                                                                
Agent the Footpad              St:13 Dx:17 Co:13 In:11 Wi:10 Ch:10 Chaotic S:0  
Dlvl:1 $:0 HP:12(12) Pw:2(2) AC:7 Xp:1/0                                        

",0.0,False
85,search,,"message:


language observation:
stairs up far westsouthwest
vertical wall far west
dark area very near north
dark area adjacent northeast, east, southeast, and south
vertical wall adjacent southwest
doorway adjacent west
northeast room corner adjacent northwest

cursor:
Yourself a rogue
(x=73, y=17)

map:
                                                                                
                                                                                
                                                                                
                                                                                
                                                                                
                                                                                
                                                                                
                                                                                
                                                                                
                                                                                
                                                                                
                                                                                
                                                                                
                                                                                
                                                                                
                                                                ---------#      
                                                                |........@      
                                                                |.......|       
                                                                |<......|       
                                                                ---------       
                                                                                
Agent the Footpad              St:13 Dx:17 Co:13 In:11 Wi:10 Ch:10 Chaotic S:0  
Dlvl:1 $:0 HP:12(12) Pw:2(2) AC:7 Xp:1/0                                        

",0.0,False
86,west,,"message:


language observation:
stairs up far westsouthwest
vertical wall far west
horizontal wall near southwest
dark area very near northeast and east
northeast room corner adjacent north
dark area adjacent southeast
vertical wall adjacent south
horizontal wall adjacent northwest

cursor:
Yourself a rogue
(x=72, y=17)

map:
                                                                                
                                                                                
                                                                                
                                                                                
                                                                                
                                                                                
                                                                                
                                                                                
                                                                                
                                                                                
                                                                                
                                                                                
                                                                                
                                                                                
                                                                                
                                                                ---------#      
                                                                |.......@#      
                                                                |.......|       
                                                                |<......|       
                                                                ---------       
                                                                                
Agent the Footpad              St:13 Dx:17 Co:13 In:11 Wi:10 Ch:10 Chaotic S:0  
Dlvl:1 $:0 HP:12(12) Pw:2(2) AC:7 Xp:1/0                                        

",0.0,False
87,north,,"message:
It's a wall.

language observation:
stairs up far westsouthwest
vertical wall far west
horizontal wall near southwest
dark area very near northeast and east
northeast room corner adjacent north
dark area adjacent southeast
vertical wall adjacent south
horizontal wall adjacent northwest

cursor:
Yourself a rogue
(x=72, y=17)

map:
                                                                                
                                                                                
                                                                                
                                                                                
                                                                                
                                                                                
                                                                                
                                                                                
                                                                                
                                                                                
                                                                                
                                                                                
                                                                                
                                                                                
                                                                                
                                                                ---------#      
                                                                |.......@#      
                                                                |.......|       
                                                                |<......|       
                                                                ---------       
                                                                                
Agent the Footpad              St:13 Dx:17 Co:13 In:11 Wi:10 Ch:10 Chaotic S:0  
Dlvl:1 $:0 HP:12(12) Pw:2(2) AC:7 Xp:1/0                                        

",0.0,False
88,search,,"message:


language observation:
stairs up far westsouthwest
vertical wall far west
horizontal wall near southwest
dark area very near northeast and east
northeast room corner adjacent north
dark area adjacent southeast
vertical wall adjacent south
horizontal wall adjacent northwest

cursor:
Yourself a rogue
(x=72, y=17)

map:
                                                                                
                                                                                
                                                                                
                                                                                
                                                                                
                                                                                
                                                                                
                                                                                
                                                                                
                                                                                
                                                                                
                                                                                
                                                                                
                                                                                
                                                                                
                                                                ---------#      
                                                                |.......@#      
                                                                |.......|       
                                                                |<......|       
                                                                ---------       
                                                                                
Agent the Footpad              St:13 Dx:17 Co:13 In:11 Wi:10 Ch:10 Chaotic S:0  
Dlvl:1 $:0 HP:12(12) Pw:2(2) AC:7 Xp:1/0                                        

",0.0,False
89,east,,"message:


language observation:
stairs up far westsouthwest
vertical wall far west
dark area very near north
dark area adjacent northeast, east, southeast, and south
vertical wall adjacent southwest
doorway adjacent west
northeast room corner adjacent northwest

cursor:
Yourself a rogue
(x=73, y=17)

map:
                                                                                
                                                                                
                                                                                
                                                                                
                                                                                
                                                                                
                                                                                
                                                                                
                                                                                
                                                                                
                                                                                
                                                                                
                                                                                
                                                                                
                                                                                
                                                                ---------#      
                                                                |........@      
                                                                |.......|       
                                                                |<......|       
                                                                ---------       
                                                                                
Agent the Footpad              St:13 Dx:17 Co:13 In:11 Wi:10 Ch:10 Chaotic S:0  
Dlvl:1 $:0 HP:12(12) Pw:2(2) AC:7 Xp:1/0                                        

",0.0,False
90,west,"To complete the task, I need to find the stairs down. Since I don't have any information about the location of the stairs down, I will need to explore the level. My plan is to methodically explore the room and surrounding areas to gather more information and find a path forward. I will use the 'search' action to examine the room more closely and look for any hidden doors or secret passages. I will also try moving in different directions to see if I can find a way out of the room. I will prioritize searching the dark areas to the east and northeast, as they may contain hidden passages or doors. Once I find a way out of the room, I will continue to explore the level, searching for any clues or objects that could help me find the stairs down. I will also keep an eye on my inventory and use my lock pick if I encounter any locked doors or chests.","message:


language observation:
stairs up far westsouthwest
vertical wall far west
horizontal wall near southwest
dark area very near northeast and east
northeast room corner adjacent north
dark area adjacent southeast
vertical wall adjacent south
horizontal wall adjacent northwest

cursor:
Yourself a rogue
(x=72, y=17)

map:
                                                                                
                                                                                
                                                                                
                                                                                
                                                                                
                                                                                
                                                                                
                                                                                
                                                                                
                                                                                
                                                                                
                                                                                
                                                                                
                                                                                
                                                                                
                                                                ---------#      
                                                                |.......@#      
                                                                |.......|       
                                                                |<......|       
                                                                ---------       
                                                                                
Agent the Footpad              St:13 Dx:17 Co:13 In:11 Wi:10 Ch:10 Chaotic S:0  
Dlvl:1 $:0 HP:12(12) Pw:2(2) AC:7 Xp:1/0                                        

",0.0,False
91,search,,"message:


language observation:
stairs up far westsouthwest
vertical wall far west
horizontal wall near southwest
dark area very near northeast and east
northeast room corner adjacent north
dark area adjacent southeast
vertical wall adjacent south
horizontal wall adjacent northwest

cursor:
Yourself a rogue
(x=72, y=17)

map:
                                                                                
                                                                                
                                                                                
                                                                                
                                                                                
                                                                                
                                                                                
                                                                                
                                                                                
                                                                                
                                                                                
                                                                                
                                                                                
                                                                                
                                                                                
                                                                ---------#      
                                                                |.......@#      
                                                                |.......|       
                                                                |<......|       
                                                                ---------       
                                                                                
Agent the Footpad              St:13 Dx:17 Co:13 In:11 Wi:10 Ch:10 Chaotic S:0  
Dlvl:1 $:0 HP:12(12) Pw:2(2) AC:7 Xp:1/0                                        

",0.0,False
92,north,,"message:
It's a wall.

language observation:
stairs up far westsouthwest
vertical wall far west
horizontal wall near southwest
dark area very near northeast and east
northeast room corner adjacent north
dark area adjacent southeast
vertical wall adjacent south
horizontal wall adjacent northwest

cursor:
Yourself a rogue
(x=72, y=17)

map:
                                                                                
                                                                                
                                                                                
                                                                                
                                                                                
                                                                                
                                                                                
                                                                                
                                                                                
                                                                                
                                                                                
                                                                                
                                                                                
                                                                                
                                                                                
                                                                ---------#      
                                                                |.......@#      
                                                                |.......|       
                                                                |<......|       
                                                                ---------       
                                                                                
Agent the Footpad              St:13 Dx:17 Co:13 In:11 Wi:10 Ch:10 Chaotic S:0  
Dlvl:1 $:0 HP:12(12) Pw:2(2) AC:7 Xp:1/0                                        

",0.0,False
93,southwest,,"message:


language observation:
stairs up far westsouthwest
vertical wall far west
dark area near northeast
horizontal wall very near north, south, southwest, and northwest
doorway adjacent northeast
vertical wall adjacent east and southeast

cursor:
Yourself a rogue
(x=71, y=18)

map:
                                                                                
                                                                                
                                                                                
                                                                                
                                                                                
                                                                                
                                                                                
                                                                                
                                                                                
                                                                                
                                                                                
                                                                                
                                                                                
                                                                                
                                                                                
                                                                ---------#      
                                                                |........#      
                                                                |......@|       
                                                                |<......|       
                                                                ---------       
                                                                                
Agent the Footpad              St:13 Dx:17 Co:13 In:11 Wi:10 Ch:10 Chaotic S:0  
Dlvl:1 $:0 HP:12(12) Pw:2(2) AC:7 Xp:1/0                                        

",0.0,False
94,northeast,,"message:


language observation:
stairs up far westsouthwest
vertical wall far west
horizontal wall near southwest
dark area very near northeast and east
northeast room corner adjacent north
dark area adjacent southeast
vertical wall adjacent south
horizontal wall adjacent northwest

cursor:
Yourself a rogue
(x=72, y=17)

map:
                                                                                
                                                                                
                                                                                
                                                                                
                                                                                
                                                                                
                                                                                
                                                                                
                                                                                
                                                                                
                                                                                
                                                                                
                                                                                
                                                                                
                                                                                
                                                                ---------#      
                                                                |.......@#      
                                                                |.......|       
                                                                |<......|       
                                                                ---------       
                                                                                
Agent the Footpad              St:13 Dx:17 Co:13 In:11 Wi:10 Ch:10 Chaotic S:0  
Dlvl:1 $:0 HP:12(12) Pw:2(2) AC:7 Xp:1/0                                        

",0.0,False
95,search,,"message:


language observation:
stairs up far westsouthwest
vertical wall far west
horizontal wall near southwest
dark area very near northeast and east
northeast room corner adjacent north
dark area adjacent southeast
vertical wall adjacent south
horizontal wall adjacent northwest

cursor:
Yourself a rogue
(x=72, y=17)

map:
                                                                                
                                                                                
                                                                                
                                                                                
                                                                                
                                                                                
                                                                                
                                                                                
                                                                                
                                                                                
                                                                                
                                                                                
                                                                                
                                                                                
                                                                                
                                                                ---------#      
                                                                |.......@#      
                                                                |.......|       
                                                                |<......|       
                                                                ---------       
                                                                                
Agent the Footpad              St:13 Dx:17 Co:13 In:11 Wi:10 Ch:10 Chaotic S:0  
Dlvl:1 $:0 HP:12(12) Pw:2(2) AC:7 Xp:1/0                                        

",0.0,False
96,east,"To complete the task, I need to find the stairs down. Since I don't have any information about the location of the stairs down, I will need to explore the level. My plan is to methodically explore the room and surrounding areas to gather more information and find a path forward. I will use the 'search' action to examine the room more closely and look for any hidden doors or secret passages. I will also try moving in different directions to see if I can find a way out of the room. I will prioritize searching the dark areas to the east and northeast, as they may contain hidden passages or doors. Once I find a way out of the room, I will continue to explore the level, searching for any clues or objects that could help me find the stairs down.","message:


language observation:
stairs up far westsouthwest
vertical wall far west
dark area very near north
dark area adjacent northeast, east, southeast, and south
vertical wall adjacent southwest
doorway adjacent west
northeast room corner adjacent northwest

cursor:
Yourself a rogue
(x=73, y=17)

map:
                                                                                
                                                                                
                                                                                
                                                                                
                                                                                
                                                                                
                                                                                
                                                                                
                                                                                
                                                                                
                                                                                
                                                                                
                                                                                
                                                                                
                                                                                
                                                                ---------#      
                                                                |........@      
                                                                |.......|       
                                                                |<......|       
                                                                ---------       
                                                                                
Agent the Footpad              St:13 Dx:17 Co:13 In:11 Wi:10 Ch:10 Chaotic S:0  
Dlvl:1 $:0 HP:12(12) Pw:2(2) AC:7 Xp:1/0                                        

",0.0,False
97,west,,"message:


language observation:
stairs up far westsouthwest
vertical wall far west
horizontal wall near southwest
dark area very near northeast and east
northeast room corner adjacent north
dark area adjacent southeast
vertical wall adjacent south
horizontal wall adjacent northwest

cursor:
Yourself a rogue
(x=72, y=17)

map:
                                                                                
                                                                                
                                                                                
                                                                                
                                                                                
                                                                                
                                                                                
                                                                                
                                                                                
                                                                                
                                                                                
                                                                                
                                                                                
                                                                                
                                                                                
                                                                ---------#      
                                                                |.......@#      
                                                                |.......|       
                                                                |<......|       
                                                                ---------       
                                                                                
Agent the Footpad              St:13 Dx:17 Co:13 In:11 Wi:10 Ch:10 Chaotic S:0  
Dlvl:1 $:0 HP:12(12) Pw:2(2) AC:7 Xp:1/0                                        

",0.0,False
98,search,,"message:


language observation:
stairs up far westsouthwest
vertical wall far west
horizontal wall near southwest
dark area very near northeast and east
northeast room corner adjacent north
dark area adjacent southeast
vertical wall adjacent south
horizontal wall adjacent northwest

cursor:
Yourself a rogue
(x=72, y=17)

map:
                                                                                
                                                                                
                                                                                
                                                                                
                                                                                
                                                                                
                                                                                
                                                                                
                                                                                
                                                                                
                                                                                
                                                                                
                                                                                
                                                                                
                                                                                
                                                                ---------#      
                                                                |.......@#      
                                                                |.......|       
                                                                |<......|       
                                                                ---------       
                                                                                
Agent the Footpad              St:13 Dx:17 Co:13 In:11 Wi:10 Ch:10 Chaotic S:0  
Dlvl:1 $:0 HP:12(12) Pw:2(2) AC:7 Xp:1/0                                        

",0.0,False
99,northwest,,"message:
 
No  Points     Name                                                   Hp [max]
0  Agent-Rog-Hum-Mal-Cha quit in The Dungeons of Doom on
level 1.                                               12  [12]


language observation:
dark area adjacent east, southeast, and south

cursor:
very far eastsoutheast 
(x=77, y=6)

map:
 No  Points     Name                                                   Hp [max] 
                                                                                
            0  Agent-Rog-Hum-Mal-Cha quit in The Dungeons of Doom on            
                                                                                
              level 1.                                               12  [12]   
                                                                                
                                                                                
                                                                                
                                                                                
                                                                                
                                                                                
                                                                                
                                                                                
                                                                                
                                                                                
                                                                                
                                                                                
                                                                                
                                                                                
                                                                                
                                                                                
                                                                                
                                                                                

",0.0,True
