Step,Action,Reasoning,Observation,Reward,Done
0,north,"I will first try to move around the horizontal wall near north, northeast, southeast, and south to get a better understanding of the layout of the level. Then, I will search for hidden doors and passages. Once I have a good idea of the layout, I will try to find the stairs down. If I encounter any enemies, I will use my scalpel to fight them. If I find any locked doors or chests, I will try to kick them open. I will also keep an eye on my health and use my potions of healing if necessary.","message:


language observation:
vertical wall far east
horizontal wall near southeast and south
horizontal wall very near north and northeast
stairs up adjacent south
vertical wall adjacent southwest, west, and northwest

cursor:
Yourself a healer
(x=28, y=5)

map:
                                                                                
                                                                                
                           ---------                                            
                           |.......|                                            
                           |@......|                                            
                           |<......|                                            
                           |.......-                                            
                           |.......|                                            
                           |.......|                                            
                           ---------                                            
                                                                                
                                                                                
                                                                                
                                                                                
                                                                                
                                                                                
                                                                                
                                                                                
                                                                                
                                                                                
                                                                                
Agent the Rhizotomist          St:9 Dx:8 Co:16 In:11 Wi:14 Ch:17 Neutral S:0    
Dlvl:1 $:1999 HP:12(12) Pw:4(4) AC:8 Xp:1/0                                     

",0.0,False
1,east,,"message:


language observation:
vertical wall far east
horizontal wall near southeast and south
horizontal wall very near north and northeast
vertical wall very near southwest and west
northwest room corner very near northwest
stairs up adjacent southwest

cursor:
Yourself a healer
(x=29, y=5)

map:
                                                                                
                                                                                
                           ---------                                            
                           |.......|                                            
                           |.@.....|                                            
                           |<......|                                            
                           |.......-                                            
                           |.......|                                            
                           |.......|                                            
                           ---------                                            
                                                                                
                                                                                
                                                                                
                                                                                
                                                                                
                                                                                
                                                                                
                                                                                
                                                                                
                                                                                
                                                                                
Agent the Rhizotomist          St:9 Dx:8 Co:16 In:11 Wi:14 Ch:17 Neutral S:0    
Dlvl:1 $:1999 HP:12(12) Pw:4(4) AC:8 Xp:1/0                                     

",0.0,False
2,search,,"message:


language observation:
vertical wall far east
horizontal wall near southeast and south
horizontal wall very near north and northeast
vertical wall very near southwest and west
northwest room corner very near northwest
stairs up adjacent southwest

cursor:
Yourself a healer
(x=29, y=5)

map:
                                                                                
                                                                                
                           ---------                                            
                           |.......|                                            
                           |.@.....|                                            
                           |<......|                                            
                           |.......-                                            
                           |.......|                                            
                           |.......|                                            
                           ---------                                            
                                                                                
                                                                                
                                                                                
                                                                                
                                                                                
                                                                                
                                                                                
                                                                                
                                                                                
                                                                                
                                                                                
Agent the Rhizotomist          St:9 Dx:8 Co:16 In:11 Wi:14 Ch:17 Neutral S:0    
Dlvl:1 $:1999 HP:12(12) Pw:4(4) AC:8 Xp:1/0                                     

",0.0,False
3,southeast,,"message:


language observation:
horizontal wall near north, northeast, southeast, and south
vertical wall near east, southwest, and west
northwest room corner near northwest
stairs up very near west

cursor:
Yourself a healer
(x=30, y=6)

map:
                                                                                
                                                                                
                           ---------                                            
                           |.......|                                            
                           |.......|                                            
                           |<.@....|                                            
                           |.......-                                            
                           |.......|                                            
                           |.......|                                            
                           ---------                                            
                                                                                
                                                                                
                                                                                
                                                                                
                                                                                
                                                                                
                                                                                
                                                                                
                                                                                
                                                                                
                                                                                
Agent the Rhizotomist          St:9 Dx:8 Co:16 In:11 Wi:14 Ch:17 Neutral S:0    
Dlvl:1 $:1999 HP:12(12) Pw:4(4) AC:8 Xp:1/0                                     

",0.0,False
4,west,,"message:


language observation:
vertical wall far east
horizontal wall near north, northeast, southeast, and south
vertical wall very near southwest, west, and northwest
stairs up adjacent west

cursor:
Yourself a healer
(x=29, y=6)

map:
                                                                                
                                                                                
                           ---------                                            
                           |.......|                                            
                           |.......|                                            
                           |<@.....|                                            
                           |.......-                                            
                           |.......|                                            
                           |.......|                                            
                           ---------                                            
                                                                                
                                                                                
                                                                                
                                                                                
                                                                                
                                                                                
                                                                                
                                                                                
                                                                                
                                                                                
                                                                                
Agent the Rhizotomist          St:9 Dx:8 Co:16 In:11 Wi:14 Ch:17 Neutral S:0    
Dlvl:1 $:1999 HP:12(12) Pw:4(4) AC:8 Xp:1/0                                     

",0.0,False
5,search,,"message:


language observation:
vertical wall far east
horizontal wall near north, northeast, southeast, and south
vertical wall very near southwest, west, and northwest
stairs up adjacent west

cursor:
Yourself a healer
(x=29, y=6)

map:
                                                                                
                                                                                
                           ---------                                            
                           |.......|                                            
                           |.......|                                            
                           |<@.....|                                            
                           |.......-                                            
                           |.......|                                            
                           |.......|                                            
                           ---------                                            
                                                                                
                                                                                
                                                                                
                                                                                
                                                                                
                                                                                
                                                                                
                                                                                
                                                                                
                                                                                
                                                                                
Agent the Rhizotomist          St:9 Dx:8 Co:16 In:11 Wi:14 Ch:17 Neutral S:0    
Dlvl:1 $:1999 HP:12(12) Pw:4(4) AC:8 Xp:1/0                                     

",0.0,False
6,north,"To complete the task, I need to explore the level and find the stairs down. Since I've already found the stairs up, I should focus on searching the rest of the level. I will move in a systematic way to cover all areas, using the 'search' action to detect hidden doors and passages. If I encounter any enemies, I will use my scalpel to fight them. If I find any locked doors or chests, I will try to kick them open. I will also keep an eye on my health and use my potions of healing if necessary. Once I have a good understanding of the level layout, I will prioritize finding the stairs down to progress to the next level.","message:


language observation:
vertical wall far east
horizontal wall near southeast and south
horizontal wall very near north and northeast
vertical wall very near southwest and west
northwest room corner very near northwest
stairs up adjacent southwest

cursor:
Yourself a healer
(x=29, y=5)

map:
                                                                                
                                                                                
                           ---------                                            
                           |.......|                                            
                           |.@.....|                                            
                           |<......|                                            
                           |.......-                                            
                           |.......|                                            
                           |.......|                                            
                           ---------                                            
                                                                                
                                                                                
                                                                                
                                                                                
                                                                                
                                                                                
                                                                                
                                                                                
                                                                                
                                                                                
                                                                                
Agent the Rhizotomist          St:9 Dx:8 Co:16 In:11 Wi:14 Ch:17 Neutral S:0    
Dlvl:1 $:1999 HP:12(12) Pw:4(4) AC:8 Xp:1/0                                     

",0.0,False
7,east,,"message:


language observation:
vertical wall near east, southwest, and west
southeast corner near southeast
horizontal wall near south
horizontal wall very near north, northeast, and northwest
stairs up very near westsouthwest

cursor:
Yourself a healer
(x=30, y=5)

map:
                                                                                
                                                                                
                           ---------                                            
                           |.......|                                            
                           |..@....|                                            
                           |<......|                                            
                           |.......-                                            
                           |.......|                                            
                           |.......|                                            
                           ---------                                            
                                                                                
                                                                                
                                                                                
                                                                                
                                                                                
                                                                                
                                                                                
                                                                                
                                                                                
                                                                                
                                                                                
Agent the Rhizotomist          St:9 Dx:8 Co:16 In:11 Wi:14 Ch:17 Neutral S:0    
Dlvl:1 $:1999 HP:12(12) Pw:4(4) AC:8 Xp:1/0                                     

",0.0,False
8,northwest,,"message:


language observation:
vertical wall far east
southeast corner far southeast
horizontal wall far south
stairs up very near southsouthwest
vertical wall very near southwest and west
horizontal wall adjacent north, northeast, and northwest

cursor:
Yourself a healer
(x=29, y=4)

map:
                                                                                
                                                                                
                           ---------                                            
                           |.@.....|                                            
                           |.......|                                            
                           |<......|                                            
                           |.......-                                            
                           |.......|                                            
                           |.......|                                            
                           ---------                                            
                                                                                
                                                                                
                                                                                
                                                                                
                                                                                
                                                                                
                                                                                
                                                                                
                                                                                
                                                                                
                                                                                
Agent the Rhizotomist          St:9 Dx:8 Co:16 In:11 Wi:14 Ch:17 Neutral S:0    
Dlvl:1 $:1999 HP:12(12) Pw:4(4) AC:8 Xp:1/0                                     

",0.0,False
9,search,,"message:


language observation:
vertical wall far east
southeast corner far southeast
horizontal wall far south
stairs up very near southsouthwest
vertical wall very near southwest and west
horizontal wall adjacent north, northeast, and northwest

cursor:
Yourself a healer
(x=29, y=4)

map:
                                                                                
                                                                                
                           ---------                                            
                           |.@.....|                                            
                           |.......|                                            
                           |<......|                                            
                           |.......-                                            
                           |.......|                                            
                           |.......|                                            
                           ---------                                            
                                                                                
                                                                                
                                                                                
                                                                                
                                                                                
                                                                                
                                                                                
                                                                                
                                                                                
                                                                                
                                                                                
Agent the Rhizotomist          St:9 Dx:8 Co:16 In:11 Wi:14 Ch:17 Neutral S:0    
Dlvl:1 $:1999 HP:12(12) Pw:4(4) AC:8 Xp:1/0                                     

",0.0,False
10,north,,"message:
It's a wall.

language observation:
vertical wall far east
southeast corner far southeast
horizontal wall far south
stairs up very near southsouthwest
vertical wall very near southwest and west
horizontal wall adjacent north, northeast, and northwest

cursor:
Yourself a healer
(x=29, y=4)

map:
                                                                                
                                                                                
                           ---------                                            
                           |.@.....|                                            
                           |.......|                                            
                           |<......|                                            
                           |.......-                                            
                           |.......|                                            
                           |.......|                                            
                           ---------                                            
                                                                                
                                                                                
                                                                                
                                                                                
                                                                                
                                                                                
                                                                                
                                                                                
                                                                                
                                                                                
                                                                                
Agent the Rhizotomist          St:9 Dx:8 Co:16 In:11 Wi:14 Ch:17 Neutral S:0    
Dlvl:1 $:1999 HP:12(12) Pw:4(4) AC:8 Xp:1/0                                     

",0.0,False
11,west,,"message:


language observation:
vertical wall far east
horizontal wall far southeast and south
stairs up very near south
horizontal wall adjacent north and northeast
vertical wall adjacent southwest and west
northwest room corner adjacent northwest

cursor:
Yourself a healer
(x=28, y=4)

map:
                                                                                
                                                                                
                           ---------                                            
                           |@......|                                            
                           |.......|                                            
                           |<......|                                            
                           |.......-                                            
                           |.......|                                            
                           |.......|                                            
                           ---------                                            
                                                                                
                                                                                
                                                                                
                                                                                
                                                                                
                                                                                
                                                                                
                                                                                
                                                                                
                                                                                
                                                                                
Agent the Rhizotomist          St:9 Dx:8 Co:16 In:11 Wi:14 Ch:17 Neutral S:0    
Dlvl:1 $:1999 HP:12(12) Pw:4(4) AC:8 Xp:1/0                                     

",0.0,False
12,east,"To complete the task, I will first review the observations made so far. I have explored a significant portion of the level, finding the stairs up, but not the stairs down. My goal is to find the stairs down. Since I have already searched a considerable area, my next step will be to methodically explore any unvisited sections of the level. If I encounter any obstacles such as locked doors or enemies, I will use my available items and abilities to overcome them. Specifically, I can use my wand of sleep to deal with enemies, and my scalpel for close combat. I will also keep an eye on my health, using my potions of healing as necessary. Given my current position and the layout of the level, moving east seems like a logical next step to continue exploring and potentially find the stairs down or other important features.","message:


language observation:
vertical wall far east
southeast corner far southeast
horizontal wall far south
stairs up very near southsouthwest
vertical wall very near southwest and west
horizontal wall adjacent north, northeast, and northwest

cursor:
Yourself a healer
(x=29, y=4)

map:
                                                                                
                                                                                
                           ---------                                            
                           |.@.....|                                            
                           |.......|                                            
                           |<......|                                            
                           |.......-                                            
                           |.......|                                            
                           |.......|                                            
                           ---------                                            
                                                                                
                                                                                
                                                                                
                                                                                
                                                                                
                                                                                
                                                                                
                                                                                
                                                                                
                                                                                
                                                                                
Agent the Rhizotomist          St:9 Dx:8 Co:16 In:11 Wi:14 Ch:17 Neutral S:0    
Dlvl:1 $:1999 HP:12(12) Pw:4(4) AC:8 Xp:1/0                                     

",0.0,False
13,south,,"message:


language observation:
vertical wall far east
horizontal wall near southeast and south
horizontal wall very near north and northeast
vertical wall very near southwest and west
northwest room corner very near northwest
stairs up adjacent southwest

cursor:
Yourself a healer
(x=29, y=5)

map:
                                                                                
                                                                                
                           ---------                                            
                           |.......|                                            
                           |.@.....|                                            
                           |<......|                                            
                           |.......-                                            
                           |.......|                                            
                           |.......|                                            
                           ---------                                            
                                                                                
                                                                                
                                                                                
                                                                                
                                                                                
                                                                                
                                                                                
                                                                                
                                                                                
                                                                                
                                                                                
Agent the Rhizotomist          St:9 Dx:8 Co:16 In:11 Wi:14 Ch:17 Neutral S:0    
Dlvl:1 $:1999 HP:12(12) Pw:4(4) AC:8 Xp:1/0                                     

",0.0,False
14,search,,"message:


language observation:
vertical wall far east
horizontal wall near southeast and south
horizontal wall very near north and northeast
vertical wall very near southwest and west
northwest room corner very near northwest
stairs up adjacent southwest

cursor:
Yourself a healer
(x=29, y=5)

map:
                                                                                
                                                                                
                           ---------                                            
                           |.......|                                            
                           |.@.....|                                            
                           |<......|                                            
                           |.......-                                            
                           |.......|                                            
                           |.......|                                            
                           ---------                                            
                                                                                
                                                                                
                                                                                
                                                                                
                                                                                
                                                                                
                                                                                
                                                                                
                                                                                
                                                                                
                                                                                
Agent the Rhizotomist          St:9 Dx:8 Co:16 In:11 Wi:14 Ch:17 Neutral S:0    
Dlvl:1 $:1999 HP:12(12) Pw:4(4) AC:8 Xp:1/0                                     

",0.0,False
15,southwest,,"message:


language observation:
vertical wall far east
horizontal wall near north, northeast, southeast, and south
vertical wall adjacent southwest, west, and northwest

cursor:
Yourself a healer
(x=28, y=6)

map:
                                                                                
                                                                                
                           ---------                                            
                           |.......|                                            
                           |.......|                                            
                           |@......|                                            
                           |.......-                                            
                           |.......|                                            
                           |.......|                                            
                           ---------                                            
                                                                                
                                                                                
                                                                                
                                                                                
                                                                                
                                                                                
                                                                                
                                                                                
                                                                                
                                                                                
                                                                                
Agent the Rhizotomist          St:9 Dx:8 Co:16 In:11 Wi:14 Ch:17 Neutral S:0    
Dlvl:1 $:1999 HP:12(12) Pw:4(4) AC:8 Xp:1/0                                     

",0.0,False
16,east,,"message:


language observation:
vertical wall far east
horizontal wall near north, northeast, southeast, and south
vertical wall very near southwest, west, and northwest
stairs up adjacent west

cursor:
Yourself a healer
(x=29, y=6)

map:
                                                                                
                                                                                
                           ---------                                            
                           |.......|                                            
                           |.......|                                            
                           |<@.....|                                            
                           |.......-                                            
                           |.......|                                            
                           |.......|                                            
                           ---------                                            
                                                                                
                                                                                
                                                                                
                                                                                
                                                                                
                                                                                
                                                                                
                                                                                
                                                                                
                                                                                
                                                                                
Agent the Rhizotomist          St:9 Dx:8 Co:16 In:11 Wi:14 Ch:17 Neutral S:0    
Dlvl:1 $:1999 HP:12(12) Pw:4(4) AC:8 Xp:1/0                                     

",0.0,False
17,north,,"message:


language observation:
vertical wall far east
horizontal wall near southeast and south
horizontal wall very near north and northeast
vertical wall very near southwest and west
northwest room corner very near northwest
stairs up adjacent southwest

cursor:
Yourself a healer
(x=29, y=5)

map:
                                                                                
                                                                                
                           ---------                                            
                           |.......|                                            
                           |.@.....|                                            
                           |<......|                                            
                           |.......-                                            
                           |.......|                                            
                           |.......|                                            
                           ---------                                            
                                                                                
                                                                                
                                                                                
                                                                                
                                                                                
                                                                                
                                                                                
                                                                                
                                                                                
                                                                                
                                                                                
Agent the Rhizotomist          St:9 Dx:8 Co:16 In:11 Wi:14 Ch:17 Neutral S:0    
Dlvl:1 $:1999 HP:12(12) Pw:4(4) AC:8 Xp:1/0                                     

",0.0,False
18,east,"To complete the task, I will first review the observations made so far. I have explored a significant portion of the level, finding the stairs up, but not the stairs down. Since I have already searched a considerable area, my next step will be to methodically explore any unvisited sections of the level. I will move in a systematic way to cover the entire level, checking for any hidden doors or passages that might have been missed. If I encounter any obstacles such as locked doors or enemies, I will use my available items and abilities to overcome them. Given my current position and the layout of the level, I will start by moving east and then continue to explore the level in a clockwise direction. I will also keep an eye on my health, using my potions of healing as necessary.","message:


language observation:
vertical wall near east, southwest, and west
southeast corner near southeast
horizontal wall near south
horizontal wall very near north, northeast, and northwest
stairs up very near westsouthwest

cursor:
Yourself a healer
(x=30, y=5)

map:
                                                                                
                                                                                
                           ---------                                            
                           |.......|                                            
                           |..@....|                                            
                           |<......|                                            
                           |.......-                                            
                           |.......|                                            
                           |.......|                                            
                           ---------                                            
                                                                                
                                                                                
                                                                                
                                                                                
                                                                                
                                                                                
                                                                                
                                                                                
                                                                                
                                                                                
                                                                                
Agent the Rhizotomist          St:9 Dx:8 Co:16 In:11 Wi:14 Ch:17 Neutral S:0    
Dlvl:1 $:1999 HP:12(12) Pw:4(4) AC:8 Xp:1/0                                     

",0.0,False
19,south,,"message:


language observation:
horizontal wall near north, northeast, southeast, and south
vertical wall near east, southwest, and west
northwest room corner near northwest
stairs up very near west

cursor:
Yourself a healer
(x=30, y=6)

map:
                                                                                
                                                                                
                           ---------                                            
                           |.......|                                            
                           |.......|                                            
                           |<.@....|                                            
                           |.......-                                            
                           |.......|                                            
                           |.......|                                            
                           ---------                                            
                                                                                
                                                                                
                                                                                
                                                                                
                                                                                
                                                                                
                                                                                
                                                                                
                                                                                
                                                                                
                                                                                
Agent the Rhizotomist          St:9 Dx:8 Co:16 In:11 Wi:14 Ch:17 Neutral S:0    
Dlvl:1 $:1999 HP:12(12) Pw:4(4) AC:8 Xp:1/0                                     

",0.0,False
20,east,,"message:


language observation:
horizontal wall near north, northeast, south, and northwest
vertical wall near east and west
southeast corner near southeast
southwest corner near southwest
stairs up near west

cursor:
Yourself a healer
(x=31, y=6)

map:
                                                                                
                                                                                
                           ---------                                            
                           |.......|                                            
                           |.......|                                            
                           |<..@...|                                            
                           |.......-                                            
                           |.......|                                            
                           |.......|                                            
                           ---------                                            
                                                                                
                                                                                
                                                                                
                                                                                
                                                                                
                                                                                
                                                                                
                                                                                
                                                                                
                                                                                
                                                                                
Agent the Rhizotomist          St:9 Dx:8 Co:16 In:11 Wi:14 Ch:17 Neutral S:0    
Dlvl:1 $:1999 HP:12(12) Pw:4(4) AC:8 Xp:1/0                                     

",0.0,False
21,south,,"message:


language observation:
horizontal wall near north, southeast, south, and southwest
northeast room corner near northeast
vertical open door near east
dark area near east
vertical wall near west
stairs up near westnorthwest
northwest room corner near northwest

cursor:
Yourself a healer
(x=31, y=7)

map:
                                                                                
                                                                                
                           ---------                                            
                           |.......|                                            
                           |.......|                                            
                           |<......|                                            
                           |...@...-                                            
                           |.......|                                            
                           |.......|                                            
                           ---------                                            
                                                                                
                                                                                
                                                                                
                                                                                
                                                                                
                                                                                
                                                                                
                                                                                
                                                                                
                                                                                
                                                                                
Agent the Rhizotomist          St:9 Dx:8 Co:16 In:11 Wi:14 Ch:17 Neutral S:0    
Dlvl:1 $:1999 HP:12(12) Pw:4(4) AC:8 Xp:1/0                                     

",0.0,False
22,east,,"message:


language observation:
horizontal wall near north, south, southwest, and northwest
vertical wall near northeast and west
vertical open door near east
dark area near east
southeast corner near southeast
stairs up near westnorthwest

cursor:
Yourself a healer
(x=32, y=7)

map:
                                                                                
                                                                                
                           ---------                                            
                           |.......|                                            
                           |.......|                                            
                           |<......|                                            
                           |....@..-                                            
                           |.......|                                            
                           |.......|                                            
                           ---------                                            
                                                                                
                                                                                
                                                                                
                                                                                
                                                                                
                                                                                
                                                                                
                                                                                
                                                                                
                                                                                
                                                                                
Agent the Rhizotomist          St:9 Dx:8 Co:16 In:11 Wi:14 Ch:17 Neutral S:0    
Dlvl:1 $:1999 HP:12(12) Pw:4(4) AC:8 Xp:1/0                                     

",0.0,False
23,east,,"message:


language observation:
vertical wall far west
horizontal wall near north, south, southwest, and northwest
dark area near east
stairs up near westnorthwest
vertical wall very near northeast and southeast
vertical open door very near east

cursor:
Yourself a healer
(x=33, y=7)

map:
                                                                                
                                                                                
                           ---------                                            
                           |.......|                                            
                           |.......|                                            
                           |<......|                                            
                           |.....@.-                                            
                           |.......|                                            
                           |.......|                                            
                           ---------                                            
                                                                                
                                                                                
                                                                                
                                                                                
                                                                                
                                                                                
                                                                                
                                                                                
                                                                                
                                                                                
                                                                                
Agent the Rhizotomist          St:9 Dx:8 Co:16 In:11 Wi:14 Ch:17 Neutral S:0    
Dlvl:1 $:1999 HP:12(12) Pw:4(4) AC:8 Xp:1/0                                     

",0.0,False
24,east,"To complete the task, I need to find the stairs down. Since I have already explored a significant portion of the level and found the stairs up, my next step will be to methodically explore any unvisited sections of the level. I will move in a systematic way to cover the entire level, checking for any hidden doors or passages that might have been missed. Given my current position and the layout of the level, I will start by moving east through the open door and then continue to explore the level in a clockwise direction. If I encounter any obstacles such as locked doors or enemies, I will use my available items and abilities to overcome them. I will also keep an eye on my health, using my potions of healing as necessary.","message:


language observation:
vertical wall far west
stairs up far westnorthwest
horizontal wall near north, south, southwest, and northwest
dark area very near east
vertical wall adjacent northeast and southeast
vertical open door adjacent east

cursor:
Yourself a healer
(x=34, y=7)

map:
                                                                                
                                                                                
                           ---------                                            
                           |.......|                                            
                           |.......|                                            
                           |<......|                                            
                           |......@-                                            
                           |.......|                                            
                           |.......|                                            
                           ---------                                            
                                                                                
                                                                                
                                                                                
                                                                                
                                                                                
                                                                                
                                                                                
                                                                                
                                                                                
                                                                                
                                                                                
Agent the Rhizotomist          St:9 Dx:8 Co:16 In:11 Wi:14 Ch:17 Neutral S:0    
Dlvl:1 $:1999 HP:12(12) Pw:4(4) AC:8 Xp:1/0                                     

",0.0,False
25,east,,"message:


language observation:
vertical wall far west
stairs up far westnorthwest
horizontal wall near southwest and northwest
dark area very near northeast and east
vertical wall adjacent north and south
dark area adjacent southeast

cursor:
Yourself a healer
(x=35, y=7)

map:
                                                                                
                                                                                
                           ---------                                            
                           |.......|                                            
                           |.......|                                            
                           |<......|#                                           
                           |.......@#                                           
                           |.......|                                            
                           |.......|                                            
                           ---------                                            
                                                                                
                                                                                
                                                                                
                                                                                
                                                                                
                                                                                
                                                                                
                                                                                
                                                                                
                                                                                
                                                                                
Agent the Rhizotomist          St:9 Dx:8 Co:16 In:11 Wi:14 Ch:17 Neutral S:0    
Dlvl:1 $:1999 HP:12(12) Pw:4(4) AC:8 Xp:1/0                                     

",0.0,False
26,south,,"message:
It's a wall.

language observation:
vertical wall far west
stairs up far westnorthwest
horizontal wall near southwest and northwest
dark area very near northeast and east
vertical wall adjacent north and south
dark area adjacent southeast

cursor:
Yourself a healer
(x=35, y=7)

map:
                                                                                
                                                                                
                           ---------                                            
                           |.......|                                            
                           |.......|                                            
                           |<......|#                                           
                           |.......@#                                           
                           |.......|                                            
                           |.......|                                            
                           ---------                                            
                                                                                
                                                                                
                                                                                
                                                                                
                                                                                
                                                                                
                                                                                
                                                                                
                                                                                
                                                                                
                                                                                
Agent the Rhizotomist          St:9 Dx:8 Co:16 In:11 Wi:14 Ch:17 Neutral S:0    
Dlvl:1 $:1999 HP:12(12) Pw:4(4) AC:8 Xp:1/0                                     

",0.0,False
27,north,,"message:
It's a wall.

language observation:
vertical wall far west
stairs up far westnorthwest
horizontal wall near southwest and northwest
dark area very near northeast and east
vertical wall adjacent north and south
dark area adjacent southeast

cursor:
Yourself a healer
(x=35, y=7)

map:
                                                                                
                                                                                
                           ---------                                            
                           |.......|                                            
                           |.......|                                            
                           |<......|#                                           
                           |.......@#                                           
                           |.......|                                            
                           |.......|                                            
                           ---------                                            
                                                                                
                                                                                
                                                                                
                                                                                
                                                                                
                                                                                
                                                                                
                                                                                
                                                                                
                                                                                
                                                                                
Agent the Rhizotomist          St:9 Dx:8 Co:16 In:11 Wi:14 Ch:17 Neutral S:0    
Dlvl:1 $:1999 HP:12(12) Pw:4(4) AC:8 Xp:1/0                                     

",0.0,False
28,north,,"message:
It's a wall.

language observation:
vertical wall far west
stairs up far westnorthwest
horizontal wall near southwest and northwest
dark area very near northeast and east
vertical wall adjacent north and south
dark area adjacent southeast

cursor:
Yourself a healer
(x=35, y=7)

map:
                                                                                
                                                                                
                           ---------                                            
                           |.......|                                            
                           |.......|                                            
                           |<......|#                                           
                           |.......@#                                           
                           |.......|                                            
                           |.......|                                            
                           ---------                                            
                                                                                
                                                                                
                                                                                
                                                                                
                                                                                
                                                                                
                                                                                
                                                                                
                                                                                
                                                                                
                                                                                
Agent the Rhizotomist          St:9 Dx:8 Co:16 In:11 Wi:14 Ch:17 Neutral S:0    
Dlvl:1 $:1999 HP:12(12) Pw:4(4) AC:8 Xp:1/0                                     

",0.0,False
29,west,,"message:


language observation:
vertical wall far west
stairs up far westnorthwest
horizontal wall near north, south, southwest, and northwest
dark area near east
vertical wall adjacent northeast and southeast
vertical open door adjacent east

cursor:
Yourself a healer
(x=34, y=7)

map:
                                                                                
                                                                                
                           ---------                                            
                           |.......|                                            
                           |.......|                                            
                           |<......|#                                           
                           |......@-#                                           
                           |.......|                                            
                           |.......|                                            
                           ---------                                            
                                                                                
                                                                                
                                                                                
                                                                                
                                                                                
                                                                                
                                                                                
                                                                                
                                                                                
                                                                                
                                                                                
Agent the Rhizotomist          St:9 Dx:8 Co:16 In:11 Wi:14 Ch:17 Neutral S:0    
Dlvl:1 $:1999 HP:12(12) Pw:4(4) AC:8 Xp:1/0                                     

",0.0,False
30,east,"To complete the task, I need to find the stairs down. Since I have already explored a significant portion of the level and found the stairs up, my next step will be to methodically explore any unvisited sections of the level. I will move in a systematic way to cover the entire level, checking for any hidden doors or passages that might have been missed. Given my current position and the layout of the level, I will start by moving through the open door to the east and then continue to explore the level in a clockwise direction. If I encounter any obstacles such as locked doors or enemies, I will use my available items and abilities to overcome them. I will also keep an eye on my health, using my potions of healing as necessary. Since I have a spellbook of healing, I can also use spells to restore my health if needed. My goal is to thoroughly explore the level and find the stairs down to progress to the next level.","message:


language observation:
vertical wall far west
stairs up far westnorthwest
horizontal wall near southwest and northwest
dark area very near northeast and east
vertical wall adjacent north and south
dark area adjacent southeast

cursor:
Yourself a healer
(x=35, y=7)

map:
                                                                                
                                                                                
                           ---------                                            
                           |.......|                                            
                           |.......|                                            
                           |<......|#                                           
                           |.......@#                                           
                           |.......|                                            
                           |.......|                                            
                           ---------                                            
                                                                                
                                                                                
                                                                                
                                                                                
                                                                                
                                                                                
                                                                                
                                                                                
                                                                                
                                                                                
                                                                                
Agent the Rhizotomist          St:9 Dx:8 Co:16 In:11 Wi:14 Ch:17 Neutral S:0    
Dlvl:1 $:1999 HP:12(12) Pw:4(4) AC:8 Xp:1/0                                     

",0.0,False
31,search,,"message:


language observation:
vertical wall far west
stairs up far westnorthwest
horizontal wall near southwest and northwest
dark area very near northeast and east
vertical wall adjacent north and south
dark area adjacent southeast

cursor:
Yourself a healer
(x=35, y=7)

map:
                                                                                
                                                                                
                           ---------                                            
                           |.......|                                            
                           |.......|                                            
                           |<......|#                                           
                           |.......@#                                           
                           |.......|                                            
                           |.......|                                            
                           ---------                                            
                                                                                
                                                                                
                                                                                
                                                                                
                                                                                
                                                                                
                                                                                
                                                                                
                                                                                
                                                                                
                                                                                
Agent the Rhizotomist          St:9 Dx:8 Co:16 In:11 Wi:14 Ch:17 Neutral S:0    
Dlvl:1 $:1999 HP:12(12) Pw:4(4) AC:8 Xp:1/0                                     

",0.0,False
32,south,,"message:
It's a wall.

language observation:
vertical wall far west
stairs up far westnorthwest
horizontal wall near southwest and northwest
dark area very near northeast and east
vertical wall adjacent north and south
dark area adjacent southeast

cursor:
Yourself a healer
(x=35, y=7)

map:
                                                                                
                                                                                
                           ---------                                            
                           |.......|                                            
                           |.......|                                            
                           |<......|#                                           
                           |.......@#                                           
                           |.......|                                            
                           |.......|                                            
                           ---------                                            
                                                                                
                                                                                
                                                                                
                                                                                
                                                                                
                                                                                
                                                                                
                                                                                
                                                                                
                                                                                
                                                                                
Agent the Rhizotomist          St:9 Dx:8 Co:16 In:11 Wi:14 Ch:17 Neutral S:0    
Dlvl:1 $:1999 HP:12(12) Pw:4(4) AC:8 Xp:1/0                                     

",0.0,False
33,north,,"message:
It's a wall.

language observation:
vertical wall far west
stairs up far westnorthwest
horizontal wall near southwest and northwest
dark area very near northeast and east
vertical wall adjacent north and south
dark area adjacent southeast

cursor:
Yourself a healer
(x=35, y=7)

map:
                                                                                
                                                                                
                           ---------                                            
                           |.......|                                            
                           |.......|                                            
                           |<......|#                                           
                           |.......@#                                           
                           |.......|                                            
                           |.......|                                            
                           ---------                                            
                                                                                
                                                                                
                                                                                
                                                                                
                                                                                
                                                                                
                                                                                
                                                                                
                                                                                
                                                                                
                                                                                
Agent the Rhizotomist          St:9 Dx:8 Co:16 In:11 Wi:14 Ch:17 Neutral S:0    
Dlvl:1 $:1999 HP:12(12) Pw:4(4) AC:8 Xp:1/0                                     

",0.0,False
34,west,,"message:


language observation:
vertical wall far west
stairs up far westnorthwest
horizontal wall near north, south, southwest, and northwest
dark area near east
vertical wall adjacent northeast and southeast
vertical open door adjacent east

cursor:
Yourself a healer
(x=34, y=7)

map:
                                                                                
                                                                                
                           ---------                                            
                           |.......|                                            
                           |.......|                                            
                           |<......|#                                           
                           |......@-#                                           
                           |.......|                                            
                           |.......|                                            
                           ---------                                            
                                                                                
                                                                                
                                                                                
                                                                                
                                                                                
                                                                                
                                                                                
                                                                                
                                                                                
                                                                                
                                                                                
Agent the Rhizotomist          St:9 Dx:8 Co:16 In:11 Wi:14 Ch:17 Neutral S:0    
Dlvl:1 $:1999 HP:12(12) Pw:4(4) AC:8 Xp:1/0                                     

",0.0,False
35,east,,"message:


language observation:
vertical wall far west
stairs up far westnorthwest
horizontal wall near southwest and northwest
dark area very near northeast and east
vertical wall adjacent north and south
dark area adjacent southeast

cursor:
Yourself a healer
(x=35, y=7)

map:
                                                                                
                                                                                
                           ---------                                            
                           |.......|                                            
                           |.......|                                            
                           |<......|#                                           
                           |.......@#                                           
                           |.......|                                            
                           |.......|                                            
                           ---------                                            
                                                                                
                                                                                
                                                                                
                                                                                
                                                                                
                                                                                
                                                                                
                                                                                
                                                                                
                                                                                
                                                                                
Agent the Rhizotomist          St:9 Dx:8 Co:16 In:11 Wi:14 Ch:17 Neutral S:0    
Dlvl:1 $:1999 HP:12(12) Pw:4(4) AC:8 Xp:1/0                                     

",0.0,False
36,west,"To complete the task, I need to find the stairs down. Since I have already explored a significant portion of the level and found the stairs up, my next step will be to methodically explore any unvisited sections of the level. I will move in a systematic way to cover the entire level, checking for any hidden doors or passages that might have been missed. Given my current position and the layout of the level, I will start by moving through any open doors or passages and then continue to explore the level in a clockwise direction. If I encounter any obstacles such as locked doors or enemies, I will use my available items and abilities to overcome them. I will also keep an eye on my health, using my potions of healing as necessary. Since I have a spellbook of healing, I can also use spells to restore my health if needed. My goal is to thoroughly explore the level and find the stairs down to progress to the next level.","message:


language observation:
vertical wall far west
stairs up far westnorthwest
horizontal wall near north, south, southwest, and northwest
dark area near east
vertical wall adjacent northeast and southeast
vertical open door adjacent east

cursor:
Yourself a healer
(x=34, y=7)

map:
                                                                                
                                                                                
                           ---------                                            
                           |.......|                                            
                           |.......|                                            
                           |<......|#                                           
                           |......@-#                                           
                           |.......|                                            
                           |.......|                                            
                           ---------                                            
                                                                                
                                                                                
                                                                                
                                                                                
                                                                                
                                                                                
                                                                                
                                                                                
                                                                                
                                                                                
                                                                                
Agent the Rhizotomist          St:9 Dx:8 Co:16 In:11 Wi:14 Ch:17 Neutral S:0    
Dlvl:1 $:1999 HP:12(12) Pw:4(4) AC:8 Xp:1/0                                     

",0.0,False
37,search,,"message:


language observation:
vertical wall far west
stairs up far westnorthwest
horizontal wall near north, south, southwest, and northwest
dark area near east
vertical wall adjacent northeast and southeast
vertical open door adjacent east

cursor:
Yourself a healer
(x=34, y=7)

map:
                                                                                
                                                                                
                           ---------                                            
                           |.......|                                            
                           |.......|                                            
                           |<......|#                                           
                           |......@-#                                           
                           |.......|                                            
                           |.......|                                            
                           ---------                                            
                                                                                
                                                                                
                                                                                
                                                                                
                                                                                
                                                                                
                                                                                
                                                                                
                                                                                
                                                                                
                                                                                
Agent the Rhizotomist          St:9 Dx:8 Co:16 In:11 Wi:14 Ch:17 Neutral S:0    
Dlvl:1 $:1999 HP:12(12) Pw:4(4) AC:8 Xp:1/0                                     

",0.0,False
38,east,,"message:


language observation:
vertical wall far west
stairs up far westnorthwest
horizontal wall near southwest and northwest
dark area very near northeast and east
vertical wall adjacent north and south
dark area adjacent southeast

cursor:
Yourself a healer
(x=35, y=7)

map:
                                                                                
                                                                                
                           ---------                                            
                           |.......|                                            
                           |.......|                                            
                           |<......|#                                           
                           |.......@#                                           
                           |.......|                                            
                           |.......|                                            
                           ---------                                            
                                                                                
                                                                                
                                                                                
                                                                                
                                                                                
                                                                                
                                                                                
                                                                                
                                                                                
                                                                                
                                                                                
Agent the Rhizotomist          St:9 Dx:8 Co:16 In:11 Wi:14 Ch:17 Neutral S:0    
Dlvl:1 $:1999 HP:12(12) Pw:4(4) AC:8 Xp:1/0                                     

",0.0,False
39,search,,"message:


language observation:
vertical wall far west
stairs up far westnorthwest
horizontal wall near southwest and northwest
dark area very near northeast and east
vertical wall adjacent north and south
dark area adjacent southeast

cursor:
Yourself a healer
(x=35, y=7)

map:
                                                                                
                                                                                
                           ---------                                            
                           |.......|                                            
                           |.......|                                            
                           |<......|#                                           
                           |.......@#                                           
                           |.......|                                            
                           |.......|                                            
                           ---------                                            
                                                                                
                                                                                
                                                                                
                                                                                
                                                                                
                                                                                
                                                                                
                                                                                
                                                                                
                                                                                
                                                                                
Agent the Rhizotomist          St:9 Dx:8 Co:16 In:11 Wi:14 Ch:17 Neutral S:0    
Dlvl:1 $:1999 HP:12(12) Pw:4(4) AC:8 Xp:1/0                                     

",0.0,False
40,northwest,,"message:
You can't move diagonally out of an intact doorway.

language observation:
vertical wall far west
stairs up far westnorthwest
horizontal wall near southwest and northwest
dark area very near northeast and east
vertical wall adjacent north and south
dark area adjacent southeast

cursor:
Yourself a healer
(x=35, y=7)

map:
                                                                                
                                                                                
                           ---------                                            
                           |.......|                                            
                           |.......|                                            
                           |<......|#                                           
                           |.......@#                                           
                           |.......|                                            
                           |.......|                                            
                           ---------                                            
                                                                                
                                                                                
                                                                                
                                                                                
                                                                                
                                                                                
                                                                                
                                                                                
                                                                                
                                                                                
                                                                                
Agent the Rhizotomist          St:9 Dx:8 Co:16 In:11 Wi:14 Ch:17 Neutral S:0    
Dlvl:1 $:1999 HP:12(12) Pw:4(4) AC:8 Xp:1/0                                     

",0.0,False
41,east,,"message:


language observation:
vertical wall far west
stairs up far westnorthwest
dark area very near north and northeast
dark area adjacent east, southeast, and south
vertical wall adjacent southwest and northwest
vertical open door adjacent west

cursor:
Yourself a healer
(x=36, y=7)

map:
                                                                                
                                                                                
                           ---------                                            
                           |.......|                                            
                           |.......|                                            
                           |<......|##                                          
                           |.......-@                                           
                           |.......|                                            
                           |.......|                                            
                           ---------                                            
                                                                                
                                                                                
                                                                                
                                                                                
                                                                                
                                                                                
                                                                                
                                                                                
                                                                                
                                                                                
                                                                                
Agent the Rhizotomist          St:9 Dx:8 Co:16 In:11 Wi:14 Ch:17 Neutral S:0    
Dlvl:1 $:1999 HP:12(12) Pw:4(4) AC:8 Xp:1/0                                     

",0.0,False
42,east,"To complete the task, I will first review my previous observations to understand the layout of the level. I have found the stairs up, but not the stairs down. I will methodically explore the level, checking for any hidden doors or passages that might have been missed. Given my current position and the layout of the level, I will move in a systematic way to cover the entire level. If I encounter any obstacles such as locked doors or enemies, I will use my available items and abilities to overcome them. I will also keep an eye on my health, using my potions of healing as necessary. Since I have a spellbook of healing, I can also use spells to restore my health if needed. My goal is to thoroughly explore the level and find the stairs down to progress to the next level.","message:
It's solid stone.

language observation:
vertical wall far west
stairs up far westnorthwest
dark area very near north and northeast
dark area adjacent east, southeast, and south
vertical wall adjacent southwest and northwest
vertical open door adjacent west

cursor:
Yourself a healer
(x=36, y=7)

map:
                                                                                
                                                                                
                           ---------                                            
                           |.......|                                            
                           |.......|                                            
                           |<......|##                                          
                           |.......-@                                           
                           |.......|                                            
                           |.......|                                            
                           ---------                                            
                                                                                
                                                                                
                                                                                
                                                                                
                                                                                
                                                                                
                                                                                
                                                                                
                                                                                
                                                                                
                                                                                
Agent the Rhizotomist          St:9 Dx:8 Co:16 In:11 Wi:14 Ch:17 Neutral S:0    
Dlvl:1 $:1999 HP:12(12) Pw:4(4) AC:8 Xp:1/0                                     

",0.0,False
43,west,,"message:


language observation:
vertical wall far west
stairs up far westnorthwest
horizontal wall near southwest and northwest
dark area very near northeast and east
vertical wall adjacent north and south
dark area adjacent southeast

cursor:
Yourself a healer
(x=35, y=7)

map:
                                                                                
                                                                                
                           ---------                                            
                           |.......|                                            
                           |.......|                                            
                           |<......|##                                          
                           |.......@#                                           
                           |.......|                                            
                           |.......|                                            
                           ---------                                            
                                                                                
                                                                                
                                                                                
                                                                                
                                                                                
                                                                                
                                                                                
                                                                                
                                                                                
                                                                                
                                                                                
Agent the Rhizotomist          St:9 Dx:8 Co:16 In:11 Wi:14 Ch:17 Neutral S:0    
Dlvl:1 $:1999 HP:12(12) Pw:4(4) AC:8 Xp:1/0                                     

",0.0,False
44,northwest,,"message:
You can't move diagonally out of an intact doorway.

language observation:
vertical wall far west
stairs up far westnorthwest
horizontal wall near southwest and northwest
dark area very near northeast and east
vertical wall adjacent north and south
dark area adjacent southeast

cursor:
Yourself a healer
(x=35, y=7)

map:
                                                                                
                                                                                
                           ---------                                            
                           |.......|                                            
                           |.......|                                            
                           |<......|##                                          
                           |.......@#                                           
                           |.......|                                            
                           |.......|                                            
                           ---------                                            
                                                                                
                                                                                
                                                                                
                                                                                
                                                                                
                                                                                
                                                                                
                                                                                
                                                                                
                                                                                
                                                                                
Agent the Rhizotomist          St:9 Dx:8 Co:16 In:11 Wi:14 Ch:17 Neutral S:0    
Dlvl:1 $:1999 HP:12(12) Pw:4(4) AC:8 Xp:1/0                                     

",0.0,False
45,west,,"message:


language observation:
vertical wall far west
stairs up far westnorthwest
horizontal wall near north, south, southwest, and northwest
dark area near east
vertical wall adjacent northeast and southeast
vertical open door adjacent east

cursor:
Yourself a healer
(x=34, y=7)

map:
                                                                                
                                                                                
                           ---------                                            
                           |.......|                                            
                           |.......|                                            
                           |<......|##                                          
                           |......@-#                                           
                           |.......|                                            
                           |.......|                                            
                           ---------                                            
                                                                                
                                                                                
                                                                                
                                                                                
                                                                                
                                                                                
                                                                                
                                                                                
                                                                                
                                                                                
                                                                                
Agent the Rhizotomist          St:9 Dx:8 Co:16 In:11 Wi:14 Ch:17 Neutral S:0    
Dlvl:1 $:1999 HP:12(12) Pw:4(4) AC:8 Xp:1/0                                     

",0.0,False
46,east,,"message:


language observation:
vertical wall far west
stairs up far westnorthwest
horizontal wall near southwest and northwest
dark area very near northeast and east
vertical wall adjacent north and south
dark area adjacent southeast

cursor:
Yourself a healer
(x=35, y=7)

map:
                                                                                
                                                                                
                           ---------                                            
                           |.......|                                            
                           |.......|                                            
                           |<......|##                                          
                           |.......@#                                           
                           |.......|                                            
                           |.......|                                            
                           ---------                                            
                                                                                
                                                                                
                                                                                
                                                                                
                                                                                
                                                                                
                                                                                
                                                                                
                                                                                
                                                                                
                                                                                
Agent the Rhizotomist          St:9 Dx:8 Co:16 In:11 Wi:14 Ch:17 Neutral S:0    
Dlvl:1 $:1999 HP:12(12) Pw:4(4) AC:8 Xp:1/0                                     

",0.0,False
47,search,,"message:


language observation:
vertical wall far west
stairs up far westnorthwest
horizontal wall near southwest and northwest
dark area very near northeast and east
vertical wall adjacent north and south
dark area adjacent southeast

cursor:
Yourself a healer
(x=35, y=7)

map:
                                                                                
                                                                                
                           ---------                                            
                           |.......|                                            
                           |.......|                                            
                           |<......|##                                          
                           |.......@#                                           
                           |.......|                                            
                           |.......|                                            
                           ---------                                            
                                                                                
                                                                                
                                                                                
                                                                                
                                                                                
                                                                                
                                                                                
                                                                                
                                                                                
                                                                                
                                                                                
Agent the Rhizotomist          St:9 Dx:8 Co:16 In:11 Wi:14 Ch:17 Neutral S:0    
Dlvl:1 $:1999 HP:12(12) Pw:4(4) AC:8 Xp:1/0                                     

",0.0,False
48,east,"To complete the task, I need to find the stairs down. Since I've already explored the current area and found the stairs up, my next step is to methodically search the level for any hidden doors or passages that might lead to the stairs down. I will start by moving east and then explore the dark areas. If I encounter any obstacles, such as locked doors or enemies, I will use my available items and abilities to overcome them. I will also keep an eye on my health and use my potions of healing as necessary. Given my current position and the layout of the level, moving east seems like the most promising direction to start with.","message:


language observation:
vertical wall far west
stairs up far westnorthwest
dark area very near north and northeast
dark area adjacent east, southeast, and south
vertical wall adjacent southwest and northwest
vertical open door adjacent west

cursor:
Yourself a healer
(x=36, y=7)

map:
                                                                                
                                                                                
                           ---------                                            
                           |.......|                                            
                           |.......|                                            
                           |<......|##                                          
                           |.......-@                                           
                           |.......|                                            
                           |.......|                                            
                           ---------                                            
                                                                                
                                                                                
                                                                                
                                                                                
                                                                                
                                                                                
                                                                                
                                                                                
                                                                                
                                                                                
                                                                                
Agent the Rhizotomist          St:9 Dx:8 Co:16 In:11 Wi:14 Ch:17 Neutral S:0    
Dlvl:1 $:1999 HP:12(12) Pw:4(4) AC:8 Xp:1/0                                     

",0.0,False
49,north,,"message:


language observation:
stairs up far west
horizontal wall near southwest
dark area very near east and south
dark area adjacent north, northeast, and southeast
vertical open door adjacent southwest
vertical wall adjacent west and northwest

cursor:
Yourself a healer
(x=36, y=6)

map:
                                                                                
                                                                                
                           ---------                                            
                           |.......|                                            
                           |.......|                                            
                           |<......|@#                                          
                           |.......-#                                           
                           |.......|                                            
                           |.......|                                            
                           ---------                                            
                                                                                
                                                                                
                                                                                
                                                                                
                                                                                
                                                                                
                                                                                
                                                                                
                                                                                
                                                                                
                                                                                
Agent the Rhizotomist          St:9 Dx:8 Co:16 In:11 Wi:14 Ch:17 Neutral S:0    
Dlvl:1 $:1999 HP:12(12) Pw:4(4) AC:8 Xp:1/0                                     

",0.0,False
50,south,,"message:


language observation:
vertical wall far west
stairs up far westnorthwest
dark area very near north and northeast
dark area adjacent east, southeast, and south
vertical wall adjacent southwest and northwest
vertical open door adjacent west

cursor:
Yourself a healer
(x=36, y=7)

map:
                                                                                
                                                                                
                           ---------                                            
                           |.......|                                            
                           |.......|                                            
                           |<......|##                                          
                           |.......-@                                           
                           |.......|                                            
                           |.......|                                            
                           ---------                                            
                                                                                
                                                                                
                                                                                
                                                                                
                                                                                
                                                                                
                                                                                
                                                                                
                                                                                
                                                                                
                                                                                
Agent the Rhizotomist          St:9 Dx:8 Co:16 In:11 Wi:14 Ch:17 Neutral S:0    
Dlvl:1 $:1999 HP:12(12) Pw:4(4) AC:8 Xp:1/0                                     

",0.0,False
51,east,,"message:
It's solid stone.

language observation:
vertical wall far west
stairs up far westnorthwest
dark area very near north and northeast
dark area adjacent east, southeast, and south
vertical wall adjacent southwest and northwest
vertical open door adjacent west

cursor:
Yourself a healer
(x=36, y=7)

map:
                                                                                
                                                                                
                           ---------                                            
                           |.......|                                            
                           |.......|                                            
                           |<......|##                                          
                           |.......-@                                           
                           |.......|                                            
                           |.......|                                            
                           ---------                                            
                                                                                
                                                                                
                                                                                
                                                                                
                                                                                
                                                                                
                                                                                
                                                                                
                                                                                
                                                                                
                                                                                
Agent the Rhizotomist          St:9 Dx:8 Co:16 In:11 Wi:14 Ch:17 Neutral S:0    
Dlvl:1 $:1999 HP:12(12) Pw:4(4) AC:8 Xp:1/0                                     

",0.0,False
52,west,,"message:


language observation:
vertical wall far west
stairs up far westnorthwest
horizontal wall near southwest and northwest
dark area very near northeast and east
vertical wall adjacent north and south
dark area adjacent southeast

cursor:
Yourself a healer
(x=35, y=7)

map:
                                                                                
                                                                                
                           ---------                                            
                           |.......|                                            
                           |.......|                                            
                           |<......|##                                          
                           |.......@#                                           
                           |.......|                                            
                           |.......|                                            
                           ---------                                            
                                                                                
                                                                                
                                                                                
                                                                                
                                                                                
                                                                                
                                                                                
                                                                                
                                                                                
                                                                                
                                                                                
Agent the Rhizotomist          St:9 Dx:8 Co:16 In:11 Wi:14 Ch:17 Neutral S:0    
Dlvl:1 $:1999 HP:12(12) Pw:4(4) AC:8 Xp:1/0                                     

",0.0,False
53,search,,"message:


language observation:
vertical wall far west
stairs up far westnorthwest
horizontal wall near southwest and northwest
dark area very near northeast and east
vertical wall adjacent north and south
dark area adjacent southeast

cursor:
Yourself a healer
(x=35, y=7)

map:
                                                                                
                                                                                
                           ---------                                            
                           |.......|                                            
                           |.......|                                            
                           |<......|##                                          
                           |.......@#                                           
                           |.......|                                            
                           |.......|                                            
                           ---------                                            
                                                                                
                                                                                
                                                                                
                                                                                
                                                                                
                                                                                
                                                                                
                                                                                
                                                                                
                                                                                
                                                                                
Agent the Rhizotomist          St:9 Dx:8 Co:16 In:11 Wi:14 Ch:17 Neutral S:0    
Dlvl:1 $:1999 HP:12(12) Pw:4(4) AC:8 Xp:1/0                                     

",0.0,False
54,east,"To complete the task, I need to find the stairs down. Since I've already explored the current area and found the stairs up, my next step is to methodically search the level for any hidden doors or passages that might lead to the stairs down. I will start by moving in a direction that I haven't fully explored yet, which is east, and then continue to explore the dark areas. If I encounter any obstacles, such as locked doors or enemies, I will use my available items and abilities to overcome them. I will also keep an eye on my health and use my potions of healing as necessary. Given my current position and the layout of the level, moving east seems like the most promising direction to start with. If I reach a dead end or find no stairs, I will backtrack and try other unexplored directions.","message:


language observation:
vertical wall far west
stairs up far westnorthwest
dark area very near north and northeast
dark area adjacent east, southeast, and south
vertical wall adjacent southwest and northwest
vertical open door adjacent west

cursor:
Yourself a healer
(x=36, y=7)

map:
                                                                                
                                                                                
                           ---------                                            
                           |.......|                                            
                           |.......|                                            
                           |<......|##                                          
                           |.......-@                                           
                           |.......|                                            
                           |.......|                                            
                           ---------                                            
                                                                                
                                                                                
                                                                                
                                                                                
                                                                                
                                                                                
                                                                                
                                                                                
                                                                                
                                                                                
                                                                                
Agent the Rhizotomist          St:9 Dx:8 Co:16 In:11 Wi:14 Ch:17 Neutral S:0    
Dlvl:1 $:1999 HP:12(12) Pw:4(4) AC:8 Xp:1/0                                     

",0.0,False
55,north,,"message:


language observation:
stairs up far west
horizontal wall near southwest
dark area very near east and south
dark area adjacent north, northeast, and southeast
vertical open door adjacent southwest
vertical wall adjacent west and northwest

cursor:
Yourself a healer
(x=36, y=6)

map:
                                                                                
                                                                                
                           ---------                                            
                           |.......|                                            
                           |.......|                                            
                           |<......|@#                                          
                           |.......-#                                           
                           |.......|                                            
                           |.......|                                            
                           ---------                                            
                                                                                
                                                                                
                                                                                
                                                                                
                                                                                
                                                                                
                                                                                
                                                                                
                                                                                
                                                                                
                                                                                
Agent the Rhizotomist          St:9 Dx:8 Co:16 In:11 Wi:14 Ch:17 Neutral S:0    
Dlvl:1 $:1999 HP:12(12) Pw:4(4) AC:8 Xp:1/0                                     

",0.0,False
56,south,,"message:


language observation:
vertical wall far west
stairs up far westnorthwest
dark area very near north and northeast
dark area adjacent east, southeast, and south
vertical wall adjacent southwest and northwest
vertical open door adjacent west

cursor:
Yourself a healer
(x=36, y=7)

map:
                                                                                
                                                                                
                           ---------                                            
                           |.......|                                            
                           |.......|                                            
                           |<......|##                                          
                           |.......-@                                           
                           |.......|                                            
                           |.......|                                            
                           ---------                                            
                                                                                
                                                                                
                                                                                
                                                                                
                                                                                
                                                                                
                                                                                
                                                                                
                                                                                
                                                                                
                                                                                
Agent the Rhizotomist          St:9 Dx:8 Co:16 In:11 Wi:14 Ch:17 Neutral S:0    
Dlvl:1 $:1999 HP:12(12) Pw:4(4) AC:8 Xp:1/0                                     

",0.0,False
57,northwest,,"message:
It's a wall.

language observation:
vertical wall far west
stairs up far westnorthwest
dark area very near north and northeast
dark area adjacent east, southeast, and south
vertical wall adjacent southwest and northwest
vertical open door adjacent west

cursor:
Yourself a healer
(x=36, y=7)

map:
                                                                                
                                                                                
                           ---------                                            
                           |.......|                                            
                           |.......|                                            
                           |<......|##                                          
                           |.......-@                                           
                           |.......|                                            
                           |.......|                                            
                           ---------                                            
                                                                                
                                                                                
                                                                                
                                                                                
                                                                                
                                                                                
                                                                                
                                                                                
                                                                                
                                                                                
                                                                                
Agent the Rhizotomist          St:9 Dx:8 Co:16 In:11 Wi:14 Ch:17 Neutral S:0    
Dlvl:1 $:1999 HP:12(12) Pw:4(4) AC:8 Xp:1/0                                     

",0.0,False
58,east,,"message:
It's solid stone.

language observation:
vertical wall far west
stairs up far westnorthwest
dark area very near north and northeast
dark area adjacent east, southeast, and south
vertical wall adjacent southwest and northwest
vertical open door adjacent west

cursor:
Yourself a healer
(x=36, y=7)

map:
                                                                                
                                                                                
                           ---------                                            
                           |.......|                                            
                           |.......|                                            
                           |<......|##                                          
                           |.......-@                                           
                           |.......|                                            
                           |.......|                                            
                           ---------                                            
                                                                                
                                                                                
                                                                                
                                                                                
                                                                                
                                                                                
                                                                                
                                                                                
                                                                                
                                                                                
                                                                                
Agent the Rhizotomist          St:9 Dx:8 Co:16 In:11 Wi:14 Ch:17 Neutral S:0    
Dlvl:1 $:1999 HP:12(12) Pw:4(4) AC:8 Xp:1/0                                     

",0.0,False
59,north,,"message:


language observation:
stairs up far west
horizontal wall near southwest
dark area very near east and south
dark area adjacent north, northeast, and southeast
vertical open door adjacent southwest
vertical wall adjacent west and northwest

cursor:
Yourself a healer
(x=36, y=6)

map:
                                                                                
                                                                                
                           ---------                                            
                           |.......|                                            
                           |.......|                                            
                           |<......|@#                                          
                           |.......-#                                           
                           |.......|                                            
                           |.......|                                            
                           ---------                                            
                                                                                
                                                                                
                                                                                
                                                                                
                                                                                
                                                                                
                                                                                
                                                                                
                                                                                
                                                                                
                                                                                
Agent the Rhizotomist          St:9 Dx:8 Co:16 In:11 Wi:14 Ch:17 Neutral S:0    
Dlvl:1 $:1999 HP:12(12) Pw:4(4) AC:8 Xp:1/0                                     

",0.0,False
60,south,"To complete the task, I need to find the stairs down. Since I've already explored the current area and found the stairs up, my next step is to methodically search the level for any hidden doors or passages that might lead to the stairs down. I will start by moving in a direction that I haven't fully explored yet. Given my current position and the layout of the level, I should try to explore the dark areas to the east and south. If I encounter any obstacles, such as locked doors or enemies, I will use my available items and abilities to overcome them. I will also keep an eye on my health and use my potions of healing as necessary. If I reach a dead end, I will backtrack and try other unexplored directions.","message:


language observation:
vertical wall far west
stairs up far westnorthwest
dark area very near north and northeast
dark area adjacent east, southeast, and south
vertical wall adjacent southwest and northwest
vertical open door adjacent west

cursor:
Yourself a healer
(x=36, y=7)

map:
                                                                                
                                                                                
                           ---------                                            
                           |.......|                                            
                           |.......|                                            
                           |<......|##                                          
                           |.......-@                                           
                           |.......|                                            
                           |.......|                                            
                           ---------                                            
                                                                                
                                                                                
                                                                                
                                                                                
                                                                                
                                                                                
                                                                                
                                                                                
                                                                                
                                                                                
                                                                                
Agent the Rhizotomist          St:9 Dx:8 Co:16 In:11 Wi:14 Ch:17 Neutral S:0    
Dlvl:1 $:1999 HP:12(12) Pw:4(4) AC:8 Xp:1/0                                     

",0.0,False
61,west,,"message:


language observation:
vertical wall far west
stairs up far westnorthwest
horizontal wall near southwest and northwest
dark area very near northeast and east
vertical wall adjacent north and south
dark area adjacent southeast

cursor:
Yourself a healer
(x=35, y=7)

map:
                                                                                
                                                                                
                           ---------                                            
                           |.......|                                            
                           |.......|                                            
                           |<......|##                                          
                           |.......@#                                           
                           |.......|                                            
                           |.......|                                            
                           ---------                                            
                                                                                
                                                                                
                                                                                
                                                                                
                                                                                
                                                                                
                                                                                
                                                                                
                                                                                
                                                                                
                                                                                
Agent the Rhizotomist          St:9 Dx:8 Co:16 In:11 Wi:14 Ch:17 Neutral S:0    
Dlvl:1 $:1999 HP:12(12) Pw:4(4) AC:8 Xp:1/0                                     

",0.0,False
62,search,,"message:


language observation:
vertical wall far west
stairs up far westnorthwest
horizontal wall near southwest and northwest
dark area very near northeast and east
vertical wall adjacent north and south
dark area adjacent southeast

cursor:
Yourself a healer
(x=35, y=7)

map:
                                                                                
                                                                                
                           ---------                                            
                           |.......|                                            
                           |.......|                                            
                           |<......|##                                          
                           |.......@#                                           
                           |.......|                                            
                           |.......|                                            
                           ---------                                            
                                                                                
                                                                                
                                                                                
                                                                                
                                                                                
                                                                                
                                                                                
                                                                                
                                                                                
                                                                                
                                                                                
Agent the Rhizotomist          St:9 Dx:8 Co:16 In:11 Wi:14 Ch:17 Neutral S:0    
Dlvl:1 $:1999 HP:12(12) Pw:4(4) AC:8 Xp:1/0                                     

",0.0,False
63,northwest,,"message:
You can't move diagonally out of an intact doorway.

language observation:
vertical wall far west
stairs up far westnorthwest
horizontal wall near southwest and northwest
dark area very near northeast and east
vertical wall adjacent north and south
dark area adjacent southeast

cursor:
Yourself a healer
(x=35, y=7)

map:
                                                                                
                                                                                
                           ---------                                            
                           |.......|                                            
                           |.......|                                            
                           |<......|##                                          
                           |.......@#                                           
                           |.......|                                            
                           |.......|                                            
                           ---------                                            
                                                                                
                                                                                
                                                                                
                                                                                
                                                                                
                                                                                
                                                                                
                                                                                
                                                                                
                                                                                
                                                                                
Agent the Rhizotomist          St:9 Dx:8 Co:16 In:11 Wi:14 Ch:17 Neutral S:0    
Dlvl:1 $:1999 HP:12(12) Pw:4(4) AC:8 Xp:1/0                                     

",0.0,False
64,south,,"message:
It's a wall.

language observation:
vertical wall far west
stairs up far westnorthwest
horizontal wall near southwest and northwest
dark area very near northeast and east
vertical wall adjacent north and south
dark area adjacent southeast

cursor:
Yourself a healer
(x=35, y=7)

map:
                                                                                
                                                                                
                           ---------                                            
                           |.......|                                            
                           |.......|                                            
                           |<......|##                                          
                           |.......@#                                           
                           |.......|                                            
                           |.......|                                            
                           ---------                                            
                                                                                
                                                                                
                                                                                
                                                                                
                                                                                
                                                                                
                                                                                
                                                                                
                                                                                
                                                                                
                                                                                
Agent the Rhizotomist          St:9 Dx:8 Co:16 In:11 Wi:14 Ch:17 Neutral S:0    
Dlvl:1 $:1999 HP:12(12) Pw:4(4) AC:8 Xp:1/0                                     

",0.0,False
65,west,,"message:


language observation:
vertical wall far west
stairs up far westnorthwest
horizontal wall near north, south, southwest, and northwest
dark area near east
vertical wall adjacent northeast and southeast
vertical open door adjacent east

cursor:
Yourself a healer
(x=34, y=7)

map:
                                                                                
                                                                                
                           ---------                                            
                           |.......|                                            
                           |.......|                                            
                           |<......|##                                          
                           |......@-#                                           
                           |.......|                                            
                           |.......|                                            
                           ---------                                            
                                                                                
                                                                                
                                                                                
                                                                                
                                                                                
                                                                                
                                                                                
                                                                                
                                                                                
                                                                                
                                                                                
Agent the Rhizotomist          St:9 Dx:8 Co:16 In:11 Wi:14 Ch:17 Neutral S:0    
Dlvl:1 $:1999 HP:12(12) Pw:4(4) AC:8 Xp:1/0                                     

",0.0,False
66,east,"To complete the task, I will first review my previous observations and note that I have found the stairs up but not the stairs down. I will methodically explore the level, searching for any hidden doors or passages that might lead to the stairs down. Since I have a wand of sleep and spellbooks of healing and extra healing, I should be able to handle most monsters I encounter. I will also use my potions of healing and extra healing as necessary to maintain my health. Given my current position, I should try to explore the dark area to the east, as it is the most unexplored region near me. I will move east through the open door and then begin to methodically search the area, using my search ability to detect any hidden doors or passages.","message:


language observation:
vertical wall far west
stairs up far westnorthwest
horizontal wall near southwest and northwest
dark area very near northeast and east
vertical wall adjacent north and south
dark area adjacent southeast

cursor:
Yourself a healer
(x=35, y=7)

map:
                                                                                
                                                                                
                           ---------                                            
                           |.......|                                            
                           |.......|                                            
                           |<......|##                                          
                           |.......@#                                           
                           |.......|                                            
                           |.......|                                            
                           ---------                                            
                                                                                
                                                                                
                                                                                
                                                                                
                                                                                
                                                                                
                                                                                
                                                                                
                                                                                
                                                                                
                                                                                
Agent the Rhizotomist          St:9 Dx:8 Co:16 In:11 Wi:14 Ch:17 Neutral S:0    
Dlvl:1 $:1999 HP:12(12) Pw:4(4) AC:8 Xp:1/0                                     

",0.0,False
67,east,,"message:


language observation:
vertical wall far west
stairs up far westnorthwest
dark area very near north and northeast
dark area adjacent east, southeast, and south
vertical wall adjacent southwest and northwest
vertical open door adjacent west

cursor:
Yourself a healer
(x=36, y=7)

map:
                                                                                
                                                                                
                           ---------                                            
                           |.......|                                            
                           |.......|                                            
                           |<......|##                                          
                           |.......-@                                           
                           |.......|                                            
                           |.......|                                            
                           ---------                                            
                                                                                
                                                                                
                                                                                
                                                                                
                                                                                
                                                                                
                                                                                
                                                                                
                                                                                
                                                                                
                                                                                
Agent the Rhizotomist          St:9 Dx:8 Co:16 In:11 Wi:14 Ch:17 Neutral S:0    
Dlvl:1 $:1999 HP:12(12) Pw:4(4) AC:8 Xp:1/0                                     

",0.0,False
68,search,,"message:


language observation:
vertical wall far west
stairs up far westnorthwest
dark area very near north and northeast
dark area adjacent east, southeast, and south
vertical wall adjacent southwest and northwest
vertical open door adjacent west

cursor:
Yourself a healer
(x=36, y=7)

map:
                                                                                
                                                                                
                           ---------                                            
                           |.......|                                            
                           |.......|                                            
                           |<......|##                                          
                           |.......-@                                           
                           |.......|                                            
                           |.......|                                            
                           ---------                                            
                                                                                
                                                                                
                                                                                
                                                                                
                                                                                
                                                                                
                                                                                
                                                                                
                                                                                
                                                                                
                                                                                
Agent the Rhizotomist          St:9 Dx:8 Co:16 In:11 Wi:14 Ch:17 Neutral S:0    
Dlvl:1 $:1999 HP:12(12) Pw:4(4) AC:8 Xp:1/0                                     

",0.0,False
69,east,,"message:
It's solid stone.

language observation:
vertical wall far west
stairs up far westnorthwest
dark area very near north and northeast
dark area adjacent east, southeast, and south
vertical wall adjacent southwest and northwest
vertical open door adjacent west

cursor:
Yourself a healer
(x=36, y=7)

map:
                                                                                
                                                                                
                           ---------                                            
                           |.......|                                            
                           |.......|                                            
                           |<......|##                                          
                           |.......-@                                           
                           |.......|                                            
                           |.......|                                            
                           ---------                                            
                                                                                
                                                                                
                                                                                
                                                                                
                                                                                
                                                                                
                                                                                
                                                                                
                                                                                
                                                                                
                                                                                
Agent the Rhizotomist          St:9 Dx:8 Co:16 In:11 Wi:14 Ch:17 Neutral S:0    
Dlvl:1 $:1999 HP:12(12) Pw:4(4) AC:8 Xp:1/0                                     

",0.0,False
70,north,,"message:


language observation:
stairs up far west
horizontal wall near southwest
dark area very near east and south
dark area adjacent north, northeast, and southeast
vertical open door adjacent southwest
vertical wall adjacent west and northwest

cursor:
Yourself a healer
(x=36, y=6)

map:
                                                                                
                                                                                
                           ---------                                            
                           |.......|                                            
                           |.......|                                            
                           |<......|@#                                          
                           |.......-#                                           
                           |.......|                                            
                           |.......|                                            
                           ---------                                            
                                                                                
                                                                                
                                                                                
                                                                                
                                                                                
                                                                                
                                                                                
                                                                                
                                                                                
                                                                                
                                                                                
Agent the Rhizotomist          St:9 Dx:8 Co:16 In:11 Wi:14 Ch:17 Neutral S:0    
Dlvl:1 $:1999 HP:12(12) Pw:4(4) AC:8 Xp:1/0                                     

",0.0,False
71,south,,"message:


language observation:
vertical wall far west
stairs up far westnorthwest
dark area very near north and northeast
dark area adjacent east, southeast, and south
vertical wall adjacent southwest and northwest
vertical open door adjacent west

cursor:
Yourself a healer
(x=36, y=7)

map:
                                                                                
                                                                                
                           ---------                                            
                           |.......|                                            
                           |.......|                                            
                           |<......|##                                          
                           |.......-@                                           
                           |.......|                                            
                           |.......|                                            
                           ---------                                            
                                                                                
                                                                                
                                                                                
                                                                                
                                                                                
                                                                                
                                                                                
                                                                                
                                                                                
                                                                                
                                                                                
Agent the Rhizotomist          St:9 Dx:8 Co:16 In:11 Wi:14 Ch:17 Neutral S:0    
Dlvl:1 $:1999 HP:12(12) Pw:4(4) AC:8 Xp:1/0                                     

",0.0,False
72,north,"To complete the task, I need to explore the level and find the stairs down. Since I've already found the stairs up, my goal is to methodically search the level, using my search ability to detect any hidden doors or passages. I will also use my knowledge of the level's layout to navigate and avoid moving into solid stone or walls. Given my current position, I should try to explore the dark areas adjacent to my location. I have a set of useful items, including a wand of sleep, potions of healing and extra healing, and spellbooks of healing and extra healing, which I can use to handle any monsters I might encounter. My high-level plan is to explore the level in a systematic way, using my abilities and items as needed to overcome any obstacles and eventually find the stairs down.","message:


language observation:
stairs up far west
horizontal wall near southwest
dark area very near east and south
dark area adjacent north, northeast, and southeast
vertical open door adjacent southwest
vertical wall adjacent west and northwest

cursor:
Yourself a healer
(x=36, y=6)

map:
                                                                                
                                                                                
                           ---------                                            
                           |.......|                                            
                           |.......|                                            
                           |<......|@#                                          
                           |.......-#                                           
                           |.......|                                            
                           |.......|                                            
                           ---------                                            
                                                                                
                                                                                
                                                                                
                                                                                
                                                                                
                                                                                
                                                                                
                                                                                
                                                                                
                                                                                
                                                                                
Agent the Rhizotomist          St:9 Dx:8 Co:16 In:11 Wi:14 Ch:17 Neutral S:0    
Dlvl:1 $:1999 HP:12(12) Pw:4(4) AC:8 Xp:1/0                                     

",0.0,False
73,south,,"message:


language observation:
vertical wall far west
stairs up far westnorthwest
dark area very near north and northeast
dark area adjacent east, southeast, and south
vertical wall adjacent southwest and northwest
vertical open door adjacent west

cursor:
Yourself a healer
(x=36, y=7)

map:
                                                                                
                                                                                
                           ---------                                            
                           |.......|                                            
                           |.......|                                            
                           |<......|##                                          
                           |.......-@                                           
                           |.......|                                            
                           |.......|                                            
                           ---------                                            
                                                                                
                                                                                
                                                                                
                                                                                
                                                                                
                                                                                
                                                                                
                                                                                
                                                                                
                                                                                
                                                                                
Agent the Rhizotomist          St:9 Dx:8 Co:16 In:11 Wi:14 Ch:17 Neutral S:0    
Dlvl:1 $:1999 HP:12(12) Pw:4(4) AC:8 Xp:1/0                                     

",0.0,False
74,east,,"message:
It's solid stone.

language observation:
vertical wall far west
stairs up far westnorthwest
dark area very near north and northeast
dark area adjacent east, southeast, and south
vertical wall adjacent southwest and northwest
vertical open door adjacent west

cursor:
Yourself a healer
(x=36, y=7)

map:
                                                                                
                                                                                
                           ---------                                            
                           |.......|                                            
                           |.......|                                            
                           |<......|##                                          
                           |.......-@                                           
                           |.......|                                            
                           |.......|                                            
                           ---------                                            
                                                                                
                                                                                
                                                                                
                                                                                
                                                                                
                                                                                
                                                                                
                                                                                
                                                                                
                                                                                
                                                                                
Agent the Rhizotomist          St:9 Dx:8 Co:16 In:11 Wi:14 Ch:17 Neutral S:0    
Dlvl:1 $:1999 HP:12(12) Pw:4(4) AC:8 Xp:1/0                                     

",0.0,False
75,west,,"message:


language observation:
vertical wall far west
stairs up far westnorthwest
horizontal wall near southwest and northwest
dark area very near northeast and east
vertical wall adjacent north and south
dark area adjacent southeast

cursor:
Yourself a healer
(x=35, y=7)

map:
                                                                                
                                                                                
                           ---------                                            
                           |.......|                                            
                           |.......|                                            
                           |<......|##                                          
                           |.......@#                                           
                           |.......|                                            
                           |.......|                                            
                           ---------                                            
                                                                                
                                                                                
                                                                                
                                                                                
                                                                                
                                                                                
                                                                                
                                                                                
                                                                                
                                                                                
                                                                                
Agent the Rhizotomist          St:9 Dx:8 Co:16 In:11 Wi:14 Ch:17 Neutral S:0    
Dlvl:1 $:1999 HP:12(12) Pw:4(4) AC:8 Xp:1/0                                     

",0.0,False
76,northwest,,"message:
You can't move diagonally out of an intact doorway.

language observation:
vertical wall far west
stairs up far westnorthwest
horizontal wall near southwest and northwest
dark area very near northeast and east
vertical wall adjacent north and south
dark area adjacent southeast

cursor:
Yourself a healer
(x=35, y=7)

map:
                                                                                
                                                                                
                           ---------                                            
                           |.......|                                            
                           |.......|                                            
                           |<......|##                                          
                           |.......@#                                           
                           |.......|                                            
                           |.......|                                            
                           ---------                                            
                                                                                
                                                                                
                                                                                
                                                                                
                                                                                
                                                                                
                                                                                
                                                                                
                                                                                
                                                                                
                                                                                
Agent the Rhizotomist          St:9 Dx:8 Co:16 In:11 Wi:14 Ch:17 Neutral S:0    
Dlvl:1 $:1999 HP:12(12) Pw:4(4) AC:8 Xp:1/0                                     

",0.0,False
77,south,,"message:
It's a wall.

language observation:
vertical wall far west
stairs up far westnorthwest
horizontal wall near southwest and northwest
dark area very near northeast and east
vertical wall adjacent north and south
dark area adjacent southeast

cursor:
Yourself a healer
(x=35, y=7)

map:
                                                                                
                                                                                
                           ---------                                            
                           |.......|                                            
                           |.......|                                            
                           |<......|##                                          
                           |.......@#                                           
                           |.......|                                            
                           |.......|                                            
                           ---------                                            
                                                                                
                                                                                
                                                                                
                                                                                
                                                                                
                                                                                
                                                                                
                                                                                
                                                                                
                                                                                
                                                                                
Agent the Rhizotomist          St:9 Dx:8 Co:16 In:11 Wi:14 Ch:17 Neutral S:0    
Dlvl:1 $:1999 HP:12(12) Pw:4(4) AC:8 Xp:1/0                                     

",0.0,False
78,west,"To complete the task, I need to explore the level and find the stairs down. Since I've already found the stairs up, my goal is to methodically search the level, using my search ability to detect any hidden doors or passages. I will also use my knowledge of the level's layout to navigate and avoid moving into solid stone or walls. Given my current position, I should try to explore the dark areas adjacent to my location. I have a set of useful items, including a wand of sleep, potions of healing and extra healing, and spellbooks of healing and extra healing, which I can use to handle any monsters I might encounter. My high-level plan is to explore the level in a systematic way, using my abilities and items as needed to overcome any obstacles and eventually find the stairs down. I will start by moving west and then explore the level from there.","message:


language observation:
vertical wall far west
stairs up far westnorthwest
horizontal wall near north, south, southwest, and northwest
dark area near east
vertical wall adjacent northeast and southeast
vertical open door adjacent east

cursor:
Yourself a healer
(x=34, y=7)

map:
                                                                                
                                                                                
                           ---------                                            
                           |.......|                                            
                           |.......|                                            
                           |<......|##                                          
                           |......@-#                                           
                           |.......|                                            
                           |.......|                                            
                           ---------                                            
                                                                                
                                                                                
                                                                                
                                                                                
                                                                                
                                                                                
                                                                                
                                                                                
                                                                                
                                                                                
                                                                                
Agent the Rhizotomist          St:9 Dx:8 Co:16 In:11 Wi:14 Ch:17 Neutral S:0    
Dlvl:1 $:1999 HP:12(12) Pw:4(4) AC:8 Xp:1/0                                     

",0.0,False
79,east,,"message:


language observation:
vertical wall far west
stairs up far westnorthwest
horizontal wall near southwest and northwest
dark area very near northeast and east
vertical wall adjacent north and south
dark area adjacent southeast

cursor:
Yourself a healer
(x=35, y=7)

map:
                                                                                
                                                                                
                           ---------                                            
                           |.......|                                            
                           |.......|                                            
                           |<......|##                                          
                           |.......@#                                           
                           |.......|                                            
                           |.......|                                            
                           ---------                                            
                                                                                
                                                                                
                                                                                
                                                                                
                                                                                
                                                                                
                                                                                
                                                                                
                                                                                
                                                                                
                                                                                
Agent the Rhizotomist          St:9 Dx:8 Co:16 In:11 Wi:14 Ch:17 Neutral S:0    
Dlvl:1 $:1999 HP:12(12) Pw:4(4) AC:8 Xp:1/0                                     

",0.0,False
80,search,,"message:


language observation:
vertical wall far west
stairs up far westnorthwest
horizontal wall near southwest and northwest
dark area very near northeast and east
vertical wall adjacent north and south
dark area adjacent southeast

cursor:
Yourself a healer
(x=35, y=7)

map:
                                                                                
                                                                                
                           ---------                                            
                           |.......|                                            
                           |.......|                                            
                           |<......|##                                          
                           |.......@#                                           
                           |.......|                                            
                           |.......|                                            
                           ---------                                            
                                                                                
                                                                                
                                                                                
                                                                                
                                                                                
                                                                                
                                                                                
                                                                                
                                                                                
                                                                                
                                                                                
Agent the Rhizotomist          St:9 Dx:8 Co:16 In:11 Wi:14 Ch:17 Neutral S:0    
Dlvl:1 $:1999 HP:12(12) Pw:4(4) AC:8 Xp:1/0                                     

",0.0,False
81,north,,"message:
It's a wall.

language observation:
vertical wall far west
stairs up far westnorthwest
horizontal wall near southwest and northwest
dark area very near northeast and east
vertical wall adjacent north and south
dark area adjacent southeast

cursor:
Yourself a healer
(x=35, y=7)

map:
                                                                                
                                                                                
                           ---------                                            
                           |.......|                                            
                           |.......|                                            
                           |<......|##                                          
                           |.......@#                                           
                           |.......|                                            
                           |.......|                                            
                           ---------                                            
                                                                                
                                                                                
                                                                                
                                                                                
                                                                                
                                                                                
                                                                                
                                                                                
                                                                                
                                                                                
                                                                                
Agent the Rhizotomist          St:9 Dx:8 Co:16 In:11 Wi:14 Ch:17 Neutral S:0    
Dlvl:1 $:1999 HP:12(12) Pw:4(4) AC:8 Xp:1/0                                     

",0.0,False
82,west,,"message:


language observation:
vertical wall far west
stairs up far westnorthwest
horizontal wall near north, south, southwest, and northwest
dark area near east
vertical wall adjacent northeast and southeast
vertical open door adjacent east

cursor:
Yourself a healer
(x=34, y=7)

map:
                                                                                
                                                                                
                           ---------                                            
                           |.......|                                            
                           |.......|                                            
                           |<......|##                                          
                           |......@-#                                           
                           |.......|                                            
                           |.......|                                            
                           ---------                                            
                                                                                
                                                                                
                                                                                
                                                                                
                                                                                
                                                                                
                                                                                
                                                                                
                                                                                
                                                                                
                                                                                
Agent the Rhizotomist          St:9 Dx:8 Co:16 In:11 Wi:14 Ch:17 Neutral S:0    
Dlvl:1 $:1999 HP:12(12) Pw:4(4) AC:8 Xp:1/0                                     

",0.0,False
83,search,,"message:


language observation:
vertical wall far west
stairs up far westnorthwest
horizontal wall near north, south, southwest, and northwest
dark area near east
vertical wall adjacent northeast and southeast
vertical open door adjacent east

cursor:
Yourself a healer
(x=34, y=7)

map:
                                                                                
                                                                                
                           ---------                                            
                           |.......|                                            
                           |.......|                                            
                           |<......|##                                          
                           |......@-#                                           
                           |.......|                                            
                           |.......|                                            
                           ---------                                            
                                                                                
                                                                                
                                                                                
                                                                                
                                                                                
                                                                                
                                                                                
                                                                                
                                                                                
                                                                                
                                                                                
Agent the Rhizotomist          St:9 Dx:8 Co:16 In:11 Wi:14 Ch:17 Neutral S:0    
Dlvl:1 $:1999 HP:12(12) Pw:4(4) AC:8 Xp:1/0                                     

",0.0,False
84,east,"To complete the task, I need to explore the level and find the stairs down. Since I've already found the stairs up, my goal is to methodically search the level, using my search ability to detect any hidden doors or passages. I will also use my knowledge of the level's layout to navigate and avoid moving into solid stone or walls. Given my current position, I should try to explore the dark areas adjacent to my location. I have a set of useful items, including a wand of sleep, potions of healing and extra healing, and spellbooks of healing and extra healing, which I can use to handle any monsters I might encounter. My high-level plan is to explore the level in a systematic way, using my abilities and items as needed to overcome any obstacles and eventually find the stairs down. I will start by moving through the open door adjacent to my east and then explore the level from there.","message:


language observation:
vertical wall far west
stairs up far westnorthwest
horizontal wall near southwest and northwest
dark area very near northeast and east
vertical wall adjacent north and south
dark area adjacent southeast

cursor:
Yourself a healer
(x=35, y=7)

map:
                                                                                
                                                                                
                           ---------                                            
                           |.......|                                            
                           |.......|                                            
                           |<......|##                                          
                           |.......@#                                           
                           |.......|                                            
                           |.......|                                            
                           ---------                                            
                                                                                
                                                                                
                                                                                
                                                                                
                                                                                
                                                                                
                                                                                
                                                                                
                                                                                
                                                                                
                                                                                
Agent the Rhizotomist          St:9 Dx:8 Co:16 In:11 Wi:14 Ch:17 Neutral S:0    
Dlvl:1 $:1999 HP:12(12) Pw:4(4) AC:8 Xp:1/0                                     

",0.0,False
85,north,,"message:
It's a wall.

language observation:
vertical wall far west
stairs up far westnorthwest
horizontal wall near southwest and northwest
dark area very near northeast and east
vertical wall adjacent north and south
dark area adjacent southeast

cursor:
Yourself a healer
(x=35, y=7)

map:
                                                                                
                                                                                
                           ---------                                            
                           |.......|                                            
                           |.......|                                            
                           |<......|##                                          
                           |.......@#                                           
                           |.......|                                            
                           |.......|                                            
                           ---------                                            
                                                                                
                                                                                
                                                                                
                                                                                
                                                                                
                                                                                
                                                                                
                                                                                
                                                                                
                                                                                
                                                                                
Agent the Rhizotomist          St:9 Dx:8 Co:16 In:11 Wi:14 Ch:17 Neutral S:0    
Dlvl:1 $:1999 HP:12(12) Pw:4(4) AC:8 Xp:1/0                                     

",0.0,False
86,east,,"message:


language observation:
vertical wall far west
stairs up far westnorthwest
dark area very near north and northeast
dark area adjacent east, southeast, and south
vertical wall adjacent southwest and northwest
vertical open door adjacent west

cursor:
Yourself a healer
(x=36, y=7)

map:
                                                                                
                                                                                
                           ---------                                            
                           |.......|                                            
                           |.......|                                            
                           |<......|##                                          
                           |.......-@                                           
                           |.......|                                            
                           |.......|                                            
                           ---------                                            
                                                                                
                                                                                
                                                                                
                                                                                
                                                                                
                                                                                
                                                                                
                                                                                
                                                                                
                                                                                
                                                                                
Agent the Rhizotomist          St:9 Dx:8 Co:16 In:11 Wi:14 Ch:17 Neutral S:0    
Dlvl:1 $:1999 HP:12(12) Pw:4(4) AC:8 Xp:1/0                                     

",0.0,False
87,search,,"message:


language observation:
vertical wall far west
stairs up far westnorthwest
dark area very near north and northeast
dark area adjacent east, southeast, and south
vertical wall adjacent southwest and northwest
vertical open door adjacent west

cursor:
Yourself a healer
(x=36, y=7)

map:
                                                                                
                                                                                
                           ---------                                            
                           |.......|                                            
                           |.......|                                            
                           |<......|##                                          
                           |.......-@                                           
                           |.......|                                            
                           |.......|                                            
                           ---------                                            
                                                                                
                                                                                
                                                                                
                                                                                
                                                                                
                                                                                
                                                                                
                                                                                
                                                                                
                                                                                
                                                                                
Agent the Rhizotomist          St:9 Dx:8 Co:16 In:11 Wi:14 Ch:17 Neutral S:0    
Dlvl:1 $:1999 HP:12(12) Pw:4(4) AC:8 Xp:1/0                                     

",0.0,False
88,east,,"message:
It's solid stone.

language observation:
vertical wall far west
stairs up far westnorthwest
dark area very near north and northeast
dark area adjacent east, southeast, and south
vertical wall adjacent southwest and northwest
vertical open door adjacent west

cursor:
Yourself a healer
(x=36, y=7)

map:
                                                                                
                                                                                
                           ---------                                            
                           |.......|                                            
                           |.......|                                            
                           |<......|##                                          
                           |.......-@                                           
                           |.......|                                            
                           |.......|                                            
                           ---------                                            
                                                                                
                                                                                
                                                                                
                                                                                
                                                                                
                                                                                
                                                                                
                                                                                
                                                                                
                                                                                
                                                                                
Agent the Rhizotomist          St:9 Dx:8 Co:16 In:11 Wi:14 Ch:17 Neutral S:0    
Dlvl:1 $:1999 HP:12(12) Pw:4(4) AC:8 Xp:1/0                                     

",0.0,False
89,west,,"message:


language observation:
vertical wall far west
stairs up far westnorthwest
horizontal wall near southwest and northwest
dark area very near northeast and east
vertical wall adjacent north and south
dark area adjacent southeast

cursor:
Yourself a healer
(x=35, y=7)

map:
                                                                                
                                                                                
                           ---------                                            
                           |.......|                                            
                           |.......|                                            
                           |<......|##                                          
                           |.......@#                                           
                           |.......|                                            
                           |.......|                                            
                           ---------                                            
                                                                                
                                                                                
                                                                                
                                                                                
                                                                                
                                                                                
                                                                                
                                                                                
                                                                                
                                                                                
                                                                                
Agent the Rhizotomist          St:9 Dx:8 Co:16 In:11 Wi:14 Ch:17 Neutral S:0    
Dlvl:1 $:1999 HP:12(12) Pw:4(4) AC:8 Xp:1/0                                     

",0.0,False
90,east,"To complete the task, I will first review my previous observations and note that I have found stairs up but not stairs down. I have explored a portion of the level and have a map of the surrounding area. I have also searched for hidden doors and passages. Since my goal is to find the stairs down, I will need to continue exploring the level. I will use my search ability to detect any hidden doors or passages and my knowledge of the level's layout to navigate. I will also keep track of my position and the positions of any notable features, such as walls, doors, and stairs. If I encounter any monsters, I will use my wand of sleep or my spellbooks to defend myself. Once I have explored the entire level, I should be able to find the stairs down and complete the task.","message:


language observation:
vertical wall far west
stairs up far westnorthwest
dark area very near north and northeast
dark area adjacent east, southeast, and south
vertical wall adjacent southwest and northwest
vertical open door adjacent west

cursor:
Yourself a healer
(x=36, y=7)

map:
                                                                                
                                                                                
                           ---------                                            
                           |.......|                                            
                           |.......|                                            
                           |<......|##                                          
                           |.......-@                                           
                           |.......|                                            
                           |.......|                                            
                           ---------                                            
                                                                                
                                                                                
                                                                                
                                                                                
                                                                                
                                                                                
                                                                                
                                                                                
                                                                                
                                                                                
                                                                                
Agent the Rhizotomist          St:9 Dx:8 Co:16 In:11 Wi:14 Ch:17 Neutral S:0    
Dlvl:1 $:1999 HP:12(12) Pw:4(4) AC:8 Xp:1/0                                     

",0.0,False
91,search,,"message:


language observation:
vertical wall far west
stairs up far westnorthwest
dark area very near north and northeast
dark area adjacent east, southeast, and south
vertical wall adjacent southwest and northwest
vertical open door adjacent west

cursor:
Yourself a healer
(x=36, y=7)

map:
                                                                                
                                                                                
                           ---------                                            
                           |.......|                                            
                           |.......|                                            
                           |<......|##                                          
                           |.......-@                                           
                           |.......|                                            
                           |.......|                                            
                           ---------                                            
                                                                                
                                                                                
                                                                                
                                                                                
                                                                                
                                                                                
                                                                                
                                                                                
                                                                                
                                                                                
                                                                                
Agent the Rhizotomist          St:9 Dx:8 Co:16 In:11 Wi:14 Ch:17 Neutral S:0    
Dlvl:1 $:1999 HP:12(12) Pw:4(4) AC:8 Xp:1/0                                     

",0.0,False
92,south,,"message:
It's solid stone.

language observation:
vertical wall far west
stairs up far westnorthwest
dark area very near north and northeast
dark area adjacent east, southeast, and south
vertical wall adjacent southwest and northwest
vertical open door adjacent west

cursor:
Yourself a healer
(x=36, y=7)

map:
                                                                                
                                                                                
                           ---------                                            
                           |.......|                                            
                           |.......|                                            
                           |<......|##                                          
                           |.......-@                                           
                           |.......|                                            
                           |.......|                                            
                           ---------                                            
                                                                                
                                                                                
                                                                                
                                                                                
                                                                                
                                                                                
                                                                                
                                                                                
                                                                                
                                                                                
                                                                                
Agent the Rhizotomist          St:9 Dx:8 Co:16 In:11 Wi:14 Ch:17 Neutral S:0    
Dlvl:1 $:1999 HP:12(12) Pw:4(4) AC:8 Xp:1/0                                     

",0.0,False
93,west,,"message:


language observation:
vertical wall far west
stairs up far westnorthwest
horizontal wall near southwest and northwest
dark area very near northeast and east
vertical wall adjacent north and south
dark area adjacent southeast

cursor:
Yourself a healer
(x=35, y=7)

map:
                                                                                
                                                                                
                           ---------                                            
                           |.......|                                            
                           |.......|                                            
                           |<......|##                                          
                           |.......@#                                           
                           |.......|                                            
                           |.......|                                            
                           ---------                                            
                                                                                
                                                                                
                                                                                
                                                                                
                                                                                
                                                                                
                                                                                
                                                                                
                                                                                
                                                                                
                                                                                
Agent the Rhizotomist          St:9 Dx:8 Co:16 In:11 Wi:14 Ch:17 Neutral S:0    
Dlvl:1 $:1999 HP:12(12) Pw:4(4) AC:8 Xp:1/0                                     

",0.0,False
94,northwest,,"message:
You can't move diagonally out of an intact doorway.

language observation:
vertical wall far west
stairs up far westnorthwest
horizontal wall near southwest and northwest
dark area very near northeast and east
vertical wall adjacent north and south
dark area adjacent southeast

cursor:
Yourself a healer
(x=35, y=7)

map:
                                                                                
                                                                                
                           ---------                                            
                           |.......|                                            
                           |.......|                                            
                           |<......|##                                          
                           |.......@#                                           
                           |.......|                                            
                           |.......|                                            
                           ---------                                            
                                                                                
                                                                                
                                                                                
                                                                                
                                                                                
                                                                                
                                                                                
                                                                                
                                                                                
                                                                                
                                                                                
Agent the Rhizotomist          St:9 Dx:8 Co:16 In:11 Wi:14 Ch:17 Neutral S:0    
Dlvl:1 $:1999 HP:12(12) Pw:4(4) AC:8 Xp:1/0                                     

",0.0,False
95,north,,"message:
It's a wall.

language observation:
vertical wall far west
stairs up far westnorthwest
horizontal wall near southwest and northwest
dark area very near northeast and east
vertical wall adjacent north and south
dark area adjacent southeast

cursor:
Yourself a healer
(x=35, y=7)

map:
                                                                                
                                                                                
                           ---------                                            
                           |.......|                                            
                           |.......|                                            
                           |<......|##                                          
                           |.......@#                                           
                           |.......|                                            
                           |.......|                                            
                           ---------                                            
                                                                                
                                                                                
                                                                                
                                                                                
                                                                                
                                                                                
                                                                                
                                                                                
                                                                                
                                                                                
                                                                                
Agent the Rhizotomist          St:9 Dx:8 Co:16 In:11 Wi:14 Ch:17 Neutral S:0    
Dlvl:1 $:1999 HP:12(12) Pw:4(4) AC:8 Xp:1/0                                     

",0.0,False
96,south,"To complete the task, I need to find the stairs down. Since I have already explored a portion of the level and found the stairs up, I should continue exploring the level to find the stairs down. I will use my search ability to detect any hidden doors or passages and my knowledge of the level's layout to navigate. I will move in a systematic way to cover the entire level, checking all possible directions and using my search ability regularly. If I encounter any monsters, I will use my wand of sleep or my spellbooks to defend myself. Once I have explored the entire level, I should be able to find the stairs down and complete the task.","message:
It's a wall.

language observation:
vertical wall far west
stairs up far westnorthwest
horizontal wall near southwest and northwest
dark area very near northeast and east
vertical wall adjacent north and south
dark area adjacent southeast

cursor:
Yourself a healer
(x=35, y=7)

map:
                                                                                
                                                                                
                           ---------                                            
                           |.......|                                            
                           |.......|                                            
                           |<......|##                                          
                           |.......@#                                           
                           |.......|                                            
                           |.......|                                            
                           ---------                                            
                                                                                
                                                                                
                                                                                
                                                                                
                                                                                
                                                                                
                                                                                
                                                                                
                                                                                
                                                                                
                                                                                
Agent the Rhizotomist          St:9 Dx:8 Co:16 In:11 Wi:14 Ch:17 Neutral S:0    
Dlvl:1 $:1999 HP:12(12) Pw:4(4) AC:8 Xp:1/0                                     

",0.0,False
97,west,,"message:


language observation:
vertical wall far west
stairs up far westnorthwest
horizontal wall near north, south, southwest, and northwest
dark area near east
vertical wall adjacent northeast and southeast
vertical open door adjacent east

cursor:
Yourself a healer
(x=34, y=7)

map:
                                                                                
                                                                                
                           ---------                                            
                           |.......|                                            
                           |.......|                                            
                           |<......|##                                          
                           |......@-#                                           
                           |.......|                                            
                           |.......|                                            
                           ---------                                            
                                                                                
                                                                                
                                                                                
                                                                                
                                                                                
                                                                                
                                                                                
                                                                                
                                                                                
                                                                                
                                                                                
Agent the Rhizotomist          St:9 Dx:8 Co:16 In:11 Wi:14 Ch:17 Neutral S:0    
Dlvl:1 $:1999 HP:12(12) Pw:4(4) AC:8 Xp:1/0                                     

",0.0,False
98,east,,"message:


language observation:
vertical wall far west
stairs up far westnorthwest
horizontal wall near southwest and northwest
dark area very near northeast and east
vertical wall adjacent north and south
dark area adjacent southeast

cursor:
Yourself a healer
(x=35, y=7)

map:
                                                                                
                                                                                
                           ---------                                            
                           |.......|                                            
                           |.......|                                            
                           |<......|##                                          
                           |.......@#                                           
                           |.......|                                            
                           |.......|                                            
                           ---------                                            
                                                                                
                                                                                
                                                                                
                                                                                
                                                                                
                                                                                
                                                                                
                                                                                
                                                                                
                                                                                
                                                                                
Agent the Rhizotomist          St:9 Dx:8 Co:16 In:11 Wi:14 Ch:17 Neutral S:0    
Dlvl:1 $:1999 HP:12(12) Pw:4(4) AC:8 Xp:1/0                                     

",0.0,False
99,northwest,,"message:
 
No  Points     Name                                                   Hp [max]
0  Agent-Hea-Gno-Fem-Neu quit in The Dungeons of Doom on
level 1.                                               12  [12]


language observation:
dark area adjacent east, southeast, and south

cursor:
very far eastsoutheast 
(x=77, y=6)

map:
 No  Points     Name                                                   Hp [max] 
                                                                                
            0  Agent-Hea-Gno-Fem-Neu quit in The Dungeons of Doom on            
                                                                                
              level 1.                                               12  [12]   
                                                                                
                                                                                
                                                                                
                                                                                
                                                                                
                                                                                
                                                                                
                                                                                
                                                                                
                                                                                
                                                                                
                                                                                
                                                                                
                                                                                
                                                                                
                                                                                
                                                                                
                                                                                

",0.0,True
