Step,Action,Reasoning,Observation,Reward,Done
0,open,"I will start by trying to open the adjacent door to the east, since it is the closest notable feature to my current position. After opening the door, I will explore the new area and try to find the stairs down. If I encounter any enemies, I will use my dagger to fight them. I will also use the search action to look for hidden doors and passages. My overall goal is to explore the level and find the stairs down, while avoiding unnecessary combat and trying to conserve my resources.","message:
In what direction?

language observation:
horizontal wall near north, south, southwest, and northwest
vertical wall near west
vertical wall very near northeast, east, and southeast
vertical closed door very near eastsoutheast

cursor:

(x=19, y=0)

map:
                                                                                
                                                                                
                                                                                
                                                                                
                                                                                
                                                                                
                                                                                
                                                                                
                                                                                
                                                                                
                                       -------                                  
                                       ......|                                  
                                       |......                                  
                                       |...@.|                                  
                                       |.....+                                  
                                       |.....|                                  
                                       -------                                  
                                                                                
                                                                                
                                                                                
                                                                                
Agent the Tenderfoot           St:15 Dx:11 Co:15 In:11 Wi:14 Ch:7 Chaotic S:0   
Dlvl:1 $:0 HP:14(14) Pw:2(2) AC:7 Xp:1/0                                        

",0.0,False
1,east,,"message:
You see no door there.

language observation:
horizontal wall near north, south, southwest, and northwest
vertical wall near west
vertical wall very near northeast, east, and southeast
vertical closed door very near eastsoutheast

cursor:
Yourself a ranger
(x=43, y=14)

map:
                                                                                
                                                                                
                                                                                
                                                                                
                                                                                
                                                                                
                                                                                
                                                                                
                                                                                
                                                                                
                                       -------                                  
                                       ......|                                  
                                       |......                                  
                                       |...@.|                                  
                                       |.....+                                  
                                       |.....|                                  
                                       -------                                  
                                                                                
                                                                                
                                                                                
                                                                                
Agent the Tenderfoot           St:15 Dx:11 Co:15 In:11 Wi:14 Ch:7 Chaotic S:0   
Dlvl:1 $:0 HP:14(14) Pw:2(2) AC:7 Xp:1/0                                        

",0.0,False
2,east,,"message:


language observation:
horizontal wall near north, south, southwest, and northwest
vertical wall near west
dark area very near northeast and southeast
doorway adjacent northeast
vertical wall adjacent east
vertical closed door adjacent southeast
stairs up adjacent west

cursor:
Yourself a ranger
(x=44, y=14)

map:
                                                                                
                                                                                
                                                                                
                                                                                
                                                                                
                                                                                
                                                                                
                                                                                
                                                                                
                                                                                
                                       -------                                  
                                       ......|                                  
                                       |......                                  
                                       |...<@|                                  
                                       |.....+                                  
                                       |.....|                                  
                                       -------                                  
                                                                                
                                                                                
                                                                                
                                                                                
Agent the Tenderfoot           St:15 Dx:11 Co:15 In:11 Wi:14 Ch:7 Chaotic S:0   
Dlvl:1 $:0 HP:14(14) Pw:2(2) AC:7 Xp:1/0                                        

",0.0,False
3,northeast,"I will explore the level by moving in different directions to gather more information about the environment. Since I've already tried to open a door and it didn't work, my next step will be to move towards the doorway adjacent northeast to see what's on the other side. If I find any stairs down, I will proceed down to the next level. If I encounter any enemies, I will use my dagger to fight them. I will also use the search action to look for hidden doors and passages. My overall goal is to explore the level and find the stairs down, while avoiding unnecessary combat and trying to conserve my resources.","message:


language observation:
vertical wall far west
horizontal wall near southwest
dark area very near east
vertical closed door very near south
stairs up very near westsouthwest
horizontal wall very near northwest
vertical wall adjacent north and south
dark area adjacent northeast and southeast

cursor:
Yourself a ranger
(x=45, y=13)

map:
                                                                                
                                                                                
                                                                                
                                                                                
                                                                                
                                                                                
                                                                                
                                                                                
                                                                                
                                                                                
                                       -------                                  
                                       ......|                                  
                                       |.....@#                                 
                                       |...<.|                                  
                                       |.....+                                  
                                       |.....|                                  
                                       -------                                  
                                                                                
                                                                                
                                                                                
                                                                                
Agent the Tenderfoot           St:15 Dx:11 Co:15 In:11 Wi:14 Ch:7 Chaotic S:0   
Dlvl:1 $:0 HP:14(14) Pw:2(2) AC:7 Xp:1/0                                        

",0.0,False
4,search,,"message:


language observation:
vertical wall far west
horizontal wall near southwest
dark area very near east
vertical closed door very near south
stairs up very near westsouthwest
horizontal wall very near northwest
vertical wall adjacent north and south
dark area adjacent northeast and southeast

cursor:
Yourself a ranger
(x=45, y=13)

map:
                                                                                
                                                                                
                                                                                
                                                                                
                                                                                
                                                                                
                                                                                
                                                                                
                                                                                
                                                                                
                                       -------                                  
                                       ......|                                  
                                       |.....@#                                 
                                       |...<.|                                  
                                       |.....+                                  
                                       |.....|                                  
                                       -------                                  
                                                                                
                                                                                
                                                                                
                                                                                
Agent the Tenderfoot           St:15 Dx:11 Co:15 In:11 Wi:14 Ch:7 Chaotic S:0   
Dlvl:1 $:0 HP:14(14) Pw:2(2) AC:7 Xp:1/0                                        

",0.0,False
5,south,,"message:
It's a wall.

language observation:
vertical wall far west
horizontal wall near southwest
dark area very near east
vertical closed door very near south
stairs up very near westsouthwest
horizontal wall very near northwest
vertical wall adjacent north and south
dark area adjacent northeast and southeast

cursor:
Yourself a ranger
(x=45, y=13)

map:
                                                                                
                                                                                
                                                                                
                                                                                
                                                                                
                                                                                
                                                                                
                                                                                
                                                                                
                                                                                
                                       -------                                  
                                       ......|                                  
                                       |.....@#                                 
                                       |...<.|                                  
                                       |.....+                                  
                                       |.....|                                  
                                       -------                                  
                                                                                
                                                                                
                                                                                
                                                                                
Agent the Tenderfoot           St:15 Dx:11 Co:15 In:11 Wi:14 Ch:7 Chaotic S:0   
Dlvl:1 $:0 HP:14(14) Pw:2(2) AC:7 Xp:1/0                                        

",0.0,False
6,northwest,"To complete the task, I will first review the map and observations to identify any potential paths or areas of interest. Since I've already encountered a wall when trying to move south, I will avoid that direction. My goal is to find the stairs down, so I will prioritize exploring the dark areas and doorways. I will use the search action to look for hidden doors and passages. If I find a locked door, I will try to kick it open. I will also be cautious of potential enemies and use my dagger or bow to defend myself if necessary. Once I have explored the current area, I will move in a direction that seems most likely to lead me to the stairs down.","message:


language observation:
dark area far west
vertical closed door near southsoutheast
horizontal wall near south
southwest corner near southwest
doorway near west
dark area very near southeast
stairs up very near southsouthwest
horizontal wall adjacent north and northwest
northeast room corner adjacent northeast
vertical wall adjacent east
doorway adjacent southeast

cursor:
Yourself a ranger
(x=44, y=12)

map:
                                                                                
                                                                                
                                                                                
                                                                                
                                                                                
                                                                                
                                                                                
                                                                                
                                                                                
                                                                                
                                       -------                                  
                                       .....@|                                  
                                       |......#                                 
                                       |...<.|                                  
                                       |.....+                                  
                                       |.....|                                  
                                       -------                                  
                                                                                
                                                                                
                                                                                
                                                                                
Agent the Tenderfoot           St:15 Dx:11 Co:15 In:11 Wi:14 Ch:7 Chaotic S:0   
Dlvl:1 $:0 HP:14(14) Pw:2(2) AC:7 Xp:1/0                                        

",0.0,False
7,west,,"message:


language observation:
vertical closed door near southsoutheast
horizontal wall near south
vertical wall near southwest
doorway near west
dark area near west
vertical wall very near east and southeast
stairs up very near south
horizontal wall adjacent north, northeast, and northwest

cursor:
Yourself a ranger
(x=43, y=12)

map:
                                                                                
                                                                                
                                                                                
                                                                                
                                                                                
                                                                                
                                                                                
                                                                                
                                                                                
                                                                                
                                       -------                                  
                                       ....@.|                                  
                                       |......#                                 
                                       |...<.|                                  
                                       |.....+                                  
                                       |.....|                                  
                                       -------                                  
                                                                                
                                                                                
                                                                                
                                                                                
Agent the Tenderfoot           St:15 Dx:11 Co:15 In:11 Wi:14 Ch:7 Chaotic S:0   
Dlvl:1 $:0 HP:14(14) Pw:2(2) AC:7 Xp:1/0                                        

",0.0,False
8,search,,"message:


language observation:
vertical closed door near southsoutheast
horizontal wall near south
vertical wall near southwest
doorway near west
dark area near west
vertical wall very near east and southeast
stairs up very near south
horizontal wall adjacent north, northeast, and northwest

cursor:
Yourself a ranger
(x=43, y=12)

map:
                                                                                
                                                                                
                                                                                
                                                                                
                                                                                
                                                                                
                                                                                
                                                                                
                                                                                
                                                                                
                                       -------                                  
                                       ....@.|                                  
                                       |......#                                 
                                       |...<.|                                  
                                       |.....+                                  
                                       |.....|                                  
                                       -------                                  
                                                                                
                                                                                
                                                                                
                                                                                
Agent the Tenderfoot           St:15 Dx:11 Co:15 In:11 Wi:14 Ch:7 Chaotic S:0   
Dlvl:1 $:0 HP:14(14) Pw:2(2) AC:7 Xp:1/0                                        

",0.0,False
9,west,"To complete the task, I will first review the map and observations to identify any potential paths or areas of interest. Since I've already encountered a wall when trying to move south, I will avoid that direction. My goal is to find the stairs down, so I will prioritize exploring the dark areas and doorways. I will use the search action to look for hidden doors and passages. If I find a locked door, I will try to kick it open. I will also be cautious of potential enemies and use my dagger or bow to defend myself if necessary. I will move in a direction that seems most likely to lead me to the stairs down, which is likely to be in a darker area of the map. I will explore the doorway near west and the dark area near west, and then decide which direction to proceed based on my findings.","message:


language observation:
vertical wall near east and southwest
vertical closed door near southeast
dark area near southeast and west
horizontal wall near south
doorway near west
stairs up very near southsoutheast
horizontal wall adjacent north, northeast, and northwest

cursor:
Yourself a ranger
(x=42, y=12)

map:
                                                                                
                                                                                
                                                                                
                                                                                
                                                                                
                                                                                
                                                                                
                                                                                
                                                                                
                                                                                
                                       -------                                  
                                       ...@..|                                  
                                       |......#                                 
                                       |...<.|                                  
                                       |.....+                                  
                                       |.....|                                  
                                       -------                                  
                                                                                
                                                                                
                                                                                
                                                                                
Agent the Tenderfoot           St:15 Dx:11 Co:15 In:11 Wi:14 Ch:7 Chaotic S:0   
Dlvl:1 $:0 HP:14(14) Pw:2(2) AC:7 Xp:1/0                                        

",0.0,False
10,west,,"message:


language observation:
vertical wall near east and southeast
vertical closed door near eastsoutheast
horizontal wall near south
dark area near west
stairs up very near southeast
vertical wall very near southwest
doorway very near west
horizontal wall adjacent north, northeast, and northwest

cursor:
Yourself a ranger
(x=41, y=12)

map:
                                                                                
                                                                                
                                                                                
                                                                                
                                                                                
                                                                                
                                                                                
                                                                                
                                                                                
                                                                                
                                       -------                                  
                                       ..@...|                                  
                                       |......#                                 
                                       |...<.|                                  
                                       |.....+                                  
                                       |.....|                                  
                                       -------                                  
                                                                                
                                                                                
                                                                                
                                                                                
Agent the Tenderfoot           St:15 Dx:11 Co:15 In:11 Wi:14 Ch:7 Chaotic S:0   
Dlvl:1 $:0 HP:14(14) Pw:2(2) AC:7 Xp:1/0                                        

",0.0,False
11,west,,"message:


language observation:
vertical wall near east
stairs up near eastsoutheast
vertical closed door near eastsoutheast
southeast corner near southeast
horizontal wall near south
dark area very near west
horizontal wall adjacent north and northeast
vertical wall adjacent southwest
doorway adjacent west
northwest room corner adjacent northwest

cursor:
Yourself a ranger
(x=40, y=12)

map:
                                                                                
                                                                                
                                                                                
                                                                                
                                                                                
                                                                                
                                                                                
                                                                                
                                                                                
                                                                                
                                       -------                                  
                                       .@....|                                  
                                       |......#                                 
                                       |...<.|                                  
                                       |.....+                                  
                                       |.....|                                  
                                       -------                                  
                                                                                
                                                                                
                                                                                
                                                                                
Agent the Tenderfoot           St:15 Dx:11 Co:15 In:11 Wi:14 Ch:7 Chaotic S:0   
Dlvl:1 $:0 HP:14(14) Pw:2(2) AC:7 Xp:1/0                                        

",0.0,False
12,west,"I will review the map and observations to identify potential paths and areas of interest. Since the stairs down are not visible, I will prioritize exploring the dark areas and doorways. I will use the search action to look for hidden doors and passages. If I find a locked door, I will try to kick it open. I will also be cautious of potential enemies and use my dagger or bow to defend myself if necessary. My goal is to find the stairs down, so I will explore the map systematically, starting from the current location and moving west, then possibly north or south, depending on what I find. I will also keep an eye out for any objects or items that could be useful in my quest.","message:


language observation:
vertical wall far east
vertical closed door far eastsoutheast
stairs up near eastsoutheast
horizontal wall near southeast
dark area very near west and northwest
northwest room corner adjacent north
horizontal wall adjacent northeast
vertical wall adjacent south
dark area adjacent southwest

cursor:
Yourself a ranger
(x=39, y=12)

map:
                                                                                
                                                                                
                                                                                
                                                                                
                                                                                
                                                                                
                                                                                
                                                                                
                                                                                
                                                                                
                                      #-------                                  
                                      #@.....|                                  
                                       |......#                                 
                                       |...<.|                                  
                                       |.....+                                  
                                       |.....|                                  
                                       -------                                  
                                                                                
                                                                                
                                                                                
                                                                                
Agent the Tenderfoot           St:15 Dx:11 Co:15 In:11 Wi:14 Ch:7 Chaotic S:0   
Dlvl:1 $:0 HP:14(14) Pw:2(2) AC:7 Xp:1/0                                        

",0.0,False
13,search,,"message:


language observation:
vertical wall far east
vertical closed door far eastsoutheast
stairs up near eastsoutheast
horizontal wall near southeast
dark area very near west and northwest
northwest room corner adjacent north
horizontal wall adjacent northeast
vertical wall adjacent south
dark area adjacent southwest

cursor:
Yourself a ranger
(x=39, y=12)

map:
                                                                                
                                                                                
                                                                                
                                                                                
                                                                                
                                                                                
                                                                                
                                                                                
                                                                                
                                                                                
                                      #-------                                  
                                      #@.....|                                  
                                       |......#                                 
                                       |...<.|                                  
                                       |.....+                                  
                                       |.....|                                  
                                       -------                                  
                                                                                
                                                                                
                                                                                
                                                                                
Agent the Tenderfoot           St:15 Dx:11 Co:15 In:11 Wi:14 Ch:7 Chaotic S:0   
Dlvl:1 $:0 HP:14(14) Pw:2(2) AC:7 Xp:1/0                                        

",0.0,False
14,northwest,,"message:


language observation:
vertical closed door far eastsoutheast
horizontal wall far southeast
stairs up near eastsoutheast
dark area very near north, south, and northwest
dark area adjacent northeast, southwest, and west
northwest room corner adjacent east
doorway adjacent southeast

cursor:
Yourself a ranger
(x=38, y=11)

map:
                                                                                
                                                                                
                                                                                
                                                                                
                                                                                
                                                                                
                                                                                
                                                                                
                                                                                
                                     ##                                         
                                      @-------                                  
                                      #......|                                  
                                       |......#                                 
                                       |...<.|                                  
                                       |.....+                                  
                                       |.....|                                  
                                       -------                                  
                                                                                
                                                                                
                                                                                
                                                                                
Agent the Tenderfoot           St:15 Dx:11 Co:15 In:11 Wi:14 Ch:7 Chaotic S:0   
Dlvl:1 $:0 HP:14(14) Pw:2(2) AC:7 Xp:1/0                                        

",0.0,False
15,northwest,"I will review the map and observations to identify potential paths and areas of interest. Since the stairs down are not visible, I will prioritize exploring the dark areas and doorways. I will use the search action to look for hidden doors and passages. If I find a locked door, I will try to kick it open. I will also be cautious of potential enemies and use my dagger or bow to defend myself if necessary. My goal is to find the stairs down, so I will explore the map systematically, starting from the current location and moving in a direction that seems most promising, likely northwest or west. I will keep track of my inventory and use items as needed to aid in my exploration and survival.","message:


language observation:
stairs up far eastsoutheast
vertical closed door far eastsoutheast
horizontal wall far southeast
dark area very near north and east
doorway very near southeast
dark area adjacent northeast, south, southwest, west, and northwest

cursor:
Yourself a ranger
(x=37, y=10)

map:
                                                                                
                                                                                
                                                                                
                                                                                
                                                                                
                                                                                
                                                                                
                                                                                
                                     #                                          
                                     @#                                         
                                      #-------                                  
                                      #......|                                  
                                       |......#                                 
                                       |...<.|                                  
                                       |.....+                                  
                                       |.....|                                  
                                       -------                                  
                                                                                
                                                                                
                                                                                
                                                                                
Agent the Tenderfoot           St:15 Dx:11 Co:15 In:11 Wi:14 Ch:7 Chaotic S:0   
Dlvl:1 $:0 HP:14(14) Pw:2(2) AC:7 Xp:1/0                                        

",0.0,False
16,west,,"message:
It's solid stone.

language observation:
stairs up far eastsoutheast
vertical closed door far eastsoutheast
horizontal wall far southeast
dark area very near north and east
doorway very near southeast
dark area adjacent northeast, south, southwest, west, and northwest

cursor:
Yourself a ranger
(x=37, y=10)

map:
                                                                                
                                                                                
                                                                                
                                                                                
                                                                                
                                                                                
                                                                                
                                                                                
                                     #                                          
                                     @#                                         
                                      #-------                                  
                                      #......|                                  
                                       |......#                                 
                                       |...<.|                                  
                                       |.....+                                  
                                       |.....|                                  
                                       -------                                  
                                                                                
                                                                                
                                                                                
                                                                                
Agent the Tenderfoot           St:15 Dx:11 Co:15 In:11 Wi:14 Ch:7 Chaotic S:0   
Dlvl:1 $:0 HP:14(14) Pw:2(2) AC:7 Xp:1/0                                        

",0.0,False
17,northwest,,"message:
It's solid stone.

language observation:
stairs up far eastsoutheast
vertical closed door far eastsoutheast
horizontal wall far southeast
dark area very near north and east
doorway very near southeast
dark area adjacent northeast, south, southwest, west, and northwest

cursor:
Yourself a ranger
(x=37, y=10)

map:
                                                                                
                                                                                
                                                                                
                                                                                
                                                                                
                                                                                
                                                                                
                                                                                
                                     #                                          
                                     @#                                         
                                      #-------                                  
                                      #......|                                  
                                       |......#                                 
                                       |...<.|                                  
                                       |.....+                                  
                                       |.....|                                  
                                       -------                                  
                                                                                
                                                                                
                                                                                
                                                                                
Agent the Tenderfoot           St:15 Dx:11 Co:15 In:11 Wi:14 Ch:7 Chaotic S:0   
Dlvl:1 $:0 HP:14(14) Pw:2(2) AC:7 Xp:1/0                                        

",0.0,False
18,northwest,"I will review the map and observations to identify potential paths and areas of interest. Since the stairs down are not visible, I will prioritize exploring the dark areas and doorways. I will use the search action to look for hidden doors and passages. If I find a locked door, I will try to kick it open. I will also be cautious of potential enemies and use my dagger or bow to defend myself if necessary. My goal is to find the stairs down, so I will explore the map systematically, starting from the current location and moving in a direction that seems most promising. I will keep track of my inventory and use items as needed to aid in my exploration and survival. Given the current location, I will try to move northwest and explore the dark areas in that direction.","message:
It's solid stone.

language observation:
stairs up far eastsoutheast
vertical closed door far eastsoutheast
horizontal wall far southeast
dark area very near north and east
doorway very near southeast
dark area adjacent northeast, south, southwest, west, and northwest

cursor:
Yourself a ranger
(x=37, y=10)

map:
                                                                                
                                                                                
                                                                                
                                                                                
                                                                                
                                                                                
                                                                                
                                                                                
                                     #                                          
                                     @#                                         
                                      #-------                                  
                                      #......|                                  
                                       |......#                                 
                                       |...<.|                                  
                                       |.....+                                  
                                       |.....|                                  
                                       -------                                  
                                                                                
                                                                                
                                                                                
                                                                                
Agent the Tenderfoot           St:15 Dx:11 Co:15 In:11 Wi:14 Ch:7 Chaotic S:0   
Dlvl:1 $:0 HP:14(14) Pw:2(2) AC:7 Xp:1/0                                        

",0.0,False
19,south,,"message:
It's solid stone.

language observation:
stairs up far eastsoutheast
vertical closed door far eastsoutheast
horizontal wall far southeast
dark area very near north and east
doorway very near southeast
dark area adjacent northeast, south, southwest, west, and northwest

cursor:
Yourself a ranger
(x=37, y=10)

map:
                                                                                
                                                                                
                                                                                
                                                                                
                                                                                
                                                                                
                                                                                
                                                                                
                                     #                                          
                                     @#                                         
                                      #-------                                  
                                      #......|                                  
                                       |......#                                 
                                       |...<.|                                  
                                       |.....+                                  
                                       |.....|                                  
                                       -------                                  
                                                                                
                                                                                
                                                                                
                                                                                
Agent the Tenderfoot           St:15 Dx:11 Co:15 In:11 Wi:14 Ch:7 Chaotic S:0   
Dlvl:1 $:0 HP:14(14) Pw:2(2) AC:7 Xp:1/0                                        

",0.0,False
20,search,,"message:


language observation:
stairs up far eastsoutheast
vertical closed door far eastsoutheast
horizontal wall far southeast
dark area very near north and east
doorway very near southeast
dark area adjacent northeast, south, southwest, west, and northwest

cursor:
Yourself a ranger
(x=37, y=10)

map:
                                                                                
                                                                                
                                                                                
                                                                                
                                                                                
                                                                                
                                                                                
                                                                                
                                     #                                          
                                     @#                                         
                                      #-------                                  
                                      #......|                                  
                                       |......#                                 
                                       |...<.|                                  
                                       |.....+                                  
                                       |.....|                                  
                                       -------                                  
                                                                                
                                                                                
                                                                                
                                                                                
Agent the Tenderfoot           St:15 Dx:11 Co:15 In:11 Wi:14 Ch:7 Chaotic S:0   
Dlvl:1 $:0 HP:14(14) Pw:2(2) AC:7 Xp:1/0                                        

",0.0,False
21,southeast,"To complete the task, I need to find the stairs down. Since I haven't found them yet, I'll continue to explore the level. I've already tried moving northwest and south, but I was blocked by solid stone. My next step is to try moving southeast, which is the direction of the doorway and the stairs up. I'll move southeast and see if I can find any other doorways, corridors, or rooms that might lead me to the stairs down. If I find a locked door, I'll try to kick it open. I'll also keep an eye out for any hidden doors or secret passages. Once I have a better understanding of the level's layout, I can start to make more informed decisions about which direction to go.","message:


language observation:
vertical closed door far eastsoutheast
horizontal wall far southeast
stairs up near eastsoutheast
dark area very near north, south, and northwest
dark area adjacent northeast, southwest, and west
northwest room corner adjacent east
doorway adjacent southeast

cursor:
Yourself a ranger
(x=38, y=11)

map:
                                                                                
                                                                                
                                                                                
                                                                                
                                                                                
                                                                                
                                                                                
                                                                                
                                     #                                          
                                     ##                                         
                                      @-------                                  
                                      #......|                                  
                                       |......#                                 
                                       |...<.|                                  
                                       |.....+                                  
                                       |.....|                                  
                                       -------                                  
                                                                                
                                                                                
                                                                                
                                                                                
Agent the Tenderfoot           St:15 Dx:11 Co:15 In:11 Wi:14 Ch:7 Chaotic S:0   
Dlvl:1 $:0 HP:14(14) Pw:2(2) AC:7 Xp:1/0                                        

",0.0,False
22,south,,"message:


language observation:
vertical wall far east
vertical closed door far eastsoutheast
dark area near north
stairs up near eastsoutheast
northwest room corner adjacent northeast
doorway adjacent east
vertical wall adjacent southeast
dark area adjacent south, southwest, west, and northwest

cursor:
Yourself a ranger
(x=38, y=12)

map:
                                                                                
                                                                                
                                                                                
                                                                                
                                                                                
                                                                                
                                                                                
                                                                                
                                     #                                          
                                     ##                                         
                                      #-------                                  
                                      @......|                                  
                                       |......#                                 
                                       |...<.|                                  
                                       |.....+                                  
                                       |.....|                                  
                                       -------                                  
                                                                                
                                                                                
                                                                                
                                                                                
Agent the Tenderfoot           St:15 Dx:11 Co:15 In:11 Wi:14 Ch:7 Chaotic S:0   
Dlvl:1 $:0 HP:14(14) Pw:2(2) AC:7 Xp:1/0                                        

",0.0,False
23,search,,"message:


language observation:
vertical wall far east
vertical closed door far eastsoutheast
dark area near north
stairs up near eastsoutheast
northwest room corner adjacent northeast
doorway adjacent east
vertical wall adjacent southeast
dark area adjacent south, southwest, west, and northwest

cursor:
Yourself a ranger
(x=38, y=12)

map:
                                                                                
                                                                                
                                                                                
                                                                                
                                                                                
                                                                                
                                                                                
                                                                                
                                     #                                          
                                     ##                                         
                                      #-------                                  
                                      @......|                                  
                                       |......#                                 
                                       |...<.|                                  
                                       |.....+                                  
                                       |.....|                                  
                                       -------                                  
                                                                                
                                                                                
                                                                                
                                                                                
Agent the Tenderfoot           St:15 Dx:11 Co:15 In:11 Wi:14 Ch:7 Chaotic S:0   
Dlvl:1 $:0 HP:14(14) Pw:2(2) AC:7 Xp:1/0                                        

",0.0,False
24,southeast,"To complete the task, I need to find the stairs down. Since I haven't found them yet, I'll continue to explore the level. I'll move in different directions to uncover more of the map and search for any hidden doors or secret passages. I'll also try to kick any locked doors I might find. Once I have a better understanding of the level's layout, I can start to make more informed decisions about which direction to go. I'll prioritize moving southeast, as it seems to be the direction with the most potential for finding new areas or the stairs down.","message:
It's a wall.

language observation:
vertical wall far east
vertical closed door far eastsoutheast
dark area near north
stairs up near eastsoutheast
northwest room corner adjacent northeast
doorway adjacent east
vertical wall adjacent southeast
dark area adjacent south, southwest, west, and northwest

cursor:
Yourself a ranger
(x=38, y=12)

map:
                                                                                
                                                                                
                                                                                
                                                                                
                                                                                
                                                                                
                                                                                
                                                                                
                                     #                                          
                                     ##                                         
                                      #-------                                  
                                      @......|                                  
                                       |......#                                 
                                       |...<.|                                  
                                       |.....+                                  
                                       |.....|                                  
                                       -------                                  
                                                                                
                                                                                
                                                                                
                                                                                
Agent the Tenderfoot           St:15 Dx:11 Co:15 In:11 Wi:14 Ch:7 Chaotic S:0   
Dlvl:1 $:0 HP:14(14) Pw:2(2) AC:7 Xp:1/0                                        

",0.0,False
25,search,,"message:


language observation:
vertical wall far east
vertical closed door far eastsoutheast
dark area near north
stairs up near eastsoutheast
northwest room corner adjacent northeast
doorway adjacent east
vertical wall adjacent southeast
dark area adjacent south, southwest, west, and northwest

cursor:
Yourself a ranger
(x=38, y=12)

map:
                                                                                
                                                                                
                                                                                
                                                                                
                                                                                
                                                                                
                                                                                
                                                                                
                                     #                                          
                                     ##                                         
                                      #-------                                  
                                      @......|                                  
                                       |......#                                 
                                       |...<.|                                  
                                       |.....+                                  
                                       |.....|                                  
                                       -------                                  
                                                                                
                                                                                
                                                                                
                                                                                
Agent the Tenderfoot           St:15 Dx:11 Co:15 In:11 Wi:14 Ch:7 Chaotic S:0   
Dlvl:1 $:0 HP:14(14) Pw:2(2) AC:7 Xp:1/0                                        

",0.0,False
26,east,,"message:


language observation:
vertical wall far east
vertical closed door far eastsoutheast
stairs up near eastsoutheast
horizontal wall near southeast
dark area near northwest
dark area very near west
northwest room corner adjacent north
horizontal wall adjacent northeast
vertical wall adjacent south
dark area adjacent southwest

cursor:
Yourself a ranger
(x=39, y=12)

map:
                                                                                
                                                                                
                                                                                
                                                                                
                                                                                
                                                                                
                                                                                
                                                                                
                                     #                                          
                                     ##                                         
                                      #-------                                  
                                      #@.....|                                  
                                       |......#                                 
                                       |...<.|                                  
                                       |.....+                                  
                                       |.....|                                  
                                       -------                                  
                                                                                
                                                                                
                                                                                
                                                                                
Agent the Tenderfoot           St:15 Dx:11 Co:15 In:11 Wi:14 Ch:7 Chaotic S:0   
Dlvl:1 $:0 HP:14(14) Pw:2(2) AC:7 Xp:1/0                                        

",0.0,False
27,east,"To complete the task, I need to find the stairs down. Since I haven't found them yet, I'll continue to explore the level. I'll move in different directions to uncover more of the map and search for any hidden doors or secret passages. I'll also try to kick any locked doors I might find. My priority will be to explore the unvisited areas of the level, and I'll use my knowledge of the level's layout to make informed decisions about which direction to go. I'll also keep an eye out for any objects or items that could aid me in my quest. Once I have a better understanding of the level's layout, I can start to make more targeted searches for the stairs down.","message:


language observation:
vertical wall near east
stairs up near eastsoutheast
vertical closed door near eastsoutheast
southeast corner near southeast
horizontal wall near south
dark area near west
horizontal wall adjacent north and northeast
vertical wall adjacent southwest
doorway adjacent west
northwest room corner adjacent northwest

cursor:
Yourself a ranger
(x=40, y=12)

map:
                                                                                
                                                                                
                                                                                
                                                                                
                                                                                
                                                                                
                                                                                
                                                                                
                                     #                                          
                                     ##                                         
                                      #-------                                  
                                      #.@....|                                  
                                       |......#                                 
                                       |...<.|                                  
                                       |.....+                                  
                                       |.....|                                  
                                       -------                                  
                                                                                
                                                                                
                                                                                
                                                                                
Agent the Tenderfoot           St:15 Dx:11 Co:15 In:11 Wi:14 Ch:7 Chaotic S:0   
Dlvl:1 $:0 HP:14(14) Pw:2(2) AC:7 Xp:1/0                                        

",0.0,False
28,search,,"message:


language observation:
vertical wall near east
stairs up near eastsoutheast
vertical closed door near eastsoutheast
southeast corner near southeast
horizontal wall near south
dark area near west
horizontal wall adjacent north and northeast
vertical wall adjacent southwest
doorway adjacent west
northwest room corner adjacent northwest

cursor:
Yourself a ranger
(x=40, y=12)

map:
                                                                                
                                                                                
                                                                                
                                                                                
                                                                                
                                                                                
                                                                                
                                                                                
                                     #                                          
                                     ##                                         
                                      #-------                                  
                                      #.@....|                                  
                                       |......#                                 
                                       |...<.|                                  
                                       |.....+                                  
                                       |.....|                                  
                                       -------                                  
                                                                                
                                                                                
                                                                                
                                                                                
Agent the Tenderfoot           St:15 Dx:11 Co:15 In:11 Wi:14 Ch:7 Chaotic S:0   
Dlvl:1 $:0 HP:14(14) Pw:2(2) AC:7 Xp:1/0                                        

",0.0,False
29,east,,"message:


language observation:
vertical wall near east and southeast
vertical closed door near eastsoutheast
horizontal wall near south
dark area near west
stairs up very near southeast
vertical wall very near southwest
doorway very near west
horizontal wall adjacent north, northeast, and northwest

cursor:
Yourself a ranger
(x=41, y=12)

map:
                                                                                
                                                                                
                                                                                
                                                                                
                                                                                
                                                                                
                                                                                
                                                                                
                                     #                                          
                                     ##                                         
                                      #-------                                  
                                      #..@...|                                  
                                       |......#                                 
                                       |...<.|                                  
                                       |.....+                                  
                                       |.....|                                  
                                       -------                                  
                                                                                
                                                                                
                                                                                
                                                                                
Agent the Tenderfoot           St:15 Dx:11 Co:15 In:11 Wi:14 Ch:7 Chaotic S:0   
Dlvl:1 $:0 HP:14(14) Pw:2(2) AC:7 Xp:1/0                                        

",0.0,False
30,east,"To complete the task, I will first review the observations I've made so far. I've been exploring the level, trying to find the stairs down, but I haven't found them yet. I've found stairs up, which suggests that I'm currently on a level below the starting point. I've also found a few rooms, doors, and walls, but no obvious path to the stairs down. My plan will be to continue exploring the level, searching for any hidden doors or secret passages, and trying to find a way down. I'll use my knowledge of the level's layout to make informed decisions about which direction to go, and I'll try to avoid getting stuck in any one area. I'll also keep an eye out for any objects or items that could aid me in my quest. Once I have a better understanding of the level's layout, I can start to make more targeted searches for the stairs down.","message:


language observation:
vertical wall near east and southwest
vertical closed door near southeast
dark area near southeast and west
horizontal wall near south
doorway near west
stairs up very near southsoutheast
horizontal wall adjacent north, northeast, and northwest

cursor:
Yourself a ranger
(x=42, y=12)

map:
                                                                                
                                                                                
                                                                                
                                                                                
                                                                                
                                                                                
                                                                                
                                                                                
                                     #                                          
                                     ##                                         
                                      #-------                                  
                                      #...@..|                                  
                                       |......#                                 
                                       |...<.|                                  
                                       |.....+                                  
                                       |.....|                                  
                                       -------                                  
                                                                                
                                                                                
                                                                                
                                                                                
Agent the Tenderfoot           St:15 Dx:11 Co:15 In:11 Wi:14 Ch:7 Chaotic S:0   
Dlvl:1 $:0 HP:14(14) Pw:2(2) AC:7 Xp:1/0                                        

",0.0,False
31,south,,"message:


language observation:
doorway near east
dark area near east
vertical closed door near eastsoutheast
vertical wall near southeast, southwest, and west
horizontal wall near south
horizontal wall very near north, northeast, and northwest
stairs up adjacent southeast

cursor:
Yourself a ranger
(x=42, y=13)

map:
                                                                                
                                                                                
                                                                                
                                                                                
                                                                                
                                                                                
                                                                                
                                                                                
                                     #                                          
                                     ##                                         
                                      #-------                                  
                                      #......|                                  
                                       |..@...#                                 
                                       |...<.|                                  
                                       |.....+                                  
                                       |.....|                                  
                                       -------                                  
                                                                                
                                                                                
                                                                                
                                                                                
Agent the Tenderfoot           St:15 Dx:11 Co:15 In:11 Wi:14 Ch:7 Chaotic S:0   
Dlvl:1 $:0 HP:14(14) Pw:2(2) AC:7 Xp:1/0                                        

",0.0,False
32,search,,"message:


language observation:
doorway near east
dark area near east
vertical closed door near eastsoutheast
vertical wall near southeast, southwest, and west
horizontal wall near south
horizontal wall very near north, northeast, and northwest
stairs up adjacent southeast

cursor:
Yourself a ranger
(x=42, y=13)

map:
                                                                                
                                                                                
                                                                                
                                                                                
                                                                                
                                                                                
                                                                                
                                                                                
                                     #                                          
                                     ##                                         
                                      #-------                                  
                                      #......|                                  
                                       |..@...#                                 
                                       |...<.|                                  
                                       |.....+                                  
                                       |.....|                                  
                                       -------                                  
                                                                                
                                                                                
                                                                                
                                                                                
Agent the Tenderfoot           St:15 Dx:11 Co:15 In:11 Wi:14 Ch:7 Chaotic S:0   
Dlvl:1 $:0 HP:14(14) Pw:2(2) AC:7 Xp:1/0                                        

",0.0,False
33,east,"To complete the task, I will review my previous observations and note that I have not found the stairs down yet. I have found stairs up, which suggests that I am currently on a level below the starting point. My plan will be to continue exploring the level, searching for any hidden doors or secret passages, and trying to find a way down. Since I have a +1 orcish dagger and a +1 orcish bow with arrows, I am prepared to defend myself if needed. I will use my knowledge of the level's layout to make informed decisions about which direction to go, and I will try to avoid getting stuck in any one area. I will also keep an eye out for any objects or items that could aid me in my quest. Given my current position, I will try to explore the area to the east and southeast, as the stairs up are located there, and it's possible that the stairs down could be nearby.","message:


language observation:
dark area near east and southeast
horizontal wall near south
southwest corner near southwest
vertical wall near west
horizontal wall very near north and northwest
northeast room corner very near northeast
doorway very near east
vertical closed door very near southeast
stairs up adjacent south

cursor:
Yourself a ranger
(x=43, y=13)

map:
                                                                                
                                                                                
                                                                                
                                                                                
                                                                                
                                                                                
                                                                                
                                                                                
                                     #                                          
                                     ##                                         
                                      #-------                                  
                                      #......|                                  
                                       |...@..#                                 
                                       |...<.|                                  
                                       |.....+                                  
                                       |.....|                                  
                                       -------                                  
                                                                                
                                                                                
                                                                                
                                                                                
Agent the Tenderfoot           St:15 Dx:11 Co:15 In:11 Wi:14 Ch:7 Chaotic S:0   
Dlvl:1 $:0 HP:14(14) Pw:2(2) AC:7 Xp:1/0                                        

",0.0,False
34,southeast,,"message:


language observation:
horizontal wall near north, south, southwest, and northwest
vertical wall near west
dark area very near northeast and southeast
doorway adjacent northeast
vertical wall adjacent east
vertical closed door adjacent southeast
stairs up adjacent west

cursor:
Yourself a ranger
(x=44, y=14)

map:
                                                                                
                                                                                
                                                                                
                                                                                
                                                                                
                                                                                
                                                                                
                                                                                
                                     #                                          
                                     ##                                         
                                      #-------                                  
                                      #......|                                  
                                       |......#                                 
                                       |...<@|                                  
                                       |.....+                                  
                                       |.....|                                  
                                       -------                                  
                                                                                
                                                                                
                                                                                
                                                                                
Agent the Tenderfoot           St:15 Dx:11 Co:15 In:11 Wi:14 Ch:7 Chaotic S:0   
Dlvl:1 $:0 HP:14(14) Pw:2(2) AC:7 Xp:1/0                                        

",0.0,False
35,northwest,,"message:


language observation:
dark area near east and southeast
horizontal wall near south
southwest corner near southwest
vertical wall near west
horizontal wall very near north and northwest
northeast room corner very near northeast
doorway very near east
vertical closed door very near southeast
stairs up adjacent south

cursor:
Yourself a ranger
(x=43, y=13)

map:
                                                                                
                                                                                
                                                                                
                                                                                
                                                                                
                                                                                
                                                                                
                                                                                
                                     #                                          
                                     ##                                         
                                      #-------                                  
                                      #......|                                  
                                       |...@..#                                 
                                       |...<.|                                  
                                       |.....+                                  
                                       |.....|                                  
                                       -------                                  
                                                                                
                                                                                
                                                                                
                                                                                
Agent the Tenderfoot           St:15 Dx:11 Co:15 In:11 Wi:14 Ch:7 Chaotic S:0   
Dlvl:1 $:0 HP:14(14) Pw:2(2) AC:7 Xp:1/0                                        

",0.0,False
36,east,"To complete the task, I will review my previous observations and note that I have not found the stairs down yet. I have found stairs up, which suggests that I am currently on a level below the starting point. My plan will be to continue exploring the level, searching for any hidden doors or secret passages, and trying to find a way down. Since I have a +1 orcish dagger and a +1 orcish bow with arrows, I am prepared to defend myself if needed. I will use my knowledge of the level's layout to make informed decisions about which direction to go, and I will try to avoid getting stuck in any one area. I will also keep an eye out for any objects or items that could aid me in my quest. Given my current position, I will try to explore the area to the east and southeast, as the stairs up are located there, and it's possible that the stairs down could be nearby. I will also consider kicking locked doors or chests if I encounter any, and I will use the search action to look for hidden doors or secret passages.","message:


language observation:
dark area near east
horizontal wall near south and southwest
vertical wall near west
horizontal wall very near north and northwest
vertical closed door very near southsoutheast
vertical wall adjacent northeast and southeast
doorway adjacent east
stairs up adjacent southwest

cursor:
Yourself a ranger
(x=44, y=13)

map:
                                                                                
                                                                                
                                                                                
                                                                                
                                                                                
                                                                                
                                                                                
                                                                                
                                     #                                          
                                     ##                                         
                                      #-------                                  
                                      #......|                                  
                                       |....@.#                                 
                                       |...<.|                                  
                                       |.....+                                  
                                       |.....|                                  
                                       -------                                  
                                                                                
                                                                                
                                                                                
                                                                                
Agent the Tenderfoot           St:15 Dx:11 Co:15 In:11 Wi:14 Ch:7 Chaotic S:0   
Dlvl:1 $:0 HP:14(14) Pw:2(2) AC:7 Xp:1/0                                        

",0.0,False
37,search,,"message:


language observation:
dark area near east
horizontal wall near south and southwest
vertical wall near west
horizontal wall very near north and northwest
vertical closed door very near southsoutheast
vertical wall adjacent northeast and southeast
doorway adjacent east
stairs up adjacent southwest

cursor:
Yourself a ranger
(x=44, y=13)

map:
                                                                                
                                                                                
                                                                                
                                                                                
                                                                                
                                                                                
                                                                                
                                                                                
                                     #                                          
                                     ##                                         
                                      #-------                                  
                                      #......|                                  
                                       |....@.#                                 
                                       |...<.|                                  
                                       |.....+                                  
                                       |.....|                                  
                                       -------                                  
                                                                                
                                                                                
                                                                                
                                                                                
Agent the Tenderfoot           St:15 Dx:11 Co:15 In:11 Wi:14 Ch:7 Chaotic S:0   
Dlvl:1 $:0 HP:14(14) Pw:2(2) AC:7 Xp:1/0                                        

",0.0,False
38,east,,"message:


language observation:
vertical wall far west
horizontal wall near southwest
dark area very near east
vertical closed door very near south
stairs up very near westsouthwest
horizontal wall very near northwest
vertical wall adjacent north and south
dark area adjacent northeast and southeast

cursor:
Yourself a ranger
(x=45, y=13)

map:
                                                                                
                                                                                
                                                                                
                                                                                
                                                                                
                                                                                
                                                                                
                                                                                
                                     #                                          
                                     ##                                         
                                      #-------                                  
                                      #......|                                  
                                       |.....@#                                 
                                       |...<.|                                  
                                       |.....+                                  
                                       |.....|                                  
                                       -------                                  
                                                                                
                                                                                
                                                                                
                                                                                
Agent the Tenderfoot           St:15 Dx:11 Co:15 In:11 Wi:14 Ch:7 Chaotic S:0   
Dlvl:1 $:0 HP:14(14) Pw:2(2) AC:7 Xp:1/0                                        

",0.0,False
39,search,"To complete the task, I need to find the stairs down. Since I've already explored a significant portion of the level and found stairs up, my next steps should focus on exploring unvisited areas and searching for hidden doors or secret passages. I will methodically search each room and corridor, using the 'search' action to uncover any concealed doors or passages. If I encounter locked doors, I will use the 'kick' action to try and open them. Given my current position, I will prioritize exploring the dark areas to the east and southeast, as these are the most likely to contain the stairs down or other unexplored areas. I will also keep track of my surroundings and use my map to avoid getting lost or missing any areas. My ultimate goal is to find the stairs down, which will allow me to progress to the next level and continue my quest.","message:


language observation:
vertical wall far west
horizontal wall near southwest
dark area very near east
vertical closed door very near south
stairs up very near westsouthwest
horizontal wall very near northwest
vertical wall adjacent north and south
dark area adjacent northeast and southeast

cursor:
Yourself a ranger
(x=45, y=13)

map:
                                                                                
                                                                                
                                                                                
                                                                                
                                                                                
                                                                                
                                                                                
                                                                                
                                     #                                          
                                     ##                                         
                                      #-------                                  
                                      #......|                                  
                                       |.....@#                                 
                                       |...<.|                                  
                                       |.....+                                  
                                       |.....|                                  
                                       -------                                  
                                                                                
                                                                                
                                                                                
                                                                                
Agent the Tenderfoot           St:15 Dx:11 Co:15 In:11 Wi:14 Ch:7 Chaotic S:0   
Dlvl:1 $:0 HP:14(14) Pw:2(2) AC:7 Xp:1/0                                        

",0.0,False
40,south,,"message:
It's a wall.

language observation:
vertical wall far west
horizontal wall near southwest
dark area very near east
vertical closed door very near south
stairs up very near westsouthwest
horizontal wall very near northwest
vertical wall adjacent north and south
dark area adjacent northeast and southeast

cursor:
Yourself a ranger
(x=45, y=13)

map:
                                                                                
                                                                                
                                                                                
                                                                                
                                                                                
                                                                                
                                                                                
                                                                                
                                     #                                          
                                     ##                                         
                                      #-------                                  
                                      #......|                                  
                                       |.....@#                                 
                                       |...<.|                                  
                                       |.....+                                  
                                       |.....|                                  
                                       -------                                  
                                                                                
                                                                                
                                                                                
                                                                                
Agent the Tenderfoot           St:15 Dx:11 Co:15 In:11 Wi:14 Ch:7 Chaotic S:0   
Dlvl:1 $:0 HP:14(14) Pw:2(2) AC:7 Xp:1/0                                        

",0.0,False
41,west,,"message:


language observation:
dark area near east
horizontal wall near south and southwest
vertical wall near west
horizontal wall very near north and northwest
vertical closed door very near southsoutheast
vertical wall adjacent northeast and southeast
doorway adjacent east
stairs up adjacent southwest

cursor:
Yourself a ranger
(x=44, y=13)

map:
                                                                                
                                                                                
                                                                                
                                                                                
                                                                                
                                                                                
                                                                                
                                                                                
                                     #                                          
                                     ##                                         
                                      #-------                                  
                                      #......|                                  
                                       |....@.#                                 
                                       |...<.|                                  
                                       |.....+                                  
                                       |.....|                                  
                                       -------                                  
                                                                                
                                                                                
                                                                                
                                                                                
Agent the Tenderfoot           St:15 Dx:11 Co:15 In:11 Wi:14 Ch:7 Chaotic S:0   
Dlvl:1 $:0 HP:14(14) Pw:2(2) AC:7 Xp:1/0                                        

",0.0,False
42,search,"To complete the task, I need to find the stairs down. Since I've already explored a significant portion of the level and found stairs up, my next steps should focus on exploring unvisited areas and searching for hidden doors or secret passages. I will methodically search each room and corridor, using the 'search' action to uncover any concealed doors or passages. If I encounter locked doors, I will use the 'kick' action to try and open them. Given my current position, I will prioritize exploring the dark areas to the east and southeast, as these are the most likely to contain the stairs down or other unexplored areas. I will also keep track of my surroundings and use my map to avoid getting lost or missing any areas.","message:


language observation:
dark area near east
horizontal wall near south and southwest
vertical wall near west
horizontal wall very near north and northwest
vertical closed door very near southsoutheast
vertical wall adjacent northeast and southeast
doorway adjacent east
stairs up adjacent southwest

cursor:
Yourself a ranger
(x=44, y=13)

map:
                                                                                
                                                                                
                                                                                
                                                                                
                                                                                
                                                                                
                                                                                
                                                                                
                                     #                                          
                                     ##                                         
                                      #-------                                  
                                      #......|                                  
                                       |....@.#                                 
                                       |...<.|                                  
                                       |.....+                                  
                                       |.....|                                  
                                       -------                                  
                                                                                
                                                                                
                                                                                
                                                                                
Agent the Tenderfoot           St:15 Dx:11 Co:15 In:11 Wi:14 Ch:7 Chaotic S:0   
Dlvl:1 $:0 HP:14(14) Pw:2(2) AC:7 Xp:1/0                                        

",0.0,False
43,northwest,,"message:


language observation:
dark area far west
vertical closed door near southsoutheast
horizontal wall near south
vertical wall near southwest
doorway near west
vertical wall very near east and southeast
stairs up very near south
horizontal wall adjacent north, northeast, and northwest

cursor:
Yourself a ranger
(x=43, y=12)

map:
                                                                                
                                                                                
                                                                                
                                                                                
                                                                                
                                                                                
                                                                                
                                                                                
                                     #                                          
                                     ##                                         
                                      #-------                                  
                                      #....@.|                                  
                                       |......#                                 
                                       |...<.|                                  
                                       |.....+                                  
                                       |.....|                                  
                                       -------                                  
                                                                                
                                                                                
                                                                                
                                                                                
Agent the Tenderfoot           St:15 Dx:11 Co:15 In:11 Wi:14 Ch:7 Chaotic S:0   
Dlvl:1 $:0 HP:14(14) Pw:2(2) AC:7 Xp:1/0                                        

",0.0,False
44,search,,"message:


language observation:
dark area far west
vertical closed door near southsoutheast
horizontal wall near south
vertical wall near southwest
doorway near west
vertical wall very near east and southeast
stairs up very near south
horizontal wall adjacent north, northeast, and northwest

cursor:
Yourself a ranger
(x=43, y=12)

map:
                                                                                
                                                                                
                                                                                
                                                                                
                                                                                
                                                                                
                                                                                
                                                                                
                                     #                                          
                                     ##                                         
                                      #-------                                  
                                      #....@.|                                  
                                       |......#                                 
                                       |...<.|                                  
                                       |.....+                                  
                                       |.....|                                  
                                       -------                                  
                                                                                
                                                                                
                                                                                
                                                                                
Agent the Tenderfoot           St:15 Dx:11 Co:15 In:11 Wi:14 Ch:7 Chaotic S:0   
Dlvl:1 $:0 HP:14(14) Pw:2(2) AC:7 Xp:1/0                                        

",0.0,False
45,east,"To complete the task, I need to find the stairs down. Since I've already explored a significant portion of the level and found stairs up, my next steps should focus on exploring unvisited areas and searching for hidden doors or secret passages. I will methodically search each room and corridor, using the 'search' action to uncover any concealed doors or passages. If I encounter locked doors, I will use the 'kick' action to try and open them. Given my current position, I will prioritize exploring the dark areas to the east and southeast, as these are the most likely to contain the stairs down or other unexplored areas. I will also keep track of my surroundings and use my map to avoid getting lost or missing any areas. My initial action will be to move east to explore the dark area.","message:


language observation:
dark area far west
vertical closed door near southsoutheast
horizontal wall near south
southwest corner near southwest
doorway near west
dark area very near southeast
stairs up very near southsouthwest
horizontal wall adjacent north and northwest
northeast room corner adjacent northeast
vertical wall adjacent east
doorway adjacent southeast

cursor:
Yourself a ranger
(x=44, y=12)

map:
                                                                                
                                                                                
                                                                                
                                                                                
                                                                                
                                                                                
                                                                                
                                                                                
                                     #                                          
                                     ##                                         
                                      #-------                                  
                                      #.....@|                                  
                                       |......#                                 
                                       |...<.|                                  
                                       |.....+                                  
                                       |.....|                                  
                                       -------                                  
                                                                                
                                                                                
                                                                                
                                                                                
Agent the Tenderfoot           St:15 Dx:11 Co:15 In:11 Wi:14 Ch:7 Chaotic S:0   
Dlvl:1 $:0 HP:14(14) Pw:2(2) AC:7 Xp:1/0                                        

",0.0,False
46,search,,"message:


language observation:
dark area far west
vertical closed door near southsoutheast
horizontal wall near south
southwest corner near southwest
doorway near west
dark area very near southeast
stairs up very near southsouthwest
horizontal wall adjacent north and northwest
northeast room corner adjacent northeast
vertical wall adjacent east
doorway adjacent southeast

cursor:
Yourself a ranger
(x=44, y=12)

map:
                                                                                
                                                                                
                                                                                
                                                                                
                                                                                
                                                                                
                                                                                
                                                                                
                                     #                                          
                                     ##                                         
                                      #-------                                  
                                      #.....@|                                  
                                       |......#                                 
                                       |...<.|                                  
                                       |.....+                                  
                                       |.....|                                  
                                       -------                                  
                                                                                
                                                                                
                                                                                
                                                                                
Agent the Tenderfoot           St:15 Dx:11 Co:15 In:11 Wi:14 Ch:7 Chaotic S:0   
Dlvl:1 $:0 HP:14(14) Pw:2(2) AC:7 Xp:1/0                                        

",0.0,False
47,southeast,,"message:


language observation:
vertical wall far west
horizontal wall near southwest
dark area very near east
vertical closed door very near south
stairs up very near westsouthwest
horizontal wall very near northwest
vertical wall adjacent north and south
dark area adjacent northeast and southeast

cursor:
Yourself a ranger
(x=45, y=13)

map:
                                                                                
                                                                                
                                                                                
                                                                                
                                                                                
                                                                                
                                                                                
                                                                                
                                     #                                          
                                     ##                                         
                                      #-------                                  
                                      #......|                                  
                                       |.....@#                                 
                                       |...<.|                                  
                                       |.....+                                  
                                       |.....|                                  
                                       -------                                  
                                                                                
                                                                                
                                                                                
                                                                                
Agent the Tenderfoot           St:15 Dx:11 Co:15 In:11 Wi:14 Ch:7 Chaotic S:0   
Dlvl:1 $:0 HP:14(14) Pw:2(2) AC:7 Xp:1/0                                        

",0.0,False
48,east,"To complete the task, I will first review my previous observations to identify any unexplored areas or potential leads. Since my goal is to find the stairs down, I will prioritize exploring dark areas and searching for hidden doors or secret passages. I will use the 'search' action to uncover any concealed doors or passages and the 'kick' action to try and open locked doors. Given my current position and the layout of the level, I will methodically explore each room and corridor, keeping track of my surroundings and using my map to avoid getting lost or missing any areas. I will also be cautious of potential enemies and use my weapons and abilities as needed to defend myself. Once I have explored all accessible areas, I will reassess my situation and adjust my plan as necessary to find the stairs down.","message:


language observation:
vertical wall far west
stairs up near westsouthwest
dark area very near east
vertical closed door very near southsouthwest
dark area adjacent north, northeast, southeast, and south
vertical wall adjacent southwest and northwest
doorway adjacent west

cursor:
Yourself a ranger
(x=46, y=13)

map:
                                                                                
                                                                                
                                                                                
                                                                                
                                                                                
                                                                                
                                                                                
                                                                                
                                     #                                          
                                     ##                                         
                                      #-------                                  
                                      #......|                                  
                                       |......@#                                
                                       |...<.|                                  
                                       |.....+                                  
                                       |.....|                                  
                                       -------                                  
                                                                                
                                                                                
                                                                                
                                                                                
Agent the Tenderfoot           St:15 Dx:11 Co:15 In:11 Wi:14 Ch:7 Chaotic S:0   
Dlvl:1 $:0 HP:14(14) Pw:2(2) AC:7 Xp:1/0                                        

",0.0,False
49,search,,"message:


language observation:
vertical wall far west
stairs up near westsouthwest
dark area very near east
vertical closed door very near southsouthwest
dark area adjacent north, northeast, southeast, and south
vertical wall adjacent southwest and northwest
doorway adjacent west

cursor:
Yourself a ranger
(x=46, y=13)

map:
                                                                                
                                                                                
                                                                                
                                                                                
                                                                                
                                                                                
                                                                                
                                                                                
                                     #                                          
                                     ##                                         
                                      #-------                                  
                                      #......|                                  
                                       |......@#                                
                                       |...<.|                                  
                                       |.....+                                  
                                       |.....|                                  
                                       -------                                  
                                                                                
                                                                                
                                                                                
                                                                                
Agent the Tenderfoot           St:15 Dx:11 Co:15 In:11 Wi:14 Ch:7 Chaotic S:0   
Dlvl:1 $:0 HP:14(14) Pw:2(2) AC:7 Xp:1/0                                        

",0.0,False
50,west,,"message:


language observation:
vertical wall far west
dark area near east
horizontal wall near southwest
vertical closed door very near south
stairs up very near westsouthwest
horizontal wall very near northwest
vertical wall adjacent north and south
dark area adjacent northeast and southeast

cursor:
Yourself a ranger
(x=45, y=13)

map:
                                                                                
                                                                                
                                                                                
                                                                                
                                                                                
                                                                                
                                                                                
                                                                                
                                     #                                          
                                     ##                                         
                                      #-------                                  
                                      #......|                                  
                                       |.....@##                                
                                       |...<.|                                  
                                       |.....+                                  
                                       |.....|                                  
                                       -------                                  
                                                                                
                                                                                
                                                                                
                                                                                
Agent the Tenderfoot           St:15 Dx:11 Co:15 In:11 Wi:14 Ch:7 Chaotic S:0   
Dlvl:1 $:0 HP:14(14) Pw:2(2) AC:7 Xp:1/0                                        

",0.0,False
51,search,"To complete the task, I will first review my previous observations to identify any unexplored areas or potential leads. Since my goal is to find the stairs down, I will prioritize exploring dark areas and searching for hidden doors or secret passages. I will use the 'search' action to uncover any concealed doors or passages and the 'kick' action to try and open locked doors. Given my current position and the layout of the level, I will methodically explore each room and corridor, keeping track of my surroundings and using my map to avoid getting lost or missing any areas. I will also be cautious of potential enemies and use my weapons and abilities as needed to defend myself. Once I have explored all accessible areas, I will reassess my situation and adjust my plan as necessary to find the stairs down.","message:


language observation:
vertical wall far west
dark area near east
horizontal wall near southwest
vertical closed door very near south
stairs up very near westsouthwest
horizontal wall very near northwest
vertical wall adjacent north and south
dark area adjacent northeast and southeast

cursor:
Yourself a ranger
(x=45, y=13)

map:
                                                                                
                                                                                
                                                                                
                                                                                
                                                                                
                                                                                
                                                                                
                                                                                
                                     #                                          
                                     ##                                         
                                      #-------                                  
                                      #......|                                  
                                       |.....@##                                
                                       |...<.|                                  
                                       |.....+                                  
                                       |.....|                                  
                                       -------                                  
                                                                                
                                                                                
                                                                                
                                                                                
Agent the Tenderfoot           St:15 Dx:11 Co:15 In:11 Wi:14 Ch:7 Chaotic S:0   
Dlvl:1 $:0 HP:14(14) Pw:2(2) AC:7 Xp:1/0                                        

",0.0,False
52,kick,,"message:
In what direction?

language observation:
vertical wall far west
dark area near east
horizontal wall near southwest
vertical closed door very near south
stairs up very near westsouthwest
horizontal wall very near northwest
vertical wall adjacent north and south
dark area adjacent northeast and southeast

cursor:

(x=19, y=0)

map:
                                                                                
                                                                                
                                                                                
                                                                                
                                                                                
                                                                                
                                                                                
                                                                                
                                     #                                          
                                     ##                                         
                                      #-------                                  
                                      #......|                                  
                                       |.....@##                                
                                       |...<.|                                  
                                       |.....+                                  
                                       |.....|                                  
                                       -------                                  
                                                                                
                                                                                
                                                                                
                                                                                
Agent the Tenderfoot           St:15 Dx:11 Co:15 In:11 Wi:14 Ch:7 Chaotic S:0   
Dlvl:1 $:0 HP:14(14) Pw:2(2) AC:7 Xp:1/0                                        

",0.0,False
53,south,,"message:
Ouch!  That hurts!

language observation:
vertical wall far west
dark area near east
horizontal wall near southwest
vertical closed door very near south
stairs up very near westsouthwest
horizontal wall very near northwest
vertical wall adjacent north and south
dark area adjacent northeast and southeast

cursor:
Yourself a ranger
(x=45, y=13)

map:
                                                                                
                                                                                
                                                                                
                                                                                
                                                                                
                                                                                
                                                                                
                                                                                
                                     #                                          
                                     ##                                         
                                      #-------                                  
                                      #......|                                  
                                       |.....@##                                
                                       |...<.|                                  
                                       |.....+                                  
                                       |.....|                                  
                                       -------                                  
                                                                                
                                                                                
                                                                                
                                                                                
Agent the Tenderfoot           St:15 Dx:10 Co:15 In:11 Wi:14 Ch:7 Chaotic S:0   
Dlvl:1 $:0 HP:13(14) Pw:2(2) AC:7 Xp:1/0                                        

",0.0,False
54,east,"To complete the task, I will first review my previous observations to identify any unexplored areas or potential leads. Since my goal is to find the stairs down, I will prioritize exploring dark areas and searching for hidden doors or secret passages. I will use the 'search' action to uncover any concealed doors or passages and the 'kick' action to try and open locked doors. Given my current position and the layout of the level, I will methodically explore each room and corridor, keeping track of my surroundings and using my map to avoid getting lost or missing any areas. I will also be cautious of potential enemies and use my weapons and abilities as needed to defend myself. Once I have explored all accessible areas, I will reassess my situation and adjust my plan as necessary to find the stairs down.","message:


language observation:
vertical wall far west
stairs up near westsouthwest
dark area very near east
vertical closed door very near southsouthwest
dark area adjacent north, northeast, southeast, and south
vertical wall adjacent southwest and northwest
doorway adjacent west

cursor:
Yourself a ranger
(x=46, y=13)

map:
                                                                                
                                                                                
                                                                                
                                                                                
                                                                                
                                                                                
                                                                                
                                                                                
                                     #                                          
                                     ##                                         
                                      #-------                                  
                                      #......|                                  
                                       |......@#                                
                                       |...<.|                                  
                                       |.....+                                  
                                       |.....|                                  
                                       -------                                  
                                                                                
                                                                                
                                                                                
                                                                                
Agent the Tenderfoot           St:15 Dx:10 Co:15 In:11 Wi:14 Ch:7 Chaotic S:0   
Dlvl:1 $:0 HP:13(14) Pw:2(2) AC:7 Xp:1/0                                        

",0.0,False
55,search,,"message:


language observation:
vertical wall far west
stairs up near westsouthwest
dark area very near east
vertical closed door very near southsouthwest
dark area adjacent north, northeast, southeast, and south
vertical wall adjacent southwest and northwest
doorway adjacent west

cursor:
Yourself a ranger
(x=46, y=13)

map:
                                                                                
                                                                                
                                                                                
                                                                                
                                                                                
                                                                                
                                                                                
                                                                                
                                     #                                          
                                     ##                                         
                                      #-------                                  
                                      #......|                                  
                                       |......@#                                
                                       |...<.|                                  
                                       |.....+                                  
                                       |.....|                                  
                                       -------                                  
                                                                                
                                                                                
                                                                                
                                                                                
Agent the Tenderfoot           St:15 Dx:10 Co:15 In:11 Wi:14 Ch:7 Chaotic S:0   
Dlvl:1 $:0 HP:13(14) Pw:2(2) AC:7 Xp:1/0                                        

",0.0,False
56,south,,"message:
It's solid stone.

language observation:
vertical wall far west
stairs up near westsouthwest
dark area very near east
vertical closed door very near southsouthwest
dark area adjacent north, northeast, southeast, and south
vertical wall adjacent southwest and northwest
doorway adjacent west

cursor:
Yourself a ranger
(x=46, y=13)

map:
                                                                                
                                                                                
                                                                                
                                                                                
                                                                                
                                                                                
                                                                                
                                                                                
                                     #                                          
                                     ##                                         
                                      #-------                                  
                                      #......|                                  
                                       |......@#                                
                                       |...<.|                                  
                                       |.....+                                  
                                       |.....|                                  
                                       -------                                  
                                                                                
                                                                                
                                                                                
                                                                                
Agent the Tenderfoot           St:15 Dx:10 Co:15 In:11 Wi:14 Ch:7 Chaotic S:0   
Dlvl:1 $:0 HP:13(14) Pw:2(2) AC:7 Xp:1/0                                        

",0.0,False
57,east,"To complete the task, I need to explore the level and find the stairs down. Since I've already encountered stairs up, I should focus on searching the unexplored areas, particularly the dark areas to the east and southeast. I will methodically move through the level, using the 'search' action to uncover any hidden doors or secret passages, and the 'kick' action to try and open locked doors. I will also keep track of my surroundings and use my map to avoid getting lost. Given my current position, I will start by exploring the dark area to the east, and then move southwards to investigate the vertical closed door. If I find any obstacles or enemies, I will use my dagger and bow to defend myself. My overall goal is to thoroughly explore the level, find any useful items or clues, and ultimately locate the stairs down.","message:


language observation:
vertical wall far west
stairs up near westsouthwest
dark area very near east
vertical closed door very near southwest
doorway very near west
dark area adjacent north, northeast, southeast, south, southwest, and northwest

cursor:
Yourself a ranger
(x=47, y=13)

map:
                                                                                
                                                                                
                                                                                
                                                                                
                                                                                
                                                                                
                                                                                
                                                                                
                                     #                                          
                                     ##                                         
                                      #-------                                  
                                      #......|                                  
                                       |......#@#                               
                                       |...<.|                                  
                                       |.....+                                  
                                       |.....|                                  
                                       -------                                  
                                                                                
                                                                                
                                                                                
                                                                                
Agent the Tenderfoot           St:15 Dx:10 Co:15 In:11 Wi:14 Ch:7 Chaotic S:0   
Dlvl:1 $:0 HP:13(14) Pw:2(2) AC:7 Xp:1/0                                        

",0.0,False
58,search,,"message:


language observation:
vertical wall far west
stairs up near westsouthwest
dark area very near east
vertical closed door very near southwest
doorway very near west
dark area adjacent north, northeast, southeast, south, southwest, and northwest

cursor:
Yourself a ranger
(x=47, y=13)

map:
                                                                                
                                                                                
                                                                                
                                                                                
                                                                                
                                                                                
                                                                                
                                                                                
                                     #                                          
                                     ##                                         
                                      #-------                                  
                                      #......|                                  
                                       |......#@#                               
                                       |...<.|                                  
                                       |.....+                                  
                                       |.....|                                  
                                       -------                                  
                                                                                
                                                                                
                                                                                
                                                                                
Agent the Tenderfoot           St:15 Dx:10 Co:15 In:11 Wi:14 Ch:7 Chaotic S:0   
Dlvl:1 $:0 HP:13(14) Pw:2(2) AC:7 Xp:1/0                                        

",0.0,False
59,west,,"message:


language observation:
vertical wall far west
dark area near east
stairs up near westsouthwest
vertical closed door very near southsouthwest
dark area adjacent north, northeast, southeast, and south
vertical wall adjacent southwest and northwest
doorway adjacent west

cursor:
Yourself a ranger
(x=46, y=13)

map:
                                                                                
                                                                                
                                                                                
                                                                                
                                                                                
                                                                                
                                                                                
                                                                                
                                     #                                          
                                     ##                                         
                                      #-------                                  
                                      #......|                                  
                                       |......@##                               
                                       |...<.|                                  
                                       |.....+                                  
                                       |.....|                                  
                                       -------                                  
                                                                                
                                                                                
                                                                                
                                                                                
Agent the Tenderfoot           St:15 Dx:10 Co:15 In:11 Wi:14 Ch:7 Chaotic S:0   
Dlvl:1 $:0 HP:13(14) Pw:2(2) AC:7 Xp:1/0                                        

",0.0,False
60,south,"To complete the task, I need to explore the level and find the stairs down. Since I've already encountered stairs up, I should focus on searching the unexplored areas, particularly the dark areas to the east and southeast. I will methodically move through the level, using the 'search' action to uncover any hidden doors or secret passages, and the 'kick' action to try and open locked doors. I will also keep track of my surroundings and use my map to avoid getting lost. Given my current position, I will start by exploring the dark area to the east, and then move southwards to investigate the vertical closed door. If I find any obstacles or enemies, I will use my dagger and bow to defend myself. My overall goal is to thoroughly explore the level, find any useful items or clues, and ultimately locate the stairs down.","message:
It's solid stone.

language observation:
vertical wall far west
dark area near east
stairs up near westsouthwest
vertical closed door very near southsouthwest
dark area adjacent north, northeast, southeast, and south
vertical wall adjacent southwest and northwest
doorway adjacent west

cursor:
Yourself a ranger
(x=46, y=13)

map:
                                                                                
                                                                                
                                                                                
                                                                                
                                                                                
                                                                                
                                                                                
                                                                                
                                     #                                          
                                     ##                                         
                                      #-------                                  
                                      #......|                                  
                                       |......@##                               
                                       |...<.|                                  
                                       |.....+                                  
                                       |.....|                                  
                                       -------                                  
                                                                                
                                                                                
                                                                                
                                                                                
Agent the Tenderfoot           St:15 Dx:10 Co:15 In:11 Wi:14 Ch:7 Chaotic S:0   
Dlvl:1 $:0 HP:13(14) Pw:2(2) AC:7 Xp:1/0                                        

",0.0,False
61,search,,"message:


language observation:
vertical wall far west
dark area near east
stairs up near westsouthwest
vertical closed door very near southsouthwest
dark area adjacent north, northeast, southeast, and south
vertical wall adjacent southwest and northwest
doorway adjacent west

cursor:
Yourself a ranger
(x=46, y=13)

map:
                                                                                
                                                                                
                                                                                
                                                                                
                                                                                
                                                                                
                                                                                
                                                                                
                                     #                                          
                                     ##                                         
                                      #-------                                  
                                      #......|                                  
                                       |......@##                               
                                       |...<.|                                  
                                       |.....+                                  
                                       |.....|                                  
                                       -------                                  
                                                                                
                                                                                
                                                                                
                                                                                
Agent the Tenderfoot           St:15 Dx:10 Co:15 In:11 Wi:14 Ch:7 Chaotic S:0   
Dlvl:1 $:0 HP:13(14) Pw:2(2) AC:7 Xp:1/0                                        

",0.0,False
62,west,,"message:
Your leg feels better.

language observation:
vertical wall far west
dark area near east
horizontal wall near southwest
vertical closed door very near south
stairs up very near westsouthwest
horizontal wall very near northwest
vertical wall adjacent north and south
dark area adjacent northeast and southeast

cursor:
Yourself a ranger
(x=45, y=13)

map:
                                                                                
                                                                                
                                                                                
                                                                                
                                                                                
                                                                                
                                                                                
                                                                                
                                     #                                          
                                     ##                                         
                                      #-------                                  
                                      #......|                                  
                                       |.....@###                               
                                       |...<.|                                  
                                       |.....+                                  
                                       |.....|                                  
                                       -------                                  
                                                                                
                                                                                
                                                                                
                                                                                
Agent the Tenderfoot           St:15 Dx:11 Co:15 In:11 Wi:14 Ch:7 Chaotic S:0   
Dlvl:1 $:0 HP:13(14) Pw:2(2) AC:7 Xp:1/0                                        

",0.0,False
63,south,"To complete the task, I will first review my previous observations to understand the layout of the level. I have encountered stairs up, but my goal is to find the stairs down. I have also found a vertical closed door, which I was unable to open by kicking. My plan is to methodically explore the level, using the 'search' action to uncover any hidden doors or secret passages, and try to find alternative ways to open the locked door. I will also keep track of my surroundings and use my map to avoid getting lost. Once I have explored the level and found any useful items or clues, I will focus on finding the stairs down. If I encounter any obstacles or enemies, I will use my dagger and bow to defend myself. I will start by exploring the dark area to the east, and then move southwards to investigate the vertical closed door again.","message:
It's a wall.

language observation:
vertical wall far west
dark area near east
horizontal wall near southwest
vertical closed door very near south
stairs up very near westsouthwest
horizontal wall very near northwest
vertical wall adjacent north and south
dark area adjacent northeast and southeast

cursor:
Yourself a ranger
(x=45, y=13)

map:
                                                                                
                                                                                
                                                                                
                                                                                
                                                                                
                                                                                
                                                                                
                                                                                
                                     #                                          
                                     ##                                         
                                      #-------                                  
                                      #......|                                  
                                       |.....@###                               
                                       |...<.|                                  
                                       |.....+                                  
                                       |.....|                                  
                                       -------                                  
                                                                                
                                                                                
                                                                                
                                                                                
Agent the Tenderfoot           St:15 Dx:11 Co:15 In:11 Wi:14 Ch:7 Chaotic S:0   
Dlvl:1 $:0 HP:13(14) Pw:2(2) AC:7 Xp:1/0                                        

",0.0,False
64,east,,"message:


language observation:
vertical wall far west
dark area near east
stairs up near westsouthwest
vertical closed door very near southsouthwest
dark area adjacent north, northeast, southeast, and south
vertical wall adjacent southwest and northwest
doorway adjacent west

cursor:
Yourself a ranger
(x=46, y=13)

map:
                                                                                
                                                                                
                                                                                
                                                                                
                                                                                
                                                                                
                                                                                
                                                                                
                                     #                                          
                                     ##                                         
                                      #-------                                  
                                      #......|                                  
                                       |......@##                               
                                       |...<.|                                  
                                       |.....+                                  
                                       |.....|                                  
                                       -------                                  
                                                                                
                                                                                
                                                                                
                                                                                
Agent the Tenderfoot           St:15 Dx:11 Co:15 In:11 Wi:14 Ch:7 Chaotic S:0   
Dlvl:1 $:0 HP:13(14) Pw:2(2) AC:7 Xp:1/0                                        

",0.0,False
65,search,,"message:


language observation:
vertical wall far west
dark area near east
stairs up near westsouthwest
vertical closed door very near southsouthwest
dark area adjacent north, northeast, southeast, and south
vertical wall adjacent southwest and northwest
doorway adjacent west

cursor:
Yourself a ranger
(x=46, y=13)

map:
                                                                                
                                                                                
                                                                                
                                                                                
                                                                                
                                                                                
                                                                                
                                                                                
                                     #                                          
                                     ##                                         
                                      #-------                                  
                                      #......|                                  
                                       |......@##                               
                                       |...<.|                                  
                                       |.....+                                  
                                       |.....|                                  
                                       -------                                  
                                                                                
                                                                                
                                                                                
                                                                                
Agent the Tenderfoot           St:15 Dx:11 Co:15 In:11 Wi:14 Ch:7 Chaotic S:0   
Dlvl:1 $:0 HP:13(14) Pw:2(2) AC:7 Xp:1/0                                        

",0.0,False
66,east,"To complete the task, I will first review my previous observations to understand the layout of the level. I have encountered stairs up, but my goal is to find the stairs down. I have also found a vertical closed door, which I was unable to open by kicking. My plan is to methodically explore the level, using the 'search' action to uncover any hidden doors or secret passages, and try to find alternative ways to open the locked door. I will also keep track of my surroundings and use my map to avoid getting lost. Once I have explored the level and found any useful items or clues, I will focus on finding the stairs down. If I encounter any obstacles or enemies, I will use my dagger and bow to defend myself. I will start by exploring the dark area to the east, and then move southwards to investigate the vertical closed door again. Since I've already tried kicking the door and it didn't work, my next step would be to try and find a key or another way to open it.","message:


language observation:
vertical wall far west
stairs up near westsouthwest
dark area very near east
vertical closed door very near southwest
doorway very near west
dark area adjacent north, northeast, southeast, south, southwest, and northwest

cursor:
Yourself a ranger
(x=47, y=13)

map:
                                                                                
                                                                                
                                                                                
                                                                                
                                                                                
                                                                                
                                                                                
                                                                                
                                     #                                          
                                     ##                                         
                                      #-------                                  
                                      #......|                                  
                                       |......#@#                               
                                       |...<.|                                  
                                       |.....+                                  
                                       |.....|                                  
                                       -------                                  
                                                                                
                                                                                
                                                                                
                                                                                
Agent the Tenderfoot           St:15 Dx:11 Co:15 In:11 Wi:14 Ch:7 Chaotic S:0   
Dlvl:1 $:0 HP:13(14) Pw:2(2) AC:7 Xp:1/0                                        

",0.0,False
67,west,,"message:


language observation:
vertical wall far west
dark area near east
stairs up near westsouthwest
vertical closed door very near southsouthwest
dark area adjacent north, northeast, southeast, and south
vertical wall adjacent southwest and northwest
doorway adjacent west

cursor:
Yourself a ranger
(x=46, y=13)

map:
                                                                                
                                                                                
                                                                                
                                                                                
                                                                                
                                                                                
                                                                                
                                                                                
                                     #                                          
                                     ##                                         
                                      #-------                                  
                                      #......|                                  
                                       |......@##                               
                                       |...<.|                                  
                                       |.....+                                  
                                       |.....|                                  
                                       -------                                  
                                                                                
                                                                                
                                                                                
                                                                                
Agent the Tenderfoot           St:15 Dx:11 Co:15 In:11 Wi:14 Ch:7 Chaotic S:0   
Dlvl:1 $:0 HP:13(14) Pw:2(2) AC:7 Xp:1/0                                        

",0.0,False
68,search,,"message:


language observation:
vertical wall far west
dark area near east
stairs up near westsouthwest
vertical closed door very near southsouthwest
dark area adjacent north, northeast, southeast, and south
vertical wall adjacent southwest and northwest
doorway adjacent west

cursor:
Yourself a ranger
(x=46, y=13)

map:
                                                                                
                                                                                
                                                                                
                                                                                
                                                                                
                                                                                
                                                                                
                                                                                
                                     #                                          
                                     ##                                         
                                      #-------                                  
                                      #......|                                  
                                       |......@##                               
                                       |...<.|                                  
                                       |.....+                                  
                                       |.....|                                  
                                       -------                                  
                                                                                
                                                                                
                                                                                
                                                                                
Agent the Tenderfoot           St:15 Dx:11 Co:15 In:11 Wi:14 Ch:7 Chaotic S:0   
Dlvl:1 $:0 HP:13(14) Pw:2(2) AC:7 Xp:1/0                                        

",0.0,False
69,south,"To complete the task, I will first review my previous observations to understand the layout of the level. I have encountered stairs up, but my goal is to find the stairs down. I have also found a vertical closed door, which I was unable to open by kicking. My plan is to methodically explore the level, using the 'search' action to uncover any hidden doors or secret passages, and try to find alternative ways to open the locked door. I will also keep track of my surroundings and use my map to avoid getting lost. Once I have explored the level and found any useful items or clues, I will focus on finding the stairs down. If I encounter any obstacles or enemies, I will use my dagger and bow to defend myself. Since I've already tried kicking the door and it didn't work, my next step would be to try and find a key or another way to open it. Given my current position, my next action should be to try and open the door or explore the surrounding area to see if I can find any other clues or objects that could help me achieve my goal.","message:
It's solid stone.

language observation:
vertical wall far west
dark area near east
stairs up near westsouthwest
vertical closed door very near southsouthwest
dark area adjacent north, northeast, southeast, and south
vertical wall adjacent southwest and northwest
doorway adjacent west

cursor:
Yourself a ranger
(x=46, y=13)

map:
                                                                                
                                                                                
                                                                                
                                                                                
                                                                                
                                                                                
                                                                                
                                                                                
                                     #                                          
                                     ##                                         
                                      #-------                                  
                                      #......|                                  
                                       |......@##                               
                                       |...<.|                                  
                                       |.....+                                  
                                       |.....|                                  
                                       -------                                  
                                                                                
                                                                                
                                                                                
                                                                                
Agent the Tenderfoot           St:15 Dx:11 Co:15 In:11 Wi:14 Ch:7 Chaotic S:0   
Dlvl:1 $:0 HP:13(14) Pw:2(2) AC:7 Xp:1/0                                        

",0.0,False
70,search,,"message:


language observation:
vertical wall far west
dark area near east
stairs up near westsouthwest
vertical closed door very near southsouthwest
dark area adjacent north, northeast, southeast, and south
vertical wall adjacent southwest and northwest
doorway adjacent west

cursor:
Yourself a ranger
(x=46, y=13)

map:
                                                                                
                                                                                
                                                                                
                                                                                
                                                                                
                                                                                
                                                                                
                                                                                
                                     #                                          
                                     ##                                         
                                      #-------                                  
                                      #......|                                  
                                       |......@##                               
                                       |...<.|                                  
                                       |.....+                                  
                                       |.....|                                  
                                       -------                                  
                                                                                
                                                                                
                                                                                
                                                                                
Agent the Tenderfoot           St:15 Dx:11 Co:15 In:11 Wi:14 Ch:7 Chaotic S:0   
Dlvl:1 $:0 HP:13(14) Pw:2(2) AC:7 Xp:1/0                                        

",0.0,False
71,kick,,"message:
In what direction?

language observation:
vertical wall far west
dark area near east
stairs up near westsouthwest
vertical closed door very near southsouthwest
dark area adjacent north, northeast, southeast, and south
vertical wall adjacent southwest and northwest
doorway adjacent west

cursor:

(x=19, y=0)

map:
                                                                                
                                                                                
                                                                                
                                                                                
                                                                                
                                                                                
                                                                                
                                                                                
                                     #                                          
                                     ##                                         
                                      #-------                                  
                                      #......|                                  
                                       |......@##                               
                                       |...<.|                                  
                                       |.....+                                  
                                       |.....|                                  
                                       -------                                  
                                                                                
                                                                                
                                                                                
                                                                                
Agent the Tenderfoot           St:15 Dx:11 Co:15 In:11 Wi:14 Ch:7 Chaotic S:0   
Dlvl:1 $:0 HP:13(14) Pw:2(2) AC:7 Xp:1/0                                        

",0.0,False
72,search,"To complete the task, I will first review my previous observations to understand the layout of the level. I have encountered stairs up, but my goal is to find the stairs down. I have also found a vertical closed door, which I was unable to open by kicking. My plan is to methodically explore the level, using the 'search' action to uncover any hidden doors or secret passages, and try to find alternative ways to open the locked door. I will also keep track of my surroundings and use my map to avoid getting lost. Once I have explored the level and found any useful items or clues, I will focus on finding the stairs down. If I encounter any obstacles or enemies, I will use my dagger and bow to defend myself. Given my current position, my next step would be to try and explore the surrounding area to see if I can find any other clues or objects that could help me achieve my goal.","message:


language observation:
vertical wall far west
dark area near east
stairs up near westsouthwest
vertical closed door very near southsouthwest
dark area adjacent north, northeast, southeast, and south
vertical wall adjacent southwest and northwest
doorway adjacent west

cursor:
Yourself a ranger
(x=46, y=13)

map:
                                                                                
                                                                                
                                                                                
                                                                                
                                                                                
                                                                                
                                                                                
                                                                                
                                     #                                          
                                     ##                                         
                                      #-------                                  
                                      #......|                                  
                                       |......@##                               
                                       |...<.|                                  
                                       |.....+                                  
                                       |.....|                                  
                                       -------                                  
                                                                                
                                                                                
                                                                                
                                                                                
Agent the Tenderfoot           St:15 Dx:11 Co:15 In:11 Wi:14 Ch:7 Chaotic S:0   
Dlvl:1 $:0 HP:13(14) Pw:2(2) AC:7 Xp:1/0                                        

",0.0,False
73,southwest,,"message:
It's a wall.

language observation:
vertical wall far west
dark area near east
stairs up near westsouthwest
vertical closed door very near southsouthwest
dark area adjacent north, northeast, southeast, and south
vertical wall adjacent southwest and northwest
doorway adjacent west

cursor:
Yourself a ranger
(x=46, y=13)

map:
                                                                                
                                                                                
                                                                                
                                                                                
                                                                                
                                                                                
                                                                                
                                                                                
                                     #                                          
                                     ##                                         
                                      #-------                                  
                                      #......|                                  
                                       |......@##                               
                                       |...<.|                                  
                                       |.....+                                  
                                       |.....|                                  
                                       -------                                  
                                                                                
                                                                                
                                                                                
                                                                                
Agent the Tenderfoot           St:15 Dx:11 Co:15 In:11 Wi:14 Ch:7 Chaotic S:0   
Dlvl:1 $:0 HP:13(14) Pw:2(2) AC:7 Xp:1/0                                        

",0.0,False
74,kick southwest,,"

Your previous output did not contain a valid action. Defaulted to action: north

Observation:
message:
It's solid stone.

language observation:
vertical wall far west
dark area near east
stairs up near westsouthwest
vertical closed door very near southsouthwest
dark area adjacent north, northeast, southeast, and south
vertical wall adjacent southwest and northwest
doorway adjacent west

cursor:
Yourself a ranger
(x=46, y=13)

map:
                                                                                
                                                                                
                                                                                
                                                                                
                                                                                
                                                                                
                                                                                
                                                                                
                                     #                                          
                                     ##                                         
                                      #-------                                  
                                      #......|                                  
                                       |......@##                               
                                       |...<.|                                  
                                       |.....+                                  
                                       |.....|                                  
                                       -------                                  
                                                                                
                                                                                
                                                                                
                                                                                
Agent the Tenderfoot           St:15 Dx:11 Co:15 In:11 Wi:14 Ch:7 Chaotic S:0   
Dlvl:1 $:0 HP:13(14) Pw:2(2) AC:7 Xp:1/0                                        

",0.0,False
75,east,"To complete the task, I need to explore the level and find the stairs down. Since I've already encountered stairs up, I should focus on exploring the surrounding area to uncover any hidden doors, secret passages, or alternative routes. My previous attempts to move south or southwest were blocked by walls, so I'll need to try other directions. I've also found a closed door, but kicking it didn't work, so I might need to find a key or another way to open it. Given my current inventory, I have a dagger and a bow with arrows, which could be useful for defending myself against enemies. My high-level plan is to methodically explore the level, using the 'search' action to uncover hidden areas, and try to find a way to open the closed door or find an alternative route to the stairs down. I'll also keep track of my surroundings and use my map to avoid getting lost.","message:


language observation:
vertical wall far west
stairs up near westsouthwest
dark area very near east
vertical closed door very near southwest
doorway very near west
dark area adjacent north, northeast, southeast, south, southwest, and northwest

cursor:
Yourself a ranger
(x=47, y=13)

map:
                                                                                
                                                                                
                                                                                
                                                                                
                                                                                
                                                                                
                                                                                
                                                                                
                                     #                                          
                                     ##                                         
                                      #-------                                  
                                      #......|                                  
                                       |......#@#                               
                                       |...<.|                                  
                                       |.....+                                  
                                       |.....|                                  
                                       -------                                  
                                                                                
                                                                                
                                                                                
                                                                                
Agent the Tenderfoot           St:15 Dx:11 Co:15 In:11 Wi:14 Ch:7 Chaotic S:0   
Dlvl:1 $:0 HP:13(14) Pw:2(2) AC:7 Xp:1/0                                        

",0.0,False
76,search,,"message:


language observation:
vertical wall far west
stairs up near westsouthwest
dark area very near east
vertical closed door very near southwest
doorway very near west
dark area adjacent north, northeast, southeast, south, southwest, and northwest

cursor:
Yourself a ranger
(x=47, y=13)

map:
                                                                                
                                                                                
                                                                                
                                                                                
                                                                                
                                                                                
                                                                                
                                                                                
                                     #                                          
                                     ##                                         
                                      #-------                                  
                                      #......|                                  
                                       |......#@#                               
                                       |...<.|                                  
                                       |.....+                                  
                                       |.....|                                  
                                       -------                                  
                                                                                
                                                                                
                                                                                
                                                                                
Agent the Tenderfoot           St:15 Dx:11 Co:15 In:11 Wi:14 Ch:7 Chaotic S:0   
Dlvl:1 $:0 HP:14(14) Pw:2(2) AC:7 Xp:1/0                                        

",0.0,False
77,east,,"message:


language observation:
vertical wall far west
stairs up near westsouthwest
vertical closed door near westsouthwest
doorway near west
dark area very near east
dark area adjacent north, northeast, southeast, south, southwest, and northwest

cursor:
Yourself a ranger
(x=48, y=13)

map:
                                                                                
                                                                                
                                                                                
                                                                                
                                                                                
                                                                                
                                                                                
                                                                                
                                     #                                          
                                     ##                                         
                                      #-------                                  
                                      #......|                                  
                                       |......##@#                              
                                       |...<.|                                  
                                       |.....+                                  
                                       |.....|                                  
                                       -------                                  
                                                                                
                                                                                
                                                                                
                                                                                
Agent the Tenderfoot           St:15 Dx:11 Co:15 In:11 Wi:14 Ch:7 Chaotic S:0   
Dlvl:1 $:0 HP:14(14) Pw:2(2) AC:7 Xp:1/0                                        

",0.0,False
78,east,"To complete the task, I need to explore the level and find the stairs down. Since I've already encountered stairs up, I should focus on exploring the surrounding area to uncover any hidden doors, secret passages, or alternative routes. I've found a closed door, but I don't have a key, so I might need to find one or another way to open it. I should methodically explore the level, using the 'search' action to uncover hidden areas. Given my current inventory, I have a dagger and a bow with arrows, which could be useful for defending myself against enemies. I'll try to move east and see what's there, and then decide my next steps based on what I find. If I encounter any obstacles or enemies, I'll use my combat skills to overcome them. My ultimate goal is to find the stairs down and proceed to the next level.","message:


language observation:
stairs up far westsouthwest
vertical closed door near westsouthwest
doorway near west
dark area very near northeast, east, and southeast
dark area adjacent north, south, southwest, and northwest

cursor:
Yourself a ranger
(x=49, y=13)

map:
                                                                                
                                                                                
                                                                                
                                                                                
                                                                                
                                                                                
                                                                                
                                                                                
                                     #                                          
                                     ##                                         
                                      #-------                                  
                                      #......|    #                             
                                       |......###@#                             
                                       |...<.|    #                             
                                       |.....+                                  
                                       |.....|                                  
                                       -------                                  
                                                                                
                                                                                
                                                                                
                                                                                
Agent the Tenderfoot           St:15 Dx:11 Co:15 In:11 Wi:14 Ch:7 Chaotic S:0   
Dlvl:1 $:0 HP:14(14) Pw:2(2) AC:7 Xp:1/0                                        

",0.0,False
79,search,,"message:


language observation:
stairs up far westsouthwest
vertical closed door near westsouthwest
doorway near west
dark area very near northeast, east, and southeast
dark area adjacent north, south, southwest, and northwest

cursor:
Yourself a ranger
(x=49, y=13)

map:
                                                                                
                                                                                
                                                                                
                                                                                
                                                                                
                                                                                
                                                                                
                                                                                
                                     #                                          
                                     ##                                         
                                      #-------                                  
                                      #......|    #                             
                                       |......###@#                             
                                       |...<.|    #                             
                                       |.....+                                  
                                       |.....|                                  
                                       -------                                  
                                                                                
                                                                                
                                                                                
                                                                                
Agent the Tenderfoot           St:15 Dx:11 Co:15 In:11 Wi:14 Ch:7 Chaotic S:0   
Dlvl:1 $:0 HP:14(14) Pw:2(2) AC:7 Xp:1/0                                        

",0.0,False
80,west,,"message:


language observation:
vertical wall far west
dark area near east
stairs up near westsouthwest
vertical closed door near westsouthwest
doorway near west
dark area adjacent north, northeast, southeast, south, southwest, and northwest

cursor:
Yourself a ranger
(x=48, y=13)

map:
                                                                                
                                                                                
                                                                                
                                                                                
                                                                                
                                                                                
                                                                                
                                                                                
                                     #                                          
                                     ##                                         
                                      #-------                                  
                                      #......|    #                             
                                       |......##@##                             
                                       |...<.|    #                             
                                       |.....+                                  
                                       |.....|                                  
                                       -------                                  
                                                                                
                                                                                
                                                                                
                                                                                
Agent the Tenderfoot           St:15 Dx:11 Co:15 In:11 Wi:14 Ch:7 Chaotic S:0   
Dlvl:1 $:0 HP:14(14) Pw:2(2) AC:7 Xp:1/0                                        

",0.0,False
81,southwest,"To complete the task, I need to explore the level and find the stairs down. Since I've already encountered stairs up, I should focus on exploring the surrounding area to uncover any hidden doors, secret passages, or alternative routes. I've found a closed door, but I don't have a key, so I might need to find one or another way to open it. I should methodically explore the level, using the 'search' action to uncover hidden areas. Given my current inventory, I have a dagger and a bow with arrows, which could be useful for defending myself against enemies. I'll try to move in different directions and see what's there, and then decide my next steps based on what I find. If I encounter any obstacles or enemies, I'll use my combat skills to overcome them. My ultimate goal is to find the stairs down and proceed to the next level.","message:
It's solid stone.

language observation:
vertical wall far west
dark area near east
stairs up near westsouthwest
vertical closed door near westsouthwest
doorway near west
dark area adjacent north, northeast, southeast, south, southwest, and northwest

cursor:
Yourself a ranger
(x=48, y=13)

map:
                                                                                
                                                                                
                                                                                
                                                                                
                                                                                
                                                                                
                                                                                
                                                                                
                                     #                                          
                                     ##                                         
                                      #-------                                  
                                      #......|    #                             
                                       |......##@##                             
                                       |...<.|    #                             
                                       |.....+                                  
                                       |.....|                                  
                                       -------                                  
                                                                                
                                                                                
                                                                                
                                                                                
Agent the Tenderfoot           St:15 Dx:11 Co:15 In:11 Wi:14 Ch:7 Chaotic S:0   
Dlvl:1 $:0 HP:14(14) Pw:2(2) AC:7 Xp:1/0                                        

",0.0,False
82,search,,"message:


language observation:
vertical wall far west
dark area near east
stairs up near westsouthwest
vertical closed door near westsouthwest
doorway near west
dark area adjacent north, northeast, southeast, south, southwest, and northwest

cursor:
Yourself a ranger
(x=48, y=13)

map:
                                                                                
                                                                                
                                                                                
                                                                                
                                                                                
                                                                                
                                                                                
                                                                                
                                     #                                          
                                     ##                                         
                                      #-------                                  
                                      #......|    #                             
                                       |......##@##                             
                                       |...<.|    #                             
                                       |.....+                                  
                                       |.....|                                  
                                       -------                                  
                                                                                
                                                                                
                                                                                
                                                                                
Agent the Tenderfoot           St:15 Dx:11 Co:15 In:11 Wi:14 Ch:7 Chaotic S:0   
Dlvl:1 $:0 HP:14(14) Pw:2(2) AC:7 Xp:1/0                                        

",0.0,False
83,west,,"message:


language observation:
vertical wall far west
dark area near east
stairs up near westsouthwest
vertical closed door very near southwest
doorway very near west
dark area adjacent north, northeast, southeast, south, southwest, and northwest

cursor:
Yourself a ranger
(x=47, y=13)

map:
                                                                                
                                                                                
                                                                                
                                                                                
                                                                                
                                                                                
                                                                                
                                                                                
                                     #                                          
                                     ##                                         
                                      #-------                                  
                                      #......|    #                             
                                       |......#@###                             
                                       |...<.|    #                             
                                       |.....+                                  
                                       |.....|                                  
                                       -------                                  
                                                                                
                                                                                
                                                                                
                                                                                
Agent the Tenderfoot           St:15 Dx:11 Co:15 In:11 Wi:14 Ch:7 Chaotic S:0   
Dlvl:1 $:0 HP:14(14) Pw:2(2) AC:7 Xp:1/0                                        

",0.0,False
84,search,"To complete the task, I will first review my previous observations and the current state of the game. I have a map of my surroundings, which includes a doorway to the west, a closed door to the southwest, stairs up to the westsouthwest, and dark areas in various directions. My goal is to find the stairs down and proceed to the next level. Given that I have already encountered stairs up, I should focus on exploring the surrounding area to uncover any hidden doors, secret passages, or alternative routes. I will use the 'search' action to uncover hidden areas and the 'kick' action to try and open the closed door. I will also move in different directions to explore the level and gather more information. Once I have a better understanding of the level layout, I can plan my next steps to find the stairs down.","message:


language observation:
vertical wall far west
dark area near east
stairs up near westsouthwest
vertical closed door very near southwest
doorway very near west
dark area adjacent north, northeast, southeast, south, southwest, and northwest

cursor:
Yourself a ranger
(x=47, y=13)

map:
                                                                                
                                                                                
                                                                                
                                                                                
                                                                                
                                                                                
                                                                                
                                                                                
                                     #                                          
                                     ##                                         
                                      #-------                                  
                                      #......|    #                             
                                       |......#@###                             
                                       |...<.|    #                             
                                       |.....+                                  
                                       |.....|                                  
                                       -------                                  
                                                                                
                                                                                
                                                                                
                                                                                
Agent the Tenderfoot           St:15 Dx:11 Co:15 In:11 Wi:14 Ch:7 Chaotic S:0   
Dlvl:1 $:0 HP:14(14) Pw:2(2) AC:7 Xp:1/0                                        

",0.0,False
85,kick,,"message:
In what direction?

language observation:
vertical wall far west
dark area near east
stairs up near westsouthwest
vertical closed door very near southwest
doorway very near west
dark area adjacent north, northeast, southeast, south, southwest, and northwest

cursor:

(x=19, y=0)

map:
                                                                                
                                                                                
                                                                                
                                                                                
                                                                                
                                                                                
                                                                                
                                                                                
                                     #                                          
                                     ##                                         
                                      #-------                                  
                                      #......|    #                             
                                       |......#@###                             
                                       |...<.|    #                             
                                       |.....+                                  
                                       |.....|                                  
                                       -------                                  
                                                                                
                                                                                
                                                                                
                                                                                
Agent the Tenderfoot           St:15 Dx:11 Co:15 In:11 Wi:14 Ch:7 Chaotic S:0   
Dlvl:1 $:0 HP:14(14) Pw:2(2) AC:7 Xp:1/0                                        

",0.0,False
86,southwest,,"message:
Ouch!  That hurts!

language observation:
vertical wall far west
dark area near east
stairs up near westsouthwest
vertical closed door very near southwest
doorway very near west
dark area adjacent north, northeast, southeast, south, southwest, and northwest

cursor:
Yourself a ranger
(x=47, y=13)

map:
                                                                                
                                                                                
                                                                                
                                                                                
                                                                                
                                                                                
                                                                                
                                                                                
                                     #                                          
                                     ##                                         
                                      #-------                                  
                                      #......|    #                             
                                       |......#@###                             
                                       |...<.|    #                             
                                       |.....+                                  
                                       |.....|                                  
                                       -------                                  
                                                                                
                                                                                
                                                                                
                                                                                
Agent the Tenderfoot           St:15 Dx:11 Co:15 In:11 Wi:14 Ch:7 Chaotic S:0   
Dlvl:1 $:0 HP:10(14) Pw:2(2) AC:7 Xp:1/0                                        

",0.0,False
87,search,"To complete the task, I will first review my previous observations and the current state of the game. I have a map of my surroundings, which includes a doorway to the west, a closed door to the southwest, stairs up to the westsouthwest, and dark areas in various directions. Since I've already tried kicking the door and it hurt me, I'll avoid that action for now. My goal is to find the stairs down and proceed to the next level. Given that I have already encountered stairs up, I should focus on exploring the surrounding area to uncover any hidden doors, secret passages, or alternative routes. I will use the 'search' action to uncover hidden areas and move in different directions to explore the level and gather more information. Once I have a better understanding of the level layout, I can plan my next steps to find the stairs down. I should also be mindful of my health and try to avoid taking unnecessary damage.","message:


language observation:
vertical wall far west
dark area near east
stairs up near westsouthwest
vertical closed door very near southwest
doorway very near west
dark area adjacent north, northeast, southeast, south, southwest, and northwest

cursor:
Yourself a ranger
(x=47, y=13)

map:
                                                                                
                                                                                
                                                                                
                                                                                
                                                                                
                                                                                
                                                                                
                                                                                
                                     #                                          
                                     ##                                         
                                      #-------                                  
                                      #......|    #                             
                                       |......#@###                             
                                       |...<.|    #                             
                                       |.....+                                  
                                       |.....|                                  
                                       -------                                  
                                                                                
                                                                                
                                                                                
                                                                                
Agent the Tenderfoot           St:15 Dx:11 Co:15 In:11 Wi:14 Ch:7 Chaotic S:0   
Dlvl:1 $:0 HP:10(14) Pw:2(2) AC:7 Xp:1/0                                        

",0.0,False
88,west,,"message:


language observation:
vertical wall far west
dark area near east
stairs up near westsouthwest
vertical closed door very near southsouthwest
dark area adjacent north, northeast, southeast, and south
vertical wall adjacent southwest and northwest
doorway adjacent west

cursor:
Yourself a ranger
(x=46, y=13)

map:
                                                                                
                                                                                
                                                                                
                                                                                
                                                                                
                                                                                
                                                                                
                                                                                
                                     #                                          
                                     ##                                         
                                      #-------                                  
                                      #......|    #                             
                                       |......@####                             
                                       |...<.|    #                             
                                       |.....+                                  
                                       |.....|                                  
                                       -------                                  
                                                                                
                                                                                
                                                                                
                                                                                
Agent the Tenderfoot           St:15 Dx:11 Co:15 In:11 Wi:14 Ch:7 Chaotic S:0   
Dlvl:1 $:0 HP:10(14) Pw:2(2) AC:7 Xp:1/0                                        

",0.0,False
89,open,,"message:
In what direction?

language observation:
vertical wall far west
dark area near east
stairs up near westsouthwest
vertical closed door very near southsouthwest
dark area adjacent north, northeast, southeast, and south
vertical wall adjacent southwest and northwest
doorway adjacent west

cursor:

(x=19, y=0)

map:
                                                                                
                                                                                
                                                                                
                                                                                
                                                                                
                                                                                
                                                                                
                                                                                
                                     #                                          
                                     ##                                         
                                      #-------                                  
                                      #......|    #                             
                                       |......@####                             
                                       |...<.|    #                             
                                       |.....+                                  
                                       |.....|                                  
                                       -------                                  
                                                                                
                                                                                
                                                                                
                                                                                
Agent the Tenderfoot           St:15 Dx:11 Co:15 In:11 Wi:14 Ch:7 Chaotic S:0   
Dlvl:1 $:0 HP:10(14) Pw:2(2) AC:7 Xp:1/0                                        

",0.0,False
90,south,"To complete the task, I will first try to open the closed door to the southsouthwest. If the door is locked, I will attempt to kick it. If kicking the door also fails, I will search the surrounding area to see if there are any other doors, secret passages, or hidden items that could aid me in my quest. Once I have explored the current area, I will move east to see if I can find any stairs leading down. If I encounter any enemies, I will use my dagger or bow to defend myself. My ultimate goal is to find the stairs down and proceed to the next level.","message:
You see no door there.

language observation:
vertical wall far west
dark area near east
stairs up near westsouthwest
vertical closed door very near southsouthwest
dark area adjacent north, northeast, southeast, and south
vertical wall adjacent southwest and northwest
doorway adjacent west

cursor:
Yourself a ranger
(x=46, y=13)

map:
                                                                                
                                                                                
                                                                                
                                                                                
                                                                                
                                                                                
                                                                                
                                                                                
                                     #                                          
                                     ##                                         
                                      #-------                                  
                                      #......|    #                             
                                       |......@####                             
                                       |...<.|    #                             
                                       |.....+                                  
                                       |.....|                                  
                                       -------                                  
                                                                                
                                                                                
                                                                                
                                                                                
Agent the Tenderfoot           St:15 Dx:11 Co:15 In:11 Wi:14 Ch:7 Chaotic S:0   
Dlvl:1 $:0 HP:10(14) Pw:2(2) AC:7 Xp:1/0                                        

",0.0,False
91,southwest,,"message:
It's a wall.

language observation:
vertical wall far west
dark area near east
stairs up near westsouthwest
vertical closed door very near southsouthwest
dark area adjacent north, northeast, southeast, and south
vertical wall adjacent southwest and northwest
doorway adjacent west

cursor:
Yourself a ranger
(x=46, y=13)

map:
                                                                                
                                                                                
                                                                                
                                                                                
                                                                                
                                                                                
                                                                                
                                                                                
                                     #                                          
                                     ##                                         
                                      #-------                                  
                                      #......|    #                             
                                       |......@####                             
                                       |...<.|    #                             
                                       |.....+                                  
                                       |.....|                                  
                                       -------                                  
                                                                                
                                                                                
                                                                                
                                                                                
Agent the Tenderfoot           St:15 Dx:11 Co:15 In:11 Wi:14 Ch:7 Chaotic S:0   
Dlvl:1 $:0 HP:10(14) Pw:2(2) AC:7 Xp:1/0                                        

",0.0,False
92,east,,"message:


language observation:
vertical wall far west
dark area near east
stairs up near westsouthwest
vertical closed door very near southwest
doorway very near west
dark area adjacent north, northeast, southeast, south, southwest, and northwest

cursor:
Yourself a ranger
(x=47, y=13)

map:
                                                                                
                                                                                
                                                                                
                                                                                
                                                                                
                                                                                
                                                                                
                                                                                
                                     #                                          
                                     ##                                         
                                      #-------                                  
                                      #......|    #                             
                                       |......#@###                             
                                       |...<.|    #                             
                                       |.....+                                  
                                       |.....|                                  
                                       -------                                  
                                                                                
                                                                                
                                                                                
                                                                                
Agent the Tenderfoot           St:15 Dx:11 Co:15 In:11 Wi:14 Ch:7 Chaotic S:0   
Dlvl:1 $:0 HP:10(14) Pw:2(2) AC:7 Xp:1/0                                        

",0.0,False
93,east,"To complete the task, I need to explore the level and find the stairs down. My current location is near the stairs up, so I should move away from them. I have a closed door to the southwest, but kicking it hurt me, so I should avoid that for now. I can try to search the area to see if there are any other doors, secret passages, or hidden items that could aid me. If I find nothing, I can try to move east and see what's on the other side of the dark area. Once I have explored the current area, I can move south and try to find the stairs down. If I encounter any enemies, I will use my dagger or bow to defend myself.","message:


language observation:
vertical wall far west
dark area near east
stairs up near westsouthwest
vertical closed door near westsouthwest
doorway near west
dark area adjacent north, northeast, southeast, south, southwest, and northwest

cursor:
Yourself a ranger
(x=48, y=13)

map:
                                                                                
                                                                                
                                                                                
                                                                                
                                                                                
                                                                                
                                                                                
                                                                                
                                     #                                          
                                     ##                                         
                                      #-------                                  
                                      #......|    #                             
                                       |......##@##                             
                                       |...<.|    #                             
                                       |.....+                                  
                                       |.....|                                  
                                       -------                                  
                                                                                
                                                                                
                                                                                
                                                                                
Agent the Tenderfoot           St:15 Dx:11 Co:15 In:11 Wi:14 Ch:7 Chaotic S:0   
Dlvl:1 $:0 HP:10(14) Pw:2(2) AC:7 Xp:1/0                                        

",0.0,False
94,search,,"message:


language observation:
vertical wall far west
dark area near east
stairs up near westsouthwest
vertical closed door near westsouthwest
doorway near west
dark area adjacent north, northeast, southeast, south, southwest, and northwest

cursor:
Yourself a ranger
(x=48, y=13)

map:
                                                                                
                                                                                
                                                                                
                                                                                
                                                                                
                                                                                
                                                                                
                                                                                
                                     #                                          
                                     ##                                         
                                      #-------                                  
                                      #......|    #                             
                                       |......##@##                             
                                       |...<.|    #                             
                                       |.....+                                  
                                       |.....|                                  
                                       -------                                  
                                                                                
                                                                                
                                                                                
                                                                                
Agent the Tenderfoot           St:15 Dx:11 Co:15 In:11 Wi:14 Ch:7 Chaotic S:0   
Dlvl:1 $:0 HP:10(14) Pw:2(2) AC:7 Xp:1/0                                        

",0.0,False
95,east,,"message:


language observation:
stairs up far westsouthwest
vertical closed door near westsouthwest
doorway near west
dark area very near northeast, east, and southeast
dark area adjacent north, south, southwest, and northwest

cursor:
Yourself a ranger
(x=49, y=13)

map:
                                                                                
                                                                                
                                                                                
                                                                                
                                                                                
                                                                                
                                                                                
                                                                                
                                     #                                          
                                     ##                                         
                                      #-------                                  
                                      #......|    #                             
                                       |......###@#                             
                                       |...<.|    #                             
                                       |.....+                                  
                                       |.....|                                  
                                       -------                                  
                                                                                
                                                                                
                                                                                
                                                                                
Agent the Tenderfoot           St:15 Dx:11 Co:15 In:11 Wi:14 Ch:7 Chaotic S:0   
Dlvl:1 $:0 HP:10(14) Pw:2(2) AC:7 Xp:1/0                                        

",0.0,False
96,east,"To complete the task, I need to explore the level and find the stairs down. Since I don't have any information about the location of the stairs down, I should try to explore as much of the level as possible. I have a closed door to the southwest, but kicking it hurt me, so I should avoid that for now. I can try to search the area to see if there are any other doors, secret passages, or hidden items that could aid me. Once I have explored the current area, I can move east and see what's on the other side of the dark area. I should also be careful with my health and try not to take unnecessary damage. If I encounter any enemies, I will use my dagger or bow to defend myself. My overall strategy will be to methodically explore the level, searching for any clues or useful items, and trying to avoid taking damage until I find the stairs down.","message:


language observation:
stairs up far westsouthwest
vertical closed door near westsouthwest
doorway near west
dark area very near north, northeast, east, and south
dark area adjacent southeast, southwest, and northwest

cursor:
Yourself a ranger
(x=50, y=13)

map:
                                                                                
                                                                                
                                                                                
                                                                                
                                                                                
                                                                                
                                                                                
                                                                                
                                     #                                          
                                     ##                                         
                                      #-------                                  
                                      #......|    ##                            
                                       |......####@#                            
                                       |...<.|    #                             
                                       |.....+                                  
                                       |.....|                                  
                                       -------                                  
                                                                                
                                                                                
                                                                                
                                                                                
Agent the Tenderfoot           St:15 Dx:11 Co:15 In:11 Wi:14 Ch:7 Chaotic S:0   
Dlvl:1 $:0 HP:11(14) Pw:2(2) AC:7 Xp:1/0                                        

",0.0,False
97,search,,"message:


language observation:
stairs up far westsouthwest
vertical closed door near westsouthwest
doorway near west
dark area very near north, northeast, east, and south
dark area adjacent southeast, southwest, and northwest

cursor:
Yourself a ranger
(x=50, y=13)

map:
                                                                                
                                                                                
                                                                                
                                                                                
                                                                                
                                                                                
                                                                                
                                                                                
                                     #                                          
                                     ##                                         
                                      #-------                                  
                                      #......|    ##                            
                                       |......####@#                            
                                       |...<.|    #                             
                                       |.....+                                  
                                       |.....|                                  
                                       -------                                  
                                                                                
                                                                                
                                                                                
                                                                                
Agent the Tenderfoot           St:15 Dx:11 Co:15 In:11 Wi:14 Ch:7 Chaotic S:0   
Dlvl:1 $:0 HP:11(14) Pw:2(2) AC:7 Xp:1/0                                        

",0.0,False
98,east,,"message:


language observation:
stairs up far westsouthwest
vertical closed door far westsouthwest
doorway far west
dark area very near north, southwest, and northwest
dark area adjacent northeast, east, southeast, and south

cursor:
Yourself a ranger
(x=51, y=13)

map:
                                                                                
                                                                                
                                                                                
                                                                                
                                                                                
                                                                                
                                                                                
                                                                                
                                     #                                          
                                     ##                                         
                                      #-------                                  
                                      #......|    ##                            
                                       |......#####@                            
                                       |...<.|    #                             
                                       |.....+                                  
                                       |.....|                                  
                                       -------                                  
                                                                                
                                                                                
                                                                                
                                                                                
Agent the Tenderfoot           St:15 Dx:11 Co:15 In:11 Wi:14 Ch:7 Chaotic S:0   
Dlvl:1 $:0 HP:11(14) Pw:2(2) AC:7 Xp:1/0                                        

",0.0,False
99,search,"To complete the task, I need to explore the level and find the stairs down. Since I don't have any information about the location of the stairs down, I should try to explore as much of the level as possible. I have a closed door to the west, but kicking it hurt me, so I should avoid that for now. I can try to search the area to see if there are any other doors, secret passages, or hidden items that could aid me. Once I have explored the current area, I can move in different directions to see what's on the other side of the dark areas. I should also be careful with my health and try not to take unnecessary damage. If I encounter any enemies, I will use my dagger or bow to defend myself. My overall strategy will be to methodically explore the level, searching for any clues or useful items, and trying to avoid taking damage until I find the stairs down.","message:
 
No  Points     Name                                                   Hp [max]
0  Agent-Ran-Orc-Mal-Cha quit in The Dungeons of Doom on
level 1.                                               11  [14]


language observation:
dark area adjacent east, southeast, and south

cursor:
very far eastsoutheast 
(x=77, y=6)

map:
 No  Points     Name                                                   Hp [max] 
                                                                                
            0  Agent-Ran-Orc-Mal-Cha quit in The Dungeons of Doom on            
                                                                                
              level 1.                                               11  [14]   
                                                                                
                                                                                
                                                                                
                                                                                
                                                                                
                                                                                
                                                                                
                                                                                
                                                                                
                                                                                
                                                                                
                                                                                
                                                                                
                                                                                
                                                                                
                                                                                
                                                                                
                                                                                

",0.0,True
