Step,Action,Reasoning,Observation,Reward,Done
0,open sliding door,"I will first explore the supermarket to find the recipe, likely in a cookbook, and examine it to understand the required ingredients and cooking method. Then, I will gather the necessary ingredients and tools, such as a knife for chopping or slicing. After that, I will process the ingredients according to the recipe, which may involve chopping, slicing, or dicing. Next, I will cook the ingredients using the appropriate cooking tool, such as the BBQ, stove, or oven. Once all the ingredients are cooked, I will prepare the meal in the kitchen and finally eat it to complete the task. Given my current location in the supermarket, my first step will be to open the sliding door to the south to explore further.","You open sliding door.


>                                                                                                                                -= Supermarket =-0/2",0,False
1,go south,"I will start by exploring the supermarket and other connected rooms to find a cookbook that contains the recipe. Once I have the recipe, I will identify the required ingredients and their preparation methods. I will then gather all the necessary ingredients and tools, such as a knife for chopping or slicing. After that, I will process the ingredients according to the recipe, which may involve chopping, slicing, or dicing. Next, I will find the appropriate cooking tools, such as the BBQ, stove, or oven, and cook the ingredients. Finally, I will go to the kitchen, prepare the meal, and eat it to complete the task. Since I am currently in the supermarket and have already opened the sliding door, my next step will be to move south to explore further.","-= Street =-
Well how about that, you are in a place we're calling a street. You can barely contain your excitement.



There is an open sliding door leading north. There is an exit to the east. Don't worry, there is no door.


>                                                                                                                                -= Street =-0/3",0,False
2,go east,"To complete the task, I need to find the recipe, gather and prepare the required ingredients, and then cook and eat the meal. First, I will explore the connected rooms to find a cookbook that contains the recipe. Once I have the recipe, I will identify the necessary ingredients and their preparation methods. I will then gather all the required ingredients and tools, such as a knife for chopping or slicing, and process the ingredients according to the recipe. After that, I will find the appropriate cooking tools, such as the BBQ, stove, or oven, and cook the ingredients. Finally, I will go to the kitchen, prepare the meal, and eat it to complete the task. Since I have already found some ingredients in the supermarket, my next steps will involve exploring the other rooms, finding the recipe and the kitchen, and then preparing and cooking the meal.","-= Driveway =-
Ah, the driveway. This is some kind of driveway, really great ordinary vibes in this place, a wonderful ordinary atmosphere. And now, well, you're in it.



There is a closed front door leading east. There is an exit to the west.


>                                                                                                                                -= Driveway =-0/4",0,False
3,open front door,"To complete the task, I need to find the recipe, gather and prepare the required ingredients, and then cook and eat the meal. First, I will explore the connected rooms to find a cookbook that contains the recipe, likely in a kitchen. Once I have the recipe, I will identify the necessary ingredients and their preparation methods. I will then gather all the required ingredients and tools, such as a knife for chopping or slicing, and process the ingredients according to the recipe. After that, I will find the appropriate cooking tools, such as the BBQ, stove, or oven, and cook the ingredients. Finally, I will prepare the meal and eat it to complete the task. Since I have already found some ingredients in the supermarket, my next steps will involve exploring the other rooms, finding the recipe and the kitchen, and then preparing and cooking the meal. I will start by exploring the house through the front door.","You open front door.


>                                                                                                                                -= Driveway =-0/5",0,False
4,go east,"I will start by going through the front door to explore the house. My goal is to find a cookbook that contains the recipe. Once I have the recipe, I will identify the necessary ingredients and their preparation methods. I will gather all the required ingredients, process them according to the recipe, and then cook them using the appropriate cooking tools. After cooking, I will prepare the meal and eat it to complete the task. The key steps involve finding the recipe, gathering and processing ingredients, cooking, and finally preparing and eating the meal.","-= Livingroom =-
You're now in a livingroom.

You hear a noise behind you and spin around, but you can't see anything other than a sofa. The sofa appears to be empty.

There is an open front door leading west. You need an exit without a door? You should try going north.


>                                                                                                                                -= Livingroom =-0/6",0,False
5,go north,"To complete the task, I need to find a recipe, gather ingredients, process them if necessary, cook them according to the recipe, prepare the meal, and finally eat it. My first step will be to explore the house to find a cookbook or any other source that contains the recipe. Once I have the recipe, I will identify the required ingredients and their preparation methods. I will then gather all the necessary ingredients, which might involve going back to the supermarket or exploring other parts of the house. After gathering the ingredients, I will process them as required (chopping, slicing, dicing) and then cook them using the appropriate cooking tools (BBQ, stove, oven). With the cooked ingredients, I will prepare the meal in the kitchen and then eat it to win the game. Given my current location in the living room, my next step is to explore the house further, starting by going north.","-= Bedroom =-
You've just sauntered into a bedroom.

If you haven't noticed it already, there seems to be something there by the wall, it's a bed. The bed is large. But the thing hasn't got anything on it.

You don't like doors? Why not try going north, that entranceway is not blocked by one. There is an exit to the south. Don't worry, there is no door.


>                                                                                                                                -= Bedroom =-0/7",0,False
6,go north,"To complete the task, I need to find a recipe, gather ingredients, process them if necessary, cook them according to the recipe, prepare the meal, and finally eat it. My first step will be to explore the house to find a cookbook or any other source that contains the recipe, likely in the kitchen. Once I have the recipe, I will identify the required ingredients and their preparation methods. I will then gather all the necessary ingredients, which might involve going back to the supermarket or exploring other parts of the house. After gathering the ingredients, I will process them as required (chopping, slicing, dicing) and then cook them using the appropriate cooking tools (BBQ, stove, oven). With the cooked ingredients, I will prepare the meal in the kitchen and then eat it to win the game. Given my current location in the bedroom, my next steps will involve exploring the house, particularly heading towards the kitchen to find the recipe and necessary cooking tools.","-= Corridor =-
You find yourself in a corridor. A standard one. You begin to take stock of what's in the room.



There is a closed patio door leading west. There is an exit to the east. Don't worry, there is no door. There is an exit to the north. Don't worry, there is no door. There is an exit to the south.


>                                                                                                                                -= Corridor =-0/8",0,False
7,go east,"To complete the task, I will first explore the house to find the kitchen, where I expect to find a cookbook or recipe. The recipe will guide me on the necessary ingredients and their preparation methods. Once I have the recipe, I will gather all the required ingredients, which might involve going back to the supermarket where I initially found a showcase with a block of cheese and a raw white tuna. After collecting the ingredients, I will process them as needed (chopping, slicing, dicing) using a knife, which I assume will be found in the kitchen. Then, I will cook the ingredients according to the recipe using the appropriate cooking tools (BBQ, stove, oven). With the cooked ingredients, I will prepare the meal in the kitchen and finally eat it to win the game. Given my current location in the corridor, my next step will be to head towards the kitchen, which I hope to find by exploring the exits to the east, north, or south.","-= Kitchen =-
You arrive in a kitchen. A normal kind of place.

You see a fridge. Were you looking for an oven? Because look over there, it's an oven. You bend down to tie your shoe. When you stand up, you notice a table. But there isn't a thing on it. Oh! Why couldn't there just be stuff on it? You see a counter. On the counter you make out a red apple, a tomato, a red hot pepper, a yellow apple, a raw purple potato, a cookbook and a knife. Look over there! a stove. Unfortunately, there isn't a thing on it.

There is a closed frosted-glass door leading north. You need an exit without a door? You should try going west.


>                                                                                                                                -= Kitchen =-0/9",0,False
8,examine cookbook,"I will first examine the cookbook to determine the required ingredients and their preparation methods. Then, I will gather all the necessary ingredients, which may involve taking some from the kitchen counter and possibly going back to the supermarket for the block of cheese and raw white tuna. After collecting the ingredients, I will process them as needed (chopping, slicing, dicing) using the knife found on the counter. Next, I will cook the ingredients according to the recipe using the appropriate cooking tools (BBQ, stove, oven). Finally, I will prepare the meal in the kitchen and eat it to complete the task. Since I am already in the kitchen, my next step will be to examine the cookbook to get the recipe.","You open the copy of ""Cooking: A Modern Approach (3rd Ed.)"" and start reading:

Recipe #1
---------
Gather all following ingredients and follow the directions to prepare this tasty meal.

Ingredients:
block of cheese
  red apple
  red onion
  white tuna
  yellow onion

Directions:
chop the block of cheese
  fry the block of cheese
  chop the red apple
  grill the red apple
  slice the red onion
  roast the red onion
  slice the white tuna
  fry the white tuna
  slice the yellow onion
  grill the yellow onion
  prepare meal



>                                                                                                                                -= Kitchen =-0/10",0,False
9,go west,"I need to gather all the required ingredients for the recipe, which are block of cheese, red apple, red onion, white tuna, and yellow onion. The block of cheese and white tuna can be found in the supermarket, and the red apple is already in the kitchen. The red onion and yellow onion are not in the kitchen, so I'll have to find them. After collecting all the ingredients, I'll process them according to the recipe (chopping, slicing) using the knife in the kitchen. Then, I'll cook the ingredients using the appropriate cooking tools (stove for frying, oven for roasting, and presumably a BBQ or grill for grilling, which I haven't found yet). Finally, I'll prepare the meal in the kitchen and eat it to complete the task. My first step should be to go back to the supermarket to get the block of cheese and white tuna.","-= Corridor =-
You find yourself in a corridor. A standard one. You begin to take stock of what's in the room.



There is a closed patio door leading west. There is an exit to the east. Don't worry, there is no door. There is an exit to the north. Don't worry, there is no door. There is an exit to the south.


>                                                                                                                                -= Corridor =-0/11",0,False
10,go south,"To complete the task, I need to gather all the required ingredients for the recipe, which are block of cheese, red apple, red onion, white tuna, and yellow onion. The block of cheese and white tuna can be found in the supermarket, and the red apple is already in the kitchen. I'll need to search for the red onion and yellow onion. After collecting all the ingredients, I'll process them according to the recipe (chopping, slicing) using the knife in the kitchen. Then, I'll cook the ingredients using the appropriate cooking tools (stove for frying, oven for roasting, and presumably a BBQ or grill for grilling, which I haven't found yet). Finally, I'll prepare the meal in the kitchen and eat it to complete the task. My first step should be to go back to the supermarket to get the block of cheese and white tuna, and then search for the remaining ingredients.","-= Bedroom =-
You've just sauntered into a bedroom.

If you haven't noticed it already, there seems to be something there by the wall, it's a bed. The bed is large. But the thing hasn't got anything on it.

You don't like doors? Why not try going north, that entranceway is not blocked by one. There is an exit to the south. Don't worry, there is no door.


>                                                                                                                                -= Bedroom =-0/12",0,False
11,go north,"To complete the task, I need to gather all the required ingredients for the recipe, which are block of cheese, red apple, red onion, white tuna, and yellow onion. The block of cheese and white tuna can be found in the supermarket, which I have already visited. The red apple is already in the kitchen. I'll need to search for the red onion and yellow onion. After collecting all the ingredients, I'll process them according to the recipe (chopping, slicing) using the knife in the kitchen. Then, I'll cook the ingredients using the appropriate cooking tools (stove for frying, oven for roasting, and presumably a BBQ or grill for grilling, which I haven't found yet). Finally, I'll prepare the meal in the kitchen and eat it to complete the task. My first step should be to go back to the supermarket to get the block of cheese and white tuna.","-= Corridor =-
You find yourself in a corridor. A standard one. You begin to take stock of what's in the room.



There is a closed patio door leading west. There is an exit to the east. Don't worry, there is no door. There is an exit to the north. Don't worry, there is no door. There is an exit to the south.


>                                                                                                                                -= Corridor =-0/13",0,False
12,go south,"To complete the task, I need to gather all the required ingredients for the recipe, which are block of cheese, red apple, red onion, white tuna, and yellow onion. I've already seen the block of cheese and white tuna in the supermarket, and the red apple is in the kitchen. I still need to find the red onion and yellow onion. After collecting all the ingredients, I'll process them according to the recipe (chopping, slicing) using the knife in the kitchen. Then, I'll cook the ingredients using the appropriate cooking tools (stove for frying, oven for roasting, and presumably a BBQ or grill for grilling). Finally, I'll prepare the meal in the kitchen and eat it to complete the task. My first step should be to go back to the supermarket to get the block of cheese and white tuna.","-= Bedroom =-
You've just sauntered into a bedroom.

If you haven't noticed it already, there seems to be something there by the wall, it's a bed. The bed is large. But the thing hasn't got anything on it.

You don't like doors? Why not try going north, that entranceway is not blocked by one. There is an exit to the south. Don't worry, there is no door.


>                                                                                                                                -= Bedroom =-0/14",0,False
13,go north,"To complete the task, I need to gather all the required ingredients for the recipe, which are block of cheese, red apple, red onion, white tuna, and yellow onion. I've already seen the block of cheese and white tuna in the supermarket, and the red apple is in the kitchen. I still need to find the red onion and yellow onion. After collecting all the ingredients, I'll process them according to the recipe (chopping, slicing) using the knife in the kitchen. Then, I'll cook the ingredients using the appropriate cooking tools (stove for frying, oven for roasting, and presumably a BBQ or grill for grilling). Finally, I'll prepare the meal in the kitchen and eat it to complete the task. My first step should be to go back to the supermarket to get the block of cheese and white tuna. Then I will head back to the kitchen to process and cook the ingredients.","-= Corridor =-
You find yourself in a corridor. A standard one. You begin to take stock of what's in the room.



There is a closed patio door leading west. There is an exit to the east. Don't worry, there is no door. There is an exit to the north. Don't worry, there is no door. There is an exit to the south.


>                                                                                                                                -= Corridor =-0/15",0,False
14,go south,"To complete the task, I need to gather all the required ingredients for the recipe, which are block of cheese, red apple, red onion, white tuna, and yellow onion. I've already seen the block of cheese and white tuna in the supermarket, and the red apple is in the kitchen. I still need to find the red onion and yellow onion. After collecting all the ingredients, I'll process them according to the recipe (chopping, slicing) using the knife in the kitchen. Then, I'll cook the ingredients using the appropriate cooking tools (stove for frying, oven for roasting, and presumably a BBQ or grill for grilling). Finally, I'll prepare the meal in the kitchen and eat it to complete the task. My first step should be to go back to the supermarket to get the block of cheese and white tuna.","-= Bedroom =-
You've just sauntered into a bedroom.

If you haven't noticed it already, there seems to be something there by the wall, it's a bed. The bed is large. But the thing hasn't got anything on it.

You don't like doors? Why not try going north, that entranceway is not blocked by one. There is an exit to the south. Don't worry, there is no door.


>                                                                                                                                -= Bedroom =-0/16",0,False
15,go north,"To complete the task, I need to gather all the required ingredients for the recipe, which are block of cheese, red apple, red onion, white tuna, and yellow onion. I've already seen the block of cheese and white tuna in the supermarket, and the red apple is in the kitchen. I still need to find the red onion and yellow onion. After collecting all the ingredients, I'll process them according to the recipe (chopping, slicing) using the knife in the kitchen. Then, I'll cook the ingredients using the appropriate cooking tools (stove for frying, oven for roasting, and presumably a BBQ or grill for grilling). Finally, I'll prepare the meal in the kitchen and eat it to complete the task. My first step should be to go back to the supermarket to get the block of cheese and white tuna. Then I will head to the kitchen to process and cook the ingredients.","-= Corridor =-
You find yourself in a corridor. A standard one. You begin to take stock of what's in the room.



There is a closed patio door leading west. There is an exit to the east. Don't worry, there is no door. There is an exit to the north. Don't worry, there is no door. There is an exit to the south.


>                                                                                                                                -= Corridor =-0/17",0,False
16,go east,"To complete the task, I need to gather all the required ingredients for the recipe, which are block of cheese, red apple, red onion, white tuna, and yellow onion. I've already seen the red apple in the kitchen. I still need to find the block of cheese, red onion, white tuna, and yellow onion. After collecting all the ingredients, I'll process them according to the recipe (chopping, slicing) using the knife in the kitchen. Then, I'll cook the ingredients using the appropriate cooking tools (stove for frying, oven for roasting, and presumably a BBQ or grill for grilling). Finally, I'll prepare the meal in the kitchen and eat it to complete the task. My first step should be to explore the house to find the missing ingredients. Since I've already explored the living room, bedroom, corridor, and kitchen, my next step is to explore other parts of the house, including the area west of the corridor, which is currently blocked by a closed patio door.","-= Kitchen =-
You arrive in a kitchen. A normal kind of place.

You see a fridge. Were you looking for an oven? Because look over there, it's an oven. You bend down to tie your shoe. When you stand up, you notice a table. But there isn't a thing on it. Oh! Why couldn't there just be stuff on it? You see a counter. On the counter you make out a red apple, a tomato, a red hot pepper, a yellow apple, a raw purple potato, a cookbook and a knife. Look over there! a stove. Unfortunately, there isn't a thing on it.

There is a closed frosted-glass door leading north. You need an exit without a door? You should try going west.


>                                                                                                                                -= Kitchen =-0/18",0,False
17,go north,"To complete the task, I need to gather all the required ingredients for the recipe, which are block of cheese, red apple, red onion, white tuna, and yellow onion. I've already seen the red apple in the kitchen. I still need to find the block of cheese, red onion, white tuna, and yellow onion. After collecting all the ingredients, I'll process them according to the recipe (chopping, slicing) using the knife in the kitchen. Then, I'll cook the ingredients using the appropriate cooking tools (stove for frying, oven for roasting, and presumably a BBQ or grill for grilling). Finally, I'll prepare the meal in the kitchen and eat it to complete the task. My first step should be to explore the house to find the missing ingredients, starting with the area behind the closed frosted-glass door leading north from the kitchen, and then the area behind the closed patio door leading west from the corridor. I'll also need to open the fridge to check if any ingredients are inside.","You have to open the frosted-glass door first.


>                                                                                                                                -= Kitchen =-0/19",0,False
18,open frosted-glass door,"To complete the task, I need to gather all the required ingredients for the recipe, which are block of cheese, red apple, red onion, white tuna, and yellow onion. I've already seen the red apple in the kitchen. I still need to find the block of cheese, red onion, white tuna, and yellow onion. After collecting all the ingredients, I'll process them according to the recipe (chopping, slicing) using the knife in the kitchen. Then, I'll cook the ingredients using the appropriate cooking tools (stove for frying, oven for roasting). I will start by exploring the house, opening closed doors, and checking the fridge and other potential storage places for the missing ingredients. Once I have all the ingredients, I'll follow the recipe to prepare and cook the meal, and finally eat it to complete the task.","You open frosted-glass door.


>                                                                                                                                -= Kitchen =-0/20",0,False
19,go north,"I need to gather all the required ingredients for the recipe, which are block of cheese, red apple, red onion, white tuna, and yellow onion. I've already seen the red apple in the kitchen. I still need to find the block of cheese, red onion, white tuna, and yellow onion. I will start by exploring the house, opening closed doors, and checking the fridge and other potential storage places for the missing ingredients. Once I have all the ingredients, I'll follow the recipe to prepare and cook the meal, and finally eat it to complete the task. First, I will explore the room behind the frosted-glass door to see if I can find any ingredients or useful objects.","-= Pantry =-
You've entered a pantry.

You see a shelf. I guess it's true what they say, if you're looking for a shelf, go to TextWorld. But there isn't a thing on it. Oh! Why couldn't there just be stuff on it?

There is an open frosted-glass door leading south.


>                                                                                                                                -= Pantry =-0/21",0,False
20,open fridge,"I will start by exploring the house to gather all the required ingredients for the recipe, which are block of cheese, red apple, red onion, white tuna, and yellow onion. I've already seen the red apple in the kitchen. I still need to find the block of cheese, red onion, white tuna, and yellow onion. I will check the fridge, pantry, and other potential storage places for the missing ingredients. Once I have all the ingredients, I'll follow the recipe to prepare and cook the meal, which involves chopping, slicing, grilling, frying, and roasting. I'll use the knife for chopping and slicing, and the stove, oven, and BBQ for cooking. After preparing all the ingredients, I'll combine them into a meal in the kitchen and then eat the meal to complete the task. My next step is to check the fridge for any ingredients.","You can't see any such thing.

>                                                                                                                                -= Pantry =-0/21",0,False
21,go south,"I will first review the recipe and the ingredients I have found so far. The recipe requires a block of cheese, red apple, red onion, white tuna, and yellow onion. I have seen a red apple in the kitchen. I need to find the other ingredients. Since I am currently in the pantry, I will go back to the kitchen and check the fridge and other possible storage places for the ingredients. If I don't find them, I will explore other rooms. Once I have all the ingredients, I will follow the recipe to chop, slice, grill, fry, and roast them. I will use the knife for chopping and slicing, and the stove, oven, and BBQ for cooking. After preparing all the ingredients, I will combine them into a meal in the kitchen and then eat the meal to complete the task.","-= Kitchen =-
You arrive in a kitchen. A normal kind of place.

You see a fridge. Were you looking for an oven? Because look over there, it's an oven. You bend down to tie your shoe. When you stand up, you notice a table. But there isn't a thing on it. Oh! Why couldn't there just be stuff on it? You see a counter. On the counter you make out a red apple, a tomato, a red hot pepper, a yellow apple, a raw purple potato, a cookbook and a knife. Look over there! a stove. Unfortunately, there isn't a thing on it.

There is an open frosted-glass door leading north. You need an exit without a door? You should try going west.


>                                                                                                                                -= Kitchen =-0/22",0,False
22,open fridge,"To complete the task, I need to find all the ingredients required by the recipe, which are a block of cheese, red apple, red onion, white tuna, and yellow onion. I have already found a red apple in the kitchen. Next, I will open the fridge to check if it contains any of the remaining ingredients. If not, I will explore other rooms to find them. Once I have all the ingredients, I will follow the recipe to chop, slice, grill, fry, and roast them using the knife and the stove, oven, and BBQ. After preparing all the ingredients, I will combine them into a meal in the kitchen and then eat the meal to complete the task.","You open the fridge, revealing a yellow onion and a raw yellow potato.


>                                                                                                                                -= Kitchen =-0/23",0,False
23,take red apple,"I will first gather all the ingredients required by the recipe. I have already found a red apple, and the fridge contains a yellow onion. I still need to find a block of cheese, red onion, and white tuna. I will explore the rooms to find these ingredients. Once I have all the ingredients, I will follow the recipe to chop, slice, grill, fry, and roast them using the knife and the stove, oven, and BBQ. I will start by taking the red apple, yellow onion, and knife from the counter and fridge. Then, I will explore the other rooms to find the remaining ingredients. After preparing all the ingredients, I will combine them into a meal in the kitchen and then eat the meal to complete the task.","You take the red apple from the counter.


Your score has just gone up by one point.

>                                                                                                                                -= Kitchen =-1/24",1,False
24,take yellow onion,"I will first gather all the ingredients required by the recipe, which are a block of cheese, a red apple, a red onion, a white tuna, and a yellow onion. I have already found a red apple and a yellow onion. I still need to find a block of cheese, a red onion, and a white tuna. I will explore the rooms to find these ingredients. Once I have all the ingredients, I will follow the recipe to chop, slice, grill, fry, and roast them using the knife and the stove, oven, and BBQ. I will start by taking the yellow onion from the fridge, then explore the other rooms to find the remaining ingredients. After preparing all the ingredients, I will combine them into a meal in the kitchen and then eat the meal to complete the task.","You take the yellow onion from the fridge.


Your score has just gone up by one point.

>                                                                                                                                -= Kitchen =-2/25",2,False
25,examine cookbook,"I will start by examining the cookbook to determine the recipe and the required ingredients. Then, I will gather all the necessary ingredients from the kitchen, fridge, and other rooms. Once I have all the ingredients, I will process them according to the recipe, which may involve chopping, slicing, or dicing using the knife. After processing the ingredients, I will cook them using the appropriate cooking tools, such as the stove, oven, or BBQ. Finally, I will prepare the meal in the kitchen and eat it to complete the task.","You open the copy of ""Cooking: A Modern Approach (3rd Ed.)"" and start reading:

Recipe #1
---------
Gather all following ingredients and follow the directions to prepare this tasty meal.

Ingredients:
block of cheese
  red apple
  red onion
  white tuna
  yellow onion

Directions:
chop the block of cheese
  fry the block of cheese
  chop the red apple
  grill the red apple
  slice the red onion
  roast the red onion
  slice the white tuna
  fry the white tuna
  slice the yellow onion
  grill the yellow onion
  prepare meal



>                                                                                                                                -= Kitchen =-2/26",2,False
26,take yellow onion from inventory and chop it with knife,"I will first gather all the necessary ingredients for the recipe, which includes a block of cheese, red apple, red onion, white tuna, and yellow onion. Since I already have the red apple and yellow onion, I need to find the block of cheese, red onion, and white tuna. After gathering all the ingredients, I will process them according to the recipe, which involves chopping, slicing, and cooking using the stove, oven, or BBQ. I will then prepare the meal in the kitchen and eat it to complete the task. My next step is to try to find the remaining ingredients, starting with the red onion, which is not currently in my inventory, but I have a yellow onion. I also need to explore other rooms to find the block of cheese and white tuna.","You can't see any such thing.

>                                                                                                                                -= Kitchen =-2/26",2,False
27,go west,"I will first gather all the necessary ingredients for the recipe, which includes a block of cheese, red apple, red onion, white tuna, and yellow onion. Since I already have the red apple and yellow onion, I need to find the block of cheese, red onion, and white tuna. After gathering all the ingredients, I will process them according to the recipe, which involves chopping, slicing, and cooking using the stove, oven, or BBQ. I will then prepare the meal in the kitchen and eat it to complete the task. My next step is to try to find the remaining ingredients, starting with exploring other rooms to find the block of cheese, red onion, and white tuna.","-= Corridor =-
You find yourself in a corridor. A standard one. You begin to take stock of what's in the room.



There is a closed patio door leading west. There is an exit to the east. Don't worry, there is no door. There is an exit to the north. Don't worry, there is no door. There is an exit to the south.


>                                                                                                                                -= Corridor =-2/27",2,False
28,go north,"To complete the task, I need to gather all the necessary ingredients for the recipe, which includes a block of cheese, red apple, red onion, white tuna, and yellow onion. Since I already have the red apple and yellow onion, I need to find the block of cheese, red onion, and white tuna. After gathering all the ingredients, I will process them according to the recipe, which involves chopping, slicing, and cooking using the stove, oven, or BBQ. I will then prepare the meal in the kitchen and eat it to complete the task. My next steps will be to explore other rooms to find the remaining ingredients, process them according to the recipe, and then prepare and eat the meal.","-= Bathroom =-
You find yourself in a bathroom. An usual kind of place. You try to gain information on your surroundings by using a technique you call ""looking.""

As if things weren't amazing enough already, you can even see a toilet. The toilet is white. But the thing hasn't got anything on it.

There is an exit to the south.


>                                                                                                                                -= Bathroom =-2/28",2,False
29,go south,"To complete the task, I need to gather all the necessary ingredients for the recipe, which includes a block of cheese, red apple, red onion, white tuna, and yellow onion. Since I already have the red apple and yellow onion, I need to find the block of cheese, red onion, and white tuna. I will explore the house to find these ingredients. After gathering all the ingredients, I will process them according to the recipe, which involves chopping, slicing, and cooking using the stove, oven, or BBQ. I will chop the block of cheese, red onion, and yellow onion using the knife found in the kitchen. Then, I will fry the block of cheese and white tuna using the stove, grill the red apple and yellow onion, and roast the red onion using the oven. Finally, I will prepare the meal in the kitchen and eat it to complete the task. My next steps will be to explore other rooms to find the remaining ingredients.","-= Corridor =-
You find yourself in a corridor. A standard one. You begin to take stock of what's in the room.



There is a closed patio door leading west. There is an exit to the east. Don't worry, there is no door. There is an exit to the north. Don't worry, there is no door. There is an exit to the south.


>                                                                                                                                -= Corridor =-2/29",2,False
30,go east,"To complete the task, I need to gather all the necessary ingredients for the recipe, which includes a block of cheese, red apple, red onion, white tuna, and yellow onion. Since I already have the red apple and yellow onion, I need to find the block of cheese, red onion, and white tuna. I will explore the house to find these ingredients. After gathering all the ingredients, I will process them according to the recipe, which involves chopping, slicing, and cooking using the stove, oven, or BBQ. I will use the knife found in the kitchen to chop and slice the ingredients. Then, I will cook the ingredients using the appropriate cooking method and tool. Finally, I will prepare the meal in the kitchen and eat it to complete the task. My first step will be to go back to the kitchen and examine the available ingredients and tools again.","-= Kitchen =-
You arrive in a kitchen. A normal kind of place.

You see a fridge. The fridge contains a raw yellow potato. Were you looking for an oven? Because look over there, it's an oven. You bend down to tie your shoe. When you stand up, you notice a table. But there isn't a thing on it. Oh! Why couldn't there just be stuff on it? You see a counter. On the counter you make out a tomato, a red hot pepper, a yellow apple, a raw purple potato, a cookbook and a knife. Look over there! a stove. Unfortunately, there isn't a thing on it.

There is an open frosted-glass door leading north. You need an exit without a door? You should try going west.


>                                                                                                                                -= Kitchen =-2/30",2,False
31,open patio door,"To complete the task, I need to gather all the necessary ingredients for the recipe, which includes a block of cheese, red apple, red onion, white tuna, and yellow onion. Since I already have the red apple and yellow onion, I need to find the block of cheese, red onion, and white tuna. I will explore the house to find these ingredients. After gathering all the ingredients, I will process them according to the recipe, which involves chopping, slicing, and cooking using the stove, oven, or BBQ. I will use the knife found in the kitchen to chop and slice the ingredients. Then, I will cook the ingredients using the appropriate cooking method and tool. Finally, I will prepare the meal in the kitchen and eat it to complete the task. My first step will be to open the patio door to explore the outside area, as I have not checked it yet.","You can't see any such thing.

>                                                                                                                                -= Kitchen =-2/30",2,False
32,examine counter,"To complete the task, I will first gather all the necessary ingredients for the recipe, which includes a block of cheese, red apple, red onion, white tuna, and yellow onion. Since I already have the red apple and yellow onion, I need to find the block of cheese, red onion, and white tuna. I will explore the house to find these ingredients. After gathering all the ingredients, I will process them according to the recipe, which involves chopping, slicing, and cooking using the stove, oven, or BBQ. I will use the knife found in the kitchen to chop and slice the ingredients. Then, I will cook the ingredients using the appropriate cooking method and tool. Finally, I will prepare the meal in the kitchen and eat it to complete the task. My first step will be to examine the kitchen and its contents again to see if I missed anything, and then I will go back to exploring the house.","The counter is shaky.

On the counter are a tomato, a red hot pepper, a yellow apple, a raw purple potato, a cookbook and a knife.


>                                                                                                                                -= Kitchen =-2/31",2,False
33,go west,"To complete the task, I need to gather all the necessary ingredients for the recipe, which includes a block of cheese, red apple, red onion, white tuna, and yellow onion. I already have the red apple and yellow onion. I will explore the house to find the block of cheese, red onion, and white tuna. Once I have all the ingredients, I will process them according to the recipe, which involves chopping, slicing, and cooking using the stove, oven, or BBQ. I will use the knife found in the kitchen to chop and slice the ingredients. Then, I will cook the ingredients using the appropriate cooking method and tool. Since the recipe requires a red onion, but I only have a yellow onion, I will need to find a red onion. The cookbook provides the recipe, but I still need to find the missing ingredients. My plan is to methodically search each room, starting with the kitchen, to find the necessary ingredients and tools. After gathering all the ingredients, I will follow the recipe to prepare the meal.","-= Corridor =-
You find yourself in a corridor. A standard one. You begin to take stock of what's in the room.



There is a closed patio door leading west. There is an exit to the east. Don't worry, there is no door. There is an exit to the north. Don't worry, there is no door. There is an exit to the south.


>                                                                                                                                -= Corridor =-2/32",2,False
34,open patio door,"To complete the task, I need to gather all the necessary ingredients for the recipe, which includes a block of cheese, red apple, red onion, white tuna, and yellow onion. I already have the red apple and yellow onion. My plan is to methodically search each room to find the missing ingredients. Since I have already explored the kitchen and pantry, I will search the corridor and other rooms. I will start by opening the closed patio door to see if there are any ingredients outside. After gathering all the ingredients, I will follow the recipe to process and cook them. I will use the knife found in the kitchen to chop and slice the ingredients, and then cook them using the appropriate cooking method and tool. Once all the ingredients are processed and cooked, I will prepare the meal in the kitchen and then eat it to win the game.","You open patio door.


>                                                                                                                                -= Corridor =-2/33",2,False
35,go west,"To complete the task, I need to gather all the necessary ingredients for the recipe, which includes a block of cheese, red apple, red onion, white tuna, and yellow onion. I already have the red apple and yellow onion. My plan is to methodically search each room to find the missing ingredients. I will start by going outside through the opened patio door to see if there are any ingredients. If not, I will search the other rooms, including the bathroom and any other areas I haven't explored yet. After gathering all the ingredients, I will follow the recipe to process and cook them. I will use the knife found in the kitchen to chop and slice the ingredients, and then cook them using the appropriate cooking method and tool. Once all the ingredients are processed and cooked, I will prepare the meal in the kitchen and then eat it to win the game.","-= Backyard =-
You find yourself in a backyard. A typical one.

You smell a hideous smell, and follow it to a patio chair. But the thing is empty. Hm. Oh well You see a patio table. Now why would someone leave that there? But the thing is empty, unfortunately. It would have been so cool if there was stuff on the patio table. You make out a BBQ.

There is an open patio door leading east. There is a closed wooden door leading west. You need an exit without a door? You should try going south.


>                                                                                                                                -= Backyard =-2/34",2,False
36,go east,"To complete the task, I need to gather all the necessary ingredients for the recipe, which includes a block of cheese, red apple, red onion, white tuna, and yellow onion. I already have the red apple and yellow onion. My plan is to methodically search each room to find the missing ingredients. I will start by checking the backyard, then head back to the kitchen to process the ingredients I already have. I will chop and slice the ingredients using the knife found in the kitchen, and then cook them using the appropriate cooking method and tool. I will use the BBQ to grill the red apple and yellow onion, the stove to fry the block of cheese and white tuna, and the oven to roast the red onion. Once all the ingredients are processed and cooked, I will prepare the meal in the kitchen and then eat it to win the game. I will also need to find the block of cheese, red onion, and white tuna, which might be in the fridge, on the counter, or in other rooms. I will explore each room, including the bathroom and the room behind the closed wooden door in the backyard, to find these ingredients.","-= Corridor =-
You find yourself in a corridor. A standard one. You begin to take stock of what's in the room.



There is an open patio door leading west. There is an exit to the east. Don't worry, there is no door. There is an exit to the north. Don't worry, there is no door. There is an exit to the south.


>                                                                                                                                -= Corridor =-2/35",2,False
37,go east,"To complete the task, I will first review the recipe and the ingredients I have already found. The recipe requires a block of cheese, red apple, red onion, white tuna, and yellow onion. I have found the red apple and yellow onion. Next, I will methodically search each room to find the missing ingredients, starting with the kitchen, then the corridor, and finally the backyard and the room behind the closed wooden door. Once I have all the ingredients, I will chop, slice, or dice them as needed using the knife found in the kitchen. Then, I will cook the ingredients using the appropriate cooking method and tool, such as the BBQ, stove, or oven. Finally, I will prepare the meal in the kitchen and eat it to win the game. I will also keep track of my inventory and the ingredients I have already found to avoid missing any steps.","-= Kitchen =-
You arrive in a kitchen. A normal kind of place.

You see a fridge. The fridge contains a raw yellow potato. Were you looking for an oven? Because look over there, it's an oven. You bend down to tie your shoe. When you stand up, you notice a table. But there isn't a thing on it. Oh! Why couldn't there just be stuff on it? You see a counter. On the counter you make out a tomato, a red hot pepper, a yellow apple, a raw purple potato, a cookbook and a knife. Look over there! a stove. Unfortunately, there isn't a thing on it.

There is an open frosted-glass door leading north. You need an exit without a door? You should try going west.


>                                                                                                                                -= Kitchen =-2/36",2,False
38,take knife,"To complete the task, I will first review the recipe, which requires a block of cheese, red apple, red onion, white tuna, and yellow onion. I already have the red apple and yellow onion. Next, I will search the kitchen, corridor, and backyard to find the missing ingredients. I will check the fridge, counter, and table in the kitchen, and also investigate the BBQ in the backyard. Once I have all the ingredients, I will use the knife to chop, slice, or dice them as needed. Then, I will cook the ingredients using the appropriate cooking method and tool, such as the BBQ, stove, or oven. Finally, I will prepare the meal in the kitchen and eat it to win the game. My first step will be to take the knife from the counter to prepare the ingredients.","You take the knife from the counter.


>                                                                                                                                -= Kitchen =-2/37",2,False
39,examine fridge,"I will first review the recipe and identify the missing ingredients. The recipe requires a block of cheese, red apple, red onion, white tuna, and yellow onion. I already have the red apple and yellow onion. I need to find the block of cheese, red onion, and white tuna. I will search the kitchen, corridor, and backyard to find these ingredients. Once I have all the ingredients, I will use the knife to chop, slice, or dice them as needed. Then, I will cook the ingredients using the appropriate cooking method and tool, such as the BBQ, stove, or oven. I will chop the block of cheese, fry the block of cheese, chop the red apple, grill the red apple, slice the red onion, roast the red onion, slice the white tuna, fry the white tuna, slice the yellow onion, and grill the yellow onion. Finally, I will prepare the meal in the kitchen and eat it to win the game. My first step will be to check the fridge for any ingredients.","The fridge looks solid. It is open.

In the fridge is a raw yellow potato.


>                                                                                                                                -= Kitchen =-2/38",2,False
40,take yellow apple,"I will first review the recipe and identify the missing ingredients. The recipe requires a block of cheese, red apple, red onion, white tuna, and yellow onion. I already have the yellow onion. I need to find the block of cheese, red apple, red onion, and white tuna. I will search the kitchen, corridor, and other rooms to find these ingredients. Once I have all the ingredients, I will use the knife to chop, slice, or dice them as needed. Then, I will cook the ingredients using the appropriate cooking method and tool, such as the BBQ, stove, or oven. I will follow the recipe to prepare the meal in the kitchen and eat it to win the game. My first step will be to take the red apple from the counter and then take the other necessary ingredients.","You take the yellow apple from the counter.


>                                                                                                                                -= Kitchen =-2/39",2,False
41,examine fridge,"I will first review the recipe and identify the missing ingredients. The recipe requires a block of cheese, red apple, red onion, white tuna, and yellow onion. I already have the yellow apple, but it's the wrong color, I need a red apple. I need to find the block of cheese, red apple, red onion, white tuna, and yellow onion. I will search the kitchen, corridor, and other rooms to find these ingredients. Once I have all the ingredients, I will use the knife to chop, slice, or dice them as needed. Then, I will cook the ingredients using the appropriate cooking method and tool, such as the BBQ, stove, or oven. I will follow the recipe to prepare the meal in the kitchen and eat it to win the game. My first step will be to search the fridge and the kitchen to see if I can find any of the ingredients.","The fridge looks solid. It is open.

In the fridge is a raw yellow potato.


>                                                                                                                                -= Kitchen =-2/40",2,False
42,examine cookbook,"I will first examine the cookbook to determine the required ingredients and cooking method for the meal. Then, I will gather all the necessary ingredients from the kitchen, fridge, and other rooms. I will use the knife to chop, slice, or dice the ingredients as needed. Next, I will cook the ingredients using the appropriate cooking tool, such as the BBQ, stove, or oven. Once the ingredients are cooked, I will prepare the meal in the kitchen and eat it to win the game. I will also keep track of the ingredients I have and the ones I still need to find.","You open the copy of ""Cooking: A Modern Approach (3rd Ed.)"" and start reading:

Recipe #1
---------
Gather all following ingredients and follow the directions to prepare this tasty meal.

Ingredients:
block of cheese
  red apple
  red onion
  white tuna
  yellow onion

Directions:
chop the block of cheese
  fry the block of cheese
  chop the red apple
  grill the red apple
  slice the red onion
  roast the red onion
  slice the white tuna
  fry the white tuna
  slice the yellow onion
  grill the yellow onion
  prepare meal



>                                                                                                                                -= Kitchen =-2/41",2,False
43,go north,"I will first review the ingredients and directions in the cookbook recipe. Then, I will compare the required ingredients with the items I have found so far, such as the tomato, red hot pepper, yellow apple, raw purple potato, and knife. I notice that none of the required ingredients match the items I have found, so I will need to search other rooms for the necessary ingredients. I will also consider the cooking methods and tools required for each ingredient, such as the BBQ, stove, and oven. Once I have gathered all the necessary ingredients, I will follow the directions in the recipe to chop, slice, grill, fry, and roast the ingredients as needed. Finally, I will prepare the meal in the kitchen and eat it to win the game. Since I don't have any of the required ingredients, my first action will be to search other rooms for the ingredients.","-= Pantry =-
You've entered a pantry.

You see a shelf. I guess it's true what they say, if you're looking for a shelf, go to TextWorld. But there isn't a thing on it. Oh! Why couldn't there just be stuff on it?

There is an open frosted-glass door leading south.


>                                                                                                                                -= Pantry =-2/42",2,False
44,go south,"I will review the recipe and the ingredients I have found so far. The recipe requires a block of cheese, red apple, red onion, white tuna, and yellow onion. I have found a yellow apple, but it's not the correct color, and I don't have any of the other required ingredients. I will need to search the house for the required ingredients. Once I have all the ingredients, I will follow the recipe to chop, slice, grill, fry, and roast them as needed. I will use the knife to chop and slice the ingredients, and the BBQ, stove, and oven to cook them. After cooking all the ingredients, I will prepare the meal in the kitchen and eat it to win the game. My first priority is to find the required ingredients, so I will search the house room by room.","-= Kitchen =-
You arrive in a kitchen. A normal kind of place.

You see a fridge. The fridge contains a raw yellow potato. Were you looking for an oven? Because look over there, it's an oven. You bend down to tie your shoe. When you stand up, you notice a table. But there isn't a thing on it. Oh! Why couldn't there just be stuff on it? You see a counter. On the counter you make out a tomato, a red hot pepper, a raw purple potato and a cookbook. Look over there! a stove. Unfortunately, there isn't a thing on it.

There is an open frosted-glass door leading north. You need an exit without a door? You should try going west.


>                                                                                                                                -= Kitchen =-2/43",2,False
45,go west,"I will first review the recipe and the ingredients I have found so far. The recipe requires a block of cheese, red apple, red onion, white tuna, and yellow onion. I have found a yellow apple, but it's not the correct color, and I don't have any of the other required ingredients. I will need to search the house for the required ingredients. Once I have all the ingredients, I will follow the recipe to chop, slice, grill, fry, and roast them as needed. I will use the knife to chop and slice the ingredients, and the BBQ, stove, and oven to cook them. After cooking all the ingredients, I will prepare the meal in the kitchen and eat it to win the game. My first priority is to find the required ingredients, so I will search the house room by room. I will start by going back to the corridor and exploring the other exits to see if I can find any of the required ingredients.","-= Corridor =-
You find yourself in a corridor. A standard one. You begin to take stock of what's in the room.



There is an open patio door leading west. There is an exit to the east. Don't worry, there is no door. There is an exit to the north. Don't worry, there is no door. There is an exit to the south.


>                                                                                                                                -= Corridor =-2/44",2,False
46,go north,"I will review the recipe and the ingredients I have found so far. The recipe requires a block of cheese, red apple, red onion, white tuna, and yellow onion. I have found a yellow apple, but it's not the correct color, and I don't have any of the other required ingredients. I will need to search the house for the required ingredients. Once I have all the ingredients, I will follow the recipe to chop, slice, grill, fry, and roast them as needed. I will use the knife to chop and slice the ingredients, and the BBQ, stove, and oven to cook them. After cooking all the ingredients, I will prepare the meal in the kitchen and eat it to win the game. My first priority is to find the required ingredients, so I will search the house room by room. I will start by exploring the corridor and going north to see if I can find any of the required ingredients.","-= Bathroom =-
You find yourself in a bathroom. An usual kind of place. You try to gain information on your surroundings by using a technique you call ""looking.""

As if things weren't amazing enough already, you can even see a toilet. The toilet is white. But the thing hasn't got anything on it.

There is an exit to the south.


>                                                                                                                                -= Bathroom =-2/45",2,False
47,go south,"I will review the recipe and the ingredients I have found so far. The recipe requires a block of cheese, red apple, red onion, white tuna, and yellow onion. I have found a yellow apple, but it's not the correct color, and I don't have any of the other required ingredients. I need to search the house for the required ingredients. Once I have all the ingredients, I will follow the recipe to chop, slice, grill, fry, and roast them as needed. I will use the knife to chop and slice the ingredients, and the BBQ, stove, and oven to cook them. After cooking all the ingredients, I will prepare the meal in the kitchen and eat it to win the game. My first priority is to find the required ingredients, so I will search the house room by room. Since I am currently in the bathroom, I will go south to the corridor and then explore other rooms to find the ingredients.","-= Corridor =-
You find yourself in a corridor. A standard one. You begin to take stock of what's in the room.



There is an open patio door leading west. There is an exit to the east. Don't worry, there is no door. There is an exit to the north. Don't worry, there is no door. There is an exit to the south.


>                                                                                                                                -= Corridor =-2/46",2,False
48,go east,"I will review the recipe and the ingredients I have found so far. The recipe requires a block of cheese, red apple, red onion, white tuna, and yellow onion. I have found a yellow apple, but it's not the correct color, and I don't have any of the other required ingredients. I need to search the house for the required ingredients. Once I have all the ingredients, I will follow the recipe to chop, slice, grill, fry, and roast them as needed. I will use the knife to chop and slice the ingredients, and the BBQ, stove, and oven to cook them. After cooking all the ingredients, I will prepare the meal in the kitchen and eat it to win the game. My first priority is to find the required ingredients, so I will search the house room by room. Since I am currently in the corridor, I will go east to the kitchen and examine the fridge and other objects again to see if I missed anything, then proceed to search other rooms.","-= Kitchen =-
You arrive in a kitchen. A normal kind of place.

You see a fridge. The fridge contains a raw yellow potato. Were you looking for an oven? Because look over there, it's an oven. You bend down to tie your shoe. When you stand up, you notice a table. But there isn't a thing on it. Oh! Why couldn't there just be stuff on it? You see a counter. On the counter you make out a tomato, a red hot pepper, a raw purple potato and a cookbook. Look over there! a stove. Unfortunately, there isn't a thing on it.

There is an open frosted-glass door leading north. You need an exit without a door? You should try going west.


>                                                                                                                                -= Kitchen =-2/47",2,False
49,go west,"I will review the recipe and the ingredients I have found so far. The recipe requires a block of cheese, red apple, red onion, white tuna, and yellow onion. I have found a yellow apple, but it's not the correct color, and I don't have any of the other required ingredients. I need to search the house for the required ingredients. Once I have all the ingredients, I will follow the recipe to chop, slice, grill, fry, and roast them as needed. I will use the knife to chop and slice the ingredients, and the BBQ, stove, and oven to cook them. After cooking all the ingredients, I will prepare the meal in the kitchen and eat it to win the game. My first priority is to find the required ingredients, so I will search the house room by room. Since I am currently in the corridor and then went to the kitchen, I should go to other rooms to search for ingredients. The rooms I have not searched thoroughly are the backyard and the pantry. I should also check if there are any other rooms or exits that I have not explored yet.","-= Corridor =-
You find yourself in a corridor. A standard one. You begin to take stock of what's in the room.



There is an open patio door leading west. There is an exit to the east. Don't worry, there is no door. There is an exit to the north. Don't worry, there is no door. There is an exit to the south.


>                                                                                                                                -= Corridor =-2/48",2,False
50,go west,"I will review the recipe and the ingredients I have found so far. The recipe requires a block of cheese, red apple, red onion, white tuna, and yellow onion. I have found a yellow apple, but it's not the correct color, and I don't have any of the other required ingredients. I need to search the house for the required ingredients. Once I have all the ingredients, I will follow the recipe to chop, slice, grill, fry, and roast them as needed. I will use the knife to chop and slice the ingredients, and the BBQ, stove, and oven to cook them. After cooking all the ingredients, I will prepare the meal in the kitchen and eat it to win the game. My first priority is to find the required ingredients, so I will search the house room by room. Since I am currently in the corridor, I should go to other rooms to search for ingredients. The rooms I have not searched thoroughly are the backyard and the pantry. I should also check if there are any other rooms or exits that I have not explored yet. I will go to the backyard first and examine the objects there.","-= Backyard =-
You find yourself in a backyard. A typical one.

You smell a hideous smell, and follow it to a patio chair. But the thing is empty. Hm. Oh well You see a patio table. Now why would someone leave that there? But the thing is empty, unfortunately. It would have been so cool if there was stuff on the patio table. You make out a BBQ.

There is an open patio door leading east. There is a closed wooden door leading west. You need an exit without a door? You should try going south.


>                                                                                                                                -= Backyard =-2/49",2,False
51,go east,"I will review the recipe and the ingredients I have found so far. The recipe requires a block of cheese, red apple, red onion, white tuna, and yellow onion. I have found a yellow apple, but it's not the correct color. I need to search the house for the required ingredients. Once I have all the ingredients, I will follow the recipe to chop, slice, grill, fry, and roast them as needed. I will use the knife to chop and slice the ingredients, and the BBQ, stove, and oven to cook them. After cooking all the ingredients, I will prepare the meal in the kitchen and eat it to win the game. My first priority is to find the required ingredients, so I will search the house room by room. I should check the fridge, pantry, and other rooms for the ingredients. If I find any ingredients, I will take them and follow the recipe. If I don't find any ingredients, I will have to explore other parts of the house.","-= Corridor =-
You find yourself in a corridor. A standard one. You begin to take stock of what's in the room.



There is an open patio door leading west. There is an exit to the east. Don't worry, there is no door. There is an exit to the north. Don't worry, there is no door. There is an exit to the south.


>                                                                                                                                -= Corridor =-2/50",2,False
52,go north,"I will first review the recipe and the ingredients I have found so far. The recipe requires a block of cheese, red apple, red onion, white tuna, and yellow onion. I have found a yellow apple, but it's not the correct color. I need to search the house for the required ingredients. Once I have all the ingredients, I will follow the recipe to chop, slice, grill, fry, and roast them as needed. I will use the knife to chop and slice the ingredients, and the BBQ, stove, and oven to cook them. After cooking all the ingredients, I will prepare the meal in the kitchen and eat it to win the game. My first priority is to find the required ingredients, so I will search the house room by room. I should check the fridge, pantry, and other rooms for the ingredients. If I find any ingredients, I will take them and follow the recipe. If I don't find any ingredients, I will have to explore other parts of the house. I will start by going to the north room to see if I can find any ingredients.","-= Bathroom =-
You find yourself in a bathroom. An usual kind of place. You try to gain information on your surroundings by using a technique you call ""looking.""

As if things weren't amazing enough already, you can even see a toilet. The toilet is white. But the thing hasn't got anything on it.

There is an exit to the south.


>                                                                                                                                -= Bathroom =-2/51",2,False
53,go south,"To complete the task, I need to find the required ingredients, which are a block of cheese, red apple, red onion, white tuna, and yellow onion. So far, I have found a yellow apple, but it's not the correct color. I also have a knife, which I can use to chop and slice the ingredients. I need to search the house for the required ingredients, and then follow the recipe to prepare the meal. I will start by searching the rooms I haven't explored yet, and then I will use the knife to chop and slice the ingredients, and the BBQ, stove, and oven to cook them. After cooking all the ingredients, I will prepare the meal in the kitchen and eat it to win the game. My first priority is to find the required ingredients, so I will search the house room by room.","-= Corridor =-
You find yourself in a corridor. A standard one. You begin to take stock of what's in the room.



There is an open patio door leading west. There is an exit to the east. Don't worry, there is no door. There is an exit to the north. Don't worry, there is no door. There is an exit to the south.


>                                                                                                                                -= Corridor =-2/52",2,False
54,go east,"To complete the task, I will first review the recipe and the ingredients I have found so far. The recipe requires a block of cheese, a red apple, a red onion, a white tuna, and a yellow onion. I have found a yellow apple, but it's not the correct color. I also have a knife, which I can use to chop and slice the ingredients. My plan is to search the house for the required ingredients, starting from the rooms I haven't explored yet. Once I have all the ingredients, I will follow the recipe to prepare the meal. This includes chopping, slicing, grilling, frying, and roasting the ingredients using the available appliances such as the BBQ, stove, and oven. After cooking all the ingredients, I will prepare the meal in the kitchen and eat it to win the game. My first priority is to find the required ingredients, so I will search the house room by room, starting with the east exit from the corridor.","-= Kitchen =-
You arrive in a kitchen. A normal kind of place.

You see a fridge. The fridge contains a raw yellow potato. Were you looking for an oven? Because look over there, it's an oven. You bend down to tie your shoe. When you stand up, you notice a table. But there isn't a thing on it. Oh! Why couldn't there just be stuff on it? You see a counter. On the counter you make out a tomato, a red hot pepper, a raw purple potato and a cookbook. Look over there! a stove. Unfortunately, there isn't a thing on it.

There is an open frosted-glass door leading north. You need an exit without a door? You should try going west.


>                                                                                                                                -= Kitchen =-2/53",2,False
55,go west,"To complete the task, I will first review the recipe, which requires a block of cheese, a red apple, a red onion, a white tuna, and a yellow onion. I have found a yellow apple, but it's not the correct color. My plan is to search the house for the required ingredients, starting from the rooms I haven't explored yet, such as behind the closed wooden door in the backyard. Once I have all the ingredients, I will follow the recipe to prepare the meal. This includes chopping, slicing, grilling, frying, and roasting the ingredients using the available appliances such as the BBQ, stove, and oven. After cooking all the ingredients, I will prepare the meal in the kitchen and eat it to win the game. Since I don't have any of the required ingredients yet, my first priority is to find them. I should explore the house more, starting with the backyard's closed wooden door, and then proceed to follow the recipe step by step.","-= Corridor =-
You find yourself in a corridor. A standard one. You begin to take stock of what's in the room.



There is an open patio door leading west. There is an exit to the east. Don't worry, there is no door. There is an exit to the north. Don't worry, there is no door. There is an exit to the south.


>                                                                                                                                -= Corridor =-2/54",2,False
56,go west,"To complete the task, I will first review the recipe, which requires a block of cheese, a red apple, a red onion, a white tuna, and a yellow onion. I have found a yellow apple, but it's not the correct color. My plan is to search the house for the required ingredients, starting from the rooms I haven't explored yet, such as behind the closed wooden door in the backyard. Once I have all the ingredients, I will follow the recipe to prepare the meal. This includes chopping, slicing, grilling, frying, and roasting the ingredients using the available appliances such as the BBQ, stove, and oven. After cooking all the ingredients, I will prepare the meal in the kitchen and eat it to win the game. Since I don't have any of the required ingredients yet, my first priority is to find them. I should explore the house more, starting with the backyard's closed wooden door, and then proceed to follow the recipe step by step.","-= Backyard =-
You find yourself in a backyard. A typical one.

You smell a hideous smell, and follow it to a patio chair. But the thing is empty. Hm. Oh well You see a patio table. Now why would someone leave that there? But the thing is empty, unfortunately. It would have been so cool if there was stuff on the patio table. You make out a BBQ.

There is an open patio door leading east. There is a closed wooden door leading west. You need an exit without a door? You should try going south.


>                                                                                                                                -= Backyard =-2/55",2,False
57,open closed wooden door,"I will start by exploring the house to find the required ingredients, including a block of cheese, a red apple, a red onion, a white tuna, and a yellow onion. Since I have already explored the kitchen, corridor, pantry, bathroom, and backyard, my next step will be to open the closed wooden door in the backyard to see if there are any ingredients or useful items behind it. Once I have found all the ingredients, I will follow the recipe to chop, slice, grill, fry, and roast them using the available appliances. After cooking all the ingredients, I will prepare the meal in the kitchen and eat it to win the game. I will take actions one at a time, starting with opening the closed wooden door in the backyard.","You can't see any such thing.

>                                                                                                                                -= Backyard =-2/55",2,False
58,go east,"I will start by reviewing the recipe and the ingredients I have found so far. The recipe requires a block of cheese, a red apple, a red onion, a white tuna, and a yellow onion. I have not found any of these ingredients yet. I will need to search the house thoroughly to find them. I will check the fridge, the counter, and any other possible locations where ingredients might be stored. Once I have found all the ingredients, I will follow the recipe to chop, slice, grill, fry, and roast them using the available appliances, such as the stove, oven, and BBQ. After cooking all the ingredients, I will prepare the meal in the kitchen and eat it to win the game. My first step will be to go back to the kitchen and check the fridge and counter again to see if I missed any ingredients.","-= Corridor =-
You find yourself in a corridor. A standard one. You begin to take stock of what's in the room.



There is an open patio door leading west. There is an exit to the east. Don't worry, there is no door. There is an exit to the north. Don't worry, there is no door. There is an exit to the south.


>                                                                                                                                -= Corridor =-2/56",2,False
59,examine cookbook,"To complete the task, I need to find the recipe, gather and process the required ingredients, and then cook and prepare the meal. I will start by examining the cookbook in the kitchen to learn the recipe. Then, I will search the house for the required ingredients, which may be found in the fridge, on the counter, or in other rooms. Once I have all the ingredients, I will process them according to the recipe, which may involve chopping, slicing, or dicing. After processing the ingredients, I will cook them using the available appliances, such as the stove, oven, or BBQ. Finally, I will prepare the meal in the kitchen and eat it to win the game. My first step will be to examine the cookbook to learn the recipe.","You can't see any such thing.

>                                                                                                                                -= Corridor =-2/56",2,False
60,go east,"I need to find the recipe, gather and process the required ingredients, and then cook and prepare the meal. The recipe is likely in the cookbook, which I saw on the counter in the kitchen. I should go back to the kitchen and examine the cookbook to learn the recipe. Then, I can search the house for the required ingredients and process them according to the recipe. After processing the ingredients, I can cook them using the available appliances, such as the stove, oven, or BBQ, and finally prepare the meal in the kitchen and eat it to win the game.","-= Kitchen =-
You arrive in a kitchen. A normal kind of place.

You see a fridge. The fridge contains a raw yellow potato. Were you looking for an oven? Because look over there, it's an oven. You bend down to tie your shoe. When you stand up, you notice a table. But there isn't a thing on it. Oh! Why couldn't there just be stuff on it? You see a counter. On the counter you make out a tomato, a red hot pepper, a raw purple potato and a cookbook. Look over there! a stove. Unfortunately, there isn't a thing on it.

There is an open frosted-glass door leading north. You need an exit without a door? You should try going west.


>                                                                                                                                -= Kitchen =-2/57",2,False
61,examine cookbook,"To complete the task, I need to follow these steps: 
1. Examine the cookbook to learn the recipe.
2. Gather the required ingredients from the fridge, counter, and other possible locations.
3. Process the ingredients according to the recipe, which may involve slicing, dicing, or chopping them using a knife.
4. Cook the processed ingredients using the available appliances, such as the stove, oven, or BBQ.
5. Prepare the meal in the kitchen by combining the cooked ingredients.
6. Eat the meal to win the game.
Given my current location in the kitchen, my first action should be to examine the cookbook to learn the recipe.","You open the copy of ""Cooking: A Modern Approach (3rd Ed.)"" and start reading:

Recipe #1
---------
Gather all following ingredients and follow the directions to prepare this tasty meal.

Ingredients:
block of cheese
  red apple
  red onion
  white tuna
  yellow onion

Directions:
chop the block of cheese
  fry the block of cheese
  chop the red apple
  grill the red apple
  slice the red onion
  roast the red onion
  slice the white tuna
  fry the white tuna
  slice the yellow onion
  grill the yellow onion
  prepare meal



>                                                                                                                                -= Kitchen =-2/58",2,False
62,open fridge,"To complete the task, I will first gather all the required ingredients, which are a block of cheese, red apple, red onion, white tuna, and yellow onion. Since I don't see all of these ingredients in my current location, I will need to explore other rooms to find them. Once I have all the ingredients, I will follow the directions in the recipe to process and cook them. This involves chopping, slicing, frying, grilling, and roasting the ingredients using the available appliances, such as the stove, oven, and BBQ. After cooking all the ingredients, I will prepare the meal in the kitchen and then eat it to win the game. My first priority is to explore the rooms to find the missing ingredients, starting with the fridge, which contains a raw yellow potato, and checking the counter, which has a tomato, a red hot pepper, and a raw purple potato. I also need to find a knife to chop and slice the ingredients.","That's already open.


>                                                                                                                                -= Kitchen =-2/59",2,False
63,take tomato from counter,"To complete the task, I will first gather all the required ingredients, which are a block of cheese, red apple, red onion, white tuna, and yellow onion. Since I don't see all of these ingredients in my current location, I will need to explore other rooms to find them. Once I have all the ingredients, I will follow the directions in the recipe to process and cook them. This involves chopping, slicing, frying, grilling, and roasting the ingredients using the available appliances, such as the stove, oven, and BBQ. After cooking all the ingredients, I will prepare the meal in the kitchen and then eat it to win the game. My first priority is to explore the rooms to find the missing ingredients and a knife to chop and slice the ingredients. I will start by checking the counter, fridge, and other rooms to find any ingredients or useful items.","You take the tomato from the counter.


>                                                                                                                                -= Kitchen =-2/60",2,False
64,take raw yellow potato from fridge,"To complete the task, I will first gather all the required ingredients, which are a block of cheese, red apple, red onion, white tuna, and yellow onion. Since I don't see all of these ingredients in my current location, I will need to explore other rooms to find them. I will check the fridge, counter, and other rooms to find any ingredients or useful items. Once I have all the ingredients, I will follow the directions in the recipe to process and cook them. This involves finding a knife to chop and slice the ingredients, and using the available appliances, such as the stove, oven, and BBQ, to fry, grill, and roast the ingredients. After cooking all the ingredients, I will prepare the meal in the kitchen and then eat it to win the game. My first priority is to find the missing ingredients and a knife.","You take the yellow potato from the fridge.


>                                                                                                                                -= Kitchen =-2/61",2,False
65,take raw purple potato from counter,"To complete the task, I will first gather all the required ingredients, which are a block of cheese, red apple, red onion, white tuna, and yellow onion. Since I don't see all of these ingredients in my current location, I will need to explore other rooms to find them. I will check the fridge, counter, and other rooms to find any ingredients or useful items. Once I have all the ingredients, I will follow the directions in the recipe to process and cook them. This involves finding a knife to chop and slice the ingredients, and using the available appliances, such as the stove, oven, and BBQ, to fry, grill, and roast the ingredients. After cooking all the ingredients, I will prepare the meal in the kitchen and then eat it to win the game. My first priority is to find the missing ingredients and a knife. I will start by taking the remaining items from the counter and then explore other rooms.","You take the purple potato from the counter.


>                                                                                                                                -= Kitchen =-2/62",2,False
66,take red hot pepper from counter,"To complete the task, I will first gather all the required ingredients, which are a block of cheese, red apple, red onion, white tuna, and yellow onion. Since I don't see all of these ingredients in my current location, I will need to explore other rooms to find them. I will check the fridge, counter, and other rooms to find any ingredients or useful items, such as a knife. Once I have all the ingredients, I will follow the directions in the recipe to process and cook them. This involves chopping, slicing, frying, grilling, and roasting the ingredients using the available appliances, such as the stove, oven, and BBQ. After cooking all the ingredients, I will prepare the meal in the kitchen and then eat it to win the game. My first priority is to find the missing ingredients and a knife.","You take the red hot pepper from the counter.


>                                                                                                                                -= Kitchen =-2/63",2,False
67,go west,"I will first gather all the required ingredients, which are a block of cheese, red apple, red onion, white tuna, and yellow onion. Since I don't see all of these ingredients in my current location, I will need to explore other rooms to find them. I will check the fridge, counter, and other rooms to find any ingredients or useful items, such as a knife. Once I have all the ingredients, I will follow the directions in the recipe to process and cook them. This involves chopping, slicing, frying, grilling, and roasting the ingredients using the available appliances, such as the stove, oven, and BBQ. After cooking all the ingredients, I will prepare the meal in the kitchen and then eat it to win the game. My first priority is to find the missing ingredients and a knife. I will start by exploring the house and checking all the rooms to see what I can find.","-= Corridor =-
You find yourself in a corridor. A standard one. You begin to take stock of what's in the room.



There is an open patio door leading west. There is an exit to the east. Don't worry, there is no door. There is an exit to the north. Don't worry, there is no door. There is an exit to the south.


>                                                                                                                                -= Corridor =-2/64",2,False
68,go north,"I will first explore the house to find the missing ingredients, which are a block of cheese, red apple, red onion, white tuna, and yellow onion. I will also look for a knife to chop and slice the ingredients. Once I have all the ingredients and a knife, I will follow the recipe to process and cook them. This involves chopping, slicing, frying, grilling, and roasting the ingredients using the available appliances, such as the stove, oven, and BBQ. After cooking all the ingredients, I will prepare the meal in the kitchen and then eat it to win the game. I will start by exploring the rooms I haven't visited yet, and then return to the kitchen to cook and prepare the meal.","-= Bathroom =-
You find yourself in a bathroom. An usual kind of place. You try to gain information on your surroundings by using a technique you call ""looking.""

As if things weren't amazing enough already, you can even see a toilet. The toilet is white. But the thing hasn't got anything on it.

There is an exit to the south.


>                                                                                                                                -= Bathroom =-2/65",2,False
69,go south,"I will explore the house to find the missing ingredients, which are a block of cheese, red apple, red onion, white tuna, and yellow onion. I will also look for a knife to chop and slice the ingredients. Since I have already found some ingredients like tomato, raw yellow potato, raw purple potato, and red hot pepper, but they are not in the recipe, I will ignore them for now. Once I have all the required ingredients and a knife, I will follow the recipe to process and cook them. This involves chopping, slicing, frying, grilling, and roasting the ingredients using the available appliances, such as the stove, oven, and BBQ. After cooking all the ingredients, I will prepare the meal in the kitchen and then eat it to win the game. I will start by exploring the rooms I haven't visited yet, and then return to the kitchen to cook and prepare the meal. My next step will be to explore the room to the south, which is likely the corridor, and then try to find the missing ingredients.","-= Corridor =-
You find yourself in a corridor. A standard one. You begin to take stock of what's in the room.



There is an open patio door leading west. There is an exit to the east. Don't worry, there is no door. There is an exit to the north. Don't worry, there is no door. There is an exit to the south.


>                                                                                                                                -= Corridor =-2/66",2,False
70,go south,"I will first explore the house to find the missing ingredients, which are a block of cheese, red apple, red onion, white tuna, and yellow onion. I will also look for a knife to chop and slice the ingredients. Once I have all the required ingredients and a knife, I will follow the recipe to process and cook them. This involves chopping, slicing, frying, grilling, and roasting the ingredients using the available appliances, such as the stove, oven, and BBQ. After cooking all the ingredients, I will prepare the meal in the kitchen and then eat it to win the game. I will start by exploring the rooms I haven't visited yet, and then return to the kitchen to cook and prepare the meal. My next step will be to explore the room to the south, and then try to find the missing ingredients and a knife.","-= Bedroom =-
You've just sauntered into a bedroom.

If you haven't noticed it already, there seems to be something there by the wall, it's a bed. The bed is large. But the thing hasn't got anything on it.

You don't like doors? Why not try going north, that entranceway is not blocked by one. There is an exit to the south. Don't worry, there is no door.


>                                                                                                                                -= Bedroom =-2/67",2,False
71,go south,"To complete the task, I need to find the missing ingredients (block of cheese, red apple, red onion, white tuna, and yellow onion) and a knife. I will explore the remaining unvisited rooms to find these items. Once I have all the required ingredients and a knife, I will follow the recipe to process and cook them. This involves chopping, slicing, frying, grilling, and roasting the ingredients using the available appliances, such as the stove, oven, and BBQ. After cooking all the ingredients, I will prepare the meal in the kitchen and then eat it to win the game. My first step will be to explore the room to the south, and then I will systematically search the rest of the house for the missing ingredients and a knife.","-= Livingroom =-
You're now in a livingroom.

You hear a noise behind you and spin around, but you can't see anything other than a sofa. The sofa appears to be empty.

There is an open front door leading west. You need an exit without a door? You should try going north.


>                                                                                                                                -= Livingroom =-2/68",2,False
72,go north,"To complete the task, I need to find the missing ingredients (block of cheese, red apple, red onion, white tuna, and yellow onion) and a knife. Since I have already explored some rooms and found a few ingredients (tomato, raw yellow potato, raw purple potato, and red hot pepper) in the kitchen, my next steps will be to systematically search the rest of the house for the remaining ingredients and a knife. I will start by exploring the room to the north, which is the backyard, and then check the other unvisited areas. Once I have all the required ingredients and a knife, I will follow the recipe to process and cook them. This involves chopping, slicing, frying, grilling, and roasting the ingredients using the available appliances, such as the stove, oven, and BBQ. After cooking all the ingredients, I will prepare the meal in the kitchen and then eat it to win the game.","-= Bedroom =-
You've just sauntered into a bedroom.

If you haven't noticed it already, there seems to be something there by the wall, it's a bed. The bed is large. But the thing hasn't got anything on it.

You don't like doors? Why not try going north, that entranceway is not blocked by one. There is an exit to the south. Don't worry, there is no door.


>                                                                                                                                -= Bedroom =-2/69",2,False
73,go north,"To complete the task, I need to find the missing ingredients (block of cheese, red apple, red onion, white tuna, and yellow onion) and a knife. I will systematically search the rest of the house, starting from the current location, and explore each room to find these items. Once I have all the required ingredients and a knife, I will follow the recipe to process and cook them in the kitchen. This involves chopping, slicing, frying, grilling, and roasting the ingredients using the available appliances. After cooking all the ingredients, I will prepare the meal in the kitchen and then eat it to win the game. Since I am currently in the bedroom, my first action will be to go north to explore other areas of the house.","-= Corridor =-
You find yourself in a corridor. A standard one. You begin to take stock of what's in the room.



There is an open patio door leading west. There is an exit to the east. Don't worry, there is no door. There is an exit to the north. Don't worry, there is no door. There is an exit to the south.


>                                                                                                                                -= Corridor =-2/70",2,False
74,go east,"I will first review the recipe and the ingredients I have found so far. The recipe requires a block of cheese, red apple, red onion, white tuna, and yellow onion. I have found a tomato, raw yellow potato, raw purple potato, and red hot pepper, but none of the required ingredients. I need to search the house for the missing ingredients and a knife to process them. Once I have all the required ingredients, I will follow the recipe to chop, slice, fry, grill, and roast them using the available appliances in the kitchen. After cooking all the ingredients, I will prepare the meal in the kitchen and then eat it to win the game. My next action will be to go east to explore other areas of the house and search for the missing ingredients and a knife.","-= Kitchen =-
You arrive in a kitchen. A normal kind of place.

You see a fridge. What a letdown! The fridge is empty! Were you looking for an oven? Because look over there, it's an oven. You bend down to tie your shoe. When you stand up, you notice a table. But there isn't a thing on it. Oh! Why couldn't there just be stuff on it? You see a counter. On the counter you make out a cookbook. Look over there! a stove. Unfortunately, there isn't a thing on it.

There is an open frosted-glass door leading north. You need an exit without a door? You should try going west.


>                                                                                                                                -= Kitchen =-2/71",2,False
75,go north,"I will first review the recipe and the ingredients I have found so far. The recipe requires a block of cheese, red apple, red onion, white tuna, and yellow onion. I have found a tomato, raw yellow potato, raw purple potato, and red hot pepper, but none of the required ingredients. I need to search the house for the missing ingredients and a knife to process them. Once I have all the required ingredients, I will follow the recipe to chop, slice, fry, grill, and roast them using the available appliances in the kitchen. After cooking all the ingredients, I will prepare the meal in the kitchen and then eat it to win the game. Since I have already explored the north, south, and west areas, my next step will be to explore any remaining unvisited areas, and then return to the kitchen to cook and prepare the meal.","-= Pantry =-
You've entered a pantry.

You see a shelf. I guess it's true what they say, if you're looking for a shelf, go to TextWorld. But there isn't a thing on it. Oh! Why couldn't there just be stuff on it?

There is an open frosted-glass door leading south.


>                                                                                                                                -= Pantry =-2/72",2,False
76,go south,"To complete the task, I will first review the recipe and the ingredients I have found so far. The recipe requires a block of cheese, red apple, red onion, white tuna, and yellow onion. I have found a tomato, raw yellow potato, raw purple potato, and red hot pepper, but none of the required ingredients. I need to search the house for the missing ingredients and a knife to process them. Since I have already explored the north, south, and west areas from the kitchen, my next step will be to explore any remaining unvisited areas. After finding all the required ingredients, I will follow the recipe to chop, slice, fry, grill, and roast them using the available appliances in the kitchen. I will use the stove for frying, the oven for roasting, and I will need to find a BBQ or grill for grilling. After cooking all the ingredients, I will prepare the meal in the kitchen and then eat it to win the game. I will start by going back to the kitchen and then explore the west direction from the corridor to search for the missing ingredients and a knife.","-= Kitchen =-
You arrive in a kitchen. A normal kind of place.

You see a fridge. What a letdown! The fridge is empty! Were you looking for an oven? Because look over there, it's an oven. You bend down to tie your shoe. When you stand up, you notice a table. But there isn't a thing on it. Oh! Why couldn't there just be stuff on it? You see a counter. On the counter you make out a cookbook. Look over there! a stove. Unfortunately, there isn't a thing on it.

There is an open frosted-glass door leading north. You need an exit without a door? You should try going west.


>                                                                                                                                -= Kitchen =-2/73",2,False
77,examine cookbook,"To complete the task, I need to find all the required ingredients (block of cheese, red apple, red onion, white tuna, and yellow onion) and a knife. I will search the house thoroughly, starting from the kitchen and exploring all the rooms. Once I have found all the ingredients, I will follow the recipe to process them (chop, slice) using the knife, and then cook them (fry, grill, roast) using the stove, oven, and BBQ. After cooking all the ingredients, I will prepare the meal in the kitchen and then eat it to win the game. I will start by examining the cookbook to confirm the recipe, and then search the kitchen and adjacent rooms for the ingredients and a knife.","You open the copy of ""Cooking: A Modern Approach (3rd Ed.)"" and start reading:

Recipe #1
---------
Gather all following ingredients and follow the directions to prepare this tasty meal.

Ingredients:
block of cheese
  red apple
  red onion
  white tuna
  yellow onion

Directions:
chop the block of cheese
  fry the block of cheese
  chop the red apple
  grill the red apple
  slice the red onion
  roast the red onion
  slice the white tuna
  fry the white tuna
  slice the yellow onion
  grill the yellow onion
  prepare meal



>                                                                                                                                -= Kitchen =-2/74",2,False
78,examine counter,"I will start by searching the kitchen and adjacent rooms for the required ingredients (block of cheese, red apple, red onion, white tuna, and yellow onion) and a knife. Since I already have a tomato, raw yellow potato, raw purple potato, and red hot pepper in my inventory, I will try to find the remaining ingredients. I will explore the house, room by room, to find the ingredients and the knife. Once I have all the ingredients, I will follow the recipe to process them (chop, slice) using the knife, and then cook them (fry, grill, roast) using the stove, oven, and BBQ. After cooking all the ingredients, I will prepare the meal in the kitchen and then eat it to win the game.","The counter is shaky.

On the counter is a cookbook.


>                                                                                                                                -= Kitchen =-2/75",2,False
79,go west,"I will start by searching the kitchen and adjacent rooms for the required ingredients (block of cheese, red apple, red onion, white tuna, and yellow onion) and a knife. Since I already have a tomato, raw yellow potato, raw purple potato, and red hot pepper in my inventory, I will try to find the remaining ingredients. I will explore the house, room by room, to find the ingredients and the knife. Once I have all the ingredients, I will follow the recipe to process them (chop, slice) using the knife, and then cook them (fry, grill, roast) using the stove, oven, and BBQ. After cooking all the ingredients, I will prepare the meal in the kitchen and then eat it to win the game.","-= Corridor =-
You find yourself in a corridor. A standard one. You begin to take stock of what's in the room.



There is an open patio door leading west. There is an exit to the east. Don't worry, there is no door. There is an exit to the north. Don't worry, there is no door. There is an exit to the south.


>                                                                                                                                -= Corridor =-2/76",2,True
