Step,Action,Reasoning,Observation,Reward,Done
0,north,"To complete the task, I need to explore the level and find the stairs down. Given the current map and observations, it seems I'm in a room with walls on the east, south, southwest, and west sides, and a wall very near the north side. The first step is to move north and see what's on the other side of the nearby horizontal wall. If that doesn't lead to the stairs or a larger area, I'll need to search for hidden doors or passages, especially considering the layout might not be fully revealed. Since my goal is to reach the stairs down, prioritizing movement and exploration over immediate combat or item management seems logical, unless an enemy or an obstacle necessitates a different action. I will move in a way that maximizes the discovery of new areas while being mindful of potential threats and the need to conserve resources.","message:


language observation:
vertical wall far east
horizontal wall near southeast, south, and southwest
vertical wall near west
horizontal wall adjacent north, northeast, and northwest
stairs up adjacent south

cursor:
Yourself a valkyrie
(x=56, y=3)

map:
                                                                                
                                                   ------------                 
                                                   |....@.....|                 
                                                   |....<.....|                 
                                                   ...........|                 
                                                   |...........                 
                                                   ------------                 
                                                                                
                                                                                
                                                                                
                                                                                
                                                                                
                                                                                
                                                                                
                                                                                
                                                                                
                                                                                
                                                                                
                                                                                
                                                                                
                                                                                
Agent the Stripling            St:18/04 Dx:9 Co:18 In:8 Wi:10 Ch:8 Neutral S:0  
Dlvl:1 $:0 HP:16(16) Pw:2(2) AC:6 Xp:1/0                                        

",0.0,False
1,east,"To complete the task of reaching the stairs down, I need to explore the level systematically. Given the current and previous observations, it seems I've moved north and found a wall, and there are stairs up to the south, which is not my goal. My plan involves exploring the east and west directions to find any openings or passages that could lead me to the stairs down. Since the map shows walls on the south and the newly discovered wall to the north, exploring sideways seems the most logical next step. I'll move in one direction, either east or west, to see if there's an opening or a passage. If I encounter a door, I might need to open it or kick it if it's locked. The search action could also be useful if I suspect there's a hidden door or passage. My priority is to find a path that leads downwards.","message:


language observation:
vertical wall far west
vertical wall near east
horizontal wall near southeast, south, and southwest
horizontal wall adjacent north, northeast, and northwest
stairs up adjacent southwest

cursor:
Yourself a valkyrie
(x=57, y=3)

map:
                                                                                
                                                   ------------                 
                                                   |.....@....|                 
                                                   |....<.....|                 
                                                   ...........|                 
                                                   |...........                 
                                                   ------------                 
                                                                                
                                                                                
                                                                                
                                                                                
                                                                                
                                                                                
                                                                                
                                                                                
                                                                                
                                                                                
                                                                                
                                                                                
                                                                                
                                                                                
Agent the Stripling            St:18/04 Dx:9 Co:18 In:8 Wi:10 Ch:8 Neutral S:0  
Dlvl:1 $:0 HP:16(16) Pw:2(2) AC:6 Xp:1/0                                        

",0.0,False
2,west,"To complete the task of reaching the stairs down, I need to systematically explore the level. Since the current location has walls to the north, east, and stairs up to the southwest, my next steps should involve exploring the remaining directions. Given the layout, moving west seems like a potential path to explore, as it does not immediately result in hitting a wall or the stairs up. The plan involves moving west and then assessing the new surroundings to decide the next course of action, which could include further movement in any of the eight directions, opening doors, kicking obstacles, or searching for hidden passages if necessary. The ultimate goal is to find a set of stairs leading down, which would indicate progress towards completing the level.","message:


language observation:
vertical wall far east
horizontal wall near southeast, south, and southwest
vertical wall near west
horizontal wall adjacent north, northeast, and northwest
stairs up adjacent south

cursor:
Yourself a valkyrie
(x=56, y=3)

map:
                                                                                
                                                   ------------                 
                                                   |....@.....|                 
                                                   |....<.....|                 
                                                   ...........|                 
                                                   |...........                 
                                                   ------------                 
                                                                                
                                                                                
                                                                                
                                                                                
                                                                                
                                                                                
                                                                                
                                                                                
                                                                                
                                                                                
                                                                                
                                                                                
                                                                                
                                                                                
Agent the Stripling            St:18/04 Dx:9 Co:18 In:8 Wi:10 Ch:8 Neutral S:0  
Dlvl:1 $:0 HP:16(16) Pw:2(2) AC:6 Xp:1/0                                        

",0.0,False
3,east,"To complete the task of reaching the stairs down, I need to systematically explore the level, considering the walls and the stairs up that have been discovered. Given the current map and the fact that the stairs up are located to the south, my approach will involve exploring the uncharted territory to the east and west, checking for any doors, passages, or other features that could lead to the stairs down. Since the level is bounded by walls to the north and has stairs up to the south, moving east or west are the primary options for discovering new areas. The presence of a long sword, dagger, and small shield in the inventory suggests that I am prepared to handle potential enemies, but the primary focus should be on exploration. If necessary, I will use the 'search' action to uncover hidden doors or passages. My initial steps will prioritize movement to uncover more of the level's layout before deciding on more specific actions like searching or attempting to open doors.","message:


language observation:
vertical wall far west
vertical wall near east
horizontal wall near southeast, south, and southwest
horizontal wall adjacent north, northeast, and northwest
stairs up adjacent southwest

cursor:
Yourself a valkyrie
(x=57, y=3)

map:
                                                                                
                                                   ------------                 
                                                   |.....@....|                 
                                                   |....<.....|                 
                                                   ...........|                 
                                                   |...........                 
                                                   ------------                 
                                                                                
                                                                                
                                                                                
                                                                                
                                                                                
                                                                                
                                                                                
                                                                                
                                                                                
                                                                                
                                                                                
                                                                                
                                                                                
                                                                                
Agent the Stripling            St:18/04 Dx:9 Co:18 In:8 Wi:10 Ch:8 Neutral S:0  
Dlvl:1 $:0 HP:16(16) Pw:2(2) AC:6 Xp:1/0                                        

",0.0,False
4,east,"To complete the task of reaching the stairs down, I will first explore the level by moving in directions that are not blocked by walls, prioritizing east and west movements since the north is bounded by a wall and the south has stairs up. I will use the 'search' action if I find myself in a room or against a wall with no apparent way forward, to check for hidden doors or passages. Given the presence of a weapon and armor, I am prepared to encounter enemies but will focus on exploration first. If a door is found, I will attempt to 'open' it. The goal is to methodically uncover the level's layout, avoiding repetitive actions, until the stairs down are discovered.","message:


language observation:
vertical wall far west
vertical wall near east
southeast corner near southeast
horizontal wall near south and southwest
stairs up very near westsouthwest
horizontal wall adjacent north, northeast, and northwest

cursor:
Yourself a valkyrie
(x=58, y=3)

map:
                                                                                
                                                   ------------                 
                                                   |......@...|                 
                                                   |....<.....|                 
                                                   ...........|                 
                                                   |...........                 
                                                   ------------                 
                                                                                
                                                                                
                                                                                
                                                                                
                                                                                
                                                                                
                                                                                
                                                                                
                                                                                
                                                                                
                                                                                
                                                                                
                                                                                
                                                                                
Agent the Stripling            St:18/04 Dx:9 Co:18 In:8 Wi:10 Ch:8 Neutral S:0  
Dlvl:1 $:0 HP:16(16) Pw:2(2) AC:6 Xp:1/0                                        

",0.0,False
5,east,"To complete the task of reaching the stairs down, I need to explore the level methodically. Given the initial observations, it seems the north direction is blocked by a wall, and there are stairs up in the southwest direction. The goal is to explore east and west directions first, since moving north is not possible due to the wall. If I reach a point where I cannot move further east or west without hitting a wall, I will use the 'search' action to look for hidden doors or passages. Since I have weapons and armor, I am prepared for potential combat but will prioritize exploration. Once I have explored as much of the level as possible, I will focus on finding the stairs down, potentially using 'search' more frequently if I suspect I am near them but cannot see them. Given my current position, moving east again may help uncover more of the level's layout.","message:


language observation:
vertical wall far west
vertical wall near east
doorway near southeast
dark area near southeast
horizontal wall near south and southwest
stairs up near westsouthwest
horizontal wall adjacent north, northeast, and northwest

cursor:
Yourself a valkyrie
(x=59, y=3)

map:
                                                                                
                                                   ------------                 
                                                   |.......@..|                 
                                                   |....<.....|                 
                                                   ...........|                 
                                                   |...........                 
                                                   ------------                 
                                                                                
                                                                                
                                                                                
                                                                                
                                                                                
                                                                                
                                                                                
                                                                                
                                                                                
                                                                                
                                                                                
                                                                                
                                                                                
                                                                                
Agent the Stripling            St:18/04 Dx:9 Co:18 In:8 Wi:10 Ch:8 Neutral S:0  
Dlvl:1 $:0 HP:16(16) Pw:2(2) AC:6 Xp:1/0                                        

",0.0,False
6,southeast,"To complete the task of reaching the stairs down, I will methodically explore the level. Since the north direction is blocked by a wall, I will focus on exploring east and west. Given my current position, I've reached a point where moving further east is limited by a vertical wall. The presence of a doorway near southeast and a dark area suggests there might be more to explore in that direction. I will prioritize moving southeast to investigate the doorway and the dark area, potentially finding hidden passages, rooms, or the stairs down. If the doorway leads to a new area, I will explore it thoroughly. If I encounter any enemies, I am prepared to fight with my long sword and shield. The 'search' action will be used if I suspect there are hidden doors or passages, especially after reaching dead ends or when the layout suggests there could be more than what's visible.","message:


language observation:
vertical wall far west
dark area near southeast
horizontal wall near south and southwest
stairs up near west
horizontal wall very near north and northwest
northeast room corner very near northeast
vertical wall very near east
doorway very near southeast

cursor:
Yourself a valkyrie
(x=60, y=4)

map:
                                                                                
                                                   ------------                 
                                                   |..........|                 
                                                   |....<...@.|                 
                                                   ...........|                 
                                                   |...........                 
                                                   ------------                 
                                                                                
                                                                                
                                                                                
                                                                                
                                                                                
                                                                                
                                                                                
                                                                                
                                                                                
                                                                                
                                                                                
                                                                                
                                                                                
                                                                                
Agent the Stripling            St:18/04 Dx:9 Co:18 In:8 Wi:10 Ch:8 Neutral S:0  
Dlvl:1 $:0 HP:16(16) Pw:2(2) AC:6 Xp:1/0                                        

",0.0,False
7,southeast,"To complete the task of reaching the stairs down, I will methodically explore the level, prioritizing movements that lead to new areas. Given my current position and previous observations, I've reached a doorway and a dark area to the southeast. My plan is to explore this new area thoroughly, using the 'search' action if necessary to uncover hidden doors or passages. I will avoid repetitive actions and focus on movements that could reveal new parts of the level. If I encounter stairs down, I will proceed down them to complete the task. If I find myself in a loop or unable to progress, I will reconsider my movements and possibly use the 'search' action more frequently to ensure I'm not missing any hidden paths.","message:


language observation:
horizontal wall near north and northwest
stairs up near westnorthwest
dark area very near southeast
horizontal wall very near south and southwest
vertical wall adjacent northeast and east
doorway adjacent southeast

cursor:
Yourself a valkyrie
(x=61, y=5)

map:
                                                                                
                                                   ------------                 
                                                   |..........|                 
                                                   |....<.....|                 
                                                   ..........@|                 
                                                   |...........                 
                                                   ------------                 
                                                                                
                                                                                
                                                                                
                                                                                
                                                                                
                                                                                
                                                                                
                                                                                
                                                                                
                                                                                
                                                                                
                                                                                
                                                                                
                                                                                
Agent the Stripling            St:18/04 Dx:9 Co:18 In:8 Wi:10 Ch:8 Neutral S:0  
Dlvl:1 $:0 HP:16(16) Pw:2(2) AC:6 Xp:1/0                                        

",0.0,False
8,southeast,"To complete the task of reaching the stairs down, I will first review my previous movements and observations to understand the layout of the level. Given that I've been moving east and have encountered a doorway to the southeast, my next steps should focus on exploring this new area thoroughly. Since I've reached a point with a dark area to the southeast and a doorway adjacent to it, my priority is to enter this doorway and explore the area beyond. I should be cautious of potential enemies and traps. If I find stairs down, I will proceed down them immediately. If not, I will continue to explore methodically, using the 'search' action if necessary to uncover hidden doors or passages. My movements should prioritize discovering new areas of the level and avoiding backtracking unless absolutely necessary.","message:


language observation:
stairs up far westnorthwest
horizontal wall near northwest
dark area very near east and southeast
vertical wall adjacent north
dark area adjacent northeast
southeast corner adjacent south
horizontal wall adjacent southwest

cursor:
Yourself a valkyrie
(x=62, y=6)

map:
                                                                                
                                                   ------------                 
                                                   |..........|                 
                                                   |....<.....|                 
                                                   ...........|                 
                                                   |..........@#                
                                                   ------------#                
                                                                                
                                                                                
                                                                                
                                                                                
                                                                                
                                                                                
                                                                                
                                                                                
                                                                                
                                                                                
                                                                                
                                                                                
                                                                                
                                                                                
Agent the Stripling            St:18/04 Dx:9 Co:18 In:8 Wi:10 Ch:8 Neutral S:0  
Dlvl:1 $:0 HP:16(16) Pw:2(2) AC:6 Xp:1/0                                        

",0.0,False
9,south,"To complete the task of reaching the stairs down, I will first review my previous movements and observations. Given that I've been moving east and have encountered a doorway to the southeast, my next steps should focus on exploring this new area thoroughly. Since I've reached a point with a dark area to the southeast and a doorway adjacent to it, my priority is to enter this doorway and explore the area beyond. I should be cautious of potential enemies and traps. If I find stairs down, I will proceed down them immediately. If not, I will continue to explore methodically, using the 'search' action if necessary to uncover hidden doors or passages. My movements should prioritize discovering new areas of the level and avoiding backtracking unless absolutely necessary. I will also keep track of my inventory and use my weapons and shield as needed for defense. Given my current position, I will proceed south to explore the southeastern corner and the dark areas.","message:
It's a wall.

language observation:
stairs up far westnorthwest
horizontal wall near northwest
dark area very near east and southeast
vertical wall adjacent north
dark area adjacent northeast
southeast corner adjacent south
horizontal wall adjacent southwest

cursor:
Yourself a valkyrie
(x=62, y=6)

map:
                                                                                
                                                   ------------                 
                                                   |..........|                 
                                                   |....<.....|                 
                                                   ...........|                 
                                                   |..........@#                
                                                   ------------#                
                                                                                
                                                                                
                                                                                
                                                                                
                                                                                
                                                                                
                                                                                
                                                                                
                                                                                
                                                                                
                                                                                
                                                                                
                                                                                
                                                                                
Agent the Stripling            St:18/04 Dx:9 Co:18 In:8 Wi:10 Ch:8 Neutral S:0  
Dlvl:1 $:0 HP:16(16) Pw:2(2) AC:6 Xp:1/0                                        

",0.0,False
10,east,"To complete the task of reaching the stairs down, I will review my previous movements and observations. Given that I've been moving east and have encountered a doorway to the southeast, my next steps should focus on exploring this new area thoroughly. Since I've reached a point with a dark area to the southeast and a doorway adjacent to it, my priority is to enter this doorway and explore the area beyond. I should be cautious of potential enemies and traps. If I find stairs down, I will proceed down them immediately. If not, I will continue to explore methodically, using the 'search' action if necessary to uncover hidden doors or passages. My movements should prioritize discovering new areas of the level and avoiding backtracking unless absolutely necessary. I will also keep track of my inventory and use my weapons and shield as needed for defense. Given my current position, I will proceed to explore the dark area to the southeast by moving east.","message:


language observation:
stairs up far westnorthwest
dark area very near south
dark area adjacent north, northeast, east, and southeast
southeast corner adjacent southwest
doorway adjacent west
vertical wall adjacent northwest

cursor:
Yourself a valkyrie
(x=63, y=6)

map:
                                                                                
                                                   ------------                 
                                                   |..........|                 
                                                   |....<.....|                 
                                                   ...........|                 
                                                   |...........@                
                                                   ------------#                
                                                                                
                                                                                
                                                                                
                                                                                
                                                                                
                                                                                
                                                                                
                                                                                
                                                                                
                                                                                
                                                                                
                                                                                
                                                                                
                                                                                
Agent the Stripling            St:18/04 Dx:9 Co:18 In:8 Wi:10 Ch:8 Neutral S:0  
Dlvl:1 $:0 HP:16(16) Pw:2(2) AC:6 Xp:1/0                                        

",0.0,False
11,search,"To complete the task of reaching the stairs down, I will first review my previous movements and observations. Given that I've been moving east and have encountered a doorway to the southeast, my next steps should focus on exploring this new area thoroughly. Since I've reached a point with a dark area to the southeast and a doorway adjacent to it, my priority is to enter this doorway and explore the area beyond. I should be cautious of potential enemies and traps. If I find stairs down, I will proceed down them immediately. If not, I will continue to explore methodically, using the 'search' action if necessary to uncover hidden doors or passages. My movements should prioritize discovering new areas of the level and avoiding backtracking unless absolutely necessary. I will also keep track of my inventory and use my weapons and shield as needed for defense. Given my current position, I will proceed to explore the dark area by moving in different directions and using the 'search' action to uncover any hidden doors or passages.","message:


language observation:
stairs up far westnorthwest
dark area very near south
dark area adjacent north, northeast, east, and southeast
southeast corner adjacent southwest
doorway adjacent west
vertical wall adjacent northwest

cursor:
Yourself a valkyrie
(x=63, y=6)

map:
                                                                                
                                                   ------------                 
                                                   |..........|                 
                                                   |....<.....|                 
                                                   ...........|                 
                                                   |...........@                
                                                   ------------#                
                                                                                
                                                                                
                                                                                
                                                                                
                                                                                
                                                                                
                                                                                
                                                                                
                                                                                
                                                                                
                                                                                
                                                                                
                                                                                
                                                                                
Agent the Stripling            St:18/04 Dx:9 Co:18 In:8 Wi:10 Ch:8 Neutral S:0  
Dlvl:1 $:0 HP:16(16) Pw:2(2) AC:6 Xp:1/0                                        

",0.0,False
12,west,"To complete the task of reaching the stairs down, I will methodically explore the level, using my observations to guide my movements. Since I've been moving east and have encountered a doorway, I'll prioritize exploring the area beyond this doorway. I will use the 'search' action to uncover any hidden doors or passages. Given that I have a sword, dagger, and shield, I'm prepared to defend myself if necessary. My goal is to explore the level systematically, avoiding backtracking, and use the 'search' action to discover any hidden paths or stairs. If I find stairs down, I will proceed down them immediately to complete the task.","message:


language observation:
stairs up far westnorthwest
horizontal wall near northwest
dark area very near east and southeast
vertical wall adjacent north
dark area adjacent northeast
southeast corner adjacent south
horizontal wall adjacent southwest

cursor:
Yourself a valkyrie
(x=62, y=6)

map:
                                                                                
                                                   ------------                 
                                                   |..........|                 
                                                   |....<.....|                 
                                                   ...........|                 
                                                   |..........@#                
                                                   ------------#                
                                                                                
                                                                                
                                                                                
                                                                                
                                                                                
                                                                                
                                                                                
                                                                                
                                                                                
                                                                                
                                                                                
                                                                                
                                                                                
                                                                                
Agent the Stripling            St:18/04 Dx:9 Co:18 In:8 Wi:10 Ch:8 Neutral S:0  
Dlvl:1 $:0 HP:16(16) Pw:2(2) AC:6 Xp:1/0                                        

",0.0,False
13,search,"To complete the task of reaching the stairs down, I will methodically explore the level, using my observations to guide my movements. Since I've been moving east and have encountered a doorway, I'll prioritize exploring the area beyond this doorway and the surrounding rooms. I will use the 'search' action to uncover any hidden doors or passages. Given that I have a sword, dagger, and shield, I'm prepared to defend myself if necessary. My goal is to explore the level systematically, avoiding backtracking, and use the 'search' action to discover any hidden paths or stairs. If I find stairs down, I will proceed down them immediately to complete the task. I will also try to move in a way that allows me to see as much of the level as possible, to minimize the chance of missing the stairs down.","message:


language observation:
stairs up far westnorthwest
horizontal wall near northwest
dark area very near east and southeast
vertical wall adjacent north
dark area adjacent northeast
southeast corner adjacent south
horizontal wall adjacent southwest

cursor:
Yourself a valkyrie
(x=62, y=6)

map:
                                                                                
                                                   ------------                 
                                                   |..........|                 
                                                   |....<.....|                 
                                                   ...........|                 
                                                   |..........@#                
                                                   ------------#                
                                                                                
                                                                                
                                                                                
                                                                                
                                                                                
                                                                                
                                                                                
                                                                                
                                                                                
                                                                                
                                                                                
                                                                                
                                                                                
                                                                                
Agent the Stripling            St:18/04 Dx:9 Co:18 In:8 Wi:10 Ch:8 Neutral S:0  
Dlvl:1 $:0 HP:16(16) Pw:2(2) AC:6 Xp:1/0                                        

",0.0,False
14,search,"To complete the task of reaching the stairs down, I will first review my previous observations and note that I have not found the stairs down yet. Since I've been exploring the area and have encountered several walls and doorways, my next step is to continue exploring the level methodically. I will prioritize moving in directions that allow me to see as much of the level as possible and use the 'search' action to uncover any hidden doors or passages. Given that I have a set of equipment, including a sword, dagger, and shield, I'm prepared to defend myself if necessary. I will avoid backtracking and try to move in a way that minimizes the chance of missing the stairs down. If I find a promising pathway or a room that seems unexplored, I will focus on exploring that area first. My overall strategy is to explore the level systematically until I find the stairs down.","message:


language observation:
stairs up far westnorthwest
horizontal wall near northwest
dark area very near east and southeast
vertical wall adjacent north
dark area adjacent northeast
southeast corner adjacent south
horizontal wall adjacent southwest

cursor:
Yourself a valkyrie
(x=62, y=6)

map:
                                                                                
                                                   ------------                 
                                                   |..........|                 
                                                   |....<.....|                 
                                                   ...........|                 
                                                   |..........@#                
                                                   ------------#                
                                                                                
                                                                                
                                                                                
                                                                                
                                                                                
                                                                                
                                                                                
                                                                                
                                                                                
                                                                                
                                                                                
                                                                                
                                                                                
                                                                                
Agent the Stripling            St:18/04 Dx:9 Co:18 In:8 Wi:10 Ch:8 Neutral S:0  
Dlvl:1 $:0 HP:16(16) Pw:2(2) AC:6 Xp:1/0                                        

",0.0,False
15,northwest,"To complete the task of reaching the stairs down, I need to systematically explore the level, utilizing the 'search' action to uncover any hidden doors or passages. Given my current position and observations, I will methodically move in directions that allow me to see as much of the level as possible, prioritizing areas that seem unexplored. Since I've already encountered several walls and doorways, I will use my equipment to defend myself if necessary. The lack of visibility in certain areas indicates the need for careful exploration, possibly requiring the use of the 'search' action to reveal hidden features. My strategy involves avoiding backtracking as much as possible and focusing on moving forward into unexplored areas until I find the stairs down. The presence of stairs up suggests that the stairs down could be located in a different part of the level, potentially requiring me to explore a significant portion of the map.","message:


language observation:
horizontal wall near north and northwest
dark area near southeast
stairs up near westnorthwest
horizontal wall very near south and southwest
vertical wall adjacent northeast and east
doorway adjacent southeast

cursor:
Yourself a valkyrie
(x=61, y=5)

map:
                                                                                
                                                   ------------                 
                                                   |..........|                 
                                                   |....<.....|                 
                                                   ..........@|                 
                                                   |...........#                
                                                   ------------#                
                                                                                
                                                                                
                                                                                
                                                                                
                                                                                
                                                                                
                                                                                
                                                                                
                                                                                
                                                                                
                                                                                
                                                                                
                                                                                
                                                                                
Agent the Stripling            St:18/04 Dx:9 Co:18 In:8 Wi:10 Ch:8 Neutral S:0  
Dlvl:1 $:0 HP:16(16) Pw:2(2) AC:6 Xp:1/0                                        

",0.0,False
16,southeast,"To complete the task of reaching the stairs down, I will systematically explore the level, utilizing the 'search' action to uncover any hidden doors or passages. Given my current position and observations, I will methodically move in directions that allow me to see as much of the level as possible, prioritizing areas that seem unexplored. Since I've already encountered several walls and doorways, I will use my equipment to defend myself if necessary. The lack of visibility in certain areas indicates the need for careful exploration, possibly requiring the use of the 'search' action to reveal hidden features. My strategy involves avoiding backtracking as much as possible and focusing on moving forward into unexplored areas until I find the stairs down. The presence of stairs up suggests that the stairs down could be located in a different part of the level, potentially requiring me to explore a significant portion of the map. I will start by exploring the doorway to the southeast, as it is the most direct path forward from my current position.","message:


language observation:
stairs up far westnorthwest
horizontal wall near northwest
dark area very near east and southeast
vertical wall adjacent north
dark area adjacent northeast
southeast corner adjacent south
horizontal wall adjacent southwest

cursor:
Yourself a valkyrie
(x=62, y=6)

map:
                                                                                
                                                   ------------                 
                                                   |..........|                 
                                                   |....<.....|                 
                                                   ...........|                 
                                                   |..........@#                
                                                   ------------#                
                                                                                
                                                                                
                                                                                
                                                                                
                                                                                
                                                                                
                                                                                
                                                                                
                                                                                
                                                                                
                                                                                
                                                                                
                                                                                
                                                                                
Agent the Stripling            St:18/04 Dx:9 Co:18 In:8 Wi:10 Ch:8 Neutral S:0  
Dlvl:1 $:0 HP:16(16) Pw:2(2) AC:6 Xp:1/0                                        

",0.0,False
17,northwest,"To complete the task of reaching the stairs down, I will systematically explore the level, utilizing the 'search' action to uncover any hidden doors or passages. Given my current position and observations, I will methodically move in directions that allow me to see as much of the level as possible, prioritizing areas that seem unexplored. Since I've already encountered several walls and doorways, I will use my equipment to defend myself if necessary. The lack of visibility in certain areas indicates the need for careful exploration, possibly requiring the use of the 'search' action to reveal hidden features. My strategy involves avoiding backtracking as much as possible and focusing on moving forward into unexplored areas until I find the stairs down. The presence of stairs up suggests that the stairs down could be located in a different part of the level, potentially requiring me to explore a significant portion of the map.","message:


language observation:
horizontal wall near north and northwest
dark area near southeast
stairs up near westnorthwest
horizontal wall very near south and southwest
vertical wall adjacent northeast and east
doorway adjacent southeast

cursor:
Yourself a valkyrie
(x=61, y=5)

map:
                                                                                
                                                   ------------                 
                                                   |..........|                 
                                                   |....<.....|                 
                                                   ..........@|                 
                                                   |...........#                
                                                   ------------#                
                                                                                
                                                                                
                                                                                
                                                                                
                                                                                
                                                                                
                                                                                
                                                                                
                                                                                
                                                                                
                                                                                
                                                                                
                                                                                
                                                                                
Agent the Stripling            St:18/04 Dx:9 Co:18 In:8 Wi:10 Ch:8 Neutral S:0  
Dlvl:1 $:0 HP:16(16) Pw:2(2) AC:6 Xp:1/0                                        

",0.0,False
18,southeast,"To complete the task of reaching the stairs down, I will systematically explore the level, utilizing the 'search' action to uncover any hidden doors or passages. Given my current position and observations, I will methodically move in directions that allow me to see as much of the level as possible, prioritizing areas that seem unexplored. Since I've already encountered several walls and doorways, I will use my equipment to defend myself if necessary. The lack of visibility in certain areas indicates the need for careful exploration, possibly requiring the use of the 'search' action to reveal hidden features. My strategy involves avoiding backtracking as much as possible and focusing on moving forward into unexplored areas until I find the stairs down. The presence of stairs up suggests that the stairs down could be located in a different part of the level, potentially requiring me to explore a significant portion of the map. I will start by exploring the southeast direction, as it appears to be a doorway, and then proceed to explore other areas based on the observations I gather.","message:


language observation:
stairs up far westnorthwest
horizontal wall near northwest
dark area very near east and southeast
vertical wall adjacent north
dark area adjacent northeast
southeast corner adjacent south
horizontal wall adjacent southwest

cursor:
Yourself a valkyrie
(x=62, y=6)

map:
                                                                                
                                                   ------------                 
                                                   |..........|                 
                                                   |....<.....|                 
                                                   ...........|                 
                                                   |..........@#                
                                                   ------------#                
                                                                                
                                                                                
                                                                                
                                                                                
                                                                                
                                                                                
                                                                                
                                                                                
                                                                                
                                                                                
                                                                                
                                                                                
                                                                                
                                                                                
Agent the Stripling            St:18/04 Dx:9 Co:18 In:8 Wi:10 Ch:8 Neutral S:0  
Dlvl:1 $:0 HP:16(16) Pw:2(2) AC:6 Xp:1/0                                        

",0.0,False
19,northwest,"To complete the task of reaching the stairs down, I will first review my previous observations to identify any patterns or unexplored areas. Given the map layout and the presence of stairs up, it's likely that the stairs down are located in a different part of the level. My plan involves systematically exploring the level, using the 'search' action to uncover hidden doors or passages, and avoiding backtracking as much as possible. I will prioritize moving into unexplored areas, using my equipment to defend myself if necessary. Since I've already encountered several walls and doorways, I will use these features to guide my exploration, potentially using the 'kick' action if I encounter locked doors or chests. The ultimate goal is to methodically cover as much of the level as possible until I find the stairs down, which could be hidden behind a secret door or located in a corner of the map that I haven't explored yet.","message:


language observation:
horizontal wall near north and northwest
dark area near southeast
stairs up near westnorthwest
horizontal wall very near south and southwest
vertical wall adjacent northeast and east
doorway adjacent southeast

cursor:
Yourself a valkyrie
(x=61, y=5)

map:
                                                                                
                                                   ------------                 
                                                   |..........|                 
                                                   |....<.....|                 
                                                   ..........@|                 
                                                   |...........#                
                                                   ------------#                
                                                                                
                                                                                
                                                                                
                                                                                
                                                                                
                                                                                
                                                                                
                                                                                
                                                                                
                                                                                
                                                                                
                                                                                
                                                                                
                                                                                
Agent the Stripling            St:18/04 Dx:9 Co:18 In:8 Wi:10 Ch:8 Neutral S:0  
Dlvl:1 $:0 HP:16(16) Pw:2(2) AC:6 Xp:1/0                                        

",0.0,False
20,northwest,"To complete the task of reaching the stairs down, I will systematically explore the level, using the 'search' action to uncover hidden doors or passages. Given the layout of the map and the presence of stairs up, it's likely that the stairs down are located in a different part of the level. I will prioritize moving into unexplored areas, using my equipment to defend myself if necessary. Since I've already encountered several walls and doorways, I will use these features to guide my exploration. The 'kick' action will be used if I encounter locked doors or chests. The ultimate goal is to methodically cover as much of the level as possible until I find the stairs down, potentially hidden behind a secret door or in an unexplored corner of the map.","message:


language observation:
vertical wall far west
dark area near southeast
horizontal wall near south and southwest
stairs up near west
horizontal wall very near north and northwest
northeast room corner very near northeast
vertical wall very near east
doorway very near southeast

cursor:
Yourself a valkyrie
(x=60, y=4)

map:
                                                                                
                                                   ------------                 
                                                   |..........|                 
                                                   |....<...@.|                 
                                                   ...........|                 
                                                   |...........#                
                                                   ------------#                
                                                                                
                                                                                
                                                                                
                                                                                
                                                                                
                                                                                
                                                                                
                                                                                
                                                                                
                                                                                
                                                                                
                                                                                
                                                                                
                                                                                
Agent the Stripling            St:18/04 Dx:9 Co:18 In:8 Wi:10 Ch:8 Neutral S:0  
Dlvl:1 $:0 HP:16(16) Pw:2(2) AC:6 Xp:1/0                                        

",0.0,False
21,southeast,"To complete the task of reaching the stairs down, I will systematically explore the level, using the 'search' action to uncover hidden doors or passages. Given the layout of the map and the presence of stairs up, it's likely that the stairs down are located in a different part of the level. I will prioritize moving into unexplored areas, using my equipment to defend myself if necessary. Since I've already encountered several walls and doorways, I will use these features to guide my exploration. The 'kick' action will be used if I encounter locked doors or chests. The ultimate goal is to methodically cover as much of the level as possible until I find the stairs down, potentially hidden behind a secret door or in an unexplored corner of the map. I will start by exploring the southeast direction, as it seems to be the most promising path based on my current observations.","message:


language observation:
horizontal wall near north and northwest
dark area near southeast
stairs up near westnorthwest
horizontal wall very near south and southwest
vertical wall adjacent northeast and east
doorway adjacent southeast

cursor:
Yourself a valkyrie
(x=61, y=5)

map:
                                                                                
                                                   ------------                 
                                                   |..........|                 
                                                   |....<.....|                 
                                                   ..........@|                 
                                                   |...........#                
                                                   ------------#                
                                                                                
                                                                                
                                                                                
                                                                                
                                                                                
                                                                                
                                                                                
                                                                                
                                                                                
                                                                                
                                                                                
                                                                                
                                                                                
                                                                                
Agent the Stripling            St:18/04 Dx:9 Co:18 In:8 Wi:10 Ch:8 Neutral S:0  
Dlvl:1 $:0 HP:16(16) Pw:2(2) AC:6 Xp:1/0                                        

",0.0,False
22,southeast,"To complete the task of reaching the stairs down, I need to systematically explore the level. Given that I've been moving in a loop between certain areas, my first priority is to break this cycle by trying a different approach. Since the stairs up are located near the westnorthwest, it's possible that the stairs down are in the opposite direction. However, without a clear path or indication of where the stairs down might be, I must rely on exploration and the use of the 'search' action to uncover hidden doors or passages. My initial steps should focus on methodically exploring the uncharted territories of the map, utilizing the 'search' action frequently to maximize my chances of discovering a new path or the stairs down. Given my current position and the layout of the observed map, moving southeast seems like a reasonable next step, as it potentially leads into unexplored areas or towards the stairs down.","message:


language observation:
stairs up far westnorthwest
horizontal wall near northwest
dark area very near east and southeast
vertical wall adjacent north
dark area adjacent northeast
southeast corner adjacent south
horizontal wall adjacent southwest

cursor:
Yourself a valkyrie
(x=62, y=6)

map:
                                                                                
                                                   ------------                 
                                                   |..........|                 
                                                   |....<.....|                 
                                                   ...........|                 
                                                   |..........@#                
                                                   ------------#                
                                                                                
                                                                                
                                                                                
                                                                                
                                                                                
                                                                                
                                                                                
                                                                                
                                                                                
                                                                                
                                                                                
                                                                                
                                                                                
                                                                                
Agent the Stripling            St:18/04 Dx:9 Co:18 In:8 Wi:10 Ch:8 Neutral S:0  
Dlvl:1 $:0 HP:16(16) Pw:2(2) AC:6 Xp:1/0                                        

",0.0,False
23,northwest,"To complete the task of reaching the stairs down, I will methodically explore the level, utilizing the 'search' action to uncover hidden doors or passages. Given the cyclical nature of my previous movements, I will prioritize breaking this cycle by exploring uncharted territories. The stairs up are located near the westnorthwest, so I will explore in the opposite direction and adjacent areas. I will use my weapons and shield for defense if needed. My goal is to find a new path or the stairs down by systematically searching and moving through the level.","message:


language observation:
horizontal wall near north and northwest
dark area near southeast
stairs up near westnorthwest
horizontal wall very near south and southwest
vertical wall adjacent northeast and east
doorway adjacent southeast

cursor:
Yourself a valkyrie
(x=61, y=5)

map:
                                                                                
                                                   ------------                 
                                                   |..........|                 
                                                   |....<.....|                 
                                                   ..........@|                 
                                                   |...........#                
                                                   ------------#                
                                                                                
                                                                                
                                                                                
                                                                                
                                                                                
                                                                                
                                                                                
                                                                                
                                                                                
                                                                                
                                                                                
                                                                                
                                                                                
                                                                                
Agent the Stripling            St:18/04 Dx:9 Co:18 In:8 Wi:10 Ch:8 Neutral S:0  
Dlvl:1 $:0 HP:16(16) Pw:2(2) AC:6 Xp:1/0                                        

",0.0,False
24,southeast,"To complete the task of reaching the stairs down, I need to break the cycle of movements that have been repeating. Since the stairs up are located near the westnorthwest, I should explore in the opposite direction and adjacent areas. I will prioritize using the 'search' action to uncover hidden doors or passages. My goal is to find a new path or the stairs down by systematically searching and moving through the level. Given the layout, moving southeast seems like a potential path to explore new areas. I will also consider using my surroundings to my advantage, such as using the doorway adjacent to the southeast to potentially find new paths or items.","message:


language observation:
stairs up far westnorthwest
horizontal wall near northwest
dark area very near east and southeast
vertical wall adjacent north
dark area adjacent northeast
southeast corner adjacent south
horizontal wall adjacent southwest

cursor:
Yourself a valkyrie
(x=62, y=6)

map:
                                                                                
                                                   ------------                 
                                                   |..........|                 
                                                   |....<.....|                 
                                                   ...........|                 
                                                   |..........@#                
                                                   ------------#                
                                                                                
                                                                                
                                                                                
                                                                                
                                                                                
                                                                                
                                                                                
                                                                                
                                                                                
                                                                                
                                                                                
                                                                                
                                                                                
                                                                                
Agent the Stripling            St:18/04 Dx:9 Co:18 In:8 Wi:10 Ch:8 Neutral S:0  
Dlvl:1 $:0 HP:16(16) Pw:2(2) AC:6 Xp:1/0                                        

",0.0,False
25,search,"To complete the task of reaching the stairs down, I need to break the cycle of movements that have been repeating. Since the stairs up are located near the westnorthwest, I should explore in the opposite direction and adjacent areas. I will prioritize using the 'search' action to uncover hidden doors or passages. My goal is to find a new path or the stairs down by systematically searching and moving through the level. Given the layout, moving southeast seems like a potential path to explore new areas. I will also consider using my surroundings to my advantage, such as using the doorway adjacent to the southeast to potentially find new paths or items. I should avoid repeating the same actions that led to the cycle and focus on exploring new areas of the map.","message:


language observation:
stairs up far westnorthwest
horizontal wall near northwest
dark area very near east and southeast
vertical wall adjacent north
dark area adjacent northeast
southeast corner adjacent south
horizontal wall adjacent southwest

cursor:
Yourself a valkyrie
(x=62, y=6)

map:
                                                                                
                                                   ------------                 
                                                   |..........|                 
                                                   |....<.....|                 
                                                   ...........|                 
                                                   |..........@#                
                                                   ------------#                
                                                                                
                                                                                
                                                                                
                                                                                
                                                                                
                                                                                
                                                                                
                                                                                
                                                                                
                                                                                
                                                                                
                                                                                
                                                                                
                                                                                
Agent the Stripling            St:18/04 Dx:9 Co:18 In:8 Wi:10 Ch:8 Neutral S:0  
Dlvl:1 $:0 HP:16(16) Pw:2(2) AC:6 Xp:1/0                                        

",0.0,False
26,search,"To complete the task of reaching the stairs down, I need to break the cycle of movements that have been repeating. Since the stairs up are located near the westnorthwest, I should explore in the opposite direction and adjacent areas. I will prioritize using the 'search' action to uncover hidden doors or passages. My goal is to find a new path or the stairs down by systematically searching and moving through the level. Given the layout, moving southeast seems like a potential path to explore new areas. I will also consider using my surroundings to my advantage, such as using the doorway adjacent to the southeast to potentially find new paths or items. I should avoid repeating the same actions that led to the cycle and focus on exploring new areas of the map. I will methodically explore the level, using the 'search' action frequently, and move in a direction that is likely to lead me to the stairs down, which is generally southeast or south.","message:


language observation:
stairs up far westnorthwest
horizontal wall near northwest
dark area very near east and southeast
vertical wall adjacent north
dark area adjacent northeast
southeast corner adjacent south
horizontal wall adjacent southwest

cursor:
Yourself a valkyrie
(x=62, y=6)

map:
                                                                                
                                                   ------------                 
                                                   |..........|                 
                                                   |....<.....|                 
                                                   ...........|                 
                                                   |..........@#                
                                                   ------------#                
                                                                                
                                                                                
                                                                                
                                                                                
                                                                                
                                                                                
                                                                                
                                                                                
                                                                                
                                                                                
                                                                                
                                                                                
                                                                                
                                                                                
Agent the Stripling            St:18/04 Dx:9 Co:18 In:8 Wi:10 Ch:8 Neutral S:0  
Dlvl:1 $:0 HP:16(16) Pw:2(2) AC:6 Xp:1/0                                        

",0.0,False
27,search,"To complete the task of reaching the stairs down, I need to break the cycle of movements that have been repeating. Since the stairs up are located near the westnorthwest, I should explore in the opposite direction and adjacent areas. I will prioritize using the 'search' action to uncover hidden doors or passages. My goal is to find a new path or the stairs down by systematically searching and moving through the level. Given the layout, moving southeast seems like a potential path to explore new areas. I will also consider using my surroundings to my advantage, such as using the doorway adjacent to the southeast to potentially find new paths or items. I should avoid repeating the same actions that led to the cycle and focus on exploring new areas of the map. I will methodically explore the level, using the 'search' action frequently, and move in a direction that is likely to lead me to the stairs down, which is generally southeast or south. I will start by searching the current area to see if there are any hidden doors or passages that can be revealed.","message:


language observation:
stairs up far westnorthwest
horizontal wall near northwest
dark area very near east and southeast
vertical wall adjacent north
dark area adjacent northeast
southeast corner adjacent south
horizontal wall adjacent southwest

cursor:
Yourself a valkyrie
(x=62, y=6)

map:
                                                                                
                                                   ------------                 
                                                   |..........|                 
                                                   |....<.....|                 
                                                   ...........|                 
                                                   |..........@#                
                                                   ------------#                
                                                                                
                                                                                
                                                                                
                                                                                
                                                                                
                                                                                
                                                                                
                                                                                
                                                                                
                                                                                
                                                                                
                                                                                
                                                                                
                                                                                
Agent the Stripling            St:18/04 Dx:9 Co:18 In:8 Wi:10 Ch:8 Neutral S:0  
Dlvl:1 $:0 HP:16(16) Pw:2(2) AC:6 Xp:1/0                                        

",0.0,False
28,southeast,"To complete the task of reaching the stairs down, I need to break the cycle of movements that have been repeating. Since the stairs up are located near the westnorthwest, I should explore in the opposite direction and adjacent areas. I will prioritize using the 'search' action to uncover hidden doors or passages. My goal is to find a new path or the stairs down by systematically searching and moving through the level. Given the layout, moving southeast seems like a potential path to explore new areas. I will also consider using my surroundings to my advantage, such as using the doorway adjacent to the southeast to potentially find new paths or items. I should avoid repeating the same actions that led to the cycle and focus on exploring new areas of the map. I will methodically explore the level, using the 'search' action frequently, and move in a direction that is likely to lead me to the stairs down, which is generally southeast or south.","message:


language observation:
stairs up far westnorthwest
horizontal wall near northwest
dark area very near north, southeast, and south
dark area adjacent northeast, east, and southwest
southeast corner adjacent west
doorway adjacent northwest

cursor:
Yourself a valkyrie
(x=63, y=7)

map:
                                                                                
                                                   ------------                 
                                                   |..........|                 
                                                   |....<.....|                 
                                                   ...........|                 
                                                   |...........#                
                                                   ------------@                
                                                               ##               
                                                                                
                                                                                
                                                                                
                                                                                
                                                                                
                                                                                
                                                                                
                                                                                
                                                                                
                                                                                
                                                                                
                                                                                
                                                                                
Agent the Stripling            St:18/04 Dx:9 Co:18 In:8 Wi:10 Ch:8 Neutral S:0  
Dlvl:1 $:0 HP:16(16) Pw:2(2) AC:6 Xp:1/0                                        

",0.0,False
29,search,"To complete the task, I will first review my previous observations to identify any patterns or clues that could help me reach the stairs down. Since the stairs up are located near the westnorthwest, I will prioritize exploring in the opposite direction. I have been moving in a cycle between the same locations, so I need to break this cycle by trying new movements or using the 'search' action to uncover hidden doors or passages. Given the layout and the fact that I have a doorway adjacent to the northwest, I will explore this area and use the 'search' action frequently to uncover any hidden paths. My goal is to methodically explore the level, using my surroundings to my advantage, and find a new path that could lead me to the stairs down. I will avoid repeating the same actions that led to the cycle and focus on exploring new areas of the map.","message:


language observation:
stairs up far westnorthwest
horizontal wall near northwest
dark area very near north, southeast, and south
dark area adjacent northeast, east, and southwest
southeast corner adjacent west
doorway adjacent northwest

cursor:
Yourself a valkyrie
(x=63, y=7)

map:
                                                                                
                                                   ------------                 
                                                   |..........|                 
                                                   |....<.....|                 
                                                   ...........|                 
                                                   |...........#                
                                                   ------------@                
                                                               ##               
                                                                                
                                                                                
                                                                                
                                                                                
                                                                                
                                                                                
                                                                                
                                                                                
                                                                                
                                                                                
                                                                                
                                                                                
                                                                                
Agent the Stripling            St:18/04 Dx:9 Co:18 In:8 Wi:10 Ch:8 Neutral S:0  
Dlvl:1 $:0 HP:16(16) Pw:2(2) AC:6 Xp:1/0                                        

",0.0,False
30,search,"To complete the task, I will first review my previous observations to identify any patterns or clues that could help me reach the stairs down. Since the stairs up are located near the westnorthwest, I will prioritize exploring in the opposite direction. Given the cyclical nature of my previous movements, I will use the 'search' action frequently to uncover hidden doors or passages. The presence of a doorway adjacent to the northwest suggests a potential path for exploration. I will methodically explore the level, using my surroundings to my advantage, and avoid repeating the same actions that led to the cycle. My goal is to uncover a new path that could lead me to the stairs down. The 'search' action will be crucial in uncovering hidden paths or doors that are not immediately visible. By exploring systematically and using the 'search' action, I aim to break the cycle of repeated movements and find a way to progress towards the stairs down.","message:


language observation:
stairs up far westnorthwest
horizontal wall near northwest
dark area very near north, southeast, and south
dark area adjacent northeast, east, and southwest
southeast corner adjacent west
doorway adjacent northwest

cursor:
Yourself a valkyrie
(x=63, y=7)

map:
                                                                                
                                                   ------------                 
                                                   |..........|                 
                                                   |....<.....|                 
                                                   ...........|                 
                                                   |...........#                
                                                   ------------@                
                                                               ##               
                                                                                
                                                                                
                                                                                
                                                                                
                                                                                
                                                                                
                                                                                
                                                                                
                                                                                
                                                                                
                                                                                
                                                                                
                                                                                
Agent the Stripling            St:18/04 Dx:9 Co:18 In:8 Wi:10 Ch:8 Neutral S:0  
Dlvl:1 $:0 HP:16(16) Pw:2(2) AC:6 Xp:1/0                                        

",0.0,False
31,northwest,"To complete the task, I will first try to break the cycle of movements by exploring the unvisited areas. Since the stairs up are located near the westnorthwest, I will prioritize exploring in the opposite direction. I will use the 'search' action frequently to uncover hidden doors or passages. If I find a hidden door or passage, I will explore it. If not, I will try to move in different directions to uncover new areas. My goal is to find the stairs down, which is likely to be located in a different part of the level. I will avoid repeating the same actions that led to the cycle and try to find a new path.","message:


language observation:
stairs up far westnorthwest
dark area near southeast
horizontal wall near northwest
dark area very near east
vertical wall adjacent north
dark area adjacent northeast
southeast corner adjacent south
horizontal wall adjacent southwest

cursor:
Yourself a valkyrie
(x=62, y=6)

map:
                                                                                
                                                   ------------                 
                                                   |..........|                 
                                                   |....<.....|                 
                                                   ...........|                 
                                                   |..........@#                
                                                   ------------#                
                                                               ##               
                                                                                
                                                                                
                                                                                
                                                                                
                                                                                
                                                                                
                                                                                
                                                                                
                                                                                
                                                                                
                                                                                
                                                                                
                                                                                
Agent the Stripling            St:18/04 Dx:9 Co:18 In:8 Wi:10 Ch:8 Neutral S:0  
Dlvl:1 $:0 HP:16(16) Pw:2(2) AC:6 Xp:1/0                                        

",0.0,False
32,southeast,"To complete the task, I need to explore the level and find the stairs down. Since I've been moving in a cycle, I should try to break it by exploring unvisited areas. I will use the 'search' action frequently to uncover hidden doors or passages. If I find a hidden door or passage, I will explore it. If not, I will try to move in different directions to uncover new areas. I will prioritize moving away from the stairs up, which are located near the westnorthwest. My goal is to find the stairs down, which is likely to be located in a different part of the level. I will avoid repeating the same actions that led to the cycle and try to find a new path. I will start by moving southeast to enter the dark area and see if I can find any new information or passages.","message:


language observation:
stairs up far westnorthwest
horizontal wall near northwest
dark area very near north, southeast, and south
dark area adjacent northeast, east, and southwest
southeast corner adjacent west
doorway adjacent northwest

cursor:
Yourself a valkyrie
(x=63, y=7)

map:
                                                                                
                                                   ------------                 
                                                   |..........|                 
                                                   |....<.....|                 
                                                   ...........|                 
                                                   |...........#                
                                                   ------------@                
                                                               ##               
                                                                                
                                                                                
                                                                                
                                                                                
                                                                                
                                                                                
                                                                                
                                                                                
                                                                                
                                                                                
                                                                                
                                                                                
                                                                                
Agent the Stripling            St:18/04 Dx:9 Co:18 In:8 Wi:10 Ch:8 Neutral S:0  
Dlvl:1 $:0 HP:16(16) Pw:2(2) AC:6 Xp:1/0                                        

",0.0,False
33,search,"To complete the task, I need to explore the level and find the stairs down. Since I've been moving in a cycle, I should try to break it by exploring unvisited areas. I will use the 'search' action frequently to uncover hidden doors or passages. If I find a hidden door or passage, I will explore it. If not, I will try to move in different directions to uncover new areas. I will prioritize moving away from the stairs up, which are located near the westnorthwest. My goal is to find the stairs down, which is likely to be located in a different part of the level. I will avoid repeating the same actions that led to the cycle and try to find a new path. I will start by searching my current location to see if there are any hidden doors or passages that I can use to progress.","message:


language observation:
stairs up far westnorthwest
horizontal wall near northwest
dark area very near north, southeast, and south
dark area adjacent northeast, east, and southwest
southeast corner adjacent west
doorway adjacent northwest

cursor:
Yourself a valkyrie
(x=63, y=7)

map:
                                                                                
                                                   ------------                 
                                                   |..........|                 
                                                   |....<.....|                 
                                                   ...........|                 
                                                   |...........#                
                                                   ------------@                
                                                               ##               
                                                                                
                                                                                
                                                                                
                                                                                
                                                                                
                                                                                
                                                                                
                                                                                
                                                                                
                                                                                
                                                                                
                                                                                
                                                                                
Agent the Stripling            St:18/04 Dx:9 Co:18 In:8 Wi:10 Ch:8 Neutral S:0  
Dlvl:1 $:0 HP:16(16) Pw:2(2) AC:6 Xp:1/0                                        

",0.0,False
34,search,"To complete the task, I will first review my previous observations to identify any patterns or clues that could help me find the stairs down. Since I've been moving in a cycle, I'll try to break it by exploring unvisited areas. I'll use the 'search' action frequently to uncover hidden doors or passages. If I find a hidden door or passage, I'll explore it. If not, I'll try to move in different directions to uncover new areas. I'll prioritize moving away from the stairs up, which are located near the westnorthwest. My goal is to find the stairs down, which is likely to be located in a different part of the level. I'll avoid repeating the same actions that led to the cycle and try to find a new path. I'll start by searching my current location to see if there are any hidden doors or passages that I can use to progress. Then, I'll move in a direction that is likely to lead me to unexplored areas, such as southeast, to see if I can find any new clues or paths.","message:


language observation:
stairs up far westnorthwest
horizontal wall near northwest
dark area very near north, southeast, and south
dark area adjacent northeast, east, and southwest
southeast corner adjacent west
doorway adjacent northwest

cursor:
Yourself a valkyrie
(x=63, y=7)

map:
                                                                                
                                                   ------------                 
                                                   |..........|                 
                                                   |....<.....|                 
                                                   ...........|                 
                                                   |...........#                
                                                   ------------@                
                                                               ##               
                                                                                
                                                                                
                                                                                
                                                                                
                                                                                
                                                                                
                                                                                
                                                                                
                                                                                
                                                                                
                                                                                
                                                                                
                                                                                
Agent the Stripling            St:18/04 Dx:9 Co:18 In:8 Wi:10 Ch:8 Neutral S:0  
Dlvl:1 $:0 HP:16(16) Pw:2(2) AC:6 Xp:1/0                                        

",0.0,False
35,southeast,"To complete the task, I will review my previous observations and try to break the cycle of movements that led me back to the same location. Since I have a map of my surroundings, I'll analyze it to identify any patterns or clues that could help me find the stairs down. I notice that the stairs up are located near the westnorthwest, so I'll try to move in the opposite direction to increase my chances of finding the stairs down. I'll use the 'search' action frequently to uncover hidden doors or passages that could lead me to new areas. If I find a hidden door or passage, I'll explore it. If not, I'll try to move in different directions to uncover new areas. My goal is to find the stairs down, which is likely to be located in a different part of the level. I'll prioritize moving away from the stairs up and try to find a new path. Given my current location and the layout of the map, my first action will be to move southeast to see if I can find any new clues or paths.","message:


language observation:
stairs up far westnorthwest
horizontal wall far northwest
dark area very near south and west
doorway very near northwest
dark area adjacent north, northeast, east, southeast, and southwest

cursor:
Yourself a valkyrie
(x=64, y=8)

map:
                                                                                
                                                   ------------                 
                                                   |..........|                 
                                                   |....<.....|                 
                                                   ...........|                 
                                                   |...........#                
                                                   ------------#                
                                                               #@               
                                                                #               
                                                                                
                                                                                
                                                                                
                                                                                
                                                                                
                                                                                
                                                                                
                                                                                
                                                                                
                                                                                
                                                                                
                                                                                
Agent the Stripling            St:18/04 Dx:9 Co:18 In:8 Wi:10 Ch:8 Neutral S:0  
Dlvl:1 $:0 HP:16(16) Pw:2(2) AC:6 Xp:1/0                                        

",0.0,False
36,northwest,"To complete the task, I will review my previous observations and try to break the cycle of movements that led me back to the same location. Since I have a map of my surroundings, I'll analyze it to identify any patterns or clues that could help me find the stairs down. I notice that the stairs up are located near the westnorthwest, so I'll try to move in the opposite direction to increase my chances of finding the stairs down. I'll use the 'search' action frequently to uncover hidden doors or passages that could lead me to new areas. If I find a hidden door or passage, I'll explore it. If not, I'll try to move in different directions to uncover new areas. My goal is to find the stairs down, which is likely to be located in a different part of the level. I'll prioritize moving away from the stairs up and try to find a new path. Given my current location and the layout of the map, my first action will be to move in a direction that takes me away from the stairs up and towards the unexplored areas of the map.","message:


language observation:
stairs up far westnorthwest
horizontal wall near northwest
dark area very near north, southeast, and south
dark area adjacent northeast, east, and southwest
southeast corner adjacent west
doorway adjacent northwest

cursor:
Yourself a valkyrie
(x=63, y=7)

map:
                                                                                
                                                   ------------                 
                                                   |..........|                 
                                                   |....<.....|                 
                                                   ...........|                 
                                                   |...........#                
                                                   ------------@                
                                                               ##               
                                                                #               
                                                                                
                                                                                
                                                                                
                                                                                
                                                                                
                                                                                
                                                                                
                                                                                
                                                                                
                                                                                
                                                                                
                                                                                
Agent the Stripling            St:18/04 Dx:9 Co:18 In:8 Wi:10 Ch:8 Neutral S:0  
Dlvl:1 $:0 HP:16(16) Pw:2(2) AC:6 Xp:1/0                                        

",0.0,False
37,northwest,"To complete the task, I will review my previous observations and try to break the cycle of movements that led me back to the same location. Since I have a map of my surroundings, I'll analyze it to identify any patterns or clues that could help me find the stairs down. I notice that the stairs up are located near the westnorthwest, so I'll try to move in the opposite direction to increase my chances of finding the stairs down. I'll use the 'search' action frequently to uncover hidden doors or passages that could lead me to new areas. If I find a hidden door or passage, I'll explore it. If not, I'll try to move in different directions to uncover new areas. My goal is to find the stairs down, which is likely to be located in a different part of the level. I'll prioritize moving away from the stairs up and try to find a new path. Given my current location and the layout of the map, my first action will be to move in a direction that takes me away from the stairs up and towards the unexplored areas of the map.","message:


language observation:
stairs up far westnorthwest
dark area near southeast
horizontal wall near northwest
dark area very near east
vertical wall adjacent north
dark area adjacent northeast
southeast corner adjacent south
horizontal wall adjacent southwest

cursor:
Yourself a valkyrie
(x=62, y=6)

map:
                                                                                
                                                   ------------                 
                                                   |..........|                 
                                                   |....<.....|                 
                                                   ...........|                 
                                                   |..........@#                
                                                   ------------#                
                                                               ##               
                                                                #               
                                                                                
                                                                                
                                                                                
                                                                                
                                                                                
                                                                                
                                                                                
                                                                                
                                                                                
                                                                                
                                                                                
                                                                                
Agent the Stripling            St:18/04 Dx:9 Co:18 In:8 Wi:10 Ch:8 Neutral S:0  
Dlvl:1 $:0 HP:16(16) Pw:2(2) AC:6 Xp:1/0                                        

",0.0,False
38,southeast,"To complete the task, I will first review my previous observations to identify any patterns or clues that could help me find the stairs down. Since I have a map of my surroundings, I'll analyze it to identify any unexplored areas or potential paths that could lead me to the stairs down. I notice that the stairs up are located near the westnorthwest, so I'll try to move in the opposite direction to increase my chances of finding the stairs down. I'll use the 'search' action frequently to uncover hidden doors or passages that could lead me to new areas. If I find a hidden door or passage, I'll explore it. If not, I'll try to move in different directions to uncover new areas. My goal is to find the stairs down, which is likely to be located in a different part of the level. I'll prioritize moving away from the stairs up and try to find a new path. Given my current location and the layout of the map, my first action will be to move in a direction that takes me away from the stairs up and towards the unexplored areas of the map. I'll also keep track of my inventory and make sure to use my items wisely in case I encounter any enemies or obstacles.","message:


language observation:
stairs up far westnorthwest
horizontal wall near northwest
dark area very near north, southeast, and south
dark area adjacent northeast, east, and southwest
southeast corner adjacent west
doorway adjacent northwest

cursor:
Yourself a valkyrie
(x=63, y=7)

map:
                                                                                
                                                   ------------                 
                                                   |..........|                 
                                                   |....<.....|                 
                                                   ...........|                 
                                                   |...........#                
                                                   ------------@                
                                                               ##               
                                                                #               
                                                                                
                                                                                
                                                                                
                                                                                
                                                                                
                                                                                
                                                                                
                                                                                
                                                                                
                                                                                
                                                                                
                                                                                
Agent the Stripling            St:18/04 Dx:9 Co:18 In:8 Wi:10 Ch:8 Neutral S:0  
Dlvl:1 $:0 HP:16(16) Pw:2(2) AC:6 Xp:1/0                                        

",0.0,False
39,northwest,"To complete the task, I will first try to gather more information about my surroundings by moving in different directions and using the 'search' action to uncover hidden doors or passages. Since I have a map of my current location, I'll analyze it to identify any unexplored areas or potential paths that could lead me to the stairs down. I notice that the stairs up are located near the westnorthwest, so I'll try to move in the opposite direction to increase my chances of finding the stairs down. I'll prioritize moving away from the stairs up and try to find a new path. Given my current location and the layout of the map, my first action will be to move in a direction that takes me away from the stairs up and towards the unexplored areas of the map. I'll also keep track of my inventory and make sure to use my items wisely in case I encounter any enemies or obstacles. My overall goal is to explore the level, gather information, and find the stairs down.","message:


language observation:
stairs up far westnorthwest
dark area near southeast
horizontal wall near northwest
dark area very near east
vertical wall adjacent north
dark area adjacent northeast
southeast corner adjacent south
horizontal wall adjacent southwest

cursor:
Yourself a valkyrie
(x=62, y=6)

map:
                                                                                
                                                   ------------                 
                                                   |..........|                 
                                                   |....<.....|                 
                                                   ...........|                 
                                                   |..........@#                
                                                   ------------#                
                                                               ##               
                                                                #               
                                                                                
                                                                                
                                                                                
                                                                                
                                                                                
                                                                                
                                                                                
                                                                                
                                                                                
                                                                                
                                                                                
                                                                                
Agent the Stripling            St:18/04 Dx:9 Co:18 In:8 Wi:10 Ch:8 Neutral S:0  
Dlvl:1 $:0 HP:16(16) Pw:2(2) AC:6 Xp:1/0                                        

",0.0,False
40,southeast,"To complete the task, I will first review my previous observations to identify any patterns or useful information. I notice that the stairs up are located far westnorthwest, and my goal is to find the stairs down. Since I have a map of my current location, I'll analyze it to identify any unexplored areas or potential paths that could lead me to the stairs down. I'll prioritize moving away from the stairs up and try to find a new path. Given my current location and the layout of the map, I'll try to move in a direction that takes me away from the stairs up and towards the unexplored areas of the map. I'll also keep track of my inventory and make sure to use my items wisely in case I encounter any enemies or obstacles. My overall goal is to explore the level, gather information, and find the stairs down. I'll use the 'search' action to uncover hidden doors or passages and try to move in different directions to gather more information about my surroundings.","message:


language observation:
stairs up far westnorthwest
horizontal wall near northwest
dark area very near north, southeast, and south
dark area adjacent northeast, east, and southwest
southeast corner adjacent west
doorway adjacent northwest

cursor:
Yourself a valkyrie
(x=63, y=7)

map:
                                                                                
                                                   ------------                 
                                                   |..........|                 
                                                   |....<.....|                 
                                                   ...........|                 
                                                   |...........#                
                                                   ------------@                
                                                               ##               
                                                                #               
                                                                                
                                                                                
                                                                                
                                                                                
                                                                                
                                                                                
                                                                                
                                                                                
                                                                                
                                                                                
                                                                                
                                                                                
Agent the Stripling            St:18/04 Dx:9 Co:18 In:8 Wi:10 Ch:8 Neutral S:0  
Dlvl:1 $:0 HP:16(16) Pw:2(2) AC:6 Xp:1/0                                        

",0.0,False
41,northwest,"To complete the task, I will first try to gather more information about my surroundings by moving in different directions and using the 'search' action to uncover hidden doors or passages. Since the stairs up are located far westnorthwest, I will prioritize moving away from this location to increase my chances of finding the stairs down. I will also keep track of my inventory and use my items wisely in case I encounter any enemies or obstacles. My overall goal is to explore the level, gather information, and find the stairs down. I will use the map to identify unexplored areas and potential paths that could lead me to the stairs down. Once I have a better understanding of my surroundings, I will focus on finding the stairs down and completing the task.","message:


language observation:
stairs up far westnorthwest
dark area near southeast
horizontal wall near northwest
dark area very near east
vertical wall adjacent north
dark area adjacent northeast
southeast corner adjacent south
horizontal wall adjacent southwest

cursor:
Yourself a valkyrie
(x=62, y=6)

map:
                                                                                
                                                   ------------                 
                                                   |..........|                 
                                                   |....<.....|                 
                                                   ...........|                 
                                                   |..........@#                
                                                   ------------#                
                                                               ##               
                                                                #               
                                                                                
                                                                                
                                                                                
                                                                                
                                                                                
                                                                                
                                                                                
                                                                                
                                                                                
                                                                                
                                                                                
                                                                                
Agent the Stripling            St:18/04 Dx:9 Co:18 In:8 Wi:10 Ch:8 Neutral S:0  
Dlvl:1 $:0 HP:16(16) Pw:2(2) AC:6 Xp:1/0                                        

",0.0,False
42,southeast,"To complete the task, I need to find the stairs down. Since the stairs up are located far westnorthwest, I will move in the opposite direction to increase my chances of finding the stairs down. I will use the 'search' action to uncover hidden doors or passages and try to gather more information about my surroundings. I will move in different directions, prioritizing the southeast and east areas, as they seem to be unexplored. I will also keep track of my inventory and use my items wisely in case I encounter any enemies or obstacles. Once I have a better understanding of my surroundings, I will focus on finding the stairs down.","message:


language observation:
stairs up far westnorthwest
horizontal wall near northwest
dark area very near north, southeast, and south
dark area adjacent northeast, east, and southwest
southeast corner adjacent west
doorway adjacent northwest

cursor:
Yourself a valkyrie
(x=63, y=7)

map:
                                                                                
                                                   ------------                 
                                                   |..........|                 
                                                   |....<.....|                 
                                                   ...........|                 
                                                   |...........#                
                                                   ------------@                
                                                               ##               
                                                                #               
                                                                                
                                                                                
                                                                                
                                                                                
                                                                                
                                                                                
                                                                                
                                                                                
                                                                                
                                                                                
                                                                                
                                                                                
Agent the Stripling            St:18/04 Dx:9 Co:18 In:8 Wi:10 Ch:8 Neutral S:0  
Dlvl:1 $:0 HP:16(16) Pw:2(2) AC:6 Xp:1/0                                        

",0.0,False
43,southeast,"To complete the task, I need to find the stairs down. Since the stairs up are located far westnorthwest, I will move in the opposite direction to increase my chances of finding the stairs down. I will use the 'search' action to uncover hidden doors or passages and try to gather more information about my surroundings. I will move in different directions, prioritizing the southeast and east areas, as they seem to be unexplored. I will also keep track of my inventory and use my items wisely in case I encounter any enemies or obstacles. Once I have a better understanding of my surroundings, I will focus on finding the stairs down. Since I've been moving between the same few locations, I'll try to break this cycle by moving in a consistent direction, such as southeast, to see if I can find any new areas or clues that will lead me to the stairs down.","message:


language observation:
stairs up far westnorthwest
horizontal wall far northwest
dark area very near south and west
doorway very near northwest
dark area adjacent north, northeast, east, southeast, and southwest

cursor:
Yourself a valkyrie
(x=64, y=8)

map:
                                                                                
                                                   ------------                 
                                                   |..........|                 
                                                   |....<.....|                 
                                                   ...........|                 
                                                   |...........#                
                                                   ------------#                
                                                               #@               
                                                                #               
                                                                                
                                                                                
                                                                                
                                                                                
                                                                                
                                                                                
                                                                                
                                                                                
                                                                                
                                                                                
                                                                                
                                                                                
Agent the Stripling            St:18/04 Dx:9 Co:18 In:8 Wi:10 Ch:8 Neutral S:0  
Dlvl:1 $:0 HP:16(16) Pw:2(2) AC:6 Xp:1/0                                        

",0.0,False
44,search,"To complete the task, I will first try to gather more information about my surroundings by using the 'search' action to uncover hidden doors or passages. Since I've been moving between the same few locations, I'll try to break this cycle by moving in a consistent direction, such as southeast, to see if I can find any new areas or clues that will lead me to the stairs down. I will also keep track of my inventory and use my items wisely in case I encounter any enemies or obstacles. Once I have a better understanding of my surroundings, I will focus on finding the stairs down by exploring the unvisited areas and using my knowledge of the dungeon's layout to navigate towards the likely location of the stairs.","message:


language observation:
stairs up far westnorthwest
horizontal wall far northwest
dark area very near south and west
doorway very near northwest
dark area adjacent north, northeast, east, southeast, and southwest

cursor:
Yourself a valkyrie
(x=64, y=8)

map:
                                                                                
                                                   ------------                 
                                                   |..........|                 
                                                   |....<.....|                 
                                                   ...........|                 
                                                   |...........#                
                                                   ------------#                
                                                               #@               
                                                                #               
                                                                                
                                                                                
                                                                                
                                                                                
                                                                                
                                                                                
                                                                                
                                                                                
                                                                                
                                                                                
                                                                                
                                                                                
Agent the Stripling            St:18/04 Dx:9 Co:18 In:8 Wi:10 Ch:8 Neutral S:0  
Dlvl:1 $:0 HP:16(16) Pw:2(2) AC:6 Xp:1/0                                        

",0.0,False
45,northwest,"To complete the task, I need to find the stairs down. Since I don't have any information about the location of the stairs down, I will have to explore the dungeon level by moving in different directions and using the 'search' action to uncover hidden doors or passages. I've been moving between the same few locations, so I need to break this cycle by trying new directions. Once I have a better understanding of the dungeon's layout, I can focus on finding the stairs down. I will also keep track of my inventory and use my items wisely in case I encounter any enemies or obstacles.","message:


language observation:
stairs up far westnorthwest
horizontal wall near northwest
dark area very near north, southeast, and south
dark area adjacent northeast, east, and southwest
southeast corner adjacent west
doorway adjacent northwest

cursor:
Yourself a valkyrie
(x=63, y=7)

map:
                                                                                
                                                   ------------                 
                                                   |..........|                 
                                                   |....<.....|                 
                                                   ...........|                 
                                                   |...........#                
                                                   ------------@                
                                                               ##               
                                                                #               
                                                                                
                                                                                
                                                                                
                                                                                
                                                                                
                                                                                
                                                                                
                                                                                
                                                                                
                                                                                
                                                                                
                                                                                
Agent the Stripling            St:18/04 Dx:9 Co:18 In:8 Wi:10 Ch:8 Neutral S:0  
Dlvl:1 $:0 HP:16(16) Pw:2(2) AC:6 Xp:1/0                                        

",0.0,False
46,northwest,"To complete the task, I need to find the stairs down. Since I don't have any information about the location of the stairs down, I will have to explore the dungeon level by moving in different directions and using the 'search' action to uncover hidden doors or passages. I've been moving between the same few locations, so I need to break this cycle by trying new directions. I will prioritize moving to unexplored areas and use my 'search' action to reveal any hidden doors or passages. Once I have a better understanding of the dungeon's layout, I can focus on finding the stairs down. I will also keep track of my inventory and use my items wisely in case I encounter any enemies or obstacles.","message:


language observation:
stairs up far westnorthwest
dark area near southeast
horizontal wall near northwest
dark area very near east
vertical wall adjacent north
dark area adjacent northeast
southeast corner adjacent south
horizontal wall adjacent southwest

cursor:
Yourself a valkyrie
(x=62, y=6)

map:
                                                                                
                                                   ------------                 
                                                   |..........|                 
                                                   |....<.....|                 
                                                   ...........|                 
                                                   |..........@#                
                                                   ------------#                
                                                               ##               
                                                                #               
                                                                                
                                                                                
                                                                                
                                                                                
                                                                                
                                                                                
                                                                                
                                                                                
                                                                                
                                                                                
                                                                                
                                                                                
Agent the Stripling            St:18/04 Dx:9 Co:18 In:8 Wi:10 Ch:8 Neutral S:0  
Dlvl:1 $:0 HP:16(16) Pw:2(2) AC:6 Xp:1/0                                        

",0.0,False
47,southeast,"To complete the task, I need to find the stairs down. Since I don't have any information about the location of the stairs down, I will have to explore the dungeon level by moving in different directions and using the 'search' action to uncover hidden doors or passages. I've been moving between the same few locations, so I need to break this cycle by trying new directions. I will prioritize moving to unexplored areas and use my 'search' action to reveal any hidden doors or passages. Once I have a better understanding of the dungeon's layout, I can focus on finding the stairs down. I will also keep track of my inventory and use my items wisely in case I encounter any enemies or obstacles. Given my current position and the layout of the dungeon, I will start by moving southeast to explore the dark area and see if I can find any new information or paths.","message:


language observation:
stairs up far westnorthwest
horizontal wall near northwest
dark area very near north, southeast, and south
dark area adjacent northeast, east, and southwest
southeast corner adjacent west
doorway adjacent northwest

cursor:
Yourself a valkyrie
(x=63, y=7)

map:
                                                                                
                                                   ------------                 
                                                   |..........|                 
                                                   |....<.....|                 
                                                   ...........|                 
                                                   |...........#                
                                                   ------------@                
                                                               ##               
                                                                #               
                                                                                
                                                                                
                                                                                
                                                                                
                                                                                
                                                                                
                                                                                
                                                                                
                                                                                
                                                                                
                                                                                
                                                                                
Agent the Stripling            St:18/04 Dx:9 Co:18 In:8 Wi:10 Ch:8 Neutral S:0  
Dlvl:1 $:0 HP:16(16) Pw:2(2) AC:6 Xp:1/0                                        

",0.0,False
48,northwest,"To complete the task, I need to find the stairs down. Since I don't have any information about the location of the stairs down, I will have to explore the dungeon level by moving in different directions and using the 'search' action to uncover hidden doors or passages. I've been moving between the same few locations, so I need to break this cycle by trying new directions. I will prioritize moving to unexplored areas and use my 'search' action to reveal any hidden doors or passages. Once I have a better understanding of the dungeon's layout, I can focus on finding the stairs down. Given my current position and the layout of the dungeon, I will start by moving in a direction that will allow me to explore new areas and potentially find the stairs down or more information about the dungeon.","message:


language observation:
stairs up far westnorthwest
dark area near southeast
horizontal wall near northwest
dark area very near east
vertical wall adjacent north
dark area adjacent northeast
southeast corner adjacent south
horizontal wall adjacent southwest

cursor:
Yourself a valkyrie
(x=62, y=6)

map:
                                                                                
                                                   ------------                 
                                                   |..........|                 
                                                   |....<.....|                 
                                                   ...........|                 
                                                   |..........@#                
                                                   ------------#                
                                                               ##               
                                                                #               
                                                                                
                                                                                
                                                                                
                                                                                
                                                                                
                                                                                
                                                                                
                                                                                
                                                                                
                                                                                
                                                                                
                                                                                
Agent the Stripling            St:18/04 Dx:9 Co:18 In:8 Wi:10 Ch:8 Neutral S:0  
Dlvl:1 $:0 HP:16(16) Pw:2(2) AC:6 Xp:1/0                                        

",0.0,False
49,northwest,"To complete the task, I need to find the stairs down. Since I don't have any information about the location of the stairs down, I will have to explore the dungeon level by moving in different directions and using the 'search' action to uncover hidden doors or passages. My previous movements have been restricted to a small area, so I need to break this cycle by trying new directions. I will prioritize moving to unexplored areas and use my 'search' action to reveal any hidden doors or passages. I will also keep track of the stairs up location, which is far westnorthwest, and try to move away from it to increase my chances of finding the stairs down. Once I have a better understanding of the dungeon's layout, I can focus on finding the stairs down.","message:


language observation:
horizontal wall near north and northwest
dark area near southeast
stairs up near westnorthwest
horizontal wall very near south and southwest
vertical wall adjacent northeast and east
doorway adjacent southeast

cursor:
Yourself a valkyrie
(x=61, y=5)

map:
                                                                                
                                                   ------------                 
                                                   |..........|                 
                                                   |....<.....|                 
                                                   ..........@|                 
                                                   |...........#                
                                                   ------------#                
                                                               ##               
                                                                #               
                                                                                
                                                                                
                                                                                
                                                                                
                                                                                
                                                                                
                                                                                
                                                                                
                                                                                
                                                                                
                                                                                
                                                                                
Agent the Stripling            St:18/04 Dx:9 Co:18 In:8 Wi:10 Ch:8 Neutral S:0  
Dlvl:1 $:0 HP:16(16) Pw:2(2) AC:6 Xp:1/0                                        

",0.0,False
50,southeast,"To complete the task, I need to find the stairs down. Since I don't have any information about the location of the stairs down, I will have to explore the dungeon level by moving in different directions and using the 'search' action to uncover hidden doors or passages. My previous movements have been restricted to a small area, so I need to break this cycle by trying new directions. I will prioritize moving to unexplored areas and use my 'search' action to reveal any hidden doors or passages. I will also keep track of the stairs up location, which is far westnorthwest, and try to move away from it to increase my chances of finding the stairs down. Once I have a better understanding of the dungeon's layout, I can focus on finding the stairs down. I will start by moving southeast through the doorway, as it is a new and unexplored direction.","message:


language observation:
stairs up far westnorthwest
dark area near southeast
horizontal wall near northwest
dark area very near east
vertical wall adjacent north
dark area adjacent northeast
southeast corner adjacent south
horizontal wall adjacent southwest

cursor:
Yourself a valkyrie
(x=62, y=6)

map:
                                                                                
                                                   ------------                 
                                                   |..........|                 
                                                   |....<.....|                 
                                                   ...........|                 
                                                   |..........@#                
                                                   ------------#                
                                                               ##               
                                                                #               
                                                                                
                                                                                
                                                                                
                                                                                
                                                                                
                                                                                
                                                                                
                                                                                
                                                                                
                                                                                
                                                                                
                                                                                
Agent the Stripling            St:18/04 Dx:9 Co:18 In:8 Wi:10 Ch:8 Neutral S:0  
Dlvl:1 $:0 HP:16(16) Pw:2(2) AC:6 Xp:1/0                                        

",0.0,False
51,search,"To complete the task, I need to find the stairs down. Since my previous movements have been restricted to a small area, I will try to break this cycle by exploring new directions. I will prioritize moving to unexplored areas and use my 'search' action to reveal any hidden doors or passages. I will also keep track of the stairs up location, which is far westnorthwest, and try to move away from it to increase my chances of finding the stairs down. Once I have a better understanding of the dungeon's layout, I can focus on finding the stairs down. Since I've been moving in a cycle between the same few locations, my first action should be to try a different direction or use the 'search' action to gain more information.","message:


language observation:
stairs up far westnorthwest
dark area near southeast
horizontal wall near northwest
dark area very near east
vertical wall adjacent north
dark area adjacent northeast
southeast corner adjacent south
horizontal wall adjacent southwest

cursor:
Yourself a valkyrie
(x=62, y=6)

map:
                                                                                
                                                   ------------                 
                                                   |..........|                 
                                                   |....<.....|                 
                                                   ...........|                 
                                                   |..........@#                
                                                   ------------#                
                                                               ##               
                                                                #               
                                                                                
                                                                                
                                                                                
                                                                                
                                                                                
                                                                                
                                                                                
                                                                                
                                                                                
                                                                                
                                                                                
                                                                                
Agent the Stripling            St:18/04 Dx:9 Co:18 In:8 Wi:10 Ch:8 Neutral S:0  
Dlvl:1 $:0 HP:16(16) Pw:2(2) AC:6 Xp:1/0                                        

",0.0,False
52,east,"To complete the task, I need to find the stairs down. Since my previous movements have been restricted to a small area, I will try to break this cycle by exploring new directions and using the 'search' action to reveal any hidden doors or passages. I will prioritize moving to unexplored areas and keep track of the stairs up location, which is far westnorthwest, to increase my chances of finding the stairs down. Given the layout and my current position, my next action should be to move in a direction that has not been thoroughly explored yet, to gather more information about the surroundings and potentially discover new paths or the stairs down.","message:


language observation:
stairs up far westnorthwest
dark area near south
dark area adjacent north, northeast, east, and southeast
southeast corner adjacent southwest
doorway adjacent west
vertical wall adjacent northwest

cursor:
Yourself a valkyrie
(x=63, y=6)

map:
                                                                                
                                                   ------------                 
                                                   |..........|                 
                                                   |....<.....|                 
                                                   ...........|                 
                                                   |...........@                
                                                   ------------#                
                                                               ##               
                                                                #               
                                                                                
                                                                                
                                                                                
                                                                                
                                                                                
                                                                                
                                                                                
                                                                                
                                                                                
                                                                                
                                                                                
                                                                                
Agent the Stripling            St:18/04 Dx:9 Co:18 In:8 Wi:10 Ch:8 Neutral S:0  
Dlvl:1 $:0 HP:16(16) Pw:2(2) AC:6 Xp:1/0                                        

",0.0,False
53,search,"To complete the task, I need to find the stairs down. Since my previous movements have been restricted to a small area, I will try to break this cycle by exploring new directions and using the 'search' action to reveal any hidden doors or passages. I will prioritize moving to unexplored areas and keep track of the stairs up location, which is far westnorthwest, to increase my chances of finding the stairs down. Given the layout and my current position, my next steps should involve exploring the dark areas, checking for any doors or passages that could lead to the stairs down, and being cautious of potential enemies. I should also consider the possibility that the stairs down might be hidden behind a secret door or in a hard-to-reach area, so using the 'search' action regularly will be crucial. By methodically exploring the level, using my abilities to uncover hidden features, and avoiding unnecessary risks, I aim to locate the stairs down and progress through the game.","message:


language observation:
stairs up far westnorthwest
dark area near south
dark area adjacent north, northeast, east, and southeast
southeast corner adjacent southwest
doorway adjacent west
vertical wall adjacent northwest

cursor:
Yourself a valkyrie
(x=63, y=6)

map:
                                                                                
                                                   ------------                 
                                                   |..........|                 
                                                   |....<.....|                 
                                                   ...........|                 
                                                   |...........@                
                                                   ------------#                
                                                               ##               
                                                                #               
                                                                                
                                                                                
                                                                                
                                                                                
                                                                                
                                                                                
                                                                                
                                                                                
                                                                                
                                                                                
                                                                                
                                                                                
Agent the Stripling            St:18/04 Dx:9 Co:18 In:8 Wi:10 Ch:8 Neutral S:0  
Dlvl:1 $:0 HP:16(16) Pw:2(2) AC:6 Xp:1/0                                        

",0.0,False
54,search,"To complete the task, I will first review my previous observations to understand the layout of the level and identify any patterns or restrictions in my movement. Given that I've been moving in a cycle between a few areas, I need to break this cycle by exploring new directions and using the 'search' action to reveal any hidden doors or passages. My primary goal is to find the stairs down, which could be hidden behind a secret door or in a hard-to-reach area. Since the stairs up are located far westnorthwest, I should prioritize exploring areas that are not in the immediate vicinity of the stairs up, as the stairs down are likely to be in a distinct location. I will methodically explore the level, using my abilities to uncover hidden features and avoid unnecessary risks. By doing so, I aim to locate the stairs down and progress through the game. The 'search' action will be crucial in revealing hidden doors or passages that could lead to the stairs down. After identifying potential paths, I will proceed with caution, considering the use of my weapons and shield for defense if needed.","message:


language observation:
stairs up far westnorthwest
dark area near south
dark area adjacent north, northeast, east, and southeast
southeast corner adjacent southwest
doorway adjacent west
vertical wall adjacent northwest

cursor:
Yourself a valkyrie
(x=63, y=6)

map:
                                                                                
                                                   ------------                 
                                                   |..........|                 
                                                   |....<.....|                 
                                                   ...........|                 
                                                   |...........@                
                                                   ------------#                
                                                               ##               
                                                                #               
                                                                                
                                                                                
                                                                                
                                                                                
                                                                                
                                                                                
                                                                                
                                                                                
                                                                                
                                                                                
                                                                                
                                                                                
Agent the Stripling            St:18/04 Dx:9 Co:18 In:8 Wi:10 Ch:8 Neutral S:0  
Dlvl:1 $:0 HP:16(16) Pw:2(2) AC:6 Xp:1/0                                        

",0.0,False
55,south,"To complete the task of reaching the stairs down, I need to break the cycle of movement between familiar areas. Since the stairs up are located far westnorthwest, I should focus on exploring the eastern and southern parts of the level. The 'search' action is crucial for uncovering hidden doors or passages. I will methodically search areas, especially where there are dark areas or doorways, to reveal any hidden features. Given the current position and layout, moving east or south seems promising, as these directions are less explored and might lead to new areas or the stairs down. After identifying a path, I'll proceed cautiously, considering my equipment for defense if needed. The ultimate goal is to find the stairs down by exploring systematically and using the 'search' action effectively.","message:


language observation:
stairs up far westnorthwest
horizontal wall near northwest
dark area very near north, southeast, and south
dark area adjacent northeast, east, and southwest
southeast corner adjacent west
doorway adjacent northwest

cursor:
Yourself a valkyrie
(x=63, y=7)

map:
                                                                                
                                                   ------------                 
                                                   |..........|                 
                                                   |....<.....|                 
                                                   ...........|                 
                                                   |...........#                
                                                   ------------@                
                                                               ##               
                                                                #               
                                                                                
                                                                                
                                                                                
                                                                                
                                                                                
                                                                                
                                                                                
                                                                                
                                                                                
                                                                                
                                                                                
                                                                                
Agent the Stripling            St:18/04 Dx:9 Co:18 In:8 Wi:10 Ch:8 Neutral S:0  
Dlvl:1 $:0 HP:16(16) Pw:2(2) AC:6 Xp:1/0                                        

",0.0,False
56,search,"To complete the task of reaching the stairs down, I need to break the cycle of movement between familiar areas. Since the stairs up are located far westnorthwest, I should focus on exploring the eastern and southern parts of the level. The 'search' action is crucial for uncovering hidden doors or passages. I will methodically search areas, especially where there are dark areas or doorways, to reveal any hidden features. Given the current position and layout, moving east or south seems promising, as these directions are less explored and might lead to new areas or the stairs down. After identifying a path, I'll proceed cautiously, considering my equipment for defense if needed. The ultimate goal is to find the stairs down by exploring systematically and using the 'search' action effectively.","message:


language observation:
stairs up far westnorthwest
horizontal wall near northwest
dark area very near north, southeast, and south
dark area adjacent northeast, east, and southwest
southeast corner adjacent west
doorway adjacent northwest

cursor:
Yourself a valkyrie
(x=63, y=7)

map:
                                                                                
                                                   ------------                 
                                                   |..........|                 
                                                   |....<.....|                 
                                                   ...........|                 
                                                   |...........#                
                                                   ------------@                
                                                               ##               
                                                                #               
                                                                                
                                                                                
                                                                                
                                                                                
                                                                                
                                                                                
                                                                                
                                                                                
                                                                                
                                                                                
                                                                                
                                                                                
Agent the Stripling            St:18/04 Dx:9 Co:18 In:8 Wi:10 Ch:8 Neutral S:0  
Dlvl:1 $:0 HP:16(16) Pw:2(2) AC:6 Xp:1/0                                        

",0.0,False
57,search,"To complete the task of reaching the stairs down, I need to methodically explore the level, utilizing the 'search' action to uncover hidden doors or passages. Since the stairs up are located far westnorthwest, I will focus on exploring the eastern and southern parts of the level. Given the cyclic nature of my previous movements, I will prioritize moving in less explored directions, such as east or south, to potentially reveal new areas or the stairs down. The 'search' action will be crucial in areas with dark spaces or doorways. Upon identifying a promising path, I will proceed with caution, considering my current equipment for defense if necessary. My ultimate goal is to systematically explore the level and find the stairs down by effectively using the 'search' action and navigating through the revealed layout.","message:


language observation:
stairs up far westnorthwest
horizontal wall near northwest
dark area very near north, southeast, and south
dark area adjacent northeast, east, and southwest
southeast corner adjacent west
doorway adjacent northwest

cursor:
Yourself a valkyrie
(x=63, y=7)

map:
                                                                                
                                                   ------------                 
                                                   |..........|                 
                                                   |....<.....|                 
                                                   ...........|                 
                                                   |...........#                
                                                   ------------@                
                                                               ##               
                                                                #               
                                                                                
                                                                                
                                                                                
                                                                                
                                                                                
                                                                                
                                                                                
                                                                                
                                                                                
                                                                                
                                                                                
                                                                                
Agent the Stripling            St:18/04 Dx:9 Co:18 In:8 Wi:10 Ch:8 Neutral S:0  
Dlvl:1 $:0 HP:16(16) Pw:2(2) AC:6 Xp:1/0                                        

",0.0,False
58,southeast,"To complete the task of reaching the stairs down, I will first review my previous observations to identify any patterns or clues that might indicate the location of the stairs. Since the stairs up are located far westnorthwest, it's likely that the stairs down are in the opposite direction, possibly southeast or east. My plan is to methodically explore the level, using the 'search' action to uncover hidden doors or passages, and move in the direction that seems most promising based on my observations. I will prioritize moving in less explored directions and use my equipment for defense if necessary. Given my current position and the layout of the level, my first action will be to move southeast to explore the dark area and potentially find the stairs down or more information about the level.","message:


language observation:
stairs up far westnorthwest
horizontal wall far northwest
dark area very near south and west
doorway very near northwest
dark area adjacent north, northeast, east, southeast, and southwest

cursor:
Yourself a valkyrie
(x=64, y=8)

map:
                                                                                
                                                   ------------                 
                                                   |..........|                 
                                                   |....<.....|                 
                                                   ...........|                 
                                                   |...........#                
                                                   ------------#                
                                                               #@               
                                                                #               
                                                                                
                                                                                
                                                                                
                                                                                
                                                                                
                                                                                
                                                                                
                                                                                
                                                                                
                                                                                
                                                                                
                                                                                
Agent the Stripling            St:18/04 Dx:9 Co:18 In:8 Wi:10 Ch:8 Neutral S:0  
Dlvl:1 $:0 HP:16(16) Pw:2(2) AC:6 Xp:1/0                                        

",0.0,False
59,search,"To complete the task of reaching the stairs down, I will first review my previous observations to identify any patterns or clues that might indicate the location of the stairs. Since the stairs up are located far westnorthwest, it's likely that the stairs down are in the opposite direction, possibly southeast or east. My plan is to methodically explore the level, using the 'search' action to uncover hidden doors or passages, and move in the direction that seems most promising based on my observations. I will prioritize moving in less explored directions and use my equipment for defense if necessary. Given my current position and the layout of the level, my first priority is to explore the surrounding area and gather more information before making a decision on which direction to head.","message:


language observation:
stairs up far westnorthwest
horizontal wall far northwest
dark area very near south and west
doorway very near northwest
dark area adjacent north, northeast, east, southeast, and southwest

cursor:
Yourself a valkyrie
(x=64, y=8)

map:
                                                                                
                                                   ------------                 
                                                   |..........|                 
                                                   |....<.....|                 
                                                   ...........|                 
                                                   |...........#                
                                                   ------------#                
                                                               #@               
                                                                #               
                                                                                
                                                                                
                                                                                
                                                                                
                                                                                
                                                                                
                                                                                
                                                                                
                                                                                
                                                                                
                                                                                
                                                                                
Agent the Stripling            St:18/04 Dx:9 Co:18 In:8 Wi:10 Ch:8 Neutral S:0  
Dlvl:1 $:0 HP:16(16) Pw:2(2) AC:6 Xp:1/0                                        

",0.0,False
60,southeast,"To complete the task of reaching the stairs down, I will first review my previous observations to identify any patterns or clues that might indicate the location of the stairs. Since the stairs up are located far westnorthwest, it's likely that the stairs down are in the opposite direction, possibly southeast or east. My plan is to methodically explore the level, using the 'search' action to uncover hidden doors or passages, and move in the direction that seems most promising based on my observations. I will prioritize moving in less explored directions and use my equipment for defense if necessary. Given my current position and the layout of the level, my first priority is to explore the surrounding area and gather more information before making a decision on which direction to head. I will start by moving southeast to explore the dark area adjacent to my current position.","message:
It's solid stone.

language observation:
stairs up far westnorthwest
horizontal wall far northwest
dark area very near south and west
doorway very near northwest
dark area adjacent north, northeast, east, southeast, and southwest

cursor:
Yourself a valkyrie
(x=64, y=8)

map:
                                                                                
                                                   ------------                 
                                                   |..........|                 
                                                   |....<.....|                 
                                                   ...........|                 
                                                   |...........#                
                                                   ------------#                
                                                               #@               
                                                                #               
                                                                                
                                                                                
                                                                                
                                                                                
                                                                                
                                                                                
                                                                                
                                                                                
                                                                                
                                                                                
                                                                                
                                                                                
Agent the Stripling            St:18/04 Dx:9 Co:18 In:8 Wi:10 Ch:8 Neutral S:0  
Dlvl:1 $:0 HP:16(16) Pw:2(2) AC:6 Xp:1/0                                        

",0.0,False
61,northwest,"To complete the task of reaching the stairs down, I will first review my previous observations to identify any patterns or clues that might indicate the location of the stairs. Since the stairs up are located far westnorthwest, it's likely that the stairs down are in the opposite direction, possibly southeast or east. However, my current position and the surrounding walls and doorways suggest that moving directly southeast may not be feasible due to the ""It's solid stone"" message, indicating a wall. My plan is to methodically explore the level, using the 'search' action to uncover hidden doors or passages, and move in the direction that seems most promising based on my observations. Given the doorway very near northwest, I will prioritize exploring this direction first, as it may lead to new areas or provide more information about the level's layout. If this direction does not yield any progress, I will reassess and consider other options, including moving east or attempting to find a way around the solid stone wall to the southeast.","message:


language observation:
stairs up far westnorthwest
horizontal wall near northwest
dark area very near north, southeast, and south
dark area adjacent northeast, east, and southwest
southeast corner adjacent west
doorway adjacent northwest

cursor:
Yourself a valkyrie
(x=63, y=7)

map:
                                                                                
                                                   ------------                 
                                                   |..........|                 
                                                   |....<.....|                 
                                                   ...........|                 
                                                   |...........#                
                                                   ------------@                
                                                               ##               
                                                                #               
                                                                                
                                                                                
                                                                                
                                                                                
                                                                                
                                                                                
                                                                                
                                                                                
                                                                                
                                                                                
                                                                                
                                                                                
Agent the Stripling            St:18/04 Dx:9 Co:18 In:8 Wi:10 Ch:8 Neutral S:0  
Dlvl:1 $:0 HP:16(16) Pw:2(2) AC:6 Xp:1/0                                        

",0.0,False
62,northwest,"To complete the task of reaching the stairs down, I need to explore the level methodically. Given the current map and previous observations, my plan is to prioritize exploring the doorway adjacent northwest, as it may lead to new areas or provide more information about the level's layout. If this direction does not yield any progress, I will reassess and consider other options, including moving east or attempting to find a way around the solid stone wall to the southeast. I will use the 'search' action frequently to uncover hidden doors or passages. Since the stairs up are located far westnorthwest, I will keep in mind that the stairs down are likely in the opposite direction, possibly southeast or east, and adjust my exploration accordingly.","message:


language observation:
stairs up far westnorthwest
dark area near southeast
horizontal wall near northwest
dark area very near east
vertical wall adjacent north
dark area adjacent northeast
southeast corner adjacent south
horizontal wall adjacent southwest

cursor:
Yourself a valkyrie
(x=62, y=6)

map:
                                                                                
                                                   ------------                 
                                                   |..........|                 
                                                   |....<.....|                 
                                                   ...........|                 
                                                   |..........@#                
                                                   ------------#                
                                                               ##               
                                                                #               
                                                                                
                                                                                
                                                                                
                                                                                
                                                                                
                                                                                
                                                                                
                                                                                
                                                                                
                                                                                
                                                                                
                                                                                
Agent the Stripling            St:18/04 Dx:9 Co:18 In:8 Wi:10 Ch:8 Neutral S:0  
Dlvl:1 $:0 HP:16(16) Pw:2(2) AC:6 Xp:1/0                                        

",0.0,False
63,east,"To complete the task of reaching the stairs down, I will methodically explore the level, prioritizing unexplored areas and using the 'search' action to uncover hidden doors or passages. Given the stairs up are located far westnorthwest, I hypothesize that the stairs down might be in the opposite direction, possibly southeast or east. I will explore in this general direction while being mindful of potential obstacles and enemies. The 'kick' action will be used to interact with locked doors or chests if encountered. My primary goal is to gather more information about the level's layout and find a path that leads to the stairs down.","message:


language observation:
stairs up far westnorthwest
dark area near south
dark area adjacent north, northeast, east, and southeast
southeast corner adjacent southwest
doorway adjacent west
vertical wall adjacent northwest

cursor:
Yourself a valkyrie
(x=63, y=6)

map:
                                                                                
                                                   ------------                 
                                                   |..........|                 
                                                   |....<.....|                 
                                                   ...........|                 
                                                   |...........@                
                                                   ------------#                
                                                               ##               
                                                                #               
                                                                                
                                                                                
                                                                                
                                                                                
                                                                                
                                                                                
                                                                                
                                                                                
                                                                                
                                                                                
                                                                                
                                                                                
Agent the Stripling            St:18/04 Dx:9 Co:18 In:8 Wi:10 Ch:8 Neutral S:0  
Dlvl:1 $:0 HP:16(16) Pw:2(2) AC:6 Xp:1/0                                        

",0.0,False
64,east,"To complete the task of reaching the stairs down, I will methodically explore the level, prioritizing unexplored areas and using the 'search' action to uncover hidden doors or passages. Given the stairs up are located far westnorthwest, I hypothesize that the stairs down might be in the opposite direction, possibly southeast or east. I will explore in this general direction while being mindful of potential obstacles and enemies. The 'kick' action will be used to interact with locked doors or chests if encountered. My primary goal is to gather more information about the level's layout and find a path that leads to the stairs down. I will start by exploring the area to the east and southeast, using 'search' frequently to uncover any hidden features.","message:
It's solid stone.

language observation:
stairs up far westnorthwest
dark area near south
dark area adjacent north, northeast, east, and southeast
southeast corner adjacent southwest
doorway adjacent west
vertical wall adjacent northwest

cursor:
Yourself a valkyrie
(x=63, y=6)

map:
                                                                                
                                                   ------------                 
                                                   |..........|                 
                                                   |....<.....|                 
                                                   ...........|                 
                                                   |...........@                
                                                   ------------#                
                                                               ##               
                                                                #               
                                                                                
                                                                                
                                                                                
                                                                                
                                                                                
                                                                                
                                                                                
                                                                                
                                                                                
                                                                                
                                                                                
                                                                                
Agent the Stripling            St:18/04 Dx:9 Co:18 In:8 Wi:10 Ch:8 Neutral S:0  
Dlvl:1 $:0 HP:16(16) Pw:2(2) AC:6 Xp:1/0                                        

",0.0,False
65,south,"To complete the task of reaching the stairs down, I will methodically explore the level, prioritizing unexplored areas and using the 'search' action to uncover hidden doors or passages. Given the stairs up are located far westnorthwest, I hypothesize that the stairs down might be in the opposite direction, possibly southeast or east. I will explore in this general direction while being mindful of potential obstacles and enemies. The 'kick' action will be used to interact with locked doors or chests if encountered. My primary goal is to gather more information about the level's layout and find a path that leads to the stairs down. Since my previous attempts to move east were blocked by solid stone, I will try moving south and then explore from there, using 'search' frequently to uncover any hidden features.","message:


language observation:
stairs up far westnorthwest
horizontal wall near northwest
dark area very near north, southeast, and south
dark area adjacent northeast, east, and southwest
southeast corner adjacent west
doorway adjacent northwest

cursor:
Yourself a valkyrie
(x=63, y=7)

map:
                                                                                
                                                   ------------                 
                                                   |..........|                 
                                                   |....<.....|                 
                                                   ...........|                 
                                                   |...........#                
                                                   ------------@                
                                                               ##               
                                                                #               
                                                                                
                                                                                
                                                                                
                                                                                
                                                                                
                                                                                
                                                                                
                                                                                
                                                                                
                                                                                
                                                                                
                                                                                
Agent the Stripling            St:18/04 Dx:9 Co:18 In:8 Wi:10 Ch:8 Neutral S:0  
Dlvl:1 $:0 HP:16(16) Pw:2(2) AC:6 Xp:1/0                                        

",0.0,False
66,northwest,"To complete the task of reaching the stairs down, I need to explore the level methodically. Since the stairs up are located far westnorthwest, I will explore in the opposite direction, prioritizing the southeast and east areas. I will use the 'search' action frequently to uncover hidden doors or passages. When encountering obstacles like solid stone, I will attempt to go around them. Given the current position and map, moving northwest through the doorway seems like a viable initial step to explore new areas and potentially find a path leading to the stairs down. I will also be prepared to use the 'kick' action if I encounter any locked doors or chests. My goal is to gather more information about the level's layout and find the most direct path to the stairs down.","message:


language observation:
stairs up far westnorthwest
dark area near southeast
horizontal wall near northwest
dark area very near east
vertical wall adjacent north
dark area adjacent northeast
southeast corner adjacent south
horizontal wall adjacent southwest

cursor:
Yourself a valkyrie
(x=62, y=6)

map:
                                                                                
                                                   ------------                 
                                                   |..........|                 
                                                   |....<.....|                 
                                                   ...........|                 
                                                   |..........@#                
                                                   ------------#                
                                                               ##               
                                                                #               
                                                                                
                                                                                
                                                                                
                                                                                
                                                                                
                                                                                
                                                                                
                                                                                
                                                                                
                                                                                
                                                                                
                                                                                
Agent the Stripling            St:18/04 Dx:9 Co:18 In:8 Wi:10 Ch:8 Neutral S:0  
Dlvl:1 $:0 HP:16(16) Pw:2(2) AC:6 Xp:1/0                                        

",0.0,False
67,west,"To complete the task of reaching the stairs down, I will methodically explore the level, prioritizing areas that have not been visited yet. Since the stairs up are located far westnorthwest, I will initially explore in the opposite direction, focusing on the southeast and east areas. I will use the 'search' action frequently to uncover hidden doors or passages. When encountering obstacles like solid stone, I will attempt to go around them. Given the current position and map, I will try to move through the doorway to the west and then explore the new areas. If I find any locked doors or chests, I will use the 'kick' action to try and open them. My goal is to gather more information about the level's layout and find the most direct path to the stairs down. I will avoid revisiting the same areas unless necessary and keep track of the map to ensure efficient exploration.","message:


language observation:
horizontal wall near north and northwest
dark area near east
stairs up near westnorthwest
vertical wall adjacent northeast
doorway adjacent east
southeast corner adjacent southeast
horizontal wall adjacent south and southwest

cursor:
Yourself a valkyrie
(x=61, y=6)

map:
                                                                                
                                                   ------------                 
                                                   |..........|                 
                                                   |....<.....|                 
                                                   ...........|                 
                                                   |.........@.#                
                                                   ------------#                
                                                               ##               
                                                                #               
                                                                                
                                                                                
                                                                                
                                                                                
                                                                                
                                                                                
                                                                                
                                                                                
                                                                                
                                                                                
                                                                                
                                                                                
Agent the Stripling            St:18/04 Dx:9 Co:18 In:8 Wi:10 Ch:8 Neutral S:0  
Dlvl:1 $:0 HP:16(16) Pw:2(2) AC:6 Xp:1/0                                        

",0.0,False
68,east,"To complete the task of reaching the stairs down, I will first review my previous observations to understand the layout of the level. Since I have not found the stairs down yet, I will continue to explore the level methodically. Given the current map and the location of the stairs up, I will prioritize exploring the east and southeast areas, as they seem to be less visited. I will use the 'search' action frequently to uncover hidden doors or passages. When encountering obstacles like solid stone or locked doors, I will attempt to go around them or use the 'kick' action to try and open them. My goal is to gather more information about the level's layout and find the most direct path to the stairs down. I will avoid revisiting the same areas unless necessary and keep track of the map to ensure efficient exploration. Once I have a better understanding of the level's layout, I can plan a more direct route to the stairs down.","message:


language observation:
stairs up far westnorthwest
dark area near southeast
horizontal wall near northwest
dark area very near east
vertical wall adjacent north
dark area adjacent northeast
southeast corner adjacent south
horizontal wall adjacent southwest

cursor:
Yourself a valkyrie
(x=62, y=6)

map:
                                                                                
                                                   ------------                 
                                                   |..........|                 
                                                   |....<.....|                 
                                                   ...........|                 
                                                   |..........@#                
                                                   ------------#                
                                                               ##               
                                                                #               
                                                                                
                                                                                
                                                                                
                                                                                
                                                                                
                                                                                
                                                                                
                                                                                
                                                                                
                                                                                
                                                                                
                                                                                
Agent the Stripling            St:18/04 Dx:9 Co:18 In:8 Wi:10 Ch:8 Neutral S:0  
Dlvl:1 $:0 HP:16(16) Pw:2(2) AC:6 Xp:1/0                                        

",0.0,False
69,east,"To complete the task of reaching the stairs down, I will first review my previous observations to understand the layout of the level. Since I have not found the stairs down yet, I will continue to explore the level methodically. Given the current map and the location of the stairs up, I will prioritize exploring the east and southeast areas, as they seem to be less visited. I will use the 'search' action frequently to uncover hidden doors or passages. When encountering obstacles like solid stone or locked doors, I will attempt to go around them or use the 'kick' action to try and open them. My goal is to gather more information about the level's layout and find the most direct path to the stairs down. I will avoid revisiting the same areas unless necessary and keep track of the map to ensure efficient exploration. Once I have a better understanding of the level's layout, I can plan a more direct route to the stairs down.","message:


language observation:
stairs up far westnorthwest
dark area near south
dark area adjacent north, northeast, east, and southeast
southeast corner adjacent southwest
doorway adjacent west
vertical wall adjacent northwest

cursor:
Yourself a valkyrie
(x=63, y=6)

map:
                                                                                
                                                   ------------                 
                                                   |..........|                 
                                                   |....<.....|                 
                                                   ...........|                 
                                                   |...........@                
                                                   ------------#                
                                                               ##               
                                                                #               
                                                                                
                                                                                
                                                                                
                                                                                
                                                                                
                                                                                
                                                                                
                                                                                
                                                                                
                                                                                
                                                                                
                                                                                
Agent the Stripling            St:18/04 Dx:9 Co:18 In:8 Wi:10 Ch:8 Neutral S:0  
Dlvl:1 $:0 HP:16(16) Pw:2(2) AC:6 Xp:1/0                                        

",0.0,False
70,search,"To complete the task of reaching the stairs down, I will first review my previous observations to understand the layout of the level. Since I have not found the stairs down yet, I will continue to explore the level methodically. Given the current map and the location of the stairs up, I will prioritize exploring the unvisited areas. I will use the 'search' action frequently to uncover hidden doors or passages. When encountering obstacles like solid stone or locked doors, I will attempt to go around them or use the 'kick' action to try and open them. My goal is to gather more information about the level's layout and find the most direct path to the stairs down. I will avoid revisiting the same areas unless necessary and keep track of the map to ensure efficient exploration. Once I have a better understanding of the level's layout, I can plan a more direct route to the stairs down.","message:


language observation:
stairs up far westnorthwest
dark area near south
dark area adjacent north, northeast, east, and southeast
southeast corner adjacent southwest
doorway adjacent west
vertical wall adjacent northwest

cursor:
Yourself a valkyrie
(x=63, y=6)

map:
                                                                                
                                                   ------------                 
                                                   |..........|                 
                                                   |....<.....|                 
                                                   ...........|                 
                                                   |...........@                
                                                   ------------#                
                                                               ##               
                                                                #               
                                                                                
                                                                                
                                                                                
                                                                                
                                                                                
                                                                                
                                                                                
                                                                                
                                                                                
                                                                                
                                                                                
                                                                                
Agent the Stripling            St:18/04 Dx:9 Co:18 In:8 Wi:10 Ch:8 Neutral S:0  
Dlvl:1 $:0 HP:16(16) Pw:2(2) AC:6 Xp:1/0                                        

",0.0,False
71,northwest,"To complete the task of reaching the stairs down, I will first review my previous observations to understand the layout of the level. Since I have not found the stairs down yet, I will continue to explore the level methodically. Given the current map and the location of the stairs up, I will prioritize exploring the unvisited areas. I will use the 'search' action frequently to uncover hidden doors or passages. When encountering obstacles like solid stone or locked doors, I will attempt to go around them or use the 'kick' action to try and open them. My goal is to gather more information about the level's layout and find the most direct path to the stairs down. I will avoid revisiting the same areas unless necessary and keep track of the map to ensure efficient exploration. Once I have a better understanding of the level's layout, I can plan a more direct route to the stairs down. Since the stairs up are located far westnorthwest, I will explore the areas east and south of my current location first. If I find any doorways or passages, I will explore them thoroughly. I will also keep an eye out for any changes in the map that could indicate the location of the stairs down.","message:
It's a wall.

language observation:
stairs up far westnorthwest
dark area near south
dark area adjacent north, northeast, east, and southeast
southeast corner adjacent southwest
doorway adjacent west
vertical wall adjacent northwest

cursor:
Yourself a valkyrie
(x=63, y=6)

map:
                                                                                
                                                   ------------                 
                                                   |..........|                 
                                                   |....<.....|                 
                                                   ...........|                 
                                                   |...........@                
                                                   ------------#                
                                                               ##               
                                                                #               
                                                                                
                                                                                
                                                                                
                                                                                
                                                                                
                                                                                
                                                                                
                                                                                
                                                                                
                                                                                
                                                                                
                                                                                
Agent the Stripling            St:18/04 Dx:9 Co:18 In:8 Wi:10 Ch:8 Neutral S:0  
Dlvl:1 $:0 HP:16(16) Pw:2(2) AC:6 Xp:1/0                                        

",0.0,False
72,west,"To complete the task of reaching the stairs down, I will first review my previous observations to understand the layout of the level. Since I have not found the stairs down yet, I will continue to explore the level methodically. Given the current map and the location of the stairs up, I will prioritize exploring the unvisited areas. I will use the 'search' action frequently to uncover hidden doors or passages. When encountering obstacles like solid stone or locked doors, I will attempt to go around them or use the 'kick' action to try and open them. My goal is to gather more information about the level's layout and find the most direct path to the stairs down. I will avoid revisiting the same areas unless necessary and keep track of the map to ensure efficient exploration. Once I have a better understanding of the level's layout, I can plan a more direct route to the stairs down. Since the stairs up are located far westnorthwest, I will explore the areas east and south of my current location first. If I find any doorways or passages, I will explore them thoroughly. I will also keep an eye out for any changes in the map that could indicate the location of the stairs down.","message:


language observation:
stairs up far westnorthwest
dark area near southeast
horizontal wall near northwest
dark area very near east
vertical wall adjacent north
dark area adjacent northeast
southeast corner adjacent south
horizontal wall adjacent southwest

cursor:
Yourself a valkyrie
(x=62, y=6)

map:
                                                                                
                                                   ------------                 
                                                   |..........|                 
                                                   |....<.....|                 
                                                   ...........|                 
                                                   |..........@#                
                                                   ------------#                
                                                               ##               
                                                                #               
                                                                                
                                                                                
                                                                                
                                                                                
                                                                                
                                                                                
                                                                                
                                                                                
                                                                                
                                                                                
                                                                                
                                                                                
Agent the Stripling            St:18/04 Dx:9 Co:18 In:8 Wi:10 Ch:8 Neutral S:0  
Dlvl:1 $:0 HP:16(16) Pw:2(2) AC:6 Xp:1/0                                        

",0.0,False
73,east,"To complete the task of reaching the stairs down, I will methodically explore the level, using the 'search' action to uncover hidden doors or passages. Given the current map and the location of the stairs up, I will prioritize exploring the unvisited areas, starting with the east and south directions. I will avoid revisiting the same areas unless necessary and keep track of the map to ensure efficient exploration. When encountering obstacles like solid stone or locked doors, I will attempt to go around them or use the 'kick' action to try and open them. My goal is to gather more information about the level's layout and find the most direct path to the stairs down. Since the stairs up are located far westnorthwest, it's likely that the stairs down are in the opposite direction, so I will focus on exploring the east and south areas first.","message:


language observation:
stairs up far westnorthwest
dark area near south
dark area adjacent north, northeast, east, and southeast
southeast corner adjacent southwest
doorway adjacent west
vertical wall adjacent northwest

cursor:
Yourself a valkyrie
(x=63, y=6)

map:
                                                                                
                                                   ------------                 
                                                   |..........|                 
                                                   |....<.....|                 
                                                   ...........|                 
                                                   |...........@                
                                                   ------------#                
                                                               ##               
                                                                #               
                                                                                
                                                                                
                                                                                
                                                                                
                                                                                
                                                                                
                                                                                
                                                                                
                                                                                
                                                                                
                                                                                
                                                                                
Agent the Stripling            St:18/04 Dx:9 Co:18 In:8 Wi:10 Ch:8 Neutral S:0  
Dlvl:1 $:0 HP:16(16) Pw:2(2) AC:6 Xp:1/0                                        

",0.0,False
74,south,"To complete the task of reaching the stairs down, I will methodically explore the level, using the 'search' action to uncover hidden doors or passages. Given the current map and the location of the stairs up, I will prioritize exploring the unvisited areas, starting with the east and south directions. Since the stairs up are located far westnorthwest, it's likely that the stairs down are in the opposite direction, so I will focus on exploring the east and south areas first. I will avoid revisiting the same areas unless necessary and keep track of the map to ensure efficient exploration. When encountering obstacles like solid stone or locked doors, I will attempt to go around them or use the 'kick' action to try and open them. My goal is to gather more information about the level's layout and find the most direct path to the stairs down.","message:


language observation:
stairs up far westnorthwest
horizontal wall near northwest
dark area very near north, southeast, and south
dark area adjacent northeast, east, and southwest
southeast corner adjacent west
doorway adjacent northwest

cursor:
Yourself a valkyrie
(x=63, y=7)

map:
                                                                                
                                                   ------------                 
                                                   |..........|                 
                                                   |....<.....|                 
                                                   ...........|                 
                                                   |...........#                
                                                   ------------@                
                                                               ##               
                                                                #               
                                                                                
                                                                                
                                                                                
                                                                                
                                                                                
                                                                                
                                                                                
                                                                                
                                                                                
                                                                                
                                                                                
                                                                                
Agent the Stripling            St:18/04 Dx:9 Co:18 In:8 Wi:10 Ch:8 Neutral S:0  
Dlvl:1 $:0 HP:16(16) Pw:2(2) AC:6 Xp:1/0                                        

",0.0,False
75,northwest,"To complete the task of reaching the stairs down, I will first review the current map and observations. Since the stairs up are located far westnorthwest, it's likely that the stairs down are in the opposite direction, possibly southeast or east. My plan is to methodically explore the level, using the 'search' action to uncover hidden doors or passages, and prioritize exploring the unvisited areas in the east and south directions. I will avoid revisiting the same areas unless necessary and keep track of the map to ensure efficient exploration. When encountering obstacles like solid stone or locked doors, I will attempt to go around them or use the 'kick' action to try and open them. Given my current position and the adjacent doorway to the northwest, I will start by exploring the northwest area, then proceed to explore the east and south areas. My goal is to gather more information about the level's layout and find the most direct path to the stairs down.","message:


language observation:
stairs up far westnorthwest
dark area near southeast
horizontal wall near northwest
dark area very near east
vertical wall adjacent north
dark area adjacent northeast
southeast corner adjacent south
horizontal wall adjacent southwest

cursor:
Yourself a valkyrie
(x=62, y=6)

map:
                                                                                
                                                   ------------                 
                                                   |..........|                 
                                                   |....<.....|                 
                                                   ...........|                 
                                                   |..........@#                
                                                   ------------#                
                                                               ##               
                                                                #               
                                                                                
                                                                                
                                                                                
                                                                                
                                                                                
                                                                                
                                                                                
                                                                                
                                                                                
                                                                                
                                                                                
                                                                                
Agent the Stripling            St:18/04 Dx:9 Co:18 In:8 Wi:10 Ch:8 Neutral S:0  
Dlvl:1 $:0 HP:16(16) Pw:2(2) AC:6 Xp:1/0                                        

",0.0,False
76,east,"To complete the task of reaching the stairs down, I will first review the current map and observations. Since the stairs up are located far westnorthwest, it's likely that the stairs down are in the opposite direction, possibly southeast or east. My plan is to methodically explore the level, using the 'search' action to uncover hidden doors or passages, and prioritize exploring the unvisited areas in the east and south directions. I will avoid revisiting the same areas unless necessary and keep track of the map to ensure efficient exploration. When encountering obstacles like solid stone or locked doors, I will attempt to go around them or use the 'kick' action to try and open them. Given my current position and the adjacent doorway to the northwest, I will start by exploring the northwest area, then proceed to explore the east and south areas. My goal is to gather more information about the level's layout and find the most direct path to the stairs down.","message:


language observation:
stairs up far westnorthwest
dark area near south
dark area adjacent north, northeast, east, and southeast
southeast corner adjacent southwest
doorway adjacent west
vertical wall adjacent northwest

cursor:
Yourself a valkyrie
(x=63, y=6)

map:
                                                                                
                                                   ------------                 
                                                   |..........|                 
                                                   |....<.....|                 
                                                   ...........|                 
                                                   |...........@                
                                                   ------------#                
                                                               ##               
                                                                #               
                                                                                
                                                                                
                                                                                
                                                                                
                                                                                
                                                                                
                                                                                
                                                                                
                                                                                
                                                                                
                                                                                
                                                                                
Agent the Stripling            St:18/04 Dx:9 Co:18 In:8 Wi:10 Ch:8 Neutral S:0  
Dlvl:1 $:0 HP:16(16) Pw:2(2) AC:6 Xp:1/0                                        

",0.0,False
77,search,"To complete the task of reaching the stairs down, I will first review the current map and observations. Since the stairs up are located far westnorthwest, it's likely that the stairs down are in the opposite direction, possibly southeast or east. My plan is to methodically explore the level, using the 'search' action to uncover hidden doors or passages, and prioritize exploring the unvisited areas in the east and south directions. I will avoid revisiting the same areas unless necessary and keep track of the map to ensure efficient exploration. When encountering obstacles like solid stone or locked doors, I will attempt to go around them or use the 'kick' action to try and open them. Given my current position and the adjacent doorway to the west, I will start by exploring the west area, then proceed to explore the east and south areas. My goal is to gather more information about the level's layout and find the most direct path to the stairs down.","message:


language observation:
stairs up far westnorthwest
dark area near south
dark area adjacent north, northeast, east, and southeast
southeast corner adjacent southwest
doorway adjacent west
vertical wall adjacent northwest

cursor:
Yourself a valkyrie
(x=63, y=6)

map:
                                                                                
                                                   ------------                 
                                                   |..........|                 
                                                   |....<.....|                 
                                                   ...........|                 
                                                   |...........@                
                                                   ------------#                
                                                               ##               
                                                                #               
                                                                                
                                                                                
                                                                                
                                                                                
                                                                                
                                                                                
                                                                                
                                                                                
                                                                                
                                                                                
                                                                                
                                                                                
Agent the Stripling            St:18/04 Dx:9 Co:18 In:8 Wi:10 Ch:8 Neutral S:0  
Dlvl:1 $:0 HP:16(16) Pw:2(2) AC:6 Xp:1/0                                        

",0.0,False
78,west,"To complete the task of reaching the stairs down, I will first review the current map and observations. Since the stairs up are located far westnorthwest, it's likely that the stairs down are in the opposite direction, possibly southeast or east. My plan is to methodically explore the level, using the 'search' action to uncover hidden doors or passages, and prioritize exploring the unvisited areas in the east and south directions. I will avoid revisiting the same areas unless necessary and keep track of the map to ensure efficient exploration. When encountering obstacles like solid stone or locked doors, I will attempt to go around them or use the 'kick' action to try and open them. Given my current position and the adjacent doorway to the west, I will start by exploring the west area, then proceed to explore the east and south areas. My goal is to gather more information about the level's layout and find the most direct path to the stairs down.","message:


language observation:
stairs up far westnorthwest
dark area near southeast
horizontal wall near northwest
dark area very near east
vertical wall adjacent north
dark area adjacent northeast
southeast corner adjacent south
horizontal wall adjacent southwest

cursor:
Yourself a valkyrie
(x=62, y=6)

map:
                                                                                
                                                   ------------                 
                                                   |..........|                 
                                                   |....<.....|                 
                                                   ...........|                 
                                                   |..........@#                
                                                   ------------#                
                                                               ##               
                                                                #               
                                                                                
                                                                                
                                                                                
                                                                                
                                                                                
                                                                                
                                                                                
                                                                                
                                                                                
                                                                                
                                                                                
                                                                                
Agent the Stripling            St:18/04 Dx:9 Co:18 In:8 Wi:10 Ch:8 Neutral S:0  
Dlvl:1 $:0 HP:16(16) Pw:2(2) AC:6 Xp:1/0                                        

",0.0,False
79,east,"To complete the task of reaching the stairs down, I will first review the current map and observations. Since the stairs up are located far westnorthwest, it's likely that the stairs down are in the opposite direction, possibly southeast or east. My plan is to methodically explore the level, using the 'search' action to uncover hidden doors or passages, and prioritize exploring the unvisited areas in the east and south directions. I will avoid revisiting the same areas unless necessary and keep track of the map to ensure efficient exploration. When encountering obstacles like solid stone or locked doors, I will attempt to go around them or use the 'kick' action to try and open them. Given my current position and the adjacent doorway to the west, I will start by exploring the west area, then proceed to explore the east and south areas. My goal is to gather more information about the level's layout and find the most direct path to the stairs down.","message:


language observation:
stairs up far westnorthwest
dark area near south
dark area adjacent north, northeast, east, and southeast
southeast corner adjacent southwest
doorway adjacent west
vertical wall adjacent northwest

cursor:
Yourself a valkyrie
(x=63, y=6)

map:
                                                                                
                                                   ------------                 
                                                   |..........|                 
                                                   |....<.....|                 
                                                   ...........|                 
                                                   |...........@                
                                                   ------------#                
                                                               ##               
                                                                #               
                                                                                
                                                                                
                                                                                
                                                                                
                                                                                
                                                                                
                                                                                
                                                                                
                                                                                
                                                                                
                                                                                
                                                                                
Agent the Stripling            St:18/04 Dx:9 Co:18 In:8 Wi:10 Ch:8 Neutral S:0  
Dlvl:1 $:0 HP:16(16) Pw:2(2) AC:6 Xp:1/0                                        

",0.0,False
80,south,"To complete the task of reaching the stairs down, I will first review the current map and observations. Since the stairs up are located far westnorthwest, it's likely that the stairs down are in the opposite direction, possibly southeast or east. My plan is to methodically explore the level, using the 'search' action to uncover hidden doors or passages, and prioritize exploring the unvisited areas in the east and south directions. I will avoid revisiting the same areas unless necessary and keep track of the map to ensure efficient exploration. When encountering obstacles like solid stone or locked doors, I will attempt to go around them or use the 'kick' action to try and open them. Given my current position and the adjacent doorway to the west, I will start by exploring the west area, then proceed to explore the east and south areas. My goal is to gather more information about the level's layout and find the most direct path to the stairs down.","message:


language observation:
stairs up far westnorthwest
horizontal wall near northwest
dark area very near north, southeast, and south
dark area adjacent northeast, east, and southwest
southeast corner adjacent west
doorway adjacent northwest

cursor:
Yourself a valkyrie
(x=63, y=7)

map:
                                                                                
                                                   ------------                 
                                                   |..........|                 
                                                   |....<.....|                 
                                                   ...........|                 
                                                   |...........#                
                                                   ------------@                
                                                               ##               
                                                                #               
                                                                                
                                                                                
                                                                                
                                                                                
                                                                                
                                                                                
                                                                                
                                                                                
                                                                                
                                                                                
                                                                                
                                                                                
Agent the Stripling            St:18/04 Dx:9 Co:18 In:8 Wi:10 Ch:8 Neutral S:0  
Dlvl:1 $:0 HP:16(16) Pw:2(2) AC:6 Xp:1/0                                        

",0.0,False
81,northwest,"To complete the task of reaching the stairs down, I will first review the current map and previous observations. Since the stairs up are located far westnorthwest, it's likely that the stairs down are in the opposite direction, possibly southeast or east. My plan is to methodically explore the level, using the 'search' action to uncover hidden doors or passages, and prioritize exploring the unvisited areas in the east and south directions. I will avoid revisiting the same areas unless necessary and keep track of the map to ensure efficient exploration. When encountering obstacles like solid stone or locked doors, I will attempt to go around them or use the 'kick' action to try and open them. Given my current position and the adjacent doorway to the northwest, I will start by exploring the northwest area, then proceed to explore the east and south areas. My goal is to gather more information about the level's layout and find the most direct path to the stairs down.","message:


language observation:
stairs up far westnorthwest
dark area near southeast
horizontal wall near northwest
dark area very near east
vertical wall adjacent north
dark area adjacent northeast
southeast corner adjacent south
horizontal wall adjacent southwest

cursor:
Yourself a valkyrie
(x=62, y=6)

map:
                                                                                
                                                   ------------                 
                                                   |..........|                 
                                                   |....<.....|                 
                                                   ...........|                 
                                                   |..........@#                
                                                   ------------#                
                                                               ##               
                                                                #               
                                                                                
                                                                                
                                                                                
                                                                                
                                                                                
                                                                                
                                                                                
                                                                                
                                                                                
                                                                                
                                                                                
                                                                                
Agent the Stripling            St:18/04 Dx:9 Co:18 In:8 Wi:10 Ch:8 Neutral S:0  
Dlvl:1 $:0 HP:16(16) Pw:2(2) AC:6 Xp:1/0                                        

",0.0,False
82,east,"To complete the task of reaching the stairs down, I will first review the current map and previous observations. Since the stairs up are located far westnorthwest, it's likely that the stairs down are in the opposite direction, possibly southeast or east. My plan is to methodically explore the level, using the 'search' action to uncover hidden doors or passages, and prioritize exploring the unvisited areas in the east and south directions. I will avoid revisiting the same areas unless necessary and keep track of the map to ensure efficient exploration. When encountering obstacles like solid stone or locked doors, I will attempt to go around them or use the 'kick' action to try and open them. Given my current position, I will start by exploring the east area, as it is the most likely direction to find the stairs down.","message:


language observation:
stairs up far westnorthwest
dark area near south
dark area adjacent north, northeast, east, and southeast
southeast corner adjacent southwest
doorway adjacent west
vertical wall adjacent northwest

cursor:
Yourself a valkyrie
(x=63, y=6)

map:
                                                                                
                                                   ------------                 
                                                   |..........|                 
                                                   |....<.....|                 
                                                   ...........|                 
                                                   |...........@                
                                                   ------------#                
                                                               ##               
                                                                #               
                                                                                
                                                                                
                                                                                
                                                                                
                                                                                
                                                                                
                                                                                
                                                                                
                                                                                
                                                                                
                                                                                
                                                                                
Agent the Stripling            St:18/04 Dx:9 Co:18 In:8 Wi:10 Ch:8 Neutral S:0  
Dlvl:1 $:0 HP:16(16) Pw:2(2) AC:6 Xp:1/0                                        

",0.0,False
83,east,"To complete the task of reaching the stairs down, I will first review the current map and previous observations. Since the stairs up are located far westnorthwest, it's likely that the stairs down are in the opposite direction, possibly southeast or east. My plan is to methodically explore the level, using the 'search' action to uncover hidden doors or passages, and prioritize exploring the unvisited areas in the east and south directions. I will avoid revisiting the same areas unless necessary and keep track of the map to ensure efficient exploration. When encountering obstacles like solid stone or locked doors, I will attempt to go around them or use the 'kick' action to try and open them. Given my current position, I will start by exploring the east area, as it is the most likely direction to find the stairs down. If the east area does not yield any results, I will proceed to explore the south area.","message:
It's solid stone.

language observation:
stairs up far westnorthwest
dark area near south
dark area adjacent north, northeast, east, and southeast
southeast corner adjacent southwest
doorway adjacent west
vertical wall adjacent northwest

cursor:
Yourself a valkyrie
(x=63, y=6)

map:
                                                                                
                                                   ------------                 
                                                   |..........|                 
                                                   |....<.....|                 
                                                   ...........|                 
                                                   |...........@                
                                                   ------------#                
                                                               ##               
                                                                #               
                                                                                
                                                                                
                                                                                
                                                                                
                                                                                
                                                                                
                                                                                
                                                                                
                                                                                
                                                                                
                                                                                
                                                                                
Agent the Stripling            St:18/04 Dx:9 Co:18 In:8 Wi:10 Ch:8 Neutral S:0  
Dlvl:1 $:0 HP:16(16) Pw:2(2) AC:6 Xp:1/0                                        

",0.0,False
84,south,"To complete the task of reaching the stairs down, I will first review the current map and previous observations. Since the stairs up are located far westnorthwest, it's likely that the stairs down are in the opposite direction, possibly southeast or east. However, my previous attempts to move east have been blocked by solid stone. My plan is to methodically explore the level, using the 'search' action to uncover hidden doors or passages, and prioritize exploring the unvisited areas in the south direction. I will avoid revisiting the same areas unless necessary and keep track of the map to ensure efficient exploration. When encountering obstacles like solid stone or locked doors, I will attempt to go around them or use the 'kick' action to try and open them. Given my current position, I will start by exploring the south area, as it is a relatively unexplored direction.","message:


language observation:
stairs up far westnorthwest
horizontal wall near northwest
dark area very near north, southeast, and south
dark area adjacent northeast, east, and southwest
southeast corner adjacent west
doorway adjacent northwest

cursor:
Yourself a valkyrie
(x=63, y=7)

map:
                                                                                
                                                   ------------                 
                                                   |..........|                 
                                                   |....<.....|                 
                                                   ...........|                 
                                                   |...........#                
                                                   ------------@                
                                                               ##               
                                                                #               
                                                                                
                                                                                
                                                                                
                                                                                
                                                                                
                                                                                
                                                                                
                                                                                
                                                                                
                                                                                
                                                                                
                                                                                
Agent the Stripling            St:18/04 Dx:9 Co:18 In:8 Wi:10 Ch:8 Neutral S:0  
Dlvl:1 $:0 HP:16(16) Pw:2(2) AC:6 Xp:1/0                                        

",0.0,False
85,northwest,"To complete the task of reaching the stairs down, I will first review the current map and previous observations. Since the stairs up are located far westnorthwest, it's likely that the stairs down are in the opposite direction, possibly southeast or east. However, my previous attempts to move east have been blocked by solid stone. My plan is to methodically explore the level, using the 'search' action to uncover hidden doors or passages, and prioritize exploring the unvisited areas in the south and southeast directions. I will avoid revisiting the same areas unless necessary and keep track of the map to ensure efficient exploration. When encountering obstacles like solid stone or locked doors, I will attempt to go around them or use the 'kick' action to try and open them. Given my current position and the fact that I have a doorway adjacent to the northwest, I will explore the northwest area first, as it might provide a new path or more information about the level layout.","message:


language observation:
stairs up far westnorthwest
dark area near southeast
horizontal wall near northwest
dark area very near east
vertical wall adjacent north
dark area adjacent northeast
southeast corner adjacent south
horizontal wall adjacent southwest

cursor:
Yourself a valkyrie
(x=62, y=6)

map:
                                                                                
                                                   ------------                 
                                                   |..........|                 
                                                   |....<.....|                 
                                                   ...........|                 
                                                   |..........@#                
                                                   ------------#                
                                                               ##               
                                                                #               
                                                                                
                                                                                
                                                                                
                                                                                
                                                                                
                                                                                
                                                                                
                                                                                
                                                                                
                                                                                
                                                                                
                                                                                
Agent the Stripling            St:18/04 Dx:9 Co:18 In:8 Wi:10 Ch:8 Neutral S:0  
Dlvl:1 $:0 HP:16(16) Pw:2(2) AC:6 Xp:1/0                                        

",0.0,False
86,search,"To complete the task of reaching the stairs down, I need to explore the level methodically, focusing on unvisited areas. Since the stairs up are far westnorthwest, the stairs down are likely in the opposite direction. Given the current map and observations, my high-level plan involves exploring the southern and southeastern areas, using the 'search' action to uncover hidden doors or passages, and attempting to go around or kick obstacles like solid stone or locked doors. I will prioritize exploring new areas and avoid revisiting the same spots unless necessary. I will also keep track of my map and adjust my plan as new information becomes available.","message:


language observation:
stairs up far westnorthwest
dark area near southeast
horizontal wall near northwest
dark area very near east
vertical wall adjacent north
dark area adjacent northeast
southeast corner adjacent south
horizontal wall adjacent southwest

cursor:
Yourself a valkyrie
(x=62, y=6)

map:
                                                                                
                                                   ------------                 
                                                   |..........|                 
                                                   |....<.....|                 
                                                   ...........|                 
                                                   |..........@#                
                                                   ------------#                
                                                               ##               
                                                                #               
                                                                                
                                                                                
                                                                                
                                                                                
                                                                                
                                                                                
                                                                                
                                                                                
                                                                                
                                                                                
                                                                                
                                                                                
Agent the Stripling            St:18/04 Dx:9 Co:18 In:8 Wi:10 Ch:8 Neutral S:0  
Dlvl:1 $:0 HP:16(16) Pw:2(2) AC:6 Xp:1/0                                        

",0.0,False
87,southeast,"To complete the task of reaching the stairs down, I need to explore the level methodically, focusing on unvisited areas. Since the stairs up are far westnorthwest, the stairs down are likely in the opposite direction, which is southeast. Given the current map and observations, my plan involves exploring the southern and southeastern areas. I will use the 'search' action to uncover hidden doors or passages and attempt to go around or kick obstacles like solid stone or locked doors. I will prioritize exploring new areas and avoid revisiting the same spots unless necessary. I will also keep track of my map and adjust my plan as new information becomes available. The first step is to move southeast to start exploring the potentially unvisited areas in that direction.","message:


language observation:
stairs up far westnorthwest
horizontal wall near northwest
dark area very near north, southeast, and south
dark area adjacent northeast, east, and southwest
southeast corner adjacent west
doorway adjacent northwest

cursor:
Yourself a valkyrie
(x=63, y=7)

map:
                                                                                
                                                   ------------                 
                                                   |..........|                 
                                                   |....<.....|                 
                                                   ...........|                 
                                                   |...........#                
                                                   ------------@                
                                                               ##               
                                                                #               
                                                                                
                                                                                
                                                                                
                                                                                
                                                                                
                                                                                
                                                                                
                                                                                
                                                                                
                                                                                
                                                                                
                                                                                
Agent the Stripling            St:18/04 Dx:9 Co:18 In:8 Wi:10 Ch:8 Neutral S:0  
Dlvl:1 $:0 HP:16(16) Pw:2(2) AC:6 Xp:1/0                                        

",0.0,False
88,south,"To complete the task of reaching the stairs down, I need to explore the level methodically. Since the stairs up are far westnorthwest, the stairs down are likely in the opposite direction, which is southeast. I will start by exploring the southern and southeastern areas. I will use the 'search' action to uncover hidden doors or passages and attempt to go around or kick obstacles like solid stone or locked doors. If I encounter a doorway, I will try to go through it. If I encounter a wall, I will try to go around it. I will prioritize exploring new areas and avoid revisiting the same spots unless necessary. I will also keep track of my map and adjust my plan as new information becomes available.","message:


language observation:
stairs up far westnorthwest
dark area near north
dark area very near east and southeast
dark area adjacent northeast, south, southwest, and west
southeast corner adjacent northwest

cursor:
Yourself a valkyrie
(x=63, y=8)

map:
                                                                                
                                                   ------------                 
                                                   |..........|                 
                                                   |....<.....|                 
                                                   ...........|                 
                                                   |...........#                
                                                   ------------#                
                                                               @#               
                                                                #               
                                                                                
                                                                                
                                                                                
                                                                                
                                                                                
                                                                                
                                                                                
                                                                                
                                                                                
                                                                                
                                                                                
                                                                                
Agent the Stripling            St:18/04 Dx:9 Co:18 In:8 Wi:10 Ch:8 Neutral S:0  
Dlvl:1 $:0 HP:16(16) Pw:2(2) AC:6 Xp:1/0                                        

",0.0,False
89,south,"To complete the task of reaching the stairs down, I will first review my previous observations and the current map. The stairs up are located far westnorthwest, which suggests that the stairs down might be in the opposite direction, southeast. However, my current location is already somewhat southeast, and I haven't found the stairs down yet. This means I need to explore the level more thoroughly, focusing on the dark areas that I haven't visited before. Since I have a sword, dagger, and shield, I'm prepared to handle basic combat encounters. My plan is to methodically explore the level, using the 'search' action to uncover hidden doors or passages, and then proceed in a direction that seems most likely to lead me to the stairs down, which is currently southeast or further south. I'll also consider using 'kick' if I encounter a locked door or chest that could potentially hide the stairs or useful items. Given my current position and the layout, moving south seems like a reasonable next step to explore new areas and potentially find the stairs down or more clues about their location.","message:
It's solid stone.

language observation:
stairs up far westnorthwest
dark area near north
dark area very near east and southeast
dark area adjacent northeast, south, southwest, and west
southeast corner adjacent northwest

cursor:
Yourself a valkyrie
(x=63, y=8)

map:
                                                                                
                                                   ------------                 
                                                   |..........|                 
                                                   |....<.....|                 
                                                   ...........|                 
                                                   |...........#                
                                                   ------------#                
                                                               @#               
                                                                #               
                                                                                
                                                                                
                                                                                
                                                                                
                                                                                
                                                                                
                                                                                
                                                                                
                                                                                
                                                                                
                                                                                
                                                                                
Agent the Stripling            St:18/04 Dx:9 Co:18 In:8 Wi:10 Ch:8 Neutral S:0  
Dlvl:1 $:0 HP:16(16) Pw:2(2) AC:6 Xp:1/0                                        

",0.0,False
90,south,"To complete the task of reaching the stairs down, I will methodically explore the level, focusing on the dark areas that I haven't visited before. Since my previous movements have been somewhat circular and I haven't found the stairs down yet, I need to consider a more systematic approach to exploration. This includes using the 'search' action to uncover hidden doors or passages and then proceeding in a direction that seems most likely to lead me to the stairs down. Given the current map layout and my observations, moving in a generally southeastern or southern direction appears to be a logical next step, as the stairs up are far westnorthwest, suggesting the stairs down could be in the opposite direction. However, I must also be prepared to adjust my direction based on new information or obstacles encountered. Additionally, if I encounter locked doors or chests, I will use 'kick' to try and open them, as they could potentially hide the stairs down or useful items. My goal is to efficiently explore the level without repeating actions unnecessarily, keeping in mind the layout of the level and the potential locations of the stairs down.","message:
It's solid stone.

language observation:
stairs up far westnorthwest
dark area near north
dark area very near east and southeast
dark area adjacent northeast, south, southwest, and west
southeast corner adjacent northwest

cursor:
Yourself a valkyrie
(x=63, y=8)

map:
                                                                                
                                                   ------------                 
                                                   |..........|                 
                                                   |....<.....|                 
                                                   ...........|                 
                                                   |...........#                
                                                   ------------#                
                                                               @#               
                                                                #               
                                                                                
                                                                                
                                                                                
                                                                                
                                                                                
                                                                                
                                                                                
                                                                                
                                                                                
                                                                                
                                                                                
                                                                                
Agent the Stripling            St:18/04 Dx:9 Co:18 In:8 Wi:10 Ch:8 Neutral S:0  
Dlvl:1 $:0 HP:16(16) Pw:2(2) AC:6 Xp:1/0                                        

",0.0,False
91,northwest,"To complete the task of reaching the stairs down, I will first review my previous observations to identify any patterns or clues that might indicate the location of the stairs down. Given that the stairs up are located far westnorthwest, it's logical to assume the stairs down could be in the opposite direction, possibly southeast or south. My plan involves systematically exploring the level, using the 'search' action to uncover hidden doors or passages, and then moving in a direction that seems most likely to lead me to the stairs down. I will also use 'kick' to open any locked doors or chests that could potentially hide the stairs down or useful items. Since my current position is at (x=63, y=8) and I've encountered solid stone to the south, my next steps will involve exploring the eastern and southeastern areas more thoroughly, using 'search' frequently to avoid missing any hidden passages. By methodically exploring the level and adjusting my direction based on new information, I aim to efficiently find the stairs down without repeating actions unnecessarily.","message:
It's a wall.

language observation:
stairs up far westnorthwest
dark area near north
dark area very near east and southeast
dark area adjacent northeast, south, southwest, and west
southeast corner adjacent northwest

cursor:
Yourself a valkyrie
(x=63, y=8)

map:
                                                                                
                                                   ------------                 
                                                   |..........|                 
                                                   |....<.....|                 
                                                   ...........|                 
                                                   |...........#                
                                                   ------------#                
                                                               @#               
                                                                #               
                                                                                
                                                                                
                                                                                
                                                                                
                                                                                
                                                                                
                                                                                
                                                                                
                                                                                
                                                                                
                                                                                
                                                                                
Agent the Stripling            St:18/04 Dx:9 Co:18 In:8 Wi:10 Ch:8 Neutral S:0  
Dlvl:1 $:0 HP:16(16) Pw:2(2) AC:6 Xp:1/0                                        

",0.0,False
92,search,"To complete the task of reaching the stairs down, I will first review my previous observations to identify any patterns or clues that might indicate the location of the stairs down. Given that the stairs up are located far westnorthwest, it's logical to assume the stairs down could be in the opposite direction, possibly southeast or south. My plan involves systematically exploring the level, using the 'search' action to uncover hidden doors or passages, and then moving in a direction that seems most likely to lead me to the stairs down. Since my current position is at (x=63, y=8) and I've encountered solid stone to the south, my next steps will involve exploring the eastern and southeastern areas more thoroughly. I will prioritize using 'search' to avoid missing any hidden passages and then proceed to move eastward, adjusting my direction as needed based on new observations. By methodically exploring the level and leveraging the 'search' action, I aim to efficiently locate the stairs down.","message:


language observation:
stairs up far westnorthwest
dark area near north
dark area very near east and southeast
dark area adjacent northeast, south, southwest, and west
southeast corner adjacent northwest

cursor:
Yourself a valkyrie
(x=63, y=8)

map:
                                                                                
                                                   ------------                 
                                                   |..........|                 
                                                   |....<.....|                 
                                                   ...........|                 
                                                   |...........#                
                                                   ------------#                
                                                               @#               
                                                                #               
                                                                                
                                                                                
                                                                                
                                                                                
                                                                                
                                                                                
                                                                                
                                                                                
                                                                                
                                                                                
                                                                                
                                                                                
Agent the Stripling            St:18/04 Dx:9 Co:18 In:8 Wi:10 Ch:8 Neutral S:0  
Dlvl:1 $:0 HP:16(16) Pw:2(2) AC:6 Xp:1/0                                        

",0.0,False
93,search,"To complete the task of reaching the stairs down, I need to systematically explore the level. Given the stairs up are far westnorthwest, the stairs down are likely in the opposite direction. My previous attempts to move south were blocked by solid stone, indicating a need to explore other directions. I will start by exploring eastward, using the 'search' action frequently to uncover any hidden doors or passages. This approach will allow me to methodically cover the level, increasing the chances of finding the stairs down. If the eastern path is also blocked, I will reassess and consider moving northwest to explore uncharted areas. The key is to be thorough and not miss any potential paths or hidden areas.","message:


language observation:
stairs up far westnorthwest
dark area near north
dark area very near east and southeast
dark area adjacent northeast, south, southwest, and west
southeast corner adjacent northwest

cursor:
Yourself a valkyrie
(x=63, y=8)

map:
                                                                                
                                                   ------------                 
                                                   |..........|                 
                                                   |....<.....|                 
                                                   ...........|                 
                                                   |...........#                
                                                   ------------#                
                                                               @#               
                                                                #               
                                                                                
                                                                                
                                                                                
                                                                                
                                                                                
                                                                                
                                                                                
                                                                                
                                                                                
                                                                                
                                                                                
                                                                                
Agent the Stripling            St:18/04 Dx:9 Co:18 In:8 Wi:10 Ch:8 Neutral S:0  
Dlvl:1 $:0 HP:16(16) Pw:2(2) AC:6 Xp:1/0                                        

",0.0,False
94,northwest,"To complete the task of reaching the stairs down, I need to systematically explore the level. Given the stairs up are far westnorthwest, the stairs down are likely in the opposite direction, which is southeast. My previous attempts to move south were blocked by solid stone, indicating a need to explore other directions. I will start by exploring the eastern and southeastern parts of the level, using the 'search' action frequently to uncover any hidden doors or passages. If I find a passage or doorway, I will proceed through it. If not, I will attempt to move around the perimeter of the level to find an alternative route. The key is to be thorough and not miss any potential paths or hidden areas.","message:
It's a wall.

language observation:
stairs up far westnorthwest
dark area near north
dark area very near east and southeast
dark area adjacent northeast, south, southwest, and west
southeast corner adjacent northwest

cursor:
Yourself a valkyrie
(x=63, y=8)

map:
                                                                                
                                                   ------------                 
                                                   |..........|                 
                                                   |....<.....|                 
                                                   ...........|                 
                                                   |...........#                
                                                   ------------#                
                                                               @#               
                                                                #               
                                                                                
                                                                                
                                                                                
                                                                                
                                                                                
                                                                                
                                                                                
                                                                                
                                                                                
                                                                                
                                                                                
                                                                                
Agent the Stripling            St:18/04 Dx:9 Co:18 In:8 Wi:10 Ch:8 Neutral S:0  
Dlvl:1 $:0 HP:16(16) Pw:2(2) AC:6 Xp:1/0                                        

",0.0,False
95,northwest,"To complete the task of reaching the stairs down, I will systematically explore the level, starting from my current position. Since the stairs up are far westnorthwest, I will prioritize exploring the eastern and southeastern parts of the level. Given that my previous attempts to move south were blocked by solid stone, I will focus on finding alternative routes, potentially by moving east or northwest. I will use the 'search' action frequently to uncover any hidden doors or passages. If I find a passage or doorway, I will proceed through it. If not, I will attempt to move around the perimeter of the level to find an alternative route. The key is to be thorough and not miss any potential paths or hidden areas.","message:
It's a wall.

language observation:
stairs up far westnorthwest
dark area near north
dark area very near east and southeast
dark area adjacent northeast, south, southwest, and west
southeast corner adjacent northwest

cursor:
Yourself a valkyrie
(x=63, y=8)

map:
                                                                                
                                                   ------------                 
                                                   |..........|                 
                                                   |....<.....|                 
                                                   ...........|                 
                                                   |...........#                
                                                   ------------#                
                                                               @#               
                                                                #               
                                                                                
                                                                                
                                                                                
                                                                                
                                                                                
                                                                                
                                                                                
                                                                                
                                                                                
                                                                                
                                                                                
                                                                                
Agent the Stripling            St:18/04 Dx:9 Co:18 In:8 Wi:10 Ch:8 Neutral S:0  
Dlvl:1 $:0 HP:16(16) Pw:2(2) AC:6 Xp:1/0                                        

",0.0,False
96,search,"To complete the task of reaching the stairs down, I need to explore the level systematically. Given that my previous attempts to move in certain directions were blocked by walls or solid stone, I will prioritize using the 'search' action to uncover any hidden doors or passages. Since the stairs up are located far westnorthwest, it's likely that the stairs down are in the opposite direction, which could be southeast or east. I will start by searching my current area and then move east or southeast to explore those regions. If I find a passage or doorway, I will proceed through it. If not, I will continue to search and move around the perimeter of the level to find an alternative route. The goal is to be thorough and not miss any potential paths or hidden areas.","message:


language observation:
stairs up far westnorthwest
dark area near north
dark area very near east and southeast
dark area adjacent northeast, south, southwest, and west
southeast corner adjacent northwest

cursor:
Yourself a valkyrie
(x=63, y=8)

map:
                                                                                
                                                   ------------                 
                                                   |..........|                 
                                                   |....<.....|                 
                                                   ...........|                 
                                                   |...........#                
                                                   ------------#                
                                                               @#               
                                                                #               
                                                                                
                                                                                
                                                                                
                                                                                
                                                                                
                                                                                
                                                                                
                                                                                
                                                                                
                                                                                
                                                                                
                                                                                
Agent the Stripling            St:18/04 Dx:9 Co:18 In:8 Wi:10 Ch:8 Neutral S:0  
Dlvl:1 $:0 HP:16(16) Pw:2(2) AC:6 Xp:1/0                                        

",0.0,False
97,search,"To complete the task, I need to explore the level systematically and find the stairs down. Given the stairs up are located far westnorthwest, I will prioritize searching and moving in the opposite direction, which could be southeast or east. I will start by searching my current area and then move in the desired direction to explore those regions. If I find a passage or doorway, I will proceed through it. If not, I will continue to search and move around the perimeter of the level to find an alternative route. The goal is to be thorough and not miss any potential paths or hidden areas. Since my previous attempts to move northwest were blocked by walls, I will avoid this direction for now. I will also consider using the 'open' action if I encounter a door and the 'kick' action if I encounter a locked door or chest, but for now, I will focus on searching and moving.","message:


language observation:
stairs up far westnorthwest
dark area near north
dark area very near east and southeast
dark area adjacent northeast, south, southwest, and west
southeast corner adjacent northwest

cursor:
Yourself a valkyrie
(x=63, y=8)

map:
                                                                                
                                                   ------------                 
                                                   |..........|                 
                                                   |....<.....|                 
                                                   ...........|                 
                                                   |...........#                
                                                   ------------#                
                                                               @#               
                                                                #               
                                                                                
                                                                                
                                                                                
                                                                                
                                                                                
                                                                                
                                                                                
                                                                                
                                                                                
                                                                                
                                                                                
                                                                                
Agent the Stripling            St:18/04 Dx:9 Co:18 In:8 Wi:10 Ch:8 Neutral S:0  
Dlvl:1 $:0 HP:16(16) Pw:2(2) AC:6 Xp:1/0                                        

",0.0,False
98,north,"To complete the task, I will first review my previous observations and the map. I note that the stairs up are located far westnorthwest, and my current position is at (x=63, y=8). Since I need to find the stairs down, I will prioritize exploring the areas that are not near the stairs up. I observe that there are dark areas near the north, east, and southeast, which could indicate unexplored regions or potential paths. My plan is to methodically explore these dark areas, starting with the ones closest to my current position. I will use the 'search' action to detect any hidden doors or passages and then move in the direction that seems most promising. If I encounter a door, I will use the 'open' action to pass through it. If I encounter a locked door or chest, I will use the 'kick' action to try and open it. I will avoid moving northwest since my previous attempts were blocked by walls. By systematically exploring the level and using the available actions, I aim to find the stairs down and complete the task.","message:


language observation:
stairs up far westnorthwest
horizontal wall near northwest
dark area very near north, southeast, and south
dark area adjacent northeast, east, and southwest
southeast corner adjacent west
doorway adjacent northwest

cursor:
Yourself a valkyrie
(x=63, y=7)

map:
                                                                                
                                                   ------------                 
                                                   |..........|                 
                                                   |....<.....|                 
                                                   ...........|                 
                                                   |...........#                
                                                   ------------@                
                                                               ##               
                                                                #               
                                                                                
                                                                                
                                                                                
                                                                                
                                                                                
                                                                                
                                                                                
                                                                                
                                                                                
                                                                                
                                                                                
                                                                                
Agent the Stripling            St:18/04 Dx:9 Co:18 In:8 Wi:10 Ch:8 Neutral S:0  
Dlvl:1 $:0 HP:16(16) Pw:2(2) AC:6 Xp:1/0                                        

",0.0,False
99,northwest,"To complete the task, I will first review my previous observations and the map. Since I need to find the stairs down, I will prioritize exploring the areas that are not near the stairs up. I observe that there are dark areas near the north, east, and southeast, which could indicate unexplored regions or potential paths. My plan is to methodically explore these dark areas, starting with the ones closest to my current position. I will use the 'search' action to detect any hidden doors or passages and then move in the direction that seems most promising. If I encounter a door, I will use the 'open' action to pass through it. If I encounter a locked door or chest, I will use the 'kick' action to try and open it. I will avoid moving northwest since my previous attempts were blocked by walls. By systematically exploring the level and using the available actions, I aim to find the stairs down and complete the task.","message:
 
No  Points     Name                                                   Hp [max]
0  Agent-Val-Hum-Fem-Neu quit in The Dungeons of Doom on
level 1.                                               16  [16]


language observation:
dark area adjacent east, southeast, and south

cursor:
very far eastsoutheast 
(x=77, y=6)

map:
 No  Points     Name                                                   Hp [max] 
                                                                                
            0  Agent-Val-Hum-Fem-Neu quit in The Dungeons of Doom on            
                                                                                
              level 1.                                               16  [16]   
                                                                                
                                                                                
                                                                                
                                                                                
                                                                                
                                                                                
                                                                                
                                                                                
                                                                                
                                                                                
                                                                                
                                                                                
                                                                                
                                                                                
                                                                                
                                                                                
                                                                                
                                                                                

",0.0,True
