Step,Action,Reasoning,Observation,Reward,Done
0,southwest,"To complete the task, I will first explore the current level to gather information about the layout and potential locations of the stairs down. Given the language observation, I notice that there are walls in various directions, which will help me to navigate. I will start by moving in a direction that is not blocked by a wall. Since the northwest and north directions are partially blocked by horizontal walls, and the east and northeast directions are blocked by vertical walls, I will consider moving southeast, south, or southwest. However, the vertical wall far west suggests that moving west might not be fruitful. My goal is to find a passage or a room that could potentially contain the stairs down. I will use the 'search' action if I suspect there might be a hidden door or passage. As I explore, I will keep track of my surroundings and adjust my plan accordingly. I will avoid kicking or fighting unless absolutely necessary, as I do not have information about potential enemies or the durability of doors and chests.","message:
It's a wall.

language observation:
vertical wall far west
horizontal wall near north and northwest
vertical wall near northeast and east
horizontal wall adjacent southeast, south, and southwest

cursor:
Yourself a archeologist
(x=52, y=18)

map:
                                                                                
                                                                                
                                                                                
                                                                                
                                                                                
                                                                                
                                                                                
                                                                                
                                                                                
                                                                                
                                                                                
                                                                                
                                                                                
                                              ----------                        
                                              |........|                        
                                              .........|                        
                                              |........|                        
                                              |.....@..|                        
                                              ----------                        
                                                                                
                                                                                
Agent the Digger               St:13 Dx:8 Co:13 In:13 Wi:18 Ch:9 Neutral S:0    
Dlvl:1 $:0 HP:12(12) Pw:3(3) AC:9 Xp:1/0                                        

",0.0,False
1,northwest,,"message:


language observation:
horizontal wall near north, northeast, and northwest
vertical wall near east and west
horizontal wall very near southeast, south, and southwest
stairs up adjacent southeast

cursor:
Yourself a archeologist
(x=51, y=17)

map:
                                                                                
                                                                                
                                                                                
                                                                                
                                                                                
                                                                                
                                                                                
                                                                                
                                                                                
                                                                                
                                                                                
                                                                                
                                                                                
                                              ----------                        
                                              |........|                        
                                              .........|                        
                                              |....@...|                        
                                              |.....<..|                        
                                              ----------                        
                                                                                
                                                                                
Agent the Digger               St:13 Dx:8 Co:13 In:13 Wi:18 Ch:9 Neutral S:0    
Dlvl:1 $:0 HP:12(12) Pw:3(3) AC:9 Xp:1/0                                        

",0.0,False
2,east,,"message:


language observation:
vertical wall far west
horizontal wall near north and northwest
northeast room corner near northeast
vertical wall near east
horizontal wall very near southeast, south, and southwest
stairs up adjacent south

cursor:
Yourself a archeologist
(x=52, y=17)

map:
                                                                                
                                                                                
                                                                                
                                                                                
                                                                                
                                                                                
                                                                                
                                                                                
                                                                                
                                                                                
                                                                                
                                                                                
                                                                                
                                              ----------                        
                                              |........|                        
                                              .........|                        
                                              |.....@..|                        
                                              |.....<..|                        
                                              ----------                        
                                                                                
                                                                                
Agent the Digger               St:13 Dx:8 Co:13 In:13 Wi:18 Ch:9 Neutral S:0    
Dlvl:1 $:0 HP:12(12) Pw:3(3) AC:9 Xp:1/0                                        

",0.0,False
3,north,,"message:


language observation:
doorway far west
dark area far west
vertical wall near east
southeast corner near southeast
horizontal wall near south and southwest
horizontal wall very near north, northeast, and northwest
stairs up very near south

cursor:
Yourself a archeologist
(x=52, y=16)

map:
                                                                                
                                                                                
                                                                                
                                                                                
                                                                                
                                                                                
                                                                                
                                                                                
                                                                                
                                                                                
                                                                                
                                                                                
                                                                                
                                              ----------                        
                                              |........|                        
                                              ......@..|                        
                                              |........|                        
                                              |.....<..|                        
                                              ----------                        
                                                                                
                                                                                
Agent the Digger               St:13 Dx:8 Co:13 In:13 Wi:18 Ch:9 Neutral S:0    
Dlvl:1 $:0 HP:12(12) Pw:3(3) AC:9 Xp:1/0                                        

",0.0,False
4,west,,"message:


language observation:
dark area far west
vertical wall near east
horizontal wall near southeast, south, and southwest
doorway near west
horizontal wall very near north, northeast, and northwest
stairs up very near southsoutheast

cursor:
Yourself a archeologist
(x=51, y=16)

map:
                                                                                
                                                                                
                                                                                
                                                                                
                                                                                
                                                                                
                                                                                
                                                                                
                                                                                
                                                                                
                                                                                
                                                                                
                                                                                
                                              ----------                        
                                              |........|                        
                                              .....@...|                        
                                              |........|                        
                                              |.....<..|                        
                                              ----------                        
                                                                                
                                                                                
Agent the Digger               St:13 Dx:8 Co:13 In:13 Wi:18 Ch:9 Neutral S:0    
Dlvl:1 $:0 HP:12(12) Pw:3(3) AC:9 Xp:1/0                                        

",0.0,False
5,west,,"message:


language observation:
vertical wall near east
horizontal wall near southeast, south, and southwest
doorway near west
dark area near west
horizontal wall very near north, northeast, and northwest
stairs up very near southeast

cursor:
Yourself a archeologist
(x=50, y=16)

map:
                                                                                
                                                                                
                                                                                
                                                                                
                                                                                
                                                                                
                                                                                
                                                                                
                                                                                
                                                                                
                                                                                
                                                                                
                                                                                
                                              ----------                        
                                              |........|                        
                                              ....@....|                        
                                              |........|                        
                                              |.....<..|                        
                                              ----------                        
                                                                                
                                                                                
Agent the Digger               St:13 Dx:8 Co:13 In:13 Wi:18 Ch:9 Neutral S:0    
Dlvl:1 $:0 HP:12(12) Pw:3(3) AC:9 Xp:1/0                                        

",0.0,False
6,west,,"message:


language observation:
vertical wall far east
stairs up near eastsoutheast
horizontal wall near southeast and south
southwest corner near southwest
doorway near west
dark area near west
horizontal wall very near north, northeast, and northwest

cursor:
Yourself a archeologist
(x=49, y=16)

map:
                                                                                
                                                                                
                                                                                
                                                                                
                                                                                
                                                                                
                                                                                
                                                                                
                                                                                
                                                                                
                                                                                
                                                                                
                                                                                
                                              ----------                        
                                              |........|                        
                                              ...@.....|                        
                                              |........|                        
                                              |.....<..|                        
                                              ----------                        
                                                                                
                                                                                
Agent the Digger               St:13 Dx:8 Co:13 In:13 Wi:18 Ch:9 Neutral S:0    
Dlvl:1 $:0 HP:12(12) Pw:3(3) AC:9 Xp:1/0                                        

",0.0,False
7,west,,"message:


language observation:
vertical wall far east
stairs up near eastsoutheast
horizontal wall near southeast and south
dark area near west
horizontal wall very near north and northeast
vertical wall very near southwest
doorway very near west
northwest room corner very near northwest

cursor:
Yourself a archeologist
(x=48, y=16)

map:
                                                                                
                                                                                
                                                                                
                                                                                
                                                                                
                                                                                
                                                                                
                                                                                
                                                                                
                                                                                
                                                                                
                                                                                
                                                                                
                                              ----------                        
                                              |........|                        
                                              ..@......|                        
                                              |........|                        
                                              |.....<..|                        
                                              ----------                        
                                                                                
                                                                                
Agent the Digger               St:13 Dx:8 Co:13 In:13 Wi:18 Ch:9 Neutral S:0    
Dlvl:1 $:0 HP:12(12) Pw:3(3) AC:9 Xp:1/0                                        

",0.0,False
8,west,,"message:


language observation:
vertical wall far east
stairs up near eastsoutheast
horizontal wall near southeast and south
horizontal wall very near north and northeast
dark area very near west
vertical wall adjacent southwest and northwest
doorway adjacent west

cursor:
Yourself a archeologist
(x=47, y=16)

map:
                                                                                
                                                                                
                                                                                
                                                                                
                                                                                
                                                                                
                                                                                
                                                                                
                                                                                
                                                                                
                                                                                
                                                                                
                                                                                
                                              ----------                        
                                              |........|                        
                                              .@.......|                        
                                              |........|                        
                                              |.....<..|                        
                                              ----------                        
                                                                                
                                                                                
Agent the Digger               St:13 Dx:8 Co:13 In:13 Wi:18 Ch:9 Neutral S:0    
Dlvl:1 $:0 HP:12(12) Pw:3(3) AC:9 Xp:1/0                                        

",0.0,False
9,west,,"message:


language observation:
vertical wall far east
stairs up far eastsoutheast
horizontal wall near southeast
horizontal wall very near northeast
dark area very near west
vertical wall adjacent north and south
dark area adjacent southwest and northwest

cursor:
Yourself a archeologist
(x=46, y=16)

map:
                                                                                
                                                                                
                                                                                
                                                                                
                                                                                
                                                                                
                                                                                
                                                                                
                                                                                
                                                                                
                                                                                
                                                                                
                                                                                
                                              ----------                        
                                              |........|                        
                                             #@........|                        
                                              |........|                        
                                              |.....<..|                        
                                              ----------                        
                                                                                
                                                                                
Agent the Digger               St:13 Dx:8 Co:13 In:13 Wi:18 Ch:9 Neutral S:0    
Dlvl:1 $:0 HP:12(12) Pw:3(3) AC:9 Xp:1/0                                        

",0.0,False
10,search,,"message:


language observation:
vertical wall far east
stairs up far eastsoutheast
horizontal wall near southeast
horizontal wall very near northeast
dark area very near west
vertical wall adjacent north and south
dark area adjacent southwest and northwest

cursor:
Yourself a archeologist
(x=46, y=16)

map:
                                                                                
                                                                                
                                                                                
                                                                                
                                                                                
                                                                                
                                                                                
                                                                                
                                                                                
                                                                                
                                                                                
                                                                                
                                                                                
                                              ----------                        
                                              |........|                        
                                             #@........|                        
                                              |........|                        
                                              |.....<..|                        
                                              ----------                        
                                                                                
                                                                                
Agent the Digger               St:13 Dx:8 Co:13 In:13 Wi:18 Ch:9 Neutral S:0    
Dlvl:1 $:0 HP:12(12) Pw:3(3) AC:9 Xp:1/0                                        

",0.0,False
11,south,,"message:
It's a wall.

language observation:
vertical wall far east
stairs up far eastsoutheast
horizontal wall near southeast
horizontal wall very near northeast
dark area very near west
vertical wall adjacent north and south
dark area adjacent southwest and northwest

cursor:
Yourself a archeologist
(x=46, y=16)

map:
                                                                                
                                                                                
                                                                                
                                                                                
                                                                                
                                                                                
                                                                                
                                                                                
                                                                                
                                                                                
                                                                                
                                                                                
                                                                                
                                              ----------                        
                                              |........|                        
                                             #@........|                        
                                              |........|                        
                                              |.....<..|                        
                                              ----------                        
                                                                                
                                                                                
Agent the Digger               St:13 Dx:8 Co:13 In:13 Wi:18 Ch:9 Neutral S:0    
Dlvl:1 $:0 HP:12(12) Pw:3(3) AC:9 Xp:1/0                                        

",0.0,False
12,northwest,,"message:
It's solid stone.

language observation:
vertical wall far east
stairs up far eastsoutheast
horizontal wall near southeast
horizontal wall very near northeast
dark area very near west
vertical wall adjacent north and south
dark area adjacent southwest and northwest

cursor:
Yourself a archeologist
(x=46, y=16)

map:
                                                                                
                                                                                
                                                                                
                                                                                
                                                                                
                                                                                
                                                                                
                                                                                
                                                                                
                                                                                
                                                                                
                                                                                
                                                                                
                                              ----------                        
                                              |........|                        
                                             #@........|                        
                                              |........|                        
                                              |.....<..|                        
                                              ----------                        
                                                                                
                                                                                
Agent the Digger               St:13 Dx:8 Co:13 In:13 Wi:18 Ch:9 Neutral S:0    
Dlvl:1 $:0 HP:12(12) Pw:3(3) AC:9 Xp:1/0                                        

",0.0,False
13,east,,"message:


language observation:
vertical wall far east
stairs up near eastsoutheast
horizontal wall near southeast and south
dark area near west
horizontal wall very near north and northeast
vertical wall adjacent southwest and northwest
doorway adjacent west

cursor:
Yourself a archeologist
(x=47, y=16)

map:
                                                                                
                                                                                
                                                                                
                                                                                
                                                                                
                                                                                
                                                                                
                                                                                
                                                                                
                                                                                
                                                                                
                                                                                
                                                                                
                                              ----------                        
                                              |........|                        
                                             #.@.......|                        
                                              |........|                        
                                              |.....<..|                        
                                              ----------                        
                                                                                
                                                                                
Agent the Digger               St:13 Dx:8 Co:13 In:13 Wi:18 Ch:9 Neutral S:0    
Dlvl:1 $:0 HP:12(12) Pw:3(3) AC:9 Xp:1/0                                        

",0.0,False
14,east,,"message:


language observation:
vertical wall far east
stairs up near eastsoutheast
horizontal wall near southeast and south
dark area near west
horizontal wall very near north and northeast
vertical wall very near southwest
doorway very near west
northwest room corner very near northwest

cursor:
Yourself a archeologist
(x=48, y=16)

map:
                                                                                
                                                                                
                                                                                
                                                                                
                                                                                
                                                                                
                                                                                
                                                                                
                                                                                
                                                                                
                                                                                
                                                                                
                                                                                
                                              ----------                        
                                              |........|                        
                                             #..@......|                        
                                              |........|                        
                                              |.....<..|                        
                                              ----------                        
                                                                                
                                                                                
Agent the Digger               St:13 Dx:8 Co:13 In:13 Wi:18 Ch:9 Neutral S:0    
Dlvl:1 $:0 HP:12(12) Pw:3(3) AC:9 Xp:1/0                                        

",0.0,False
15,search,,"message:


language observation:
vertical wall far east
stairs up near eastsoutheast
horizontal wall near southeast and south
dark area near west
horizontal wall very near north and northeast
vertical wall very near southwest
doorway very near west
northwest room corner very near northwest

cursor:
Yourself a archeologist
(x=48, y=16)

map:
                                                                                
                                                                                
                                                                                
                                                                                
                                                                                
                                                                                
                                                                                
                                                                                
                                                                                
                                                                                
                                                                                
                                                                                
                                                                                
                                              ----------                        
                                              |........|                        
                                             #..@......|                        
                                              |........|                        
                                              |.....<..|                        
                                              ----------                        
                                                                                
                                                                                
Agent the Digger               St:13 Dx:8 Co:13 In:13 Wi:18 Ch:9 Neutral S:0    
Dlvl:1 $:0 HP:12(12) Pw:3(3) AC:9 Xp:1/0                                        

",0.0,False
16,west,"I will explore the level to find the stairs down. Since the stairs up are already found, I'll focus on searching for hidden doors, passages, or other paths that could lead to the stairs down. Given the current map, I'll head west through the doorway and explore the dark area. If I find any obstacles, such as locked doors or enemies, I'll use my bullwhip or pick-axe to overcome them. I'll also keep an eye out for any useful items or resources. Once I've explored the western area, I'll return to the main room and search for any other possible paths or hidden doors.","message:


language observation:
vertical wall far east
stairs up near eastsoutheast
horizontal wall near southeast and south
dark area near west
horizontal wall very near north and northeast
vertical wall adjacent southwest and northwest
doorway adjacent west

cursor:
Yourself a archeologist
(x=47, y=16)

map:
                                                                                
                                                                                
                                                                                
                                                                                
                                                                                
                                                                                
                                                                                
                                                                                
                                                                                
                                                                                
                                                                                
                                                                                
                                                                                
                                              ----------                        
                                              |........|                        
                                             #.@.......|                        
                                              |........|                        
                                              |.....<..|                        
                                              ----------                        
                                                                                
                                                                                
Agent the Digger               St:13 Dx:8 Co:13 In:13 Wi:18 Ch:9 Neutral S:0    
Dlvl:1 $:0 HP:12(12) Pw:3(3) AC:9 Xp:1/0                                        

",0.0,False
17,search,,"message:


language observation:
vertical wall far east
stairs up near eastsoutheast
horizontal wall near southeast and south
dark area near west
horizontal wall very near north and northeast
vertical wall adjacent southwest and northwest
doorway adjacent west

cursor:
Yourself a archeologist
(x=47, y=16)

map:
                                                                                
                                                                                
                                                                                
                                                                                
                                                                                
                                                                                
                                                                                
                                                                                
                                                                                
                                                                                
                                                                                
                                                                                
                                                                                
                                              ----------                        
                                              |........|                        
                                             #.@.......|                        
                                              |........|                        
                                              |.....<..|                        
                                              ----------                        
                                                                                
                                                                                
Agent the Digger               St:13 Dx:8 Co:13 In:13 Wi:18 Ch:9 Neutral S:0    
Dlvl:1 $:0 HP:12(12) Pw:3(3) AC:9 Xp:1/0                                        

",0.0,False
18,west,,"message:


language observation:
vertical wall far east
stairs up far eastsoutheast
horizontal wall near southeast
horizontal wall very near northeast
dark area very near west
vertical wall adjacent north and south
dark area adjacent southwest and northwest

cursor:
Yourself a archeologist
(x=46, y=16)

map:
                                                                                
                                                                                
                                                                                
                                                                                
                                                                                
                                                                                
                                                                                
                                                                                
                                                                                
                                                                                
                                                                                
                                                                                
                                                                                
                                              ----------                        
                                              |........|                        
                                             #@........|                        
                                              |........|                        
                                              |.....<..|                        
                                              ----------                        
                                                                                
                                                                                
Agent the Digger               St:13 Dx:8 Co:13 In:13 Wi:18 Ch:9 Neutral S:0    
Dlvl:1 $:0 HP:12(12) Pw:3(3) AC:9 Xp:1/0                                        

",0.0,False
19,search,,"message:


language observation:
vertical wall far east
stairs up far eastsoutheast
horizontal wall near southeast
horizontal wall very near northeast
dark area very near west
vertical wall adjacent north and south
dark area adjacent southwest and northwest

cursor:
Yourself a archeologist
(x=46, y=16)

map:
                                                                                
                                                                                
                                                                                
                                                                                
                                                                                
                                                                                
                                                                                
                                                                                
                                                                                
                                                                                
                                                                                
                                                                                
                                                                                
                                              ----------                        
                                              |........|                        
                                             #@........|                        
                                              |........|                        
                                              |.....<..|                        
                                              ----------                        
                                                                                
                                                                                
Agent the Digger               St:13 Dx:8 Co:13 In:13 Wi:18 Ch:9 Neutral S:0    
Dlvl:1 $:0 HP:12(12) Pw:3(3) AC:9 Xp:1/0                                        

",0.0,False
20,east,,"message:


language observation:
vertical wall far east
stairs up near eastsoutheast
horizontal wall near southeast and south
dark area near west
horizontal wall very near north and northeast
vertical wall adjacent southwest and northwest
doorway adjacent west

cursor:
Yourself a archeologist
(x=47, y=16)

map:
                                                                                
                                                                                
                                                                                
                                                                                
                                                                                
                                                                                
                                                                                
                                                                                
                                                                                
                                                                                
                                                                                
                                                                                
                                                                                
                                              ----------                        
                                              |........|                        
                                             #.@.......|                        
                                              |........|                        
                                              |.....<..|                        
                                              ----------                        
                                                                                
                                                                                
Agent the Digger               St:13 Dx:8 Co:13 In:13 Wi:18 Ch:9 Neutral S:0    
Dlvl:1 $:0 HP:12(12) Pw:3(3) AC:9 Xp:1/0                                        

",0.0,False
21,south,,"message:


language observation:
vertical wall far east
horizontal wall near north and northeast
stairs up near eastsoutheast
horizontal wall very near southeast and south
dark area very near northwest
vertical wall adjacent southwest and west
doorway adjacent northwest

cursor:
Yourself a archeologist
(x=47, y=17)

map:
                                                                                
                                                                                
                                                                                
                                                                                
                                                                                
                                                                                
                                                                                
                                                                                
                                                                                
                                                                                
                                                                                
                                                                                
                                                                                
                                              ----------                        
                                              |........|                        
                                             #.........|                        
                                              |@.......|                        
                                              |.....<..|                        
                                              ----------                        
                                                                                
                                                                                
Agent the Digger               St:13 Dx:8 Co:13 In:13 Wi:18 Ch:9 Neutral S:0    
Dlvl:1 $:0 HP:12(12) Pw:3(3) AC:9 Xp:1/0                                        

",0.0,False
22,east,,"message:


language observation:
vertical wall far east
horizontal wall near north and northeast
stairs up near eastsoutheast
horizontal wall very near southeast and south
southwest corner very near southwest
vertical wall very near west and northwest

cursor:
Yourself a archeologist
(x=48, y=17)

map:
                                                                                
                                                                                
                                                                                
                                                                                
                                                                                
                                                                                
                                                                                
                                                                                
                                                                                
                                                                                
                                                                                
                                                                                
                                                                                
                                              ----------                        
                                              |........|                        
                                             #.........|                        
                                              |.@......|                        
                                              |.....<..|                        
                                              ----------                        
                                                                                
                                                                                
Agent the Digger               St:13 Dx:8 Co:13 In:13 Wi:18 Ch:9 Neutral S:0    
Dlvl:1 $:0 HP:12(12) Pw:3(3) AC:9 Xp:1/0                                        

",0.0,False
23,search,,"message:


language observation:
vertical wall far east
horizontal wall near north and northeast
stairs up near eastsoutheast
horizontal wall very near southeast and south
southwest corner very near southwest
vertical wall very near west and northwest

cursor:
Yourself a archeologist
(x=48, y=17)

map:
                                                                                
                                                                                
                                                                                
                                                                                
                                                                                
                                                                                
                                                                                
                                                                                
                                                                                
                                                                                
                                                                                
                                                                                
                                                                                
                                              ----------                        
                                              |........|                        
                                             #.........|                        
                                              |.@......|                        
                                              |.....<..|                        
                                              ----------                        
                                                                                
                                                                                
Agent the Digger               St:13 Dx:8 Co:13 In:13 Wi:18 Ch:9 Neutral S:0    
Dlvl:1 $:0 HP:12(12) Pw:3(3) AC:9 Xp:1/0                                        

",0.0,False
24,east,,"message:


language observation:
vertical wall far east
horizontal wall near north and northeast
stairs up near eastsoutheast
vertical wall near west
northwest room corner near northwest
horizontal wall very near southeast, south, and southwest

cursor:
Yourself a archeologist
(x=49, y=17)

map:
                                                                                
                                                                                
                                                                                
                                                                                
                                                                                
                                                                                
                                                                                
                                                                                
                                                                                
                                                                                
                                                                                
                                                                                
                                                                                
                                              ----------                        
                                              |........|                        
                                             #.........|                        
                                              |..@.....|                        
                                              |.....<..|                        
                                              ----------                        
                                                                                
                                                                                
Agent the Digger               St:13 Dx:8 Co:13 In:13 Wi:18 Ch:9 Neutral S:0    
Dlvl:1 $:0 HP:12(12) Pw:3(3) AC:9 Xp:1/0                                        

",0.0,False
25,southwest,,"message:


language observation:
vertical wall far east
horizontal wall near north and northeast
stairs up near east
dark area near northwest
vertical wall very near west
doorway very near northwest
horizontal wall adjacent southeast, south, and southwest

cursor:
Yourself a archeologist
(x=48, y=18)

map:
                                                                                
                                                                                
                                                                                
                                                                                
                                                                                
                                                                                
                                                                                
                                                                                
                                                                                
                                                                                
                                                                                
                                                                                
                                                                                
                                              ----------                        
                                              |........|                        
                                             #.........|                        
                                              |........|                        
                                              |.@...<..|                        
                                              ----------                        
                                                                                
                                                                                
Agent the Digger               St:13 Dx:8 Co:13 In:13 Wi:18 Ch:9 Neutral S:0    
Dlvl:1 $:0 HP:12(12) Pw:3(3) AC:9 Xp:1/0                                        

",0.0,False
26,northwest,,"message:


language observation:
vertical wall far east
horizontal wall near north and northeast
stairs up near eastsoutheast
horizontal wall very near southeast and south
dark area very near northwest
vertical wall adjacent southwest and west
doorway adjacent northwest

cursor:
Yourself a archeologist
(x=47, y=17)

map:
                                                                                
                                                                                
                                                                                
                                                                                
                                                                                
                                                                                
                                                                                
                                                                                
                                                                                
                                                                                
                                                                                
                                                                                
                                                                                
                                              ----------                        
                                              |........|                        
                                             #.........|                        
                                              |@.......|                        
                                              |.....<..|                        
                                              ----------                        
                                                                                
                                                                                
Agent the Digger               St:13 Dx:8 Co:13 In:13 Wi:18 Ch:9 Neutral S:0    
Dlvl:1 $:0 HP:12(12) Pw:3(3) AC:9 Xp:1/0                                        

",0.0,False
27,search,,"message:
You find a hidden door.

language observation:
vertical wall far east
horizontal wall near north and northeast
stairs up near eastsoutheast
horizontal wall very near southeast and south
dark area very near southwest and northwest
vertical closed door adjacent southwest
vertical wall adjacent west
doorway adjacent northwest

cursor:
Yourself a archeologist
(x=47, y=17)

map:
                                                                                
                                                                                
                                                                                
                                                                                
                                                                                
                                                                                
                                                                                
                                                                                
                                                                                
                                                                                
                                                                                
                                                                                
                                                                                
                                              ----------                        
                                              |........|                        
                                             #.........|                        
                                              |@.......|                        
                                              +.....<..|                        
                                              ----------                        
                                                                                
                                                                                
Agent the Digger               St:13 Dx:8 Co:13 In:13 Wi:18 Ch:9 Neutral S:0    
Dlvl:1 $:0 HP:12(12) Pw:3(3) AC:9 Xp:1/0                                        

",0.0,False
28,open,,"message:
In what direction?

language observation:
vertical wall far east
horizontal wall near north and northeast
stairs up near eastsoutheast
horizontal wall very near southeast and south
dark area very near southwest and northwest
vertical closed door adjacent southwest
vertical wall adjacent west
doorway adjacent northwest

cursor:

(x=19, y=0)

map:
                                                                                
                                                                                
                                                                                
                                                                                
                                                                                
                                                                                
                                                                                
                                                                                
                                                                                
                                                                                
                                                                                
                                                                                
                                                                                
                                              ----------                        
                                              |........|                        
                                             #.........|                        
                                              |@.......|                        
                                              +.....<..|                        
                                              ----------                        
                                                                                
                                                                                
Agent the Digger               St:13 Dx:8 Co:13 In:13 Wi:18 Ch:9 Neutral S:0    
Dlvl:1 $:0 HP:12(12) Pw:3(3) AC:9 Xp:1/0                                        

",0.0,False
29,southwest,,"message:
The door opens.

language observation:
vertical wall far east
horizontal wall near north and northeast
stairs up near eastsoutheast
horizontal wall very near southeast and south
dark area very near southwest and northwest
vertical open door adjacent southwest
vertical wall adjacent west
doorway adjacent northwest

cursor:
Yourself a archeologist
(x=47, y=17)

map:
                                                                                
                                                                                
                                                                                
                                                                                
                                                                                
                                                                                
                                                                                
                                                                                
                                                                                
                                                                                
                                                                                
                                                                                
                                                                                
                                              ----------                        
                                              |........|                        
                                             #.........|                        
                                              |@.......|                        
                                              -.....<..|                        
                                              ----------                        
                                                                                
                                                                                
Agent the Digger               St:13 Dx:8 Co:13 In:13 Wi:18 Ch:9 Neutral S:0    
Dlvl:1 $:0 HP:12(12) Pw:3(3) AC:9 Xp:1/0                                        

",0.0,False
30,southwest,,"message:
You can't move diagonally into an intact doorway.

language observation:
vertical wall far east
horizontal wall near north and northeast
stairs up near eastsoutheast
horizontal wall very near southeast and south
dark area very near southwest and northwest
vertical open door adjacent southwest
vertical wall adjacent west
doorway adjacent northwest

cursor:
Yourself a archeologist
(x=47, y=17)

map:
                                                                                
                                                                                
                                                                                
                                                                                
                                                                                
                                                                                
                                                                                
                                                                                
                                                                                
                                                                                
                                                                                
                                                                                
                                                                                
                                              ----------                        
                                              |........|                        
                                             #.........|                        
                                              |@.......|                        
                                              -.....<..|                        
                                              ----------                        
                                                                                
                                                                                
Agent the Digger               St:13 Dx:8 Co:13 In:13 Wi:18 Ch:9 Neutral S:0    
Dlvl:1 $:0 HP:12(12) Pw:3(3) AC:9 Xp:1/0                                        

",0.0,False
31,south,,"message:


language observation:
vertical wall far east
horizontal wall near north and northeast
stairs up near east
dark area very near west
horizontal wall adjacent southeast and south
southwest corner adjacent southwest
vertical open door adjacent west
vertical wall adjacent northwest

cursor:
Yourself a archeologist
(x=47, y=18)

map:
                                                                                
                                                                                
                                                                                
                                                                                
                                                                                
                                                                                
                                                                                
                                                                                
                                                                                
                                                                                
                                                                                
                                                                                
                                                                                
                                              ----------                        
                                              |........|                        
                                             #.........|                        
                                              |........|                        
                                              -@....<..|                        
                                              ----------                        
                                                                                
                                                                                
Agent the Digger               St:13 Dx:8 Co:13 In:13 Wi:18 Ch:9 Neutral S:0    
Dlvl:1 $:0 HP:12(12) Pw:3(3) AC:9 Xp:1/0                                        

",0.0,False
32,west,"To complete the task, I will first explore the current level to gather more information about the layout and potential paths to the stairs down. Since the stairs up are already visible, my primary goal is to find the stairs down. I will move through the open door to the west and investigate the dark area. If I find any obstacles, such as locked doors or enemies, I will use my available items, like the bullwhip or pick-axe, to overcome them. I will also keep an eye out for any hidden doors or secret passages by using the search action periodically. Once I have a better understanding of the level's layout, I will prioritize finding the stairs down to progress to the next level.","message:


language observation:
stairs up far east
vertical wall far east
horizontal wall near northeast
dark area very near west
vertical wall adjacent north
horizontal wall adjacent southeast
southwest corner adjacent south
dark area adjacent southwest and northwest

cursor:
Yourself a archeologist
(x=46, y=18)

map:
                                                                                
                                                                                
                                                                                
                                                                                
                                                                                
                                                                                
                                                                                
                                                                                
                                                                                
                                                                                
                                                                                
                                                                                
                                                                                
                                              ----------                        
                                              |........|                        
                                             #.........|                        
                                              |........|                        
                                             #@.....<..|                        
                                              ----------                        
                                                                                
                                                                                
Agent the Digger               St:13 Dx:8 Co:13 In:13 Wi:18 Ch:9 Neutral S:0    
Dlvl:1 $:0 HP:12(12) Pw:3(3) AC:9 Xp:1/0                                        

",0.0,False
33,northwest,,"message:
It's solid stone.

language observation:
stairs up far east
vertical wall far east
horizontal wall near northeast
dark area very near west
vertical wall adjacent north
horizontal wall adjacent southeast
southwest corner adjacent south
dark area adjacent southwest and northwest

cursor:
Yourself a archeologist
(x=46, y=18)

map:
                                                                                
                                                                                
                                                                                
                                                                                
                                                                                
                                                                                
                                                                                
                                                                                
                                                                                
                                                                                
                                                                                
                                                                                
                                                                                
                                              ----------                        
                                              |........|                        
                                             #.........|                        
                                              |........|                        
                                             #@.....<..|                        
                                              ----------                        
                                                                                
                                                                                
Agent the Digger               St:13 Dx:8 Co:13 In:13 Wi:18 Ch:9 Neutral S:0    
Dlvl:1 $:0 HP:12(12) Pw:3(3) AC:9 Xp:1/0                                        

",0.0,False
34,southwest,,"message:
It's solid stone.

language observation:
stairs up far east
vertical wall far east
horizontal wall near northeast
dark area very near west
vertical wall adjacent north
horizontal wall adjacent southeast
southwest corner adjacent south
dark area adjacent southwest and northwest

cursor:
Yourself a archeologist
(x=46, y=18)

map:
                                                                                
                                                                                
                                                                                
                                                                                
                                                                                
                                                                                
                                                                                
                                                                                
                                                                                
                                                                                
                                                                                
                                                                                
                                                                                
                                              ----------                        
                                              |........|                        
                                             #.........|                        
                                              |........|                        
                                             #@.....<..|                        
                                              ----------                        
                                                                                
                                                                                
Agent the Digger               St:13 Dx:8 Co:13 In:13 Wi:18 Ch:9 Neutral S:0    
Dlvl:1 $:0 HP:12(12) Pw:3(3) AC:9 Xp:1/0                                        

",0.0,False
35,west,,"message:


language observation:
stairs up far east
dark area very near west and northwest
dark area adjacent north, south, and southwest
vertical wall adjacent northeast
vertical open door adjacent east
southwest corner adjacent southeast

cursor:
Yourself a archeologist
(x=45, y=18)

map:
                                                                                
                                                                                
                                                                                
                                                                                
                                                                                
                                                                                
                                                                                
                                                                                
                                                                                
                                                                                
                                                                                
                                                                                
                                                                                
                                              ----------                        
                                              |........|                        
                                             #.........|                        
                                            # |........|                        
                                            #@-.....<..|                        
                                              ----------                        
                                                                                
                                                                                
Agent the Digger               St:13 Dx:8 Co:13 In:13 Wi:18 Ch:9 Neutral S:0    
Dlvl:1 $:0 HP:12(12) Pw:3(3) AC:9 Xp:1/0                                        

",0.0,False
36,east,,"message:


language observation:
stairs up far east
vertical wall far east
horizontal wall near northeast
dark area near west
vertical wall adjacent north
horizontal wall adjacent southeast
southwest corner adjacent south
dark area adjacent southwest and northwest

cursor:
Yourself a archeologist
(x=46, y=18)

map:
                                                                                
                                                                                
                                                                                
                                                                                
                                                                                
                                                                                
                                                                                
                                                                                
                                                                                
                                                                                
                                                                                
                                                                                
                                                                                
                                              ----------                        
                                              |........|                        
                                             #.........|                        
                                            # |........|                        
                                            ##@.....<..|                        
                                              ----------                        
                                                                                
                                                                                
Agent the Digger               St:13 Dx:8 Co:13 In:13 Wi:18 Ch:9 Neutral S:0    
Dlvl:1 $:0 HP:12(12) Pw:3(3) AC:9 Xp:1/0                                        

",0.0,False
37,search,,"message:


language observation:
stairs up far east
vertical wall far east
horizontal wall near northeast
dark area near west
vertical wall adjacent north
horizontal wall adjacent southeast
southwest corner adjacent south
dark area adjacent southwest and northwest

cursor:
Yourself a archeologist
(x=46, y=18)

map:
                                                                                
                                                                                
                                                                                
                                                                                
                                                                                
                                                                                
                                                                                
                                                                                
                                                                                
                                                                                
                                                                                
                                                                                
                                                                                
                                              ----------                        
                                              |........|                        
                                             #.........|                        
                                            # |........|                        
                                            ##@.....<..|                        
                                              ----------                        
                                                                                
                                                                                
Agent the Digger               St:13 Dx:8 Co:13 In:13 Wi:18 Ch:9 Neutral S:0    
Dlvl:1 $:0 HP:12(12) Pw:3(3) AC:9 Xp:1/0                                        

",0.0,False
38,north,,"message:
It's a wall.

language observation:
stairs up far east
vertical wall far east
horizontal wall near northeast
dark area near west
vertical wall adjacent north
horizontal wall adjacent southeast
southwest corner adjacent south
dark area adjacent southwest and northwest

cursor:
Yourself a archeologist
(x=46, y=18)

map:
                                                                                
                                                                                
                                                                                
                                                                                
                                                                                
                                                                                
                                                                                
                                                                                
                                                                                
                                                                                
                                                                                
                                                                                
                                                                                
                                              ----------                        
                                              |........|                        
                                             #.........|                        
                                            # |........|                        
                                            ##@.....<..|                        
                                              ----------                        
                                                                                
                                                                                
Agent the Digger               St:13 Dx:8 Co:13 In:13 Wi:18 Ch:9 Neutral S:0    
Dlvl:1 $:0 HP:12(12) Pw:3(3) AC:9 Xp:1/0                                        

",0.0,False
39,east,,"message:


language observation:
vertical wall far east
horizontal wall near north and northeast
stairs up near east
dark area near west
horizontal wall adjacent southeast and south
southwest corner adjacent southwest
vertical open door adjacent west
vertical wall adjacent northwest

cursor:
Yourself a archeologist
(x=47, y=18)

map:
                                                                                
                                                                                
                                                                                
                                                                                
                                                                                
                                                                                
                                                                                
                                                                                
                                                                                
                                                                                
                                                                                
                                                                                
                                                                                
                                              ----------                        
                                              |........|                        
                                             #.........|                        
                                            # |........|                        
                                            ##-@....<..|                        
                                              ----------                        
                                                                                
                                                                                
Agent the Digger               St:13 Dx:8 Co:13 In:13 Wi:18 Ch:9 Neutral S:0    
Dlvl:1 $:0 HP:12(12) Pw:3(3) AC:9 Xp:1/0                                        

",0.0,False
40,search,,"message:


language observation:
vertical wall far east
horizontal wall near north and northeast
stairs up near east
dark area near west
horizontal wall adjacent southeast and south
southwest corner adjacent southwest
vertical open door adjacent west
vertical wall adjacent northwest

cursor:
Yourself a archeologist
(x=47, y=18)

map:
                                                                                
                                                                                
                                                                                
                                                                                
                                                                                
                                                                                
                                                                                
                                                                                
                                                                                
                                                                                
                                                                                
                                                                                
                                                                                
                                              ----------                        
                                              |........|                        
                                             #.........|                        
                                            # |........|                        
                                            ##-@....<..|                        
                                              ----------                        
                                                                                
                                                                                
Agent the Digger               St:13 Dx:8 Co:13 In:13 Wi:18 Ch:9 Neutral S:0    
Dlvl:1 $:0 HP:12(12) Pw:3(3) AC:9 Xp:1/0                                        

",0.0,False
41,east,,"message:


language observation:
vertical wall far east
horizontal wall near north and northeast
stairs up near east
dark area near west and northwest
vertical open door very near west
doorway very near northwest
horizontal wall adjacent southeast, south, and southwest

cursor:
Yourself a archeologist
(x=48, y=18)

map:
                                                                                
                                                                                
                                                                                
                                                                                
                                                                                
                                                                                
                                                                                
                                                                                
                                                                                
                                                                                
                                                                                
                                                                                
                                                                                
                                              ----------                        
                                              |........|                        
                                             #.........|                        
                                            # |........|                        
                                            ##-.@...<..|                        
                                              ----------                        
                                                                                
                                                                                
Agent the Digger               St:13 Dx:8 Co:13 In:13 Wi:18 Ch:9 Neutral S:0    
Dlvl:1 $:0 HP:12(12) Pw:3(3) AC:9 Xp:1/0                                        

",0.0,False
42,northwest,,"message:


language observation:
vertical wall far east
horizontal wall near north and northeast
stairs up near eastsoutheast
horizontal wall very near southeast and south
dark area very near southwest and northwest
vertical open door adjacent southwest
vertical wall adjacent west
doorway adjacent northwest

cursor:
Yourself a archeologist
(x=47, y=17)

map:
                                                                                
                                                                                
                                                                                
                                                                                
                                                                                
                                                                                
                                                                                
                                                                                
                                                                                
                                                                                
                                                                                
                                                                                
                                                                                
                                              ----------                        
                                              |........|                        
                                             #.........|                        
                                            # |@.......|                        
                                            ##-.....<..|                        
                                              ----------                        
                                                                                
                                                                                
Agent the Digger               St:13 Dx:8 Co:13 In:13 Wi:18 Ch:9 Neutral S:0    
Dlvl:1 $:0 HP:12(12) Pw:3(3) AC:9 Xp:1/0                                        

",0.0,False
43,search,,"message:


language observation:
vertical wall far east
horizontal wall near north and northeast
stairs up near eastsoutheast
horizontal wall very near southeast and south
dark area very near southwest and northwest
vertical open door adjacent southwest
vertical wall adjacent west
doorway adjacent northwest

cursor:
Yourself a archeologist
(x=47, y=17)

map:
                                                                                
                                                                                
                                                                                
                                                                                
                                                                                
                                                                                
                                                                                
                                                                                
                                                                                
                                                                                
                                                                                
                                                                                
                                                                                
                                              ----------                        
                                              |........|                        
                                             #.........|                        
                                            # |@.......|                        
                                            ##-.....<..|                        
                                              ----------                        
                                                                                
                                                                                
Agent the Digger               St:13 Dx:8 Co:13 In:13 Wi:18 Ch:9 Neutral S:0    
Dlvl:1 $:0 HP:12(12) Pw:3(3) AC:9 Xp:1/0                                        

",0.0,False
44,southwest,,"message:
You can't move diagonally into an intact doorway.

language observation:
vertical wall far east
horizontal wall near north and northeast
stairs up near eastsoutheast
horizontal wall very near southeast and south
dark area very near southwest and northwest
vertical open door adjacent southwest
vertical wall adjacent west
doorway adjacent northwest

cursor:
Yourself a archeologist
(x=47, y=17)

map:
                                                                                
                                                                                
                                                                                
                                                                                
                                                                                
                                                                                
                                                                                
                                                                                
                                                                                
                                                                                
                                                                                
                                                                                
                                                                                
                                              ----------                        
                                              |........|                        
                                             #.........|                        
                                            # |@.......|                        
                                            ##-.....<..|                        
                                              ----------                        
                                                                                
                                                                                
Agent the Digger               St:13 Dx:8 Co:13 In:13 Wi:18 Ch:9 Neutral S:0    
Dlvl:1 $:0 HP:12(12) Pw:3(3) AC:9 Xp:1/0                                        

",0.0,False
45,west,,"message:
It's a wall.

language observation:
vertical wall far east
horizontal wall near north and northeast
stairs up near eastsoutheast
horizontal wall very near southeast and south
dark area very near southwest and northwest
vertical open door adjacent southwest
vertical wall adjacent west
doorway adjacent northwest

cursor:
Yourself a archeologist
(x=47, y=17)

map:
                                                                                
                                                                                
                                                                                
                                                                                
                                                                                
                                                                                
                                                                                
                                                                                
                                                                                
                                                                                
                                                                                
                                                                                
                                                                                
                                              ----------                        
                                              |........|                        
                                             #.........|                        
                                            # |@.......|                        
                                            ##-.....<..|                        
                                              ----------                        
                                                                                
                                                                                
Agent the Digger               St:13 Dx:8 Co:13 In:13 Wi:18 Ch:9 Neutral S:0    
Dlvl:1 $:0 HP:12(12) Pw:3(3) AC:9 Xp:1/0                                        

",0.0,False
46,northwest,,"message:


language observation:
vertical wall far east
stairs up far eastsoutheast
horizontal wall near southeast
horizontal wall very near northeast
dark area very near west
vertical wall adjacent north and south
dark area adjacent southwest and northwest

cursor:
Yourself a archeologist
(x=46, y=16)

map:
                                                                                
                                                                                
                                                                                
                                                                                
                                                                                
                                                                                
                                                                                
                                                                                
                                                                                
                                                                                
                                                                                
                                                                                
                                                                                
                                              ----------                        
                                              |........|                        
                                             #@........|                        
                                            # |........|                        
                                            ##-.....<..|                        
                                              ----------                        
                                                                                
                                                                                
Agent the Digger               St:13 Dx:8 Co:13 In:13 Wi:18 Ch:9 Neutral S:0    
Dlvl:1 $:0 HP:12(12) Pw:3(3) AC:9 Xp:1/0                                        

",0.0,False
47,south,,"message:
It's a wall.

language observation:
vertical wall far east
stairs up far eastsoutheast
horizontal wall near southeast
horizontal wall very near northeast
dark area very near west
vertical wall adjacent north and south
dark area adjacent southwest and northwest

cursor:
Yourself a archeologist
(x=46, y=16)

map:
                                                                                
                                                                                
                                                                                
                                                                                
                                                                                
                                                                                
                                                                                
                                                                                
                                                                                
                                                                                
                                                                                
                                                                                
                                                                                
                                              ----------                        
                                              |........|                        
                                             #@........|                        
                                            # |........|                        
                                            ##-.....<..|                        
                                              ----------                        
                                                                                
                                                                                
Agent the Digger               St:13 Dx:8 Co:13 In:13 Wi:18 Ch:9 Neutral S:0    
Dlvl:1 $:0 HP:12(12) Pw:3(3) AC:9 Xp:1/0                                        

",0.0,False
48,east,"To complete the task, I need to explore the level and find the stairs down. Since I've already found the stairs up, I'll focus on searching the surrounding area for any hidden doors, passages, or the stairs down. I'll use the 'search' action to reveal any hidden features. If I find a door or passage, I'll try to open or enter it. If I find the stairs down, I'll move towards them. Given my current position and the layout of the level, my first priority is to explore the dark areas to the west and northwest.","message:


language observation:
vertical wall far east
stairs up near eastsoutheast
horizontal wall near southeast and south
dark area near west
horizontal wall very near north and northeast
vertical wall adjacent southwest and northwest
doorway adjacent west

cursor:
Yourself a archeologist
(x=47, y=16)

map:
                                                                                
                                                                                
                                                                                
                                                                                
                                                                                
                                                                                
                                                                                
                                                                                
                                                                                
                                                                                
                                                                                
                                                                                
                                                                                
                                              ----------                        
                                              |........|                        
                                             #.@.......|                        
                                            # |........|                        
                                            ##-.....<..|                        
                                              ----------                        
                                                                                
                                                                                
Agent the Digger               St:13 Dx:8 Co:13 In:13 Wi:18 Ch:9 Neutral S:0    
Dlvl:1 $:0 HP:12(12) Pw:3(3) AC:9 Xp:1/0                                        

",0.0,False
49,west,,"message:


language observation:
vertical wall far east
stairs up far eastsoutheast
horizontal wall near southeast
horizontal wall very near northeast
dark area very near west
vertical wall adjacent north and south
dark area adjacent southwest and northwest

cursor:
Yourself a archeologist
(x=46, y=16)

map:
                                                                                
                                                                                
                                                                                
                                                                                
                                                                                
                                                                                
                                                                                
                                                                                
                                                                                
                                                                                
                                                                                
                                                                                
                                                                                
                                              ----------                        
                                              |........|                        
                                             #@........|                        
                                            # |........|                        
                                            ##-.....<..|                        
                                              ----------                        
                                                                                
                                                                                
Agent the Digger               St:13 Dx:8 Co:13 In:13 Wi:18 Ch:9 Neutral S:0    
Dlvl:1 $:0 HP:12(12) Pw:3(3) AC:9 Xp:1/0                                        

",0.0,False
50,search,,"message:


language observation:
vertical wall far east
stairs up far eastsoutheast
horizontal wall near southeast
horizontal wall very near northeast
dark area very near west
vertical wall adjacent north and south
dark area adjacent southwest and northwest

cursor:
Yourself a archeologist
(x=46, y=16)

map:
                                                                                
                                                                                
                                                                                
                                                                                
                                                                                
                                                                                
                                                                                
                                                                                
                                                                                
                                                                                
                                                                                
                                                                                
                                                                                
                                              ----------                        
                                              |........|                        
                                             #@........|                        
                                            # |........|                        
                                            ##-.....<..|                        
                                              ----------                        
                                                                                
                                                                                
Agent the Digger               St:13 Dx:8 Co:13 In:13 Wi:18 Ch:9 Neutral S:0    
Dlvl:1 $:0 HP:12(12) Pw:3(3) AC:9 Xp:1/0                                        

",0.0,False
51,east,,"message:


language observation:
vertical wall far east
stairs up near eastsoutheast
horizontal wall near southeast and south
dark area near west
horizontal wall very near north and northeast
vertical wall adjacent southwest and northwest
doorway adjacent west

cursor:
Yourself a archeologist
(x=47, y=16)

map:
                                                                                
                                                                                
                                                                                
                                                                                
                                                                                
                                                                                
                                                                                
                                                                                
                                                                                
                                                                                
                                                                                
                                                                                
                                                                                
                                              ----------                        
                                              |........|                        
                                             #.@.......|                        
                                            # |........|                        
                                            ##-.....<..|                        
                                              ----------                        
                                                                                
                                                                                
Agent the Digger               St:13 Dx:8 Co:13 In:13 Wi:18 Ch:9 Neutral S:0    
Dlvl:1 $:0 HP:12(12) Pw:3(3) AC:9 Xp:1/0                                        

",0.0,False
52,south,,"message:


language observation:
vertical wall far east
horizontal wall near north and northeast
stairs up near eastsoutheast
horizontal wall very near southeast and south
dark area very near southwest and northwest
vertical open door adjacent southwest
vertical wall adjacent west
doorway adjacent northwest

cursor:
Yourself a archeologist
(x=47, y=17)

map:
                                                                                
                                                                                
                                                                                
                                                                                
                                                                                
                                                                                
                                                                                
                                                                                
                                                                                
                                                                                
                                                                                
                                                                                
                                                                                
                                              ----------                        
                                              |........|                        
                                             #.........|                        
                                            # |@.......|                        
                                            ##-.....<..|                        
                                              ----------                        
                                                                                
                                                                                
Agent the Digger               St:13 Dx:8 Co:13 In:13 Wi:18 Ch:9 Neutral S:0    
Dlvl:1 $:0 HP:12(12) Pw:3(3) AC:9 Xp:1/0                                        

",0.0,False
53,search,,"message:


language observation:
vertical wall far east
horizontal wall near north and northeast
stairs up near eastsoutheast
horizontal wall very near southeast and south
dark area very near southwest and northwest
vertical open door adjacent southwest
vertical wall adjacent west
doorway adjacent northwest

cursor:
Yourself a archeologist
(x=47, y=17)

map:
                                                                                
                                                                                
                                                                                
                                                                                
                                                                                
                                                                                
                                                                                
                                                                                
                                                                                
                                                                                
                                                                                
                                                                                
                                                                                
                                              ----------                        
                                              |........|                        
                                             #.........|                        
                                            # |@.......|                        
                                            ##-.....<..|                        
                                              ----------                        
                                                                                
                                                                                
Agent the Digger               St:13 Dx:8 Co:13 In:13 Wi:18 Ch:9 Neutral S:0    
Dlvl:1 $:0 HP:12(12) Pw:3(3) AC:9 Xp:1/0                                        

",0.0,False
54,west,,"message:
It's a wall.

language observation:
vertical wall far east
horizontal wall near north and northeast
stairs up near eastsoutheast
horizontal wall very near southeast and south
dark area very near southwest and northwest
vertical open door adjacent southwest
vertical wall adjacent west
doorway adjacent northwest

cursor:
Yourself a archeologist
(x=47, y=17)

map:
                                                                                
                                                                                
                                                                                
                                                                                
                                                                                
                                                                                
                                                                                
                                                                                
                                                                                
                                                                                
                                                                                
                                                                                
                                                                                
                                              ----------                        
                                              |........|                        
                                             #.........|                        
                                            # |@.......|                        
                                            ##-.....<..|                        
                                              ----------                        
                                                                                
                                                                                
Agent the Digger               St:13 Dx:8 Co:13 In:13 Wi:18 Ch:9 Neutral S:0    
Dlvl:1 $:0 HP:12(12) Pw:3(3) AC:9 Xp:1/0                                        

",0.0,False
55,southwest,,"message:
You can't move diagonally into an intact doorway.

language observation:
vertical wall far east
horizontal wall near north and northeast
stairs up near eastsoutheast
horizontal wall very near southeast and south
dark area very near southwest and northwest
vertical open door adjacent southwest
vertical wall adjacent west
doorway adjacent northwest

cursor:
Yourself a archeologist
(x=47, y=17)

map:
                                                                                
                                                                                
                                                                                
                                                                                
                                                                                
                                                                                
                                                                                
                                                                                
                                                                                
                                                                                
                                                                                
                                                                                
                                                                                
                                              ----------                        
                                              |........|                        
                                             #.........|                        
                                            # |@.......|                        
                                            ##-.....<..|                        
                                              ----------                        
                                                                                
                                                                                
Agent the Digger               St:13 Dx:8 Co:13 In:13 Wi:18 Ch:9 Neutral S:0    
Dlvl:1 $:0 HP:12(12) Pw:3(3) AC:9 Xp:1/0                                        

",0.0,False
56,west,,"message:
It's a wall.

language observation:
vertical wall far east
horizontal wall near north and northeast
stairs up near eastsoutheast
horizontal wall very near southeast and south
dark area very near southwest and northwest
vertical open door adjacent southwest
vertical wall adjacent west
doorway adjacent northwest

cursor:
Yourself a archeologist
(x=47, y=17)

map:
                                                                                
                                                                                
                                                                                
                                                                                
                                                                                
                                                                                
                                                                                
                                                                                
                                                                                
                                                                                
                                                                                
                                                                                
                                                                                
                                              ----------                        
                                              |........|                        
                                             #.........|                        
                                            # |@.......|                        
                                            ##-.....<..|                        
                                              ----------                        
                                                                                
                                                                                
Agent the Digger               St:13 Dx:8 Co:13 In:13 Wi:18 Ch:9 Neutral S:0    
Dlvl:1 $:0 HP:12(12) Pw:3(3) AC:9 Xp:1/0                                        

",0.0,False
57,southwest,,"message:
You can't move diagonally into an intact doorway.

language observation:
vertical wall far east
horizontal wall near north and northeast
stairs up near eastsoutheast
horizontal wall very near southeast and south
dark area very near southwest and northwest
vertical open door adjacent southwest
vertical wall adjacent west
doorway adjacent northwest

cursor:
Yourself a archeologist
(x=47, y=17)

map:
                                                                                
                                                                                
                                                                                
                                                                                
                                                                                
                                                                                
                                                                                
                                                                                
                                                                                
                                                                                
                                                                                
                                                                                
                                                                                
                                              ----------                        
                                              |........|                        
                                             #.........|                        
                                            # |@.......|                        
                                            ##-.....<..|                        
                                              ----------                        
                                                                                
                                                                                
Agent the Digger               St:13 Dx:8 Co:13 In:13 Wi:18 Ch:9 Neutral S:0    
Dlvl:1 $:0 HP:12(12) Pw:3(3) AC:9 Xp:1/0                                        

",0.0,False
58,south,,"message:


language observation:
vertical wall far east
horizontal wall near north and northeast
stairs up near east
dark area near west
horizontal wall adjacent southeast and south
southwest corner adjacent southwest
vertical open door adjacent west
vertical wall adjacent northwest

cursor:
Yourself a archeologist
(x=47, y=18)

map:
                                                                                
                                                                                
                                                                                
                                                                                
                                                                                
                                                                                
                                                                                
                                                                                
                                                                                
                                                                                
                                                                                
                                                                                
                                                                                
                                              ----------                        
                                              |........|                        
                                             #.........|                        
                                            # |........|                        
                                            ##-@....<..|                        
                                              ----------                        
                                                                                
                                                                                
Agent the Digger               St:13 Dx:8 Co:13 In:13 Wi:18 Ch:9 Neutral S:0    
Dlvl:1 $:0 HP:12(12) Pw:3(3) AC:9 Xp:1/0                                        

",0.0,False
59,west,,"message:


language observation:
stairs up far east
vertical wall far east
horizontal wall near northeast
dark area near west
vertical wall adjacent north
horizontal wall adjacent southeast
southwest corner adjacent south
dark area adjacent southwest and northwest

cursor:
Yourself a archeologist
(x=46, y=18)

map:
                                                                                
                                                                                
                                                                                
                                                                                
                                                                                
                                                                                
                                                                                
                                                                                
                                                                                
                                                                                
                                                                                
                                                                                
                                                                                
                                              ----------                        
                                              |........|                        
                                             #.........|                        
                                            # |........|                        
                                            ##@.....<..|                        
                                              ----------                        
                                                                                
                                                                                
Agent the Digger               St:13 Dx:8 Co:13 In:13 Wi:18 Ch:9 Neutral S:0    
Dlvl:1 $:0 HP:12(12) Pw:3(3) AC:9 Xp:1/0                                        

",0.0,False
60,search,,"message:


language observation:
stairs up far east
vertical wall far east
horizontal wall near northeast
dark area near west
vertical wall adjacent north
horizontal wall adjacent southeast
southwest corner adjacent south
dark area adjacent southwest and northwest

cursor:
Yourself a archeologist
(x=46, y=18)

map:
                                                                                
                                                                                
                                                                                
                                                                                
                                                                                
                                                                                
                                                                                
                                                                                
                                                                                
                                                                                
                                                                                
                                                                                
                                                                                
                                              ----------                        
                                              |........|                        
                                             #.........|                        
                                            # |........|                        
                                            ##@.....<..|                        
                                              ----------                        
                                                                                
                                                                                
Agent the Digger               St:13 Dx:8 Co:13 In:13 Wi:18 Ch:9 Neutral S:0    
Dlvl:1 $:0 HP:12(12) Pw:3(3) AC:9 Xp:1/0                                        

",0.0,False
61,west,,"message:


language observation:
stairs up far east
dark area very near west and northwest
dark area adjacent north, south, and southwest
vertical wall adjacent northeast
vertical open door adjacent east
southwest corner adjacent southeast

cursor:
Yourself a archeologist
(x=45, y=18)

map:
                                                                                
                                                                                
                                                                                
                                                                                
                                                                                
                                                                                
                                                                                
                                                                                
                                                                                
                                                                                
                                                                                
                                                                                
                                                                                
                                              ----------                        
                                              |........|                        
                                             #.........|                        
                                            # |........|                        
                                            #@-.....<..|                        
                                              ----------                        
                                                                                
                                                                                
Agent the Digger               St:13 Dx:8 Co:13 In:13 Wi:18 Ch:9 Neutral S:0    
Dlvl:1 $:0 HP:12(12) Pw:3(3) AC:9 Xp:1/0                                        

",0.0,False
62,north,,"message:
It's solid stone.

language observation:
stairs up far east
dark area very near west and northwest
dark area adjacent north, south, and southwest
vertical wall adjacent northeast
vertical open door adjacent east
southwest corner adjacent southeast

cursor:
Yourself a archeologist
(x=45, y=18)

map:
                                                                                
                                                                                
                                                                                
                                                                                
                                                                                
                                                                                
                                                                                
                                                                                
                                                                                
                                                                                
                                                                                
                                                                                
                                                                                
                                              ----------                        
                                              |........|                        
                                             #.........|                        
                                            # |........|                        
                                            #@-.....<..|                        
                                              ----------                        
                                                                                
                                                                                
Agent the Digger               St:13 Dx:8 Co:13 In:13 Wi:18 Ch:9 Neutral S:0    
Dlvl:1 $:0 HP:12(12) Pw:3(3) AC:9 Xp:1/0                                        

",0.0,False
63,east,,"message:


language observation:
stairs up far east
vertical wall far east
horizontal wall near northeast
dark area near west
vertical wall adjacent north
horizontal wall adjacent southeast
southwest corner adjacent south
dark area adjacent southwest and northwest

cursor:
Yourself a archeologist
(x=46, y=18)

map:
                                                                                
                                                                                
                                                                                
                                                                                
                                                                                
                                                                                
                                                                                
                                                                                
                                                                                
                                                                                
                                                                                
                                                                                
                                                                                
                                              ----------                        
                                              |........|                        
                                             #.........|                        
                                            # |........|                        
                                            ##@.....<..|                        
                                              ----------                        
                                                                                
                                                                                
Agent the Digger               St:13 Dx:8 Co:13 In:13 Wi:18 Ch:9 Neutral S:0    
Dlvl:1 $:0 HP:12(12) Pw:3(3) AC:9 Xp:1/0                                        

",0.0,False
64,west,"To complete the task, I need to explore the level and find the stairs down. Since I've already found the stairs up, my goal is to move away from them and search for any other features or paths that could lead me to the stairs down. I've observed that there are dark areas to the west and northwest, which could indicate unexplored regions. My plan is to head in that direction, searching for any doors, passages, or other features that could help me progress. I'll use my search action to detect any hidden doors or secret passages. Once I've explored the western and northwestern areas, I'll reassess my situation and plan my next steps.","message:


language observation:
stairs up far east
dark area very near west and northwest
dark area adjacent north, south, and southwest
vertical wall adjacent northeast
vertical open door adjacent east
southwest corner adjacent southeast

cursor:
Yourself a archeologist
(x=45, y=18)

map:
                                                                                
                                                                                
                                                                                
                                                                                
                                                                                
                                                                                
                                                                                
                                                                                
                                                                                
                                                                                
                                                                                
                                                                                
                                                                                
                                              ----------                        
                                              |........|                        
                                             #.........|                        
                                            # |........|                        
                                            #@-.....<..|                        
                                              ----------                        
                                                                                
                                                                                
Agent the Digger               St:13 Dx:8 Co:13 In:13 Wi:18 Ch:9 Neutral S:0    
Dlvl:1 $:0 HP:12(12) Pw:3(3) AC:9 Xp:1/0                                        

",0.0,False
65,north,,"message:
It's solid stone.

language observation:
stairs up far east
dark area very near west and northwest
dark area adjacent north, south, and southwest
vertical wall adjacent northeast
vertical open door adjacent east
southwest corner adjacent southeast

cursor:
Yourself a archeologist
(x=45, y=18)

map:
                                                                                
                                                                                
                                                                                
                                                                                
                                                                                
                                                                                
                                                                                
                                                                                
                                                                                
                                                                                
                                                                                
                                                                                
                                                                                
                                              ----------                        
                                              |........|                        
                                             #.........|                        
                                            # |........|                        
                                            #@-.....<..|                        
                                              ----------                        
                                                                                
                                                                                
Agent the Digger               St:13 Dx:8 Co:13 In:13 Wi:18 Ch:9 Neutral S:0    
Dlvl:1 $:0 HP:12(12) Pw:3(3) AC:9 Xp:1/0                                        

",0.0,False
66,west,,"message:


language observation:
stairs up far east
dark area very near north
vertical open door very near east
dark area adjacent northeast, southeast, south, southwest, west, and northwest

cursor:
Yourself a archeologist
(x=44, y=18)

map:
                                                                                
                                                                                
                                                                                
                                                                                
                                                                                
                                                                                
                                                                                
                                                                                
                                                                                
                                                                                
                                                                                
                                                                                
                                                                                
                                              ----------                        
                                              |........|                        
                                             #.........|                        
                                            # |........|                        
                                            @#-.....<..|                        
                                              ----------                        
                                                                                
                                                                                
Agent the Digger               St:13 Dx:8 Co:13 In:13 Wi:18 Ch:9 Neutral S:0    
Dlvl:1 $:0 HP:12(12) Pw:3(3) AC:9 Xp:1/0                                        

",0.0,False
67,search,,"message:


language observation:
stairs up far east
dark area very near north
vertical open door very near east
dark area adjacent northeast, southeast, south, southwest, west, and northwest

cursor:
Yourself a archeologist
(x=44, y=18)

map:
                                                                                
                                                                                
                                                                                
                                                                                
                                                                                
                                                                                
                                                                                
                                                                                
                                                                                
                                                                                
                                                                                
                                                                                
                                                                                
                                              ----------                        
                                              |........|                        
                                             #.........|                        
                                            # |........|                        
                                            @#-.....<..|                        
                                              ----------                        
                                                                                
                                                                                
Agent the Digger               St:13 Dx:8 Co:13 In:13 Wi:18 Ch:9 Neutral S:0    
Dlvl:1 $:0 HP:12(12) Pw:3(3) AC:9 Xp:1/0                                        

",0.0,False
68,west,,"message:
It's solid stone.

language observation:
stairs up far east
dark area very near north
vertical open door very near east
dark area adjacent northeast, southeast, south, southwest, west, and northwest

cursor:
Yourself a archeologist
(x=44, y=18)

map:
                                                                                
                                                                                
                                                                                
                                                                                
                                                                                
                                                                                
                                                                                
                                                                                
                                                                                
                                                                                
                                                                                
                                                                                
                                                                                
                                              ----------                        
                                              |........|                        
                                             #.........|                        
                                            # |........|                        
                                            @#-.....<..|                        
                                              ----------                        
                                                                                
                                                                                
Agent the Digger               St:13 Dx:8 Co:13 In:13 Wi:18 Ch:9 Neutral S:0    
Dlvl:1 $:0 HP:12(12) Pw:3(3) AC:9 Xp:1/0                                        

",0.0,False
69,east,,"message:


language observation:
stairs up far east
dark area very near west and northwest
dark area adjacent north, south, and southwest
vertical wall adjacent northeast
vertical open door adjacent east
southwest corner adjacent southeast

cursor:
Yourself a archeologist
(x=45, y=18)

map:
                                                                                
                                                                                
                                                                                
                                                                                
                                                                                
                                                                                
                                                                                
                                                                                
                                                                                
                                                                                
                                                                                
                                                                                
                                                                                
                                              ----------                        
                                              |........|                        
                                             #.........|                        
                                            # |........|                        
                                            #@-.....<..|                        
                                              ----------                        
                                                                                
                                                                                
Agent the Digger               St:13 Dx:8 Co:13 In:13 Wi:18 Ch:9 Neutral S:0    
Dlvl:1 $:0 HP:12(12) Pw:3(3) AC:9 Xp:1/0                                        

",0.0,False
70,search,,"message:


language observation:
stairs up far east
dark area very near west and northwest
dark area adjacent north, south, and southwest
vertical wall adjacent northeast
vertical open door adjacent east
southwest corner adjacent southeast

cursor:
Yourself a archeologist
(x=45, y=18)

map:
                                                                                
                                                                                
                                                                                
                                                                                
                                                                                
                                                                                
                                                                                
                                                                                
                                                                                
                                                                                
                                                                                
                                                                                
                                                                                
                                              ----------                        
                                              |........|                        
                                             #.........|                        
                                            # |........|                        
                                            #@-.....<..|                        
                                              ----------                        
                                                                                
                                                                                
Agent the Digger               St:13 Dx:8 Co:13 In:13 Wi:18 Ch:9 Neutral S:0    
Dlvl:1 $:0 HP:12(12) Pw:3(3) AC:9 Xp:1/0                                        

",0.0,False
71,east,,"message:


language observation:
stairs up far east
vertical wall far east
horizontal wall near northeast
dark area near west
vertical wall adjacent north
horizontal wall adjacent southeast
southwest corner adjacent south
dark area adjacent southwest and northwest

cursor:
Yourself a archeologist
(x=46, y=18)

map:
                                                                                
                                                                                
                                                                                
                                                                                
                                                                                
                                                                                
                                                                                
                                                                                
                                                                                
                                                                                
                                                                                
                                                                                
                                                                                
                                              ----------                        
                                              |........|                        
                                             #.........|                        
                                            # |........|                        
                                            ##@.....<..|                        
                                              ----------                        
                                                                                
                                                                                
Agent the Digger               St:13 Dx:8 Co:13 In:13 Wi:18 Ch:9 Neutral S:0    
Dlvl:1 $:0 HP:12(12) Pw:3(3) AC:9 Xp:1/0                                        

",0.0,False
72,search,,"message:


language observation:
stairs up far east
vertical wall far east
horizontal wall near northeast
dark area near west
vertical wall adjacent north
horizontal wall adjacent southeast
southwest corner adjacent south
dark area adjacent southwest and northwest

cursor:
Yourself a archeologist
(x=46, y=18)

map:
                                                                                
                                                                                
                                                                                
                                                                                
                                                                                
                                                                                
                                                                                
                                                                                
                                                                                
                                                                                
                                                                                
                                                                                
                                                                                
                                              ----------                        
                                              |........|                        
                                             #.........|                        
                                            # |........|                        
                                            ##@.....<..|                        
                                              ----------                        
                                                                                
                                                                                
Agent the Digger               St:13 Dx:8 Co:13 In:13 Wi:18 Ch:9 Neutral S:0    
Dlvl:1 $:0 HP:12(12) Pw:3(3) AC:9 Xp:1/0                                        

",0.0,False
73,north,,"message:
It's a wall.

language observation:
stairs up far east
vertical wall far east
horizontal wall near northeast
dark area near west
vertical wall adjacent north
horizontal wall adjacent southeast
southwest corner adjacent south
dark area adjacent southwest and northwest

cursor:
Yourself a archeologist
(x=46, y=18)

map:
                                                                                
                                                                                
                                                                                
                                                                                
                                                                                
                                                                                
                                                                                
                                                                                
                                                                                
                                                                                
                                                                                
                                                                                
                                                                                
                                              ----------                        
                                              |........|                        
                                             #.........|                        
                                            # |........|                        
                                            ##@.....<..|                        
                                              ----------                        
                                                                                
                                                                                
Agent the Digger               St:13 Dx:8 Co:13 In:13 Wi:18 Ch:9 Neutral S:0    
Dlvl:1 $:0 HP:12(12) Pw:3(3) AC:9 Xp:1/0                                        

",0.0,False
74,south,,"message:
It's a wall.

language observation:
stairs up far east
vertical wall far east
horizontal wall near northeast
dark area near west
vertical wall adjacent north
horizontal wall adjacent southeast
southwest corner adjacent south
dark area adjacent southwest and northwest

cursor:
Yourself a archeologist
(x=46, y=18)

map:
                                                                                
                                                                                
                                                                                
                                                                                
                                                                                
                                                                                
                                                                                
                                                                                
                                                                                
                                                                                
                                                                                
                                                                                
                                                                                
                                              ----------                        
                                              |........|                        
                                             #.........|                        
                                            # |........|                        
                                            ##@.....<..|                        
                                              ----------                        
                                                                                
                                                                                
Agent the Digger               St:13 Dx:8 Co:13 In:13 Wi:18 Ch:9 Neutral S:0    
Dlvl:1 $:0 HP:12(12) Pw:3(3) AC:9 Xp:1/0                                        

",0.0,False
75,west,,"message:


language observation:
stairs up far east
dark area very near west and northwest
dark area adjacent north, south, and southwest
vertical wall adjacent northeast
vertical open door adjacent east
southwest corner adjacent southeast

cursor:
Yourself a archeologist
(x=45, y=18)

map:
                                                                                
                                                                                
                                                                                
                                                                                
                                                                                
                                                                                
                                                                                
                                                                                
                                                                                
                                                                                
                                                                                
                                                                                
                                                                                
                                              ----------                        
                                              |........|                        
                                             #.........|                        
                                            # |........|                        
                                            #@-.....<..|                        
                                              ----------                        
                                                                                
                                                                                
Agent the Digger               St:13 Dx:8 Co:13 In:13 Wi:18 Ch:9 Neutral S:0    
Dlvl:1 $:0 HP:12(12) Pw:3(3) AC:9 Xp:1/0                                        

",0.0,False
76,search,,"message:


language observation:
stairs up far east
dark area very near west and northwest
dark area adjacent north, south, and southwest
vertical wall adjacent northeast
vertical open door adjacent east
southwest corner adjacent southeast

cursor:
Yourself a archeologist
(x=45, y=18)

map:
                                                                                
                                                                                
                                                                                
                                                                                
                                                                                
                                                                                
                                                                                
                                                                                
                                                                                
                                                                                
                                                                                
                                                                                
                                                                                
                                              ----------                        
                                              |........|                        
                                             #.........|                        
                                            # |........|                        
                                            #@-.....<..|                        
                                              ----------                        
                                                                                
                                                                                
Agent the Digger               St:13 Dx:8 Co:13 In:13 Wi:18 Ch:9 Neutral S:0    
Dlvl:1 $:0 HP:12(12) Pw:3(3) AC:9 Xp:1/0                                        

",0.0,False
77,northwest,,"message:


language observation:
stairs up far eastsoutheast
dark area very near north, south, and northwest
vertical wall very near northeast
southwest corner very near southeast
dark area adjacent east, southwest, and west

cursor:
Yourself a archeologist
(x=44, y=17)

map:
                                                                                
                                                                                
                                                                                
                                                                                
                                                                                
                                                                                
                                                                                
                                                                                
                                                                                
                                                                                
                                                                                
                                                                                
                                                                                
                                              ----------                        
                                              |........|                        
                                           ###.........|                        
                                            @ |........|                        
                                            ##-.....<..|                        
                                              ----------                        
                                                                                
                                                                                
Agent the Digger               St:13 Dx:8 Co:13 In:13 Wi:18 Ch:9 Neutral S:0    
Dlvl:1 $:0 HP:12(12) Pw:3(3) AC:9 Xp:1/0                                        

",0.0,False
78,southwest,,"message:
It's solid stone.

language observation:
stairs up far eastsoutheast
dark area very near north, south, and northwest
vertical wall very near northeast
southwest corner very near southeast
dark area adjacent east, southwest, and west

cursor:
Yourself a archeologist
(x=44, y=17)

map:
                                                                                
                                                                                
                                                                                
                                                                                
                                                                                
                                                                                
                                                                                
                                                                                
                                                                                
                                                                                
                                                                                
                                                                                
                                                                                
                                              ----------                        
                                              |........|                        
                                           ###.........|                        
                                            @ |........|                        
                                            ##-.....<..|                        
                                              ----------                        
                                                                                
                                                                                
Agent the Digger               St:13 Dx:8 Co:13 In:13 Wi:18 Ch:9 Neutral S:0    
Dlvl:1 $:0 HP:12(12) Pw:3(3) AC:9 Xp:1/0                                        

",0.0,False
79,northwest,,"message:


language observation:
stairs up far eastsoutheast
doorway near east
southwest corner near southeast
dark area very near southwest, west, and northwest
dark area adjacent north, northeast, and south

cursor:
Yourself a archeologist
(x=43, y=16)

map:
                                                                                
                                                                                
                                                                                
                                                                                
                                                                                
                                                                                
                                                                                
                                                                                
                                                                                
                                                                                
                                                                                
                                                                                
                                                                                
                                              ----------                        
                                          #   |........|                        
                                          #@##.........|                        
                                          # # |........|                        
                                            ##-.....<..|                        
                                              ----------                        
                                                                                
                                                                                
Agent the Digger               St:13 Dx:8 Co:13 In:13 Wi:18 Ch:9 Neutral S:0    
Dlvl:1 $:0 HP:12(12) Pw:3(3) AC:9 Xp:1/0                                        

",0.0,False
80,northwest,"To complete the task, I need to explore the level and find the stairs down. From my previous observations, I know that the stairs up are far eastsoutheast, which means the stairs down are likely to be in the opposite direction. I also noticed that there are dark areas and walls that I need to navigate around. My plan is to head west and northwest to explore the unexplored areas and search for any hidden doors, passages, or the stairs down. I will use my pick-axe to dig through any walls or rocks that block my path if necessary. Once I find the stairs down, I will head down to the next level and continue exploring until I achieve my goal.","message:


language observation:
stairs up far eastsoutheast
southwest corner near southeast
dark area near south
dark area very near north
dark area adjacent northeast, east, southwest, west, and northwest

cursor:
Yourself a archeologist
(x=42, y=15)

map:
                                                                                
                                                                                
                                                                                
                                                                                
                                                                                
                                                                                
                                                                                
                                                                                
                                                                                
                                                                                
                                                                                
                                                                                
                                                                                
                                          #   ----------                        
                                          @   |........|                        
                                          ####.........|                        
                                          # # |........|                        
                                            ##-.....<..|                        
                                              ----------                        
                                                                                
                                                                                
Agent the Digger               St:13 Dx:8 Co:13 In:13 Wi:18 Ch:9 Neutral S:0    
Dlvl:1 $:0 HP:12(12) Pw:3(3) AC:9 Xp:1/0                                        

",0.0,False
81,search,,"message:


language observation:
stairs up far eastsoutheast
southwest corner near southeast
dark area near south
dark area very near north
dark area adjacent northeast, east, southwest, west, and northwest

cursor:
Yourself a archeologist
(x=42, y=15)

map:
                                                                                
                                                                                
                                                                                
                                                                                
                                                                                
                                                                                
                                                                                
                                                                                
                                                                                
                                                                                
                                                                                
                                                                                
                                                                                
                                          #   ----------                        
                                          @   |........|                        
                                          ####.........|                        
                                          # # |........|                        
                                            ##-.....<..|                        
                                              ----------                        
                                                                                
                                                                                
Agent the Digger               St:13 Dx:8 Co:13 In:13 Wi:18 Ch:9 Neutral S:0    
Dlvl:1 $:0 HP:12(12) Pw:3(3) AC:9 Xp:1/0                                        

",0.0,False
82,east,,"message:
It's solid stone.

language observation:
stairs up far eastsoutheast
southwest corner near southeast
dark area near south
dark area very near north
dark area adjacent northeast, east, southwest, west, and northwest

cursor:
Yourself a archeologist
(x=42, y=15)

map:
                                                                                
                                                                                
                                                                                
                                                                                
                                                                                
                                                                                
                                                                                
                                                                                
                                                                                
                                                                                
                                                                                
                                                                                
                                                                                
                                          #   ----------                        
                                          @   |........|                        
                                          ####.........|                        
                                          # # |........|                        
                                            ##-.....<..|                        
                                              ----------                        
                                                                                
                                                                                
Agent the Digger               St:13 Dx:8 Co:13 In:13 Wi:18 Ch:9 Neutral S:0    
Dlvl:1 $:0 HP:12(12) Pw:3(3) AC:9 Xp:1/0                                        

",0.0,False
83,northwest,,"message:
It's solid stone.

language observation:
stairs up far eastsoutheast
southwest corner near southeast
dark area near south
dark area very near north
dark area adjacent northeast, east, southwest, west, and northwest

cursor:
Yourself a archeologist
(x=42, y=15)

map:
                                                                                
                                                                                
                                                                                
                                                                                
                                                                                
                                                                                
                                                                                
                                                                                
                                                                                
                                                                                
                                                                                
                                                                                
                                                                                
                                          #   ----------                        
                                          @   |........|                        
                                          ####.........|                        
                                          # # |........|                        
                                            ##-.....<..|                        
                                              ----------                        
                                                                                
                                                                                
Agent the Digger               St:13 Dx:8 Co:13 In:13 Wi:18 Ch:9 Neutral S:0    
Dlvl:1 $:0 HP:12(12) Pw:3(3) AC:9 Xp:1/0                                        

",0.0,False
84,south,,"message:


language observation:
stairs up far eastsoutheast
dark area near north
doorway near east
dark area very near south and southwest
dark area adjacent northeast, southeast, west, and northwest

cursor:
Yourself a archeologist
(x=42, y=16)

map:
                                                                                
                                                                                
                                                                                
                                                                                
                                                                                
                                                                                
                                                                                
                                                                                
                                                                                
                                                                                
                                                                                
                                                                                
                                                                                
                                          #   ----------                        
                                          #   |........|                        
                                          @###.........|                        
                                         ## # |........|                        
                                            ##-.....<..|                        
                                              ----------                        
                                                                                
                                                                                
Agent the Digger               St:13 Dx:8 Co:13 In:13 Wi:18 Ch:9 Neutral S:0    
Dlvl:1 $:0 HP:12(12) Pw:3(3) AC:9 Xp:1/0                                        

",0.0,False
85,east,,"message:


language observation:
stairs up far eastsoutheast
doorway near east
southwest corner near southeast
dark area very near southwest, west, and northwest
dark area adjacent north, northeast, and south

cursor:
Yourself a archeologist
(x=43, y=16)

map:
                                                                                
                                                                                
                                                                                
                                                                                
                                                                                
                                                                                
                                                                                
                                                                                
                                                                                
                                                                                
                                                                                
                                                                                
                                                                                
                                          #   ----------                        
                                          #   |........|                        
                                          #@##.........|                        
                                         ## # |........|                        
                                            ##-.....<..|                        
                                              ----------                        
                                                                                
                                                                                
Agent the Digger               St:13 Dx:8 Co:13 In:13 Wi:18 Ch:9 Neutral S:0    
Dlvl:1 $:0 HP:12(12) Pw:3(3) AC:9 Xp:1/0                                        

",0.0,False
86,search,,"message:


language observation:
stairs up far eastsoutheast
doorway near east
southwest corner near southeast
dark area very near southwest, west, and northwest
dark area adjacent north, northeast, and south

cursor:
Yourself a archeologist
(x=43, y=16)

map:
                                                                                
                                                                                
                                                                                
                                                                                
                                                                                
                                                                                
                                                                                
                                                                                
                                                                                
                                                                                
                                                                                
                                                                                
                                                                                
                                          #   ----------                        
                                          #   |........|                        
                                          #@##.........|                        
                                         ## # |........|                        
                                            ##-.....<..|                        
                                              ----------                        
                                                                                
                                                                                
Agent the Digger               St:13 Dx:8 Co:13 In:13 Wi:18 Ch:9 Neutral S:0    
Dlvl:1 $:0 HP:12(12) Pw:3(3) AC:9 Xp:1/0                                        

",0.0,False
87,east,,"message:


language observation:
stairs up far eastsoutheast
dark area near south and west
doorway very near east
dark area adjacent north, northeast, southeast, southwest, and northwest

cursor:
Yourself a archeologist
(x=44, y=16)

map:
                                                                                
                                                                                
                                                                                
                                                                                
                                                                                
                                                                                
                                                                                
                                                                                
                                                                                
                                                                                
                                                                                
                                                                                
                                                                                
                                          #   ----------                        
                                          #   |........|                        
                                          ##@#.........|                        
                                         ## # |........|                        
                                            ##-.....<..|                        
                                              ----------                        
                                                                                
                                                                                
Agent the Digger               St:13 Dx:8 Co:13 In:13 Wi:18 Ch:9 Neutral S:0    
Dlvl:1 $:0 HP:12(12) Pw:3(3) AC:9 Xp:1/0                                        

",0.0,False
88,south,,"message:


language observation:
stairs up far eastsoutheast
dark area near northwest
dark area very near north and south
vertical wall very near northeast
southwest corner very near southeast
dark area adjacent east, southwest, and west

cursor:
Yourself a archeologist
(x=44, y=17)

map:
                                                                                
                                                                                
                                                                                
                                                                                
                                                                                
                                                                                
                                                                                
                                                                                
                                                                                
                                                                                
                                                                                
                                                                                
                                                                                
                                          #   ----------                        
                                          #   |........|                        
                                          ####.........|                        
                                         ## @ |........|                        
                                            ##-.....<..|                        
                                              ----------                        
                                                                                
                                                                                
Agent the Digger               St:13 Dx:8 Co:13 In:13 Wi:18 Ch:9 Neutral S:0    
Dlvl:1 $:0 HP:12(12) Pw:3(3) AC:9 Xp:1/0                                        

",0.0,False
89,east,,"message:
It's solid stone.

language observation:
stairs up far eastsoutheast
dark area near northwest
dark area very near north and south
vertical wall very near northeast
southwest corner very near southeast
dark area adjacent east, southwest, and west

cursor:
Yourself a archeologist
(x=44, y=17)

map:
                                                                                
                                                                                
                                                                                
                                                                                
                                                                                
                                                                                
                                                                                
                                                                                
                                                                                
                                                                                
                                                                                
                                                                                
                                                                                
                                          #   ----------                        
                                          #   |........|                        
                                          ####.........|                        
                                         ## @ |........|                        
                                            ##-.....<..|                        
                                              ----------                        
                                                                                
                                                                                
Agent the Digger               St:13 Dx:8 Co:13 In:13 Wi:18 Ch:9 Neutral S:0    
Dlvl:1 $:0 HP:12(12) Pw:3(3) AC:9 Xp:1/0                                        

",0.0,False
90,southwest,,"message:
It's solid stone.

language observation:
stairs up far eastsoutheast
dark area near northwest
dark area very near north and south
vertical wall very near northeast
southwest corner very near southeast
dark area adjacent east, southwest, and west

cursor:
Yourself a archeologist
(x=44, y=17)

map:
                                                                                
                                                                                
                                                                                
                                                                                
                                                                                
                                                                                
                                                                                
                                                                                
                                                                                
                                                                                
                                                                                
                                                                                
                                                                                
                                          #   ----------                        
                                          #   |........|                        
                                          ####.........|                        
                                         ## @ |........|                        
                                            ##-.....<..|                        
                                              ----------                        
                                                                                
                                                                                
Agent the Digger               St:13 Dx:8 Co:13 In:13 Wi:18 Ch:9 Neutral S:0    
Dlvl:1 $:0 HP:12(12) Pw:3(3) AC:9 Xp:1/0                                        

",0.0,False
91,northwest,,"message:


language observation:
stairs up far eastsoutheast
doorway near east
southwest corner near southeast
dark area very near southwest, west, and northwest
dark area adjacent north, northeast, and south

cursor:
Yourself a archeologist
(x=43, y=16)

map:
                                                                                
                                                                                
                                                                                
                                                                                
                                                                                
                                                                                
                                                                                
                                                                                
                                                                                
                                                                                
                                                                                
                                                                                
                                                                                
                                          #   ----------                        
                                          #   |........|                        
                                          #@##.........|                        
                                         ## # |........|                        
                                            ##-.....<..|                        
                                              ----------                        
                                                                                
                                                                                
Agent the Digger               St:13 Dx:8 Co:13 In:13 Wi:18 Ch:9 Neutral S:0    
Dlvl:1 $:0 HP:12(12) Pw:3(3) AC:9 Xp:1/0                                        

",0.0,False
92,search,,"message:


language observation:
stairs up far eastsoutheast
doorway near east
southwest corner near southeast
dark area very near southwest, west, and northwest
dark area adjacent north, northeast, and south

cursor:
Yourself a archeologist
(x=43, y=16)

map:
                                                                                
                                                                                
                                                                                
                                                                                
                                                                                
                                                                                
                                                                                
                                                                                
                                                                                
                                                                                
                                                                                
                                                                                
                                                                                
                                          #   ----------                        
                                          #   |........|                        
                                          #@##.........|                        
                                         ## # |........|                        
                                            ##-.....<..|                        
                                              ----------                        
                                                                                
                                                                                
Agent the Digger               St:13 Dx:8 Co:13 In:13 Wi:18 Ch:9 Neutral S:0    
Dlvl:1 $:0 HP:12(12) Pw:3(3) AC:9 Xp:1/0                                        

",0.0,False
93,east,,"message:


language observation:
stairs up far eastsoutheast
dark area near south and west
doorway very near east
dark area adjacent north, northeast, southeast, southwest, and northwest

cursor:
Yourself a archeologist
(x=44, y=16)

map:
                                                                                
                                                                                
                                                                                
                                                                                
                                                                                
                                                                                
                                                                                
                                                                                
                                                                                
                                                                                
                                                                                
                                                                                
                                                                                
                                          #   ----------                        
                                          #   |........|                        
                                          ##@#.........|                        
                                         ## # |........|                        
                                            ##-.....<..|                        
                                              ----------                        
                                                                                
                                                                                
Agent the Digger               St:13 Dx:8 Co:13 In:13 Wi:18 Ch:9 Neutral S:0    
Dlvl:1 $:0 HP:12(12) Pw:3(3) AC:9 Xp:1/0                                        

",0.0,False
94,east,,"message:


language observation:
stairs up far eastsoutheast
dark area near west
dark area very near southwest
dark area adjacent north, south, and northwest
vertical wall adjacent northeast and southeast
doorway adjacent east

cursor:
Yourself a archeologist
(x=45, y=16)

map:
                                                                                
                                                                                
                                                                                
                                                                                
                                                                                
                                                                                
                                                                                
                                                                                
                                                                                
                                                                                
                                                                                
                                                                                
                                                                                
                                          #   ----------                        
                                          #   |........|                        
                                          ###@.........|                        
                                         ## # |........|                        
                                            ##-.....<..|                        
                                              ----------                        
                                                                                
                                                                                
Agent the Digger               St:13 Dx:8 Co:13 In:13 Wi:18 Ch:9 Neutral S:0    
Dlvl:1 $:0 HP:12(12) Pw:3(3) AC:9 Xp:1/0                                        

",0.0,False
95,open,,"message:
In what direction?

language observation:
stairs up far eastsoutheast
dark area near west
dark area very near southwest
dark area adjacent north, south, and northwest
vertical wall adjacent northeast and southeast
doorway adjacent east

cursor:

(x=19, y=0)

map:
                                                                                
                                                                                
                                                                                
                                                                                
                                                                                
                                                                                
                                                                                
                                                                                
                                                                                
                                                                                
                                                                                
                                                                                
                                                                                
                                          #   ----------                        
                                          #   |........|                        
                                          ###@.........|                        
                                         ## # |........|                        
                                            ##-.....<..|                        
                                              ----------                        
                                                                                
                                                                                
Agent the Digger               St:13 Dx:8 Co:13 In:13 Wi:18 Ch:9 Neutral S:0    
Dlvl:1 $:0 HP:12(12) Pw:3(3) AC:9 Xp:1/0                                        

",0.0,False
96,east,"To complete the task, I need to explore the level and find the stairs down. Based on my previous observations, I know the stairs up are located far eastsoutheast, which means the stairs down are likely to be in the opposite direction. I will start by moving in the opposite direction of the stairs up and try to find any open paths or doorways. I will use the 'search' action to reveal any hidden doors or passages and try to avoid dark areas as they may contain unknown dangers. As I move through the level, I will keep track of my surroundings and adjust my plan accordingly. Once I find the stairs down, I will move down to the next level and continue exploring until I achieve my goal.","message:
This doorway has no door.

language observation:
stairs up far eastsoutheast
dark area near west
dark area very near southwest
dark area adjacent north, south, and northwest
vertical wall adjacent northeast and southeast
doorway adjacent east

cursor:
Yourself a archeologist
(x=45, y=16)

map:
                                                                                
                                                                                
                                                                                
                                                                                
                                                                                
                                                                                
                                                                                
                                                                                
                                                                                
                                                                                
                                                                                
                                                                                
                                                                                
                                          #   ----------                        
                                          #   |........|                        
                                          ###@.........|                        
                                         ## # |........|                        
                                            ##-.....<..|                        
                                              ----------                        
                                                                                
                                                                                
Agent the Digger               St:13 Dx:8 Co:13 In:13 Wi:18 Ch:9 Neutral S:0    
Dlvl:1 $:0 HP:12(12) Pw:3(3) AC:9 Xp:1/0                                        

",0.0,False
97,east,,"message:


language observation:
vertical wall far east
stairs up far eastsoutheast
horizontal wall near southeast
dark area near west
horizontal wall very near northeast
vertical wall adjacent north and south
dark area adjacent southwest and northwest

cursor:
Yourself a archeologist
(x=46, y=16)

map:
                                                                                
                                                                                
                                                                                
                                                                                
                                                                                
                                                                                
                                                                                
                                                                                
                                                                                
                                                                                
                                                                                
                                                                                
                                                                                
                                          #   ----------                        
                                          #   |........|                        
                                          ####@........|                        
                                         ## # |........|                        
                                            ##-.....<..|                        
                                              ----------                        
                                                                                
                                                                                
Agent the Digger               St:13 Dx:8 Co:13 In:13 Wi:18 Ch:9 Neutral S:0    
Dlvl:1 $:0 HP:12(12) Pw:3(3) AC:9 Xp:1/0                                        

",0.0,False
98,south,,"message:
It's a wall.

language observation:
vertical wall far east
stairs up far eastsoutheast
horizontal wall near southeast
dark area near west
horizontal wall very near northeast
vertical wall adjacent north and south
dark area adjacent southwest and northwest

cursor:
Yourself a archeologist
(x=46, y=16)

map:
                                                                                
                                                                                
                                                                                
                                                                                
                                                                                
                                                                                
                                                                                
                                                                                
                                                                                
                                                                                
                                                                                
                                                                                
                                                                                
                                          #   ----------                        
                                          #   |........|                        
                                          ####@........|                        
                                         ## # |........|                        
                                            ##-.....<..|                        
                                              ----------                        
                                                                                
                                                                                
Agent the Digger               St:13 Dx:8 Co:13 In:13 Wi:18 Ch:9 Neutral S:0    
Dlvl:1 $:0 HP:12(12) Pw:3(3) AC:9 Xp:1/0                                        

",0.0,False
99,west,,"message:
 
No  Points     Name                                                   Hp [max]
0  Agent-Arc-Gno-Mal-Neu quit in The Dungeons of Doom on
level 1.                                               12  [12]


language observation:
dark area adjacent east, southeast, and south

cursor:
very far eastsoutheast 
(x=77, y=6)

map:
 No  Points     Name                                                   Hp [max] 
                                                                                
            0  Agent-Arc-Gno-Mal-Neu quit in The Dungeons of Doom on            
                                                                                
              level 1.                                               12  [12]   
                                                                                
                                                                                
                                                                                
                                                                                
                                                                                
                                                                                
                                                                                
                                                                                
                                                                                
                                                                                
                                                                                
                                                                                
                                                                                
                                                                                
                                                                                
                                                                                
                                                                                
                                                                                

",0.0,True
