Step,Action,Reasoning,Observation,Reward,Done
0,southwest,"To complete the task, I will first explore the current level to gather more information about the layout and potential locations of the stairs down. Since I am currently blocked by walls to the north, west, and east, my initial movement will be towards the southeast, where I see a doorway. I will also keep an eye out for any hidden doors or passages that could be revealed by using the 'search' action. Once I have a better understanding of the level's layout, I can start to systematically search for the stairs down, potentially using the 'open' and 'kick' actions to interact with doors and other objects. My goal is to efficiently explore the level while minimizing risk and conserving resources.","message:
It's a wall.

language observation:
vertical wall far west
horizontal wall near north and northwest
horizontal closed door near westsouthwest
vertical wall very near northeast and east
dark area very near southeast
doorway adjacent southeast
horizontal wall adjacent south and southwest

cursor:
Yourself a healer
(x=10, y=7)

map:
                                                                                
                                                                                
                                                                                
   ----------                                                                   
   |........|                                                                   
   |........|                                                                   
   |......@.|                                                                   
   ---+----.-                                                                   
                                                                                
                                                                                
                                                                                
                                                                                
                                                                                
                                                                                
                                                                                
                                                                                
                                                                                
                                                                                
                                                                                
                                                                                
                                                                                
Agent the Rhizotomist          St:8 Dx:10 Co:18 In:8 Wi:15 Ch:16 Neutral S:0    
Dlvl:1 $:1811 HP:13(13) Pw:6(6) AC:8 Xp:1/0                                     

",0.0,False
1,southeast,,"message:


language observation:
horizontal wall near north and northwest
horizontal closed door near west
dark area very near south
vertical wall adjacent northeast
southeast corner adjacent east
dark area adjacent southeast and southwest
horizontal wall adjacent west
stairs up adjacent northwest

cursor:
Yourself a healer
(x=11, y=8)

map:
                                                                                
                                                                                
                                                                                
   ----------                                                                   
   |........|                                                                   
   |........|                                                                   
   |......<.|                                                                   
   ---+----@-                                                                   
           #                                                                    
                                                                                
                                                                                
                                                                                
                                                                                
                                                                                
                                                                                
                                                                                
                                                                                
                                                                                
                                                                                
                                                                                
                                                                                
Agent the Rhizotomist          St:8 Dx:10 Co:18 In:8 Wi:15 Ch:16 Neutral S:0    
Dlvl:1 $:1811 HP:13(13) Pw:6(6) AC:8 Xp:1/0                                     

",0.0,False
2,search,"To complete the task of reaching the stairs down, I will first explore the current level to gather more information about the layout. Since I've already moved southeast and found a new area, I'll continue to move in directions that seem to lead to unexplored parts of the level. Given the presence of a horizontal closed door near west, I might need to use the 'open' action to proceed. Additionally, using 'search' could reveal hidden doors or passages. I will avoid kicking doors or enemies unless necessary, as it could lead to unnecessary combat. My goal is to systematically explore the level, using the map and observations to guide my movements, until I find the stairs down.","message:


language observation:
horizontal wall near north and northwest
horizontal closed door near west
dark area very near south
vertical wall adjacent northeast
southeast corner adjacent east
dark area adjacent southeast and southwest
horizontal wall adjacent west
stairs up adjacent northwest

cursor:
Yourself a healer
(x=11, y=8)

map:
                                                                                
                                                                                
                                                                                
   ----------                                                                   
   |........|                                                                   
   |........|                                                                   
   |......<.|                                                                   
   ---+----@-                                                                   
           #                                                                    
                                                                                
                                                                                
                                                                                
                                                                                
                                                                                
                                                                                
                                                                                
                                                                                
                                                                                
                                                                                
                                                                                
                                                                                
Agent the Rhizotomist          St:8 Dx:10 Co:18 In:8 Wi:15 Ch:16 Neutral S:0    
Dlvl:1 $:1811 HP:13(13) Pw:6(6) AC:8 Xp:1/0                                     

",0.0,False
3,west,,"message:
It's a wall.

language observation:
horizontal wall near north and northwest
horizontal closed door near west
dark area very near south
vertical wall adjacent northeast
southeast corner adjacent east
dark area adjacent southeast and southwest
horizontal wall adjacent west
stairs up adjacent northwest

cursor:
Yourself a healer
(x=11, y=8)

map:
                                                                                
                                                                                
                                                                                
   ----------                                                                   
   |........|                                                                   
   |........|                                                                   
   |......<.|                                                                   
   ---+----@-                                                                   
           #                                                                    
                                                                                
                                                                                
                                                                                
                                                                                
                                                                                
                                                                                
                                                                                
                                                                                
                                                                                
                                                                                
                                                                                
                                                                                
Agent the Rhizotomist          St:8 Dx:10 Co:18 In:8 Wi:15 Ch:16 Neutral S:0    
Dlvl:1 $:1811 HP:13(13) Pw:6(6) AC:8 Xp:1/0                                     

",0.0,False
4,open,"To complete the task of reaching the stairs down, I need to explore the current level and gather more information about the layout. Since I've already moved southeast and found a new area, I will continue to move in directions that seem to lead to unexplored parts of the level. Given the presence of a horizontal closed door near west, I should try to open it to see what's behind it. If that doesn't work, I can try searching for hidden doors or passages. I should avoid kicking doors or enemies unless necessary, as it could lead to unnecessary combat. My goal is to systematically explore the level, using the map and observations to guide my movements, until I find the stairs down. Since moving west resulted in hitting a wall, my next step should be to try and open the door that is near west.","message:
In what direction?

language observation:
horizontal wall near north and northwest
horizontal closed door near west
dark area very near south
vertical wall adjacent northeast
southeast corner adjacent east
dark area adjacent southeast and southwest
horizontal wall adjacent west
stairs up adjacent northwest

cursor:

(x=19, y=0)

map:
                                                                                
                                                                                
                                                                                
   ----------                                                                   
   |........|                                                                   
   |........|                                                                   
   |......<.|                                                                   
   ---+----@-                                                                   
           #                                                                    
                                                                                
                                                                                
                                                                                
                                                                                
                                                                                
                                                                                
                                                                                
                                                                                
                                                                                
                                                                                
                                                                                
                                                                                
Agent the Rhizotomist          St:8 Dx:10 Co:18 In:8 Wi:15 Ch:16 Neutral S:0    
Dlvl:1 $:1811 HP:13(13) Pw:6(6) AC:8 Xp:1/0                                     

",0.0,False
5,west,,"message:
You see no door there.

language observation:
horizontal wall near north and northwest
horizontal closed door near west
dark area very near south
vertical wall adjacent northeast
southeast corner adjacent east
dark area adjacent southeast and southwest
horizontal wall adjacent west
stairs up adjacent northwest

cursor:
Yourself a healer
(x=11, y=8)

map:
                                                                                
                                                                                
                                                                                
   ----------                                                                   
   |........|                                                                   
   |........|                                                                   
   |......<.|                                                                   
   ---+----@-                                                                   
           #                                                                    
                                                                                
                                                                                
                                                                                
                                                                                
                                                                                
                                                                                
                                                                                
                                                                                
                                                                                
                                                                                
                                                                                
                                                                                
Agent the Rhizotomist          St:8 Dx:10 Co:18 In:8 Wi:15 Ch:16 Neutral S:0    
Dlvl:1 $:1811 HP:13(13) Pw:6(6) AC:8 Xp:1/0                                     

",0.0,False
6,south,"To complete the task, I need to explore the current level and find the stairs down. Since I've already moved southeast and found a new area, I should continue to move in directions that seem to lead to unexplored parts of the level. I should try to open any closed doors I find, and if that doesn't work, I can try searching for hidden doors or passages. Given the layout of the level so far, it seems that moving south might lead to new areas, so I should prioritize that direction. I should also keep in mind the location of the stairs up, which I've already found, and try to move away from them to find the stairs down. My goal is to systematically explore the level, using the map and observations to guide my movements, until I find the stairs down.","message:


language observation:
horizontal wall near north
horizontal closed door near westnorthwest
dark area very near south and southwest
stairs up very near northnorthwest
doorway adjacent north
southeast corner adjacent northeast
dark area adjacent east, southeast, and west
horizontal wall adjacent northwest

cursor:
Yourself a healer
(x=11, y=9)

map:
                                                                                
                                                                                
                                                                                
   ----------                                                                   
   |........|                                                                   
   |........|                                                                   
   |......<.|                                                                   
   ---+----.-                                                                   
           @                                                                    
          ##                                                                    
                                                                                
                                                                                
                                                                                
                                                                                
                                                                                
                                                                                
                                                                                
                                                                                
                                                                                
                                                                                
                                                                                
Agent the Rhizotomist          St:8 Dx:10 Co:18 In:8 Wi:15 Ch:16 Neutral S:0    
Dlvl:1 $:1811 HP:13(13) Pw:6(6) AC:8 Xp:1/0                                     

",0.0,False
7,search,,"message:


language observation:
horizontal wall near north
horizontal closed door near westnorthwest
dark area very near south and southwest
stairs up very near northnorthwest
doorway adjacent north
southeast corner adjacent northeast
dark area adjacent east, southeast, and west
horizontal wall adjacent northwest

cursor:
Yourself a healer
(x=11, y=9)

map:
                                                                                
                                                                                
                                                                                
   ----------                                                                   
   |........|                                                                   
   |........|                                                                   
   |......<.|                                                                   
   ---+----.-                                                                   
           @                                                                    
          ##                                                                    
                                                                                
                                                                                
                                                                                
                                                                                
                                                                                
                                                                                
                                                                                
                                                                                
                                                                                
                                                                                
                                                                                
Agent the Rhizotomist          St:8 Dx:10 Co:18 In:8 Wi:15 Ch:16 Neutral S:0    
Dlvl:1 $:1811 HP:13(13) Pw:6(6) AC:8 Xp:1/0                                     

",0.0,False
8,south,"To complete the task, I need to explore the current level and find the stairs down. My previous observations indicate that I've already found the stairs up, so I should move away from them to find the stairs down. I've also found a closed door, which I should try to open. If the door is locked, I can try kicking it. I should also continue to move in directions that seem to lead to unexplored parts of the level, using the map and observations to guide my movements. Since I have a scalpel and gloves, I'm somewhat prepared for combat, but I should still be cautious. I should also keep in mind my spellbooks and potions, which could be useful in certain situations. My overall strategy will be to methodically explore the level, trying to open doors and searching for hidden passages, until I find the stairs down.","message:


language observation:
horizontal wall far north
horizontal closed door near westnorthwest
stairs up near northnorthwest
doorway very near north
dark area very near west
dark area adjacent northeast, east, southeast, south, southwest, and northwest

cursor:
Yourself a healer
(x=11, y=10)

map:
                                                                                
                                                                                
                                                                                
   ----------                                                                   
   |........|                                                                   
   |........|                                                                   
   |......<.|                                                                   
   ---+----.-                                                                   
           #                                                                    
          #@                                                                    
                                                                                
                                                                                
                                                                                
                                                                                
                                                                                
                                                                                
                                                                                
                                                                                
                                                                                
                                                                                
                                                                                
Agent the Rhizotomist          St:8 Dx:10 Co:18 In:8 Wi:15 Ch:16 Neutral S:0    
Dlvl:1 $:1811 HP:13(13) Pw:6(6) AC:8 Xp:1/0                                     

",0.0,False
9,north,,"message:


language observation:
horizontal wall near north
horizontal closed door near westnorthwest
dark area very near south and southwest
stairs up very near northnorthwest
doorway adjacent north
southeast corner adjacent northeast
dark area adjacent east, southeast, and west
horizontal wall adjacent northwest

cursor:
Yourself a healer
(x=11, y=9)

map:
                                                                                
                                                                                
                                                                                
   ----------                                                                   
   |........|                                                                   
   |........|                                                                   
   |......<.|                                                                   
   ---+----.-                                                                   
           @                                                                    
          ##                                                                    
                                                                                
                                                                                
                                                                                
                                                                                
                                                                                
                                                                                
                                                                                
                                                                                
                                                                                
                                                                                
                                                                                
Agent the Rhizotomist          St:8 Dx:10 Co:18 In:8 Wi:15 Ch:16 Neutral S:0    
Dlvl:1 $:1811 HP:13(13) Pw:6(6) AC:8 Xp:1/0                                     

",0.0,False
10,south,"To complete the task, I need to explore the current level and find the stairs down. Since I've already found the stairs up, I should move away from them to find the stairs down. I've also found a closed door, which I should try to open. If the door is locked, I can try kicking it. I should also continue to move in directions that seem to lead to unexplored parts of the level, using the map and observations to guide my movements. My overall strategy will be to methodically explore the level, trying to open doors and searching for hidden passages, until I find the stairs down. I will prioritize moving south and east, as these directions seem to lead to unexplored areas.","message:


language observation:
horizontal wall far north
horizontal closed door near westnorthwest
stairs up near northnorthwest
doorway very near north
dark area very near west
dark area adjacent northeast, east, southeast, south, southwest, and northwest

cursor:
Yourself a healer
(x=11, y=10)

map:
                                                                                
                                                                                
                                                                                
   ----------                                                                   
   |........|                                                                   
   |........|                                                                   
   |......<.|                                                                   
   ---+----.-                                                                   
           #                                                                    
          #@                                                                    
                                                                                
                                                                                
                                                                                
                                                                                
                                                                                
                                                                                
                                                                                
                                                                                
                                                                                
                                                                                
                                                                                
Agent the Rhizotomist          St:8 Dx:10 Co:18 In:8 Wi:15 Ch:16 Neutral S:0    
Dlvl:1 $:1811 HP:13(13) Pw:6(6) AC:8 Xp:1/0                                     

",0.0,False
11,north,,"message:


language observation:
horizontal wall near north
horizontal closed door near westnorthwest
dark area very near south and southwest
stairs up very near northnorthwest
doorway adjacent north
southeast corner adjacent northeast
dark area adjacent east, southeast, and west
horizontal wall adjacent northwest

cursor:
Yourself a healer
(x=11, y=9)

map:
                                                                                
                                                                                
                                                                                
   ----------                                                                   
   |........|                                                                   
   |........|                                                                   
   |......<.|                                                                   
   ---+----.-                                                                   
           @                                                                    
          ##                                                                    
                                                                                
                                                                                
                                                                                
                                                                                
                                                                                
                                                                                
                                                                                
                                                                                
                                                                                
                                                                                
                                                                                
Agent the Rhizotomist          St:8 Dx:10 Co:18 In:8 Wi:15 Ch:16 Neutral S:0    
Dlvl:1 $:1811 HP:13(13) Pw:6(6) AC:8 Xp:1/0                                     

",0.0,False
12,east,"To complete the task, I need to explore the current level and find the stairs down. Since I've already found the stairs up, I should move away from them to find the stairs down. I've also found a closed door, which I should try to open. If the door is locked, I can try kicking it. I should also continue to move in directions that seem to lead to unexplored parts of the level, using the map and observations to guide my movements. My overall strategy will be to methodically explore the level, trying to open doors and searching for hidden passages, until I find the stairs down. I will prioritize moving south and east, as these directions seem to lead to unexplored areas. I will also keep track of my inventory and use my items wisely, such as using my potions of healing if my health gets low.","message:
It's solid stone.

language observation:
horizontal wall near north
horizontal closed door near westnorthwest
dark area very near south and southwest
stairs up very near northnorthwest
doorway adjacent north
southeast corner adjacent northeast
dark area adjacent east, southeast, and west
horizontal wall adjacent northwest

cursor:
Yourself a healer
(x=11, y=9)

map:
                                                                                
                                                                                
                                                                                
   ----------                                                                   
   |........|                                                                   
   |........|                                                                   
   |......<.|                                                                   
   ---+----.-                                                                   
           @                                                                    
          ##                                                                    
                                                                                
                                                                                
                                                                                
                                                                                
                                                                                
                                                                                
                                                                                
                                                                                
                                                                                
                                                                                
                                                                                
Agent the Rhizotomist          St:8 Dx:10 Co:18 In:8 Wi:15 Ch:16 Neutral S:0    
Dlvl:1 $:1811 HP:13(13) Pw:6(6) AC:8 Xp:1/0                                     

",0.0,False
13,south,,"message:


language observation:
horizontal wall far north
horizontal closed door near westnorthwest
stairs up near northnorthwest
doorway very near north
dark area very near west
dark area adjacent northeast, east, southeast, south, southwest, and northwest

cursor:
Yourself a healer
(x=11, y=10)

map:
                                                                                
                                                                                
                                                                                
   ----------                                                                   
   |........|                                                                   
   |........|                                                                   
   |......<.|                                                                   
   ---+----.-                                                                   
           #                                                                    
          #@                                                                    
                                                                                
                                                                                
                                                                                
                                                                                
                                                                                
                                                                                
                                                                                
                                                                                
                                                                                
                                                                                
                                                                                
Agent the Rhizotomist          St:8 Dx:10 Co:18 In:8 Wi:15 Ch:16 Neutral S:0    
Dlvl:1 $:1811 HP:13(13) Pw:6(6) AC:8 Xp:1/0                                     

",0.0,False
14,north,"To complete the task, I need to explore the current level and find the stairs down. Since I've already found the stairs up, I should move away from them to find the stairs down. I've also found a closed door, which I should try to open. If the door is locked, I can try kicking it. I should also continue to move in directions that seem to lead to unexplored parts of the level, using the map and observations to guide my movements. My overall strategy will be to methodically explore the level, trying to open doors and searching for hidden passages, until I find the stairs down. I will prioritize moving in directions that are likely to lead to unexplored areas, and use my items and abilities wisely to overcome any obstacles I may encounter.","message:


language observation:
horizontal wall near north
horizontal closed door near westnorthwest
dark area very near south and southwest
stairs up very near northnorthwest
doorway adjacent north
southeast corner adjacent northeast
dark area adjacent east, southeast, and west
horizontal wall adjacent northwest

cursor:
Yourself a healer
(x=11, y=9)

map:
                                                                                
                                                                                
                                                                                
   ----------                                                                   
   |........|                                                                   
   |........|                                                                   
   |......<.|                                                                   
   ---+----.-                                                                   
           @                                                                    
          ##                                                                    
                                                                                
                                                                                
                                                                                
                                                                                
                                                                                
                                                                                
                                                                                
                                                                                
                                                                                
                                                                                
                                                                                
Agent the Rhizotomist          St:8 Dx:10 Co:18 In:8 Wi:15 Ch:16 Neutral S:0    
Dlvl:1 $:1811 HP:13(13) Pw:6(6) AC:8 Xp:1/0                                     

",0.0,False
15,open,,"message:
In what direction?

language observation:
horizontal wall near north
horizontal closed door near westnorthwest
dark area very near south and southwest
stairs up very near northnorthwest
doorway adjacent north
southeast corner adjacent northeast
dark area adjacent east, southeast, and west
horizontal wall adjacent northwest

cursor:

(x=19, y=0)

map:
                                                                                
                                                                                
                                                                                
   ----------                                                                   
   |........|                                                                   
   |........|                                                                   
   |......<.|                                                                   
   ---+----.-                                                                   
           @                                                                    
          ##                                                                    
                                                                                
                                                                                
                                                                                
                                                                                
                                                                                
                                                                                
                                                                                
                                                                                
                                                                                
                                                                                
                                                                                
Agent the Rhizotomist          St:8 Dx:10 Co:18 In:8 Wi:15 Ch:16 Neutral S:0    
Dlvl:1 $:1811 HP:13(13) Pw:6(6) AC:8 Xp:1/0                                     

",0.0,False
16,west,"To complete the task, I will first review my previous observations to understand the layout of the level. I have found the stairs up, but not the stairs down, which is my ultimate goal. I have also found a closed door, which I should try to open. If the door is locked, I can try kicking it. My overall strategy will be to methodically explore the level, trying to open doors and searching for hidden passages, until I find the stairs down. I will prioritize moving in directions that are likely to lead to unexplored areas, and use my items and abilities wisely to overcome any obstacles I may encounter. Since my last action was ""open"" and the response was ""In what direction?"", my next action should be to specify the direction of the door I want to open.","message:
You see no door there.

language observation:
horizontal wall near north
horizontal closed door near westnorthwest
dark area very near south and southwest
stairs up very near northnorthwest
doorway adjacent north
southeast corner adjacent northeast
dark area adjacent east, southeast, and west
horizontal wall adjacent northwest

cursor:
Yourself a healer
(x=11, y=9)

map:
                                                                                
                                                                                
                                                                                
   ----------                                                                   
   |........|                                                                   
   |........|                                                                   
   |......<.|                                                                   
   ---+----.-                                                                   
           @                                                                    
          ##                                                                    
                                                                                
                                                                                
                                                                                
                                                                                
                                                                                
                                                                                
                                                                                
                                                                                
                                                                                
                                                                                
                                                                                
Agent the Rhizotomist          St:8 Dx:10 Co:18 In:8 Wi:15 Ch:16 Neutral S:0    
Dlvl:1 $:1811 HP:13(13) Pw:6(6) AC:8 Xp:1/0                                     

",0.0,False
17,westnorthwest,,"

Your previous output did not contain a valid action. Defaulted to action: north

Observation:
message:


language observation:
horizontal wall near north and northwest
dark area near south
horizontal closed door near west
vertical wall adjacent northeast
southeast corner adjacent east
dark area adjacent southeast and southwest
horizontal wall adjacent west
stairs up adjacent northwest

cursor:
Yourself a healer
(x=11, y=8)

map:
                                                                                
                                                                                
                                                                                
   ----------                                                                   
   |........|                                                                   
   |........|                                                                   
   |......<.|                                                                   
   ---+----@-                                                                   
           #                                                                    
          ##                                                                    
                                                                                
                                                                                
                                                                                
                                                                                
                                                                                
                                                                                
                                                                                
                                                                                
                                                                                
                                                                                
                                                                                
Agent the Rhizotomist          St:8 Dx:10 Co:18 In:8 Wi:15 Ch:16 Neutral S:0    
Dlvl:1 $:1811 HP:13(13) Pw:6(6) AC:8 Xp:1/0                                     

",0.0,False
18,open,"To complete the task, I need to explore the level and find the stairs down. My previous observations have shown me the layout of the level, including the location of the stairs up, a closed door, and dark areas that I haven't explored yet. I should try to open the closed door and explore the dark areas to see if I can find the stairs down or any other useful items. If I find any enemies, I can use my scalpel or spells to defend myself. I'll start by trying to open the closed door, and then methodically explore the level, using my search action to reveal any hidden doors or passages. Once I have a better understanding of the level's layout, I can plan my route to the stairs down.","message:
In what direction?

language observation:
horizontal wall near north and northwest
dark area near south
horizontal closed door near west
vertical wall adjacent northeast
southeast corner adjacent east
dark area adjacent southeast and southwest
horizontal wall adjacent west
stairs up adjacent northwest

cursor:

(x=19, y=0)

map:
                                                                                
                                                                                
                                                                                
   ----------                                                                   
   |........|                                                                   
   |........|                                                                   
   |......<.|                                                                   
   ---+----@-                                                                   
           #                                                                    
          ##                                                                    
                                                                                
                                                                                
                                                                                
                                                                                
                                                                                
                                                                                
                                                                                
                                                                                
                                                                                
                                                                                
                                                                                
Agent the Rhizotomist          St:8 Dx:10 Co:18 In:8 Wi:15 Ch:16 Neutral S:0    
Dlvl:1 $:1811 HP:13(13) Pw:6(6) AC:8 Xp:1/0                                     

",0.0,False
19,west,,"message:
You see no door there.

language observation:
horizontal wall near north and northwest
dark area near south
horizontal closed door near west
vertical wall adjacent northeast
southeast corner adjacent east
dark area adjacent southeast and southwest
horizontal wall adjacent west
stairs up adjacent northwest

cursor:
Yourself a healer
(x=11, y=8)

map:
                                                                                
                                                                                
                                                                                
   ----------                                                                   
   |........|                                                                   
   |........|                                                                   
   |......<.|                                                                   
   ---+----@-                                                                   
           #                                                                    
          ##                                                                    
                                                                                
                                                                                
                                                                                
                                                                                
                                                                                
                                                                                
                                                                                
                                                                                
                                                                                
                                                                                
                                                                                
Agent the Rhizotomist          St:8 Dx:10 Co:18 In:8 Wi:15 Ch:16 Neutral S:0    
Dlvl:1 $:1811 HP:13(13) Pw:6(6) AC:8 Xp:1/0                                     

",0.0,False
20,west,"To complete the task, I need to explore the level and find the stairs down. Since I haven't found them yet, I'll continue to methodically explore the level. My previous observations have shown me the location of the stairs up, a closed door, and dark areas that I haven't explored yet. I should try to open the closed door and explore the dark areas to see if I can find the stairs down or any other useful items. If I find any enemies, I can use my scalpel or spells to defend myself. I'll start by trying to open the closed door, and then explore the dark areas, using my search action to reveal any hidden doors or passages. Once I have a better understanding of the level's layout, I can plan my route to the stairs down.","message:
It's a wall.

language observation:
horizontal wall near north and northwest
dark area near south
horizontal closed door near west
vertical wall adjacent northeast
southeast corner adjacent east
dark area adjacent southeast and southwest
horizontal wall adjacent west
stairs up adjacent northwest

cursor:
Yourself a healer
(x=11, y=8)

map:
                                                                                
                                                                                
                                                                                
   ----------                                                                   
   |........|                                                                   
   |........|                                                                   
   |......<.|                                                                   
   ---+----@-                                                                   
           #                                                                    
          ##                                                                    
                                                                                
                                                                                
                                                                                
                                                                                
                                                                                
                                                                                
                                                                                
                                                                                
                                                                                
                                                                                
                                                                                
Agent the Rhizotomist          St:8 Dx:10 Co:18 In:8 Wi:15 Ch:16 Neutral S:0    
Dlvl:1 $:1811 HP:13(13) Pw:6(6) AC:8 Xp:1/0                                     

",0.0,False
21,open west,,"

Your previous output did not contain a valid action. Defaulted to action: north

Observation:
message:


language observation:
vertical wall far west
horizontal wall near north and northwest
dark area near south
horizontal closed door near westsouthwest
vertical wall adjacent northeast and east
southeast corner adjacent southeast
doorway adjacent south
horizontal wall adjacent southwest
stairs up adjacent west

cursor:
Yourself a healer
(x=11, y=7)

map:
                                                                                
                                                                                
                                                                                
   ----------                                                                   
   |........|                                                                   
   |........|                                                                   
   |......<@|                                                                   
   ---+----.-                                                                   
           #                                                                    
          ##                                                                    
                                                                                
                                                                                
                                                                                
                                                                                
                                                                                
                                                                                
                                                                                
                                                                                
                                                                                
                                                                                
                                                                                
Agent the Rhizotomist          St:8 Dx:10 Co:18 In:8 Wi:15 Ch:16 Neutral S:0    
Dlvl:1 $:1811 HP:13(13) Pw:6(6) AC:8 Xp:1/0                                     

",0.0,False
22,south,"To complete the task, I need to explore the level and find the stairs down. Since I haven't found them yet, I'll continue to methodically explore the level. I should try to open the closed door and explore the dark areas to see if I can find the stairs down or any other useful items. If I find any enemies, I can use my scalpel or spells to defend myself. I'll start by trying to open the closed door, and then explore the dark areas, using my search action to reveal any hidden doors or passages. Once I have a better understanding of the level's layout, I can plan my route to the stairs down. Given my current position, I'll head south to explore the doorway adjacent south.","message:


language observation:
horizontal wall near north and northwest
dark area near south
horizontal closed door near west
vertical wall adjacent northeast
southeast corner adjacent east
dark area adjacent southeast and southwest
horizontal wall adjacent west
stairs up adjacent northwest

cursor:
Yourself a healer
(x=11, y=8)

map:
                                                                                
                                                                                
                                                                                
   ----------                                                                   
   |........|                                                                   
   |........|                                                                   
   |......<.|                                                                   
   ---+----@-                                                                   
           #                                                                    
          ##                                                                    
                                                                                
                                                                                
                                                                                
                                                                                
                                                                                
                                                                                
                                                                                
                                                                                
                                                                                
                                                                                
                                                                                
Agent the Rhizotomist          St:8 Dx:10 Co:18 In:8 Wi:15 Ch:16 Neutral S:0    
Dlvl:1 $:1811 HP:13(13) Pw:6(6) AC:8 Xp:1/0                                     

",0.0,False
23,open,,"message:
In what direction?

language observation:
horizontal wall near north and northwest
dark area near south
horizontal closed door near west
vertical wall adjacent northeast
southeast corner adjacent east
dark area adjacent southeast and southwest
horizontal wall adjacent west
stairs up adjacent northwest

cursor:

(x=19, y=0)

map:
                                                                                
                                                                                
                                                                                
   ----------                                                                   
   |........|                                                                   
   |........|                                                                   
   |......<.|                                                                   
   ---+----@-                                                                   
           #                                                                    
          ##                                                                    
                                                                                
                                                                                
                                                                                
                                                                                
                                                                                
                                                                                
                                                                                
                                                                                
                                                                                
                                                                                
                                                                                
Agent the Rhizotomist          St:8 Dx:10 Co:18 In:8 Wi:15 Ch:16 Neutral S:0    
Dlvl:1 $:1811 HP:13(13) Pw:6(6) AC:8 Xp:1/0                                     

",0.0,False
24,west,"To complete the task, I need to explore the level and find the stairs down. Since I haven't found them yet, I'll continue to methodically explore the level. I should try to open the closed door and explore the dark areas to see if I can find the stairs down or any other useful items. If I find any enemies, I can use my scalpel or spells to defend myself. I'll start by trying to open the closed door, and then explore the dark areas, using my search action to reveal any hidden doors or passages. Once I have a better understanding of the level's layout, I can plan my route to the stairs down. Given my current position, I'll head west to try to open the door and then explore the surrounding area.","message:
You see no door there.

language observation:
horizontal wall near north and northwest
dark area near south
horizontal closed door near west
vertical wall adjacent northeast
southeast corner adjacent east
dark area adjacent southeast and southwest
horizontal wall adjacent west
stairs up adjacent northwest

cursor:
Yourself a healer
(x=11, y=8)

map:
                                                                                
                                                                                
                                                                                
   ----------                                                                   
   |........|                                                                   
   |........|                                                                   
   |......<.|                                                                   
   ---+----@-                                                                   
           #                                                                    
          ##                                                                    
                                                                                
                                                                                
                                                                                
                                                                                
                                                                                
                                                                                
                                                                                
                                                                                
                                                                                
                                                                                
                                                                                
Agent the Rhizotomist          St:8 Dx:10 Co:18 In:8 Wi:15 Ch:16 Neutral S:0    
Dlvl:1 $:1811 HP:13(13) Pw:6(6) AC:8 Xp:1/0                                     

",0.0,False
25,search,,"message:


language observation:
horizontal wall near north and northwest
dark area near south
horizontal closed door near west
vertical wall adjacent northeast
southeast corner adjacent east
dark area adjacent southeast and southwest
horizontal wall adjacent west
stairs up adjacent northwest

cursor:
Yourself a healer
(x=11, y=8)

map:
                                                                                
                                                                                
                                                                                
   ----------                                                                   
   |........|                                                                   
   |........|                                                                   
   |......<.|                                                                   
   ---+----@-                                                                   
           #                                                                    
          ##                                                                    
                                                                                
                                                                                
                                                                                
                                                                                
                                                                                
                                                                                
                                                                                
                                                                                
                                                                                
                                                                                
                                                                                
Agent the Rhizotomist          St:8 Dx:10 Co:18 In:8 Wi:15 Ch:16 Neutral S:0    
Dlvl:1 $:1811 HP:13(13) Pw:6(6) AC:8 Xp:1/0                                     

",0.0,False
26,open west,"To complete the task, I need to explore the level and find the stairs down. Since I haven't found them yet, I'll continue to methodically explore the level. I should try to open the closed door and explore the dark areas to see if I can find the stairs down or any other useful items. If I find any enemies, I can use my scalpel or spells to defend myself. I'll start by trying to open the closed door, and then explore the dark areas, using my search action to reveal any hidden doors or passages. Once I have a better understanding of the level's layout, I can plan my route to the stairs down. Given my current position, I'll head west to try to open the door and then explore the surrounding area. If the door is locked or unable to be opened, I'll try kicking it. I'll also use my search action regularly to ensure I'm not missing any hidden doors or passages.","

Your previous output did not contain a valid action. Defaulted to action: north

Observation:
message:


language observation:
vertical wall far west
horizontal wall near north and northwest
dark area near south
horizontal closed door near westsouthwest
vertical wall adjacent northeast and east
southeast corner adjacent southeast
doorway adjacent south
horizontal wall adjacent southwest
stairs up adjacent west

cursor:
Yourself a healer
(x=11, y=7)

map:
                                                                                
                                                                                
                                                                                
   ----------                                                                   
   |........|                                                                   
   |........|                                                                   
   |......<@|                                                                   
   ---+----.-                                                                   
           #                                                                    
          ##                                                                    
                                                                                
                                                                                
                                                                                
                                                                                
                                                                                
                                                                                
                                                                                
                                                                                
                                                                                
                                                                                
                                                                                
Agent the Rhizotomist          St:8 Dx:10 Co:18 In:8 Wi:15 Ch:16 Neutral S:0    
Dlvl:1 $:1811 HP:13(13) Pw:6(6) AC:8 Xp:1/0                                     

",0.0,False
27,south,,"message:


language observation:
horizontal wall near north and northwest
dark area near south
horizontal closed door near west
vertical wall adjacent northeast
southeast corner adjacent east
dark area adjacent southeast and southwest
horizontal wall adjacent west
stairs up adjacent northwest

cursor:
Yourself a healer
(x=11, y=8)

map:
                                                                                
                                                                                
                                                                                
   ----------                                                                   
   |........|                                                                   
   |........|                                                                   
   |......<.|                                                                   
   ---+----@-                                                                   
           #                                                                    
          ##                                                                    
                                                                                
                                                                                
                                                                                
                                                                                
                                                                                
                                                                                
                                                                                
                                                                                
                                                                                
                                                                                
                                                                                
Agent the Rhizotomist          St:8 Dx:10 Co:18 In:8 Wi:15 Ch:16 Neutral S:0    
Dlvl:1 $:1811 HP:13(13) Pw:6(6) AC:8 Xp:1/0                                     

",0.0,False
28,south,"To complete the task, I will first try to open the closed door to the west. If it's locked, I'll attempt to kick it. If that doesn't work, I'll search the area for any hidden doors or passages. Since my goal is to find the stairs down, I'll prioritize exploring the dark areas and doorways. I'll use my search action regularly to reveal any hidden features. If I encounter any enemies, I'll use my scalpel or spells to defend myself. Once I have a better understanding of the level's layout, I'll plan my route to the stairs down. Given my current position, heading south seems like a reasonable starting point to explore the dark area and potential doorways.","message:


language observation:
horizontal wall near north
horizontal closed door near westnorthwest
dark area very near south and southwest
stairs up very near northnorthwest
doorway adjacent north
southeast corner adjacent northeast
dark area adjacent east, southeast, and west
horizontal wall adjacent northwest

cursor:
Yourself a healer
(x=11, y=9)

map:
                                                                                
                                                                                
                                                                                
   ----------                                                                   
   |........|                                                                   
   |........|                                                                   
   |......<.|                                                                   
   ---+----.-                                                                   
           @                                                                    
          ##                                                                    
                                                                                
                                                                                
                                                                                
                                                                                
                                                                                
                                                                                
                                                                                
                                                                                
                                                                                
                                                                                
                                                                                
Agent the Rhizotomist          St:8 Dx:10 Co:18 In:8 Wi:15 Ch:16 Neutral S:0    
Dlvl:1 $:1811 HP:13(13) Pw:6(6) AC:8 Xp:1/0                                     

",0.0,False
29,south,,"message:


language observation:
horizontal wall far north
horizontal closed door near westnorthwest
stairs up near northnorthwest
doorway very near north
dark area very near west
dark area adjacent northeast, east, southeast, south, southwest, and northwest

cursor:
Yourself a healer
(x=11, y=10)

map:
                                                                                
                                                                                
                                                                                
   ----------                                                                   
   |........|                                                                   
   |........|                                                                   
   |......<.|                                                                   
   ---+----.-                                                                   
           #                                                                    
          #@                                                                    
                                                                                
                                                                                
                                                                                
                                                                                
                                                                                
                                                                                
                                                                                
                                                                                
                                                                                
                                                                                
                                                                                
Agent the Rhizotomist          St:8 Dx:10 Co:18 In:8 Wi:15 Ch:16 Neutral S:0    
Dlvl:1 $:1811 HP:13(13) Pw:6(6) AC:8 Xp:1/0                                     

",0.0,False
30,south,"To complete the task, I need to explore the level and find the stairs down. Since I've already encountered stairs up, my goal is to move away from them and explore the dark areas. I'll start by moving south to explore the dark area and see if I can find any doorways or passages. I'll use my search action regularly to reveal any hidden doors or features. If I encounter any closed doors, I'll try to open them or kick them if they're locked. I'll also keep an eye on my health and use my potions or spells if necessary. Once I have a better understanding of the level's layout, I'll plan my route to the stairs down.","message:
It's solid stone.

language observation:
horizontal wall far north
horizontal closed door near westnorthwest
stairs up near northnorthwest
doorway very near north
dark area very near west
dark area adjacent northeast, east, southeast, south, southwest, and northwest

cursor:
Yourself a healer
(x=11, y=10)

map:
                                                                                
                                                                                
                                                                                
   ----------                                                                   
   |........|                                                                   
   |........|                                                                   
   |......<.|                                                                   
   ---+----.-                                                                   
           #                                                                    
          #@                                                                    
                                                                                
                                                                                
                                                                                
                                                                                
                                                                                
                                                                                
                                                                                
                                                                                
                                                                                
                                                                                
                                                                                
Agent the Rhizotomist          St:8 Dx:10 Co:18 In:8 Wi:15 Ch:16 Neutral S:0    
Dlvl:1 $:1811 HP:13(13) Pw:6(6) AC:8 Xp:1/0                                     

",0.0,False
31,north,,"message:


language observation:
horizontal wall near north
horizontal closed door near westnorthwest
dark area very near south and southwest
stairs up very near northnorthwest
doorway adjacent north
southeast corner adjacent northeast
dark area adjacent east, southeast, and west
horizontal wall adjacent northwest

cursor:
Yourself a healer
(x=11, y=9)

map:
                                                                                
                                                                                
                                                                                
   ----------                                                                   
   |........|                                                                   
   |........|                                                                   
   |......<.|                                                                   
   ---+----.-                                                                   
           @                                                                    
          ##                                                                    
                                                                                
                                                                                
                                                                                
                                                                                
                                                                                
                                                                                
                                                                                
                                                                                
                                                                                
                                                                                
                                                                                
Agent the Rhizotomist          St:8 Dx:10 Co:18 In:8 Wi:15 Ch:16 Neutral S:0    
Dlvl:1 $:1811 HP:13(13) Pw:6(6) AC:8 Xp:1/0                                     

",0.0,False
32,south,"To complete the task, I need to explore the level and find the stairs down. Since I've already encountered stairs up, my goal is to move away from them and explore the dark areas. I'll start by moving south to explore the dark area and see if I can find any doorways or passages. I'll use my search action regularly to reveal any hidden doors or features. If I encounter any closed doors, I'll try to open them or kick them if they're locked. I'll also keep an eye on my health and use my potions or spells if necessary. Once I have a better understanding of the level's layout, I'll plan my route to the stairs down. Given my current position and observations, I'll prioritize exploring the dark areas to the south and west, as they are the most likely to contain the stairs down or other important features.","message:


language observation:
horizontal wall far north
horizontal closed door near westnorthwest
stairs up near northnorthwest
doorway very near north
dark area very near west
dark area adjacent northeast, east, southeast, south, southwest, and northwest

cursor:
Yourself a healer
(x=11, y=10)

map:
                                                                                
                                                                                
                                                                                
   ----------                                                                   
   |........|                                                                   
   |........|                                                                   
   |......<.|                                                                   
   ---+----.-                                                                   
           #                                                                    
          #@                                                                    
                                                                                
                                                                                
                                                                                
                                                                                
                                                                                
                                                                                
                                                                                
                                                                                
                                                                                
                                                                                
                                                                                
Agent the Rhizotomist          St:8 Dx:10 Co:18 In:8 Wi:15 Ch:16 Neutral S:0    
Dlvl:1 $:1811 HP:13(13) Pw:6(6) AC:8 Xp:1/0                                     

",0.0,False
33,north,,"message:


language observation:
horizontal wall near north
horizontal closed door near westnorthwest
dark area very near south and southwest
stairs up very near northnorthwest
doorway adjacent north
southeast corner adjacent northeast
dark area adjacent east, southeast, and west
horizontal wall adjacent northwest

cursor:
Yourself a healer
(x=11, y=9)

map:
                                                                                
                                                                                
                                                                                
   ----------                                                                   
   |........|                                                                   
   |........|                                                                   
   |......<.|                                                                   
   ---+----.-                                                                   
           @                                                                    
          ##                                                                    
                                                                                
                                                                                
                                                                                
                                                                                
                                                                                
                                                                                
                                                                                
                                                                                
                                                                                
                                                                                
                                                                                
Agent the Rhizotomist          St:8 Dx:10 Co:18 In:8 Wi:15 Ch:16 Neutral S:0    
Dlvl:1 $:1811 HP:13(13) Pw:6(6) AC:8 Xp:1/0                                     

",0.0,False
34,south,"To complete the task, I need to explore the level and find the stairs down. Since I've already encountered stairs up, my goal is to move away from them and explore the dark areas. I'll start by moving south to explore the dark area and see if I can find any doorways or passages. I'll use my search action regularly to reveal any hidden doors or features. If I encounter any closed doors, I'll try to open them or kick them if they're locked. I'll also keep an eye on my health and use my potions or spells if necessary. Once I have a better understanding of the level's layout, I'll plan my route to the stairs down. Given my current position and observations, I'll prioritize exploring the dark areas to the south and west, as they are the most likely to contain the stairs down or other important features.","message:


language observation:
horizontal wall far north
horizontal closed door near westnorthwest
stairs up near northnorthwest
doorway very near north
dark area very near west
dark area adjacent northeast, east, southeast, south, southwest, and northwest

cursor:
Yourself a healer
(x=11, y=10)

map:
                                                                                
                                                                                
                                                                                
   ----------                                                                   
   |........|                                                                   
   |........|                                                                   
   |......<.|                                                                   
   ---+----.-                                                                   
           #                                                                    
          #@                                                                    
                                                                                
                                                                                
                                                                                
                                                                                
                                                                                
                                                                                
                                                                                
                                                                                
                                                                                
                                                                                
                                                                                
Agent the Rhizotomist          St:8 Dx:10 Co:18 In:8 Wi:15 Ch:16 Neutral S:0    
Dlvl:1 $:1811 HP:13(13) Pw:6(6) AC:8 Xp:1/0                                     

",0.0,False
35,north,,"message:


language observation:
horizontal wall near north
horizontal closed door near westnorthwest
dark area very near south and southwest
stairs up very near northnorthwest
doorway adjacent north
southeast corner adjacent northeast
dark area adjacent east, southeast, and west
horizontal wall adjacent northwest

cursor:
Yourself a healer
(x=11, y=9)

map:
                                                                                
                                                                                
                                                                                
   ----------                                                                   
   |........|                                                                   
   |........|                                                                   
   |......<.|                                                                   
   ---+----.-                                                                   
           @                                                                    
          ##                                                                    
                                                                                
                                                                                
                                                                                
                                                                                
                                                                                
                                                                                
                                                                                
                                                                                
                                                                                
                                                                                
                                                                                
Agent the Rhizotomist          St:8 Dx:10 Co:18 In:8 Wi:15 Ch:16 Neutral S:0    
Dlvl:1 $:1811 HP:13(13) Pw:6(6) AC:8 Xp:1/0                                     

",0.0,False
36,south,"To complete the task, I need to explore the level and find the stairs down. Since I've already encountered stairs up, my goal is to move away from them and explore the dark areas. I'll start by moving south to explore the dark area and see if I can find any doorways or passages. I'll use my search action regularly to reveal any hidden doors or features. If I encounter any closed doors, I'll try to open them or kick them if they're locked. I'll also keep an eye on my health and use my potions or spells if necessary. Once I have a better understanding of the level's layout, I'll plan my route to the stairs down. Given my current position and observations, I'll prioritize exploring the dark areas to the south and west, as they are the most likely to contain the stairs down or other important features.","message:


language observation:
horizontal wall far north
horizontal closed door near westnorthwest
stairs up near northnorthwest
doorway very near north
dark area very near west
dark area adjacent northeast, east, southeast, south, southwest, and northwest

cursor:
Yourself a healer
(x=11, y=10)

map:
                                                                                
                                                                                
                                                                                
   ----------                                                                   
   |........|                                                                   
   |........|                                                                   
   |......<.|                                                                   
   ---+----.-                                                                   
           #                                                                    
          #@                                                                    
                                                                                
                                                                                
                                                                                
                                                                                
                                                                                
                                                                                
                                                                                
                                                                                
                                                                                
                                                                                
                                                                                
Agent the Rhizotomist          St:8 Dx:10 Co:18 In:8 Wi:15 Ch:16 Neutral S:0    
Dlvl:1 $:1811 HP:13(13) Pw:6(6) AC:8 Xp:1/0                                     

",0.0,False
37,north,,"message:


language observation:
horizontal wall near north
horizontal closed door near westnorthwest
dark area very near south and southwest
stairs up very near northnorthwest
doorway adjacent north
southeast corner adjacent northeast
dark area adjacent east, southeast, and west
horizontal wall adjacent northwest

cursor:
Yourself a healer
(x=11, y=9)

map:
                                                                                
                                                                                
                                                                                
   ----------                                                                   
   |........|                                                                   
   |........|                                                                   
   |......<.|                                                                   
   ---+----.-                                                                   
           @                                                                    
          ##                                                                    
                                                                                
                                                                                
                                                                                
                                                                                
                                                                                
                                                                                
                                                                                
                                                                                
                                                                                
                                                                                
                                                                                
Agent the Rhizotomist          St:8 Dx:10 Co:18 In:8 Wi:15 Ch:16 Neutral S:0    
Dlvl:1 $:1811 HP:13(13) Pw:6(6) AC:8 Xp:1/0                                     

",0.0,False
38,south,"To complete the task, I need to explore the level and find the stairs down. Since I've already encountered stairs up, my goal is to move away from them and explore the dark areas. I'll start by moving south to explore the dark area and see if I can find any doorways or passages. I'll use my search action regularly to reveal any hidden doors or features. If I encounter any closed doors, I'll try to open them or kick them if they're locked. I'll also keep an eye on my health and use my potions or spells if necessary. Once I have a better understanding of the level's layout, I'll plan my route to the stairs down. Given my current position and observations, I'll prioritize exploring the dark areas to the south and west, as they are the most likely to contain the stairs down or other important features.","message:


language observation:
horizontal wall far north
horizontal closed door near westnorthwest
stairs up near northnorthwest
doorway very near north
dark area very near west
dark area adjacent northeast, east, southeast, south, southwest, and northwest

cursor:
Yourself a healer
(x=11, y=10)

map:
                                                                                
                                                                                
                                                                                
   ----------                                                                   
   |........|                                                                   
   |........|                                                                   
   |......<.|                                                                   
   ---+----.-                                                                   
           #                                                                    
          #@                                                                    
                                                                                
                                                                                
                                                                                
                                                                                
                                                                                
                                                                                
                                                                                
                                                                                
                                                                                
                                                                                
                                                                                
Agent the Rhizotomist          St:8 Dx:10 Co:18 In:8 Wi:15 Ch:16 Neutral S:0    
Dlvl:1 $:1811 HP:13(13) Pw:6(6) AC:8 Xp:1/0                                     

",0.0,False
39,north,,"message:


language observation:
horizontal wall near north
horizontal closed door near westnorthwest
dark area very near south and southwest
stairs up very near northnorthwest
doorway adjacent north
southeast corner adjacent northeast
dark area adjacent east, southeast, and west
horizontal wall adjacent northwest

cursor:
Yourself a healer
(x=11, y=9)

map:
                                                                                
                                                                                
                                                                                
   ----------                                                                   
   |........|                                                                   
   |........|                                                                   
   |......<.|                                                                   
   ---+----.-                                                                   
           @                                                                    
          ##                                                                    
                                                                                
                                                                                
                                                                                
                                                                                
                                                                                
                                                                                
                                                                                
                                                                                
                                                                                
                                                                                
                                                                                
Agent the Rhizotomist          St:8 Dx:10 Co:18 In:8 Wi:15 Ch:16 Neutral S:0    
Dlvl:1 $:1811 HP:13(13) Pw:6(6) AC:8 Xp:1/0                                     

",0.0,False
40,search,"To complete the task, I will first try to explore the level and gather more information about the layout and the location of the stairs down. Since I have already found the stairs up, I will move away from them and focus on exploring the dark areas. I will use my search action regularly to reveal any hidden doors or features. If I encounter any closed doors, I will try to open them or kick them if they're locked. Once I have a better understanding of the level's layout, I will plan my route to the stairs down. Given my current position and observations, I will prioritize exploring the dark areas to the south and west, as they are the most likely to contain the stairs down or other important features. I will also keep an eye on my health and use my potions or spells if necessary.","message:


language observation:
horizontal wall near north
horizontal closed door near westnorthwest
dark area very near south and southwest
stairs up very near northnorthwest
doorway adjacent north
southeast corner adjacent northeast
dark area adjacent east, southeast, and west
horizontal wall adjacent northwest

cursor:
Yourself a healer
(x=11, y=9)

map:
                                                                                
                                                                                
                                                                                
   ----------                                                                   
   |........|                                                                   
   |........|                                                                   
   |......<.|                                                                   
   ---+----.-                                                                   
           @                                                                    
          ##                                                                    
                                                                                
                                                                                
                                                                                
                                                                                
                                                                                
                                                                                
                                                                                
                                                                                
                                                                                
                                                                                
                                                                                
Agent the Rhizotomist          St:8 Dx:10 Co:18 In:8 Wi:15 Ch:16 Neutral S:0    
Dlvl:1 $:1811 HP:13(13) Pw:6(6) AC:8 Xp:1/0                                     

",0.0,False
41,west,,"message:
It's solid stone.

language observation:
horizontal wall near north
horizontal closed door near westnorthwest
dark area very near south and southwest
stairs up very near northnorthwest
doorway adjacent north
southeast corner adjacent northeast
dark area adjacent east, southeast, and west
horizontal wall adjacent northwest

cursor:
Yourself a healer
(x=11, y=9)

map:
                                                                                
                                                                                
                                                                                
   ----------                                                                   
   |........|                                                                   
   |........|                                                                   
   |......<.|                                                                   
   ---+----.-                                                                   
           @                                                                    
          ##                                                                    
                                                                                
                                                                                
                                                                                
                                                                                
                                                                                
                                                                                
                                                                                
                                                                                
                                                                                
                                                                                
                                                                                
Agent the Rhizotomist          St:8 Dx:10 Co:18 In:8 Wi:15 Ch:16 Neutral S:0    
Dlvl:1 $:1811 HP:13(13) Pw:6(6) AC:8 Xp:1/0                                     

",0.0,False
42,kick,"To complete the task, I will first review my previous observations and note that I have been moving back and forth between the same two positions without making progress. I need to break this cycle by trying a different approach. Since I have a closed door to the west and I've been unable to move through the walls, my next step should be to try and open or kick the closed door to see if it leads to a new area. If the door is locked, kicking it might unlock it. Once I've dealt with the door, I'll continue to explore the level, using my search action regularly to reveal any hidden doors or features, and prioritize finding the stairs down. I will also keep an eye on my health and use my potions or spells if necessary. Given my current position and observations, trying to open or kick the door seems like the most logical next step to make progress and potentially find the stairs down.","message:
In what direction?

language observation:
horizontal wall near north
horizontal closed door near westnorthwest
dark area very near south and southwest
stairs up very near northnorthwest
doorway adjacent north
southeast corner adjacent northeast
dark area adjacent east, southeast, and west
horizontal wall adjacent northwest

cursor:

(x=19, y=0)

map:
                                                                                
                                                                                
                                                                                
   ----------                                                                   
   |........|                                                                   
   |........|                                                                   
   |......<.|                                                                   
   ---+----.-                                                                   
           @                                                                    
          ##                                                                    
                                                                                
                                                                                
                                                                                
                                                                                
                                                                                
                                                                                
                                                                                
                                                                                
                                                                                
                                                                                
                                                                                
Agent the Rhizotomist          St:8 Dx:10 Co:18 In:8 Wi:15 Ch:16 Neutral S:0    
Dlvl:1 $:1811 HP:13(13) Pw:6(6) AC:8 Xp:1/0                                     

",0.0,False
43,west,,"message:
Ouch!  That hurts!

language observation:
horizontal wall near north
horizontal closed door near westnorthwest
dark area very near south and southwest
stairs up very near northnorthwest
doorway adjacent north
southeast corner adjacent northeast
dark area adjacent east, southeast, and west
horizontal wall adjacent northwest

cursor:
Yourself a healer
(x=11, y=9)

map:
                                                                                
                                                                                
                                                                                
   ----------                                                                   
   |........|                                                                   
   |........|                                                                   
   |......<.|                                                                   
   ---+----.-                                                                   
           @                                                                    
          ##                                                                    
                                                                                
                                                                                
                                                                                
                                                                                
                                                                                
                                                                                
                                                                                
                                                                                
                                                                                
                                                                                
                                                                                
Agent the Rhizotomist          St:8 Dx:10 Co:18 In:8 Wi:15 Ch:16 Neutral S:0    
Dlvl:1 $:1811 HP:13(13) Pw:6(6) AC:8 Xp:1/0                                     

",0.0,False
44,kick west,"To complete the task, I need to explore the level and find the stairs down. Since I've been moving back and forth between the same two positions, I should try to break this cycle by exploring other areas. I have a closed door to the west that I tried to kick, but it seems I need to specify the direction. I should try kicking the door again, specifying the west direction. If the door is locked or unable to be kicked open, I might need to search for alternative paths or hidden doors. I also have a set of spells and items that could potentially help me, such as the wand of sleep or my healing spells. My priority should be finding a way past the closed door or discovering a new area that could lead me to the stairs down. I will continue to use my search action regularly to reveal any hidden features and make use of my items and spells as necessary to overcome obstacles and ensure my survival.","

Your previous output did not contain a valid action. Defaulted to action: north

Observation:
message:


language observation:
horizontal wall near north and northwest
dark area near south
horizontal closed door near west
vertical wall adjacent northeast
southeast corner adjacent east
dark area adjacent southeast and southwest
horizontal wall adjacent west
stairs up adjacent northwest

cursor:
Yourself a healer
(x=11, y=8)

map:
                                                                                
                                                                                
                                                                                
   ----------                                                                   
   |........|                                                                   
   |........|                                                                   
   |......<.|                                                                   
   ---+----@-                                                                   
           #                                                                    
          ##                                                                    
                                                                                
                                                                                
                                                                                
                                                                                
                                                                                
                                                                                
                                                                                
                                                                                
                                                                                
                                                                                
                                                                                
Agent the Rhizotomist          St:8 Dx:10 Co:18 In:8 Wi:15 Ch:16 Neutral S:0    
Dlvl:1 $:1811 HP:13(13) Pw:6(6) AC:8 Xp:1/0                                     

",0.0,False
45,kick west,,"

Your previous output did not contain a valid action. Defaulted to action: north

Observation:
message:


language observation:
vertical wall far west
horizontal wall near north and northwest
dark area near south
horizontal closed door near westsouthwest
vertical wall adjacent northeast and east
southeast corner adjacent southeast
doorway adjacent south
horizontal wall adjacent southwest
stairs up adjacent west

cursor:
Yourself a healer
(x=11, y=7)

map:
                                                                                
                                                                                
                                                                                
   ----------                                                                   
   |........|                                                                   
   |........|                                                                   
   |......<@|                                                                   
   ---+----.-                                                                   
           #                                                                    
          ##                                                                    
                                                                                
                                                                                
                                                                                
                                                                                
                                                                                
                                                                                
                                                                                
                                                                                
                                                                                
                                                                                
                                                                                
Agent the Rhizotomist          St:8 Dx:10 Co:18 In:8 Wi:15 Ch:16 Neutral S:0    
Dlvl:1 $:1811 HP:13(13) Pw:6(6) AC:8 Xp:1/0                                     

",0.0,False
46,south,"To complete the task, I need to explore the level and find the stairs down. Since I've been moving back and forth between the same areas, I should try to break this cycle by exploring other areas. I have a closed door to the west that I tried to kick, but it seems I need to find an alternative way to open it. I can try searching for hidden doors or passages, or use my items and spells to overcome obstacles. I should prioritize finding a way past the closed door or discovering a new area that could lead me to the stairs down. I will use my search action regularly to reveal any hidden features and make use of my items and spells as necessary to ensure my survival. Given my current position, I should try to move south to explore the doorway adjacent south.","message:


language observation:
horizontal wall near north and northwest
dark area near south
horizontal closed door near west
vertical wall adjacent northeast
southeast corner adjacent east
dark area adjacent southeast and southwest
horizontal wall adjacent west
stairs up adjacent northwest

cursor:
Yourself a healer
(x=11, y=8)

map:
                                                                                
                                                                                
                                                                                
   ----------                                                                   
   |........|                                                                   
   |........|                                                                   
   |......<.|                                                                   
   ---+----@-                                                                   
           #                                                                    
          ##                                                                    
                                                                                
                                                                                
                                                                                
                                                                                
                                                                                
                                                                                
                                                                                
                                                                                
                                                                                
                                                                                
                                                                                
Agent the Rhizotomist          St:8 Dx:10 Co:18 In:8 Wi:15 Ch:16 Neutral S:0    
Dlvl:1 $:1811 HP:13(13) Pw:6(6) AC:8 Xp:1/0                                     

",0.0,False
47,south,,"message:


language observation:
horizontal wall near north
horizontal closed door near westnorthwest
dark area very near south and southwest
stairs up very near northnorthwest
doorway adjacent north
southeast corner adjacent northeast
dark area adjacent east, southeast, and west
horizontal wall adjacent northwest

cursor:
Yourself a healer
(x=11, y=9)

map:
                                                                                
                                                                                
                                                                                
   ----------                                                                   
   |........|                                                                   
   |........|                                                                   
   |......<.|                                                                   
   ---+----.-                                                                   
           @                                                                    
          ##                                                                    
                                                                                
                                                                                
                                                                                
                                                                                
                                                                                
                                                                                
                                                                                
                                                                                
                                                                                
                                                                                
                                                                                
Agent the Rhizotomist          St:8 Dx:10 Co:18 In:8 Wi:15 Ch:16 Neutral S:0    
Dlvl:1 $:1811 HP:13(13) Pw:6(6) AC:8 Xp:1/0                                     

",0.0,False
48,search,"To complete the task, I need to explore the level and find the stairs down. Since I've been moving back and forth between the same areas, I should try to break this cycle by exploring other areas. I have a closed door to the west that I tried to kick, but it seems I need to find an alternative way to open it. I can try searching for hidden doors or passages, or use my items and spells to overcome obstacles. I should prioritize finding a way past the closed door or discovering a new area that could lead me to the stairs down. I will use my search action regularly to reveal any hidden features and make use of my items and spells as necessary to ensure my survival. Given my current position, I should try to move in a direction that allows me to explore new areas and potentially find the stairs down.","message:


language observation:
horizontal wall near north
horizontal closed door near westnorthwest
dark area very near south and southwest
stairs up very near northnorthwest
doorway adjacent north
southeast corner adjacent northeast
dark area adjacent east, southeast, and west
horizontal wall adjacent northwest

cursor:
Yourself a healer
(x=11, y=9)

map:
                                                                                
                                                                                
                                                                                
   ----------                                                                   
   |........|                                                                   
   |........|                                                                   
   |......<.|                                                                   
   ---+----.-                                                                   
           @                                                                    
          ##                                                                    
                                                                                
                                                                                
                                                                                
                                                                                
                                                                                
                                                                                
                                                                                
                                                                                
                                                                                
                                                                                
                                                                                
Agent the Rhizotomist          St:8 Dx:10 Co:18 In:8 Wi:15 Ch:16 Neutral S:0    
Dlvl:1 $:1811 HP:13(13) Pw:6(6) AC:8 Xp:1/0                                     

",0.0,False
49,open,,"message:
In what direction?

language observation:
horizontal wall near north
horizontal closed door near westnorthwest
dark area very near south and southwest
stairs up very near northnorthwest
doorway adjacent north
southeast corner adjacent northeast
dark area adjacent east, southeast, and west
horizontal wall adjacent northwest

cursor:

(x=19, y=0)

map:
                                                                                
                                                                                
                                                                                
   ----------                                                                   
   |........|                                                                   
   |........|                                                                   
   |......<.|                                                                   
   ---+----.-                                                                   
           @                                                                    
          ##                                                                    
                                                                                
                                                                                
                                                                                
                                                                                
                                                                                
                                                                                
                                                                                
                                                                                
                                                                                
                                                                                
                                                                                
Agent the Rhizotomist          St:8 Dx:10 Co:18 In:8 Wi:15 Ch:16 Neutral S:0    
Dlvl:1 $:1811 HP:13(13) Pw:6(6) AC:8 Xp:1/0                                     

",0.0,False
50,open west,"To complete the task, I need to explore the level and find the stairs down. Since I've been moving back and forth between the same areas, I should try to break this cycle by exploring other areas. I have a closed door to the west that I tried to kick, but it seems I need to find an alternative way to open it. I can try searching for hidden doors or passages, or use my items and spells to overcome obstacles. I should prioritize finding a way past the closed door or discovering a new area that could lead me to the stairs down. I will use my search action regularly to reveal any hidden features and make use of my items and spells as necessary to ensure my survival. Given my current position, I should try to move in a direction that allows me to explore new areas and potentially find the stairs down. My first priority is to open the door to the west, so I will specify the direction for the open action.","

Your previous output did not contain a valid action. Defaulted to action: north

Observation:
message:
This doorway has no door.

language observation:
horizontal wall near north
horizontal closed door near westnorthwest
dark area very near south and southwest
stairs up very near northnorthwest
doorway adjacent north
southeast corner adjacent northeast
dark area adjacent east, southeast, and west
horizontal wall adjacent northwest

cursor:
Yourself a healer
(x=11, y=9)

map:
                                                                                
                                                                                
                                                                                
   ----------                                                                   
   |........|                                                                   
   |........|                                                                   
   |......<.|                                                                   
   ---+----.-                                                                   
           @                                                                    
          ##                                                                    
                                                                                
                                                                                
                                                                                
                                                                                
                                                                                
                                                                                
                                                                                
                                                                                
                                                                                
                                                                                
                                                                                
Agent the Rhizotomist          St:8 Dx:10 Co:18 In:8 Wi:15 Ch:16 Neutral S:0    
Dlvl:1 $:1811 HP:13(13) Pw:6(6) AC:8 Xp:1/0                                     

",0.0,False
51,open west,,"

Your previous output did not contain a valid action. Defaulted to action: north

Observation:
message:


language observation:
horizontal wall near north and northwest
dark area near south
horizontal closed door near west
vertical wall adjacent northeast
southeast corner adjacent east
dark area adjacent southeast and southwest
horizontal wall adjacent west
stairs up adjacent northwest

cursor:
Yourself a healer
(x=11, y=8)

map:
                                                                                
                                                                                
                                                                                
   ----------                                                                   
   |........|                                                                   
   |........|                                                                   
   |......<.|                                                                   
   ---+----@-                                                                   
           #                                                                    
          ##                                                                    
                                                                                
                                                                                
                                                                                
                                                                                
                                                                                
                                                                                
                                                                                
                                                                                
                                                                                
                                                                                
                                                                                
Agent the Rhizotomist          St:8 Dx:10 Co:18 In:8 Wi:15 Ch:16 Neutral S:0    
Dlvl:1 $:1811 HP:13(13) Pw:6(6) AC:8 Xp:1/0                                     

",0.0,False
52,south,"To complete the task, I need to explore the level and find the stairs down. Since I've been moving back and forth between the same areas, I should try to break this cycle by exploring other areas. I have a closed door to the west that I tried to kick and open, but it seems I need to find an alternative way to open it or explore other areas. I can try searching for hidden doors or passages, or use my items and spells to overcome obstacles. Given my role as a healer, I should prioritize my safety and use my potions and spells to ensure my survival. I will use my search action regularly to reveal any hidden features and make use of my items and spells as necessary. My first priority is to explore new areas and find the stairs down, and I will move in a direction that allows me to do so. If I find any obstacles, I will use my kick action to try and overcome them, and if that doesn't work, I will consider using my wand or other items.","message:


language observation:
horizontal wall near north
horizontal closed door near westnorthwest
dark area very near south and southwest
stairs up very near northnorthwest
doorway adjacent north
southeast corner adjacent northeast
dark area adjacent east, southeast, and west
horizontal wall adjacent northwest

cursor:
Yourself a healer
(x=11, y=9)

map:
                                                                                
                                                                                
                                                                                
   ----------                                                                   
   |........|                                                                   
   |........|                                                                   
   |......<.|                                                                   
   ---+----.-                                                                   
           @                                                                    
          ##                                                                    
                                                                                
                                                                                
                                                                                
                                                                                
                                                                                
                                                                                
                                                                                
                                                                                
                                                                                
                                                                                
                                                                                
Agent the Rhizotomist          St:8 Dx:10 Co:18 In:8 Wi:15 Ch:16 Neutral S:0    
Dlvl:1 $:1811 HP:13(13) Pw:6(6) AC:8 Xp:1/0                                     

",0.0,False
53,search,,"message:


language observation:
horizontal wall near north
horizontal closed door near westnorthwest
dark area very near south and southwest
stairs up very near northnorthwest
doorway adjacent north
southeast corner adjacent northeast
dark area adjacent east, southeast, and west
horizontal wall adjacent northwest

cursor:
Yourself a healer
(x=11, y=9)

map:
                                                                                
                                                                                
                                                                                
   ----------                                                                   
   |........|                                                                   
   |........|                                                                   
   |......<.|                                                                   
   ---+----.-                                                                   
           @                                                                    
          ##                                                                    
                                                                                
                                                                                
                                                                                
                                                                                
                                                                                
                                                                                
                                                                                
                                                                                
                                                                                
                                                                                
                                                                                
Agent the Rhizotomist          St:8 Dx:10 Co:18 In:8 Wi:15 Ch:16 Neutral S:0    
Dlvl:1 $:1811 HP:13(13) Pw:6(6) AC:8 Xp:1/0                                     

",0.0,False
54,south,"To complete the task, I need to explore the level and find the stairs down. Since the stairs up are located near the northnorthwest, I should move in the opposite direction to find the stairs down. I have a closed door to the west that I tried to kick and open, but it seems I need to find an alternative way to open it or explore other areas. I can try searching for hidden doors or passages, or use my items and spells to overcome obstacles. Given my role as a healer, I should prioritize my safety and use my potions and spells to ensure my survival. I will use my search action regularly to reveal any hidden features and make use of my items and spells as necessary. My first priority is to explore new areas and find the stairs down, and I will move in a direction that allows me to do so. If I find any obstacles, I will use my kick action to try and overcome them, and if that doesn't work, I will consider using my wand or other items. I will start by moving south and then explore the surrounding area.","message:


language observation:
horizontal wall far north
horizontal closed door near westnorthwest
stairs up near northnorthwest
doorway very near north
dark area very near west
dark area adjacent northeast, east, southeast, south, southwest, and northwest

cursor:
Yourself a healer
(x=11, y=10)

map:
                                                                                
                                                                                
                                                                                
   ----------                                                                   
   |........|                                                                   
   |........|                                                                   
   |......<.|                                                                   
   ---+----.-                                                                   
           #                                                                    
          #@                                                                    
                                                                                
                                                                                
                                                                                
                                                                                
                                                                                
                                                                                
                                                                                
                                                                                
                                                                                
                                                                                
                                                                                
Agent the Rhizotomist          St:8 Dx:10 Co:18 In:8 Wi:15 Ch:16 Neutral S:0    
Dlvl:1 $:1811 HP:13(13) Pw:6(6) AC:8 Xp:1/0                                     

",0.0,False
55,east,,"message:
It's solid stone.

language observation:
horizontal wall far north
horizontal closed door near westnorthwest
stairs up near northnorthwest
doorway very near north
dark area very near west
dark area adjacent northeast, east, southeast, south, southwest, and northwest

cursor:
Yourself a healer
(x=11, y=10)

map:
                                                                                
                                                                                
                                                                                
   ----------                                                                   
   |........|                                                                   
   |........|                                                                   
   |......<.|                                                                   
   ---+----.-                                                                   
           #                                                                    
          #@                                                                    
                                                                                
                                                                                
                                                                                
                                                                                
                                                                                
                                                                                
                                                                                
                                                                                
                                                                                
                                                                                
                                                                                
Agent the Rhizotomist          St:8 Dx:10 Co:18 In:8 Wi:15 Ch:16 Neutral S:0    
Dlvl:1 $:1811 HP:13(13) Pw:6(6) AC:8 Xp:1/0                                     

",0.0,False
56,north,"To complete the task, I need to explore the level and find the stairs down. Since the stairs up are located near the northnorthwest, I should move in the opposite direction to find the stairs down. I have a closed door to the west that I tried to kick and open, but it seems I need to find an alternative way to open it or explore other areas. My plan is to first try to open the closed door to the west, and if that doesn't work, I will search for hidden doors or passages. I will use my search action regularly to reveal any hidden features and make use of my items and spells as necessary. If I find any obstacles, I will use my kick action to try and overcome them, and if that doesn't work, I will consider using my wand or other items. Given my role as a healer, I should prioritize my safety and use my potions and spells to ensure my survival. I will start by examining the doorway to the north and see if it leads to any new areas or useful items.","message:


language observation:
horizontal wall near north
horizontal closed door near westnorthwest
dark area very near south and southwest
stairs up very near northnorthwest
doorway adjacent north
southeast corner adjacent northeast
dark area adjacent east, southeast, and west
horizontal wall adjacent northwest

cursor:
Yourself a healer
(x=11, y=9)

map:
                                                                                
                                                                                
                                                                                
   ----------                                                                   
   |........|                                                                   
   |........|                                                                   
   |......<.|                                                                   
   ---+----.-                                                                   
           @                                                                    
          ##                                                                    
                                                                                
                                                                                
                                                                                
                                                                                
                                                                                
                                                                                
                                                                                
                                                                                
                                                                                
                                                                                
                                                                                
Agent the Rhizotomist          St:8 Dx:10 Co:18 In:8 Wi:15 Ch:16 Neutral S:0    
Dlvl:1 $:1811 HP:13(13) Pw:6(6) AC:8 Xp:1/0                                     

",0.0,False
57,northwest,,"message:
It's a wall.

language observation:
horizontal wall near north
horizontal closed door near westnorthwest
dark area very near south and southwest
stairs up very near northnorthwest
doorway adjacent north
southeast corner adjacent northeast
dark area adjacent east, southeast, and west
horizontal wall adjacent northwest

cursor:
Yourself a healer
(x=11, y=9)

map:
                                                                                
                                                                                
                                                                                
   ----------                                                                   
   |........|                                                                   
   |........|                                                                   
   |......<.|                                                                   
   ---+----.-                                                                   
           @                                                                    
          ##                                                                    
                                                                                
                                                                                
                                                                                
                                                                                
                                                                                
                                                                                
                                                                                
                                                                                
                                                                                
                                                                                
                                                                                
Agent the Rhizotomist          St:8 Dx:10 Co:18 In:8 Wi:15 Ch:16 Neutral S:0    
Dlvl:1 $:1811 HP:13(13) Pw:6(6) AC:8 Xp:1/0                                     

",0.0,False
58,north,"To complete the task, I need to explore the level and find the stairs down. Since the stairs up are located near the northnorthwest, I should move in the opposite direction to find the stairs down. I have a closed door to the west that I tried to kick and open, but it seems I need to find an alternative way to open it or explore other areas. My plan is to first try to open the closed door to the west, and if that doesn't work, I will search for hidden doors or passages. I will use my search action regularly to reveal any hidden features and make use of my items and spells as necessary. If I find any obstacles, I will use my kick action to try and overcome them, and if that doesn't work, I will consider using my wand or other items. Given my role as a healer, I should prioritize my safety and use my potions and spells to ensure my survival. I will start by examining the doorway to the north and see if it leads to any new areas or useful items. Then, I will methodically explore the level, searching for any clues or hidden paths that might lead me to the stairs down.","message:


language observation:
horizontal wall near north and northwest
dark area near south
horizontal closed door near west
vertical wall adjacent northeast
southeast corner adjacent east
dark area adjacent southeast and southwest
horizontal wall adjacent west
stairs up adjacent northwest

cursor:
Yourself a healer
(x=11, y=8)

map:
                                                                                
                                                                                
                                                                                
   ----------                                                                   
   |........|                                                                   
   |........|                                                                   
   |......<.|                                                                   
   ---+----@-                                                                   
           #                                                                    
          ##                                                                    
                                                                                
                                                                                
                                                                                
                                                                                
                                                                                
                                                                                
                                                                                
                                                                                
                                                                                
                                                                                
                                                                                
Agent the Rhizotomist          St:8 Dx:10 Co:18 In:8 Wi:15 Ch:16 Neutral S:0    
Dlvl:1 $:1811 HP:13(13) Pw:6(6) AC:8 Xp:1/0                                     

",0.0,False
59,search,,"message:


language observation:
horizontal wall near north and northwest
dark area near south
horizontal closed door near west
vertical wall adjacent northeast
southeast corner adjacent east
dark area adjacent southeast and southwest
horizontal wall adjacent west
stairs up adjacent northwest

cursor:
Yourself a healer
(x=11, y=8)

map:
                                                                                
                                                                                
                                                                                
   ----------                                                                   
   |........|                                                                   
   |........|                                                                   
   |......<.|                                                                   
   ---+----@-                                                                   
           #                                                                    
          ##                                                                    
                                                                                
                                                                                
                                                                                
                                                                                
                                                                                
                                                                                
                                                                                
                                                                                
                                                                                
                                                                                
                                                                                
Agent the Rhizotomist          St:8 Dx:10 Co:18 In:8 Wi:15 Ch:16 Neutral S:0    
Dlvl:1 $:1811 HP:13(13) Pw:6(6) AC:8 Xp:1/0                                     

",0.0,False
60,search,"To complete the task, I will first review my previous observations to identify any patterns or clues that might help me find the stairs down. Since I have already explored some areas and found the stairs up, I will try to move in the opposite direction to find the stairs down. I will use my search action regularly to reveal any hidden doors or passages. If I find a closed door, I will try to open it or kick it if it's locked. I will also keep an eye on my health and use my potions of healing or extra healing if necessary. Given my role as a healer, I should prioritize my safety and use my spells and items wisely. My overall strategy is to methodically explore the level, searching for any clues or hidden paths that might lead me to the stairs down.","message:


language observation:
horizontal wall near north and northwest
dark area near south
horizontal closed door near west
vertical wall adjacent northeast
southeast corner adjacent east
dark area adjacent southeast and southwest
horizontal wall adjacent west
stairs up adjacent northwest

cursor:
Yourself a healer
(x=11, y=8)

map:
                                                                                
                                                                                
                                                                                
   ----------                                                                   
   |........|                                                                   
   |........|                                                                   
   |......<.|                                                                   
   ---+----@-                                                                   
           #                                                                    
          ##                                                                    
                                                                                
                                                                                
                                                                                
                                                                                
                                                                                
                                                                                
                                                                                
                                                                                
                                                                                
                                                                                
                                                                                
Agent the Rhizotomist          St:8 Dx:10 Co:18 In:8 Wi:15 Ch:16 Neutral S:0    
Dlvl:1 $:1811 HP:13(13) Pw:6(6) AC:8 Xp:1/0                                     

",0.0,False
61,south,,"message:


language observation:
horizontal wall near north
horizontal closed door near westnorthwest
dark area very near south and southwest
stairs up very near northnorthwest
doorway adjacent north
southeast corner adjacent northeast
dark area adjacent east, southeast, and west
horizontal wall adjacent northwest

cursor:
Yourself a healer
(x=11, y=9)

map:
                                                                                
                                                                                
                                                                                
   ----------                                                                   
   |........|                                                                   
   |........|                                                                   
   |......<.|                                                                   
   ---+----.-                                                                   
           @                                                                    
          ##                                                                    
                                                                                
                                                                                
                                                                                
                                                                                
                                                                                
                                                                                
                                                                                
                                                                                
                                                                                
                                                                                
                                                                                
Agent the Rhizotomist          St:8 Dx:10 Co:18 In:8 Wi:15 Ch:16 Neutral S:0    
Dlvl:1 $:1811 HP:13(13) Pw:6(6) AC:8 Xp:1/0                                     

",0.0,False
62,south,"To complete the task, I need to find the stairs down. Since I've already found the stairs up, I'll try to move in the opposite direction. I'll use my search action regularly to reveal any hidden doors or passages. I'll also try to open or kick any closed doors I find. Given my role as a healer, I should prioritize my safety and use my spells and items wisely. I'll explore the level methodically, searching for any clues or hidden paths that might lead me to the stairs down. I'll start by moving south and then explore the area to see if I can find any leads.","message:


language observation:
horizontal wall far north
horizontal closed door near westnorthwest
stairs up near northnorthwest
doorway very near north
dark area very near west
dark area adjacent northeast, east, southeast, south, southwest, and northwest

cursor:
Yourself a healer
(x=11, y=10)

map:
                                                                                
                                                                                
                                                                                
   ----------                                                                   
   |........|                                                                   
   |........|                                                                   
   |......<.|                                                                   
   ---+----.-                                                                   
           #                                                                    
          #@                                                                    
                                                                                
                                                                                
                                                                                
                                                                                
                                                                                
                                                                                
                                                                                
                                                                                
                                                                                
                                                                                
                                                                                
Agent the Rhizotomist          St:8 Dx:10 Co:18 In:8 Wi:15 Ch:16 Neutral S:0    
Dlvl:1 $:1811 HP:13(13) Pw:6(6) AC:8 Xp:1/0                                     

",0.0,False
63,north,,"message:


language observation:
horizontal wall near north
horizontal closed door near westnorthwest
dark area very near south and southwest
stairs up very near northnorthwest
doorway adjacent north
southeast corner adjacent northeast
dark area adjacent east, southeast, and west
horizontal wall adjacent northwest

cursor:
Yourself a healer
(x=11, y=9)

map:
                                                                                
                                                                                
                                                                                
   ----------                                                                   
   |........|                                                                   
   |........|                                                                   
   |......<.|                                                                   
   ---+----.-                                                                   
           @                                                                    
          ##                                                                    
                                                                                
                                                                                
                                                                                
                                                                                
                                                                                
                                                                                
                                                                                
                                                                                
                                                                                
                                                                                
                                                                                
Agent the Rhizotomist          St:8 Dx:10 Co:18 In:8 Wi:15 Ch:16 Neutral S:0    
Dlvl:1 $:1811 HP:13(13) Pw:6(6) AC:8 Xp:1/0                                     

",0.0,False
64,search,"To complete the task, I need to find the stairs down. Since I've already found the stairs up, I'll try to move in the opposite direction. I'll use my search action regularly to reveal any hidden doors or passages. I'll also try to open or kick any closed doors I find. Given my role as a healer, I should prioritize my safety and use my spells and items wisely. I'll explore the level methodically, searching for any clues or hidden paths that might lead me to the stairs down. I'll start by moving in different directions and using the search action to gather more information about my surroundings.","message:


language observation:
horizontal wall near north
horizontal closed door near westnorthwest
dark area very near south and southwest
stairs up very near northnorthwest
doorway adjacent north
southeast corner adjacent northeast
dark area adjacent east, southeast, and west
horizontal wall adjacent northwest

cursor:
Yourself a healer
(x=11, y=9)

map:
                                                                                
                                                                                
                                                                                
   ----------                                                                   
   |........|                                                                   
   |........|                                                                   
   |......<.|                                                                   
   ---+----.-                                                                   
           @                                                                    
          ##                                                                    
                                                                                
                                                                                
                                                                                
                                                                                
                                                                                
                                                                                
                                                                                
                                                                                
                                                                                
                                                                                
                                                                                
Agent the Rhizotomist          St:8 Dx:10 Co:18 In:8 Wi:15 Ch:16 Neutral S:0    
Dlvl:1 $:1811 HP:13(13) Pw:6(6) AC:8 Xp:1/0                                     

",0.0,False
65,west,,"message:
It's solid stone.

language observation:
horizontal wall near north
horizontal closed door near westnorthwest
dark area very near south and southwest
stairs up very near northnorthwest
doorway adjacent north
southeast corner adjacent northeast
dark area adjacent east, southeast, and west
horizontal wall adjacent northwest

cursor:
Yourself a healer
(x=11, y=9)

map:
                                                                                
                                                                                
                                                                                
   ----------                                                                   
   |........|                                                                   
   |........|                                                                   
   |......<.|                                                                   
   ---+----.-                                                                   
           @                                                                    
          ##                                                                    
                                                                                
                                                                                
                                                                                
                                                                                
                                                                                
                                                                                
                                                                                
                                                                                
                                                                                
                                                                                
                                                                                
Agent the Rhizotomist          St:8 Dx:10 Co:18 In:8 Wi:15 Ch:16 Neutral S:0    
Dlvl:1 $:1811 HP:13(13) Pw:6(6) AC:8 Xp:1/0                                     

",0.0,False
66,northwest,"To complete the task, I need to find the stairs down. Since I've already found the stairs up, I'll try to move in the opposite direction. I'll use my search action regularly to reveal any hidden doors or passages. I'll also try to open or kick any closed doors I find. Given my role as a healer, I should prioritize my safety and use my spells and items wisely. I'll explore the level methodically, searching for any clues or hidden paths that might lead me to the stairs down. I'll start by moving in different directions and using the search action to gather more information about my surroundings. Since the map shows a horizontal closed door near westnorthwest, I'll try to move towards it and open or kick it if possible.","message:
It's a wall.

language observation:
horizontal wall near north
horizontal closed door near westnorthwest
dark area very near south and southwest
stairs up very near northnorthwest
doorway adjacent north
southeast corner adjacent northeast
dark area adjacent east, southeast, and west
horizontal wall adjacent northwest

cursor:
Yourself a healer
(x=11, y=9)

map:
                                                                                
                                                                                
                                                                                
   ----------                                                                   
   |........|                                                                   
   |........|                                                                   
   |......<.|                                                                   
   ---+----.-                                                                   
           @                                                                    
          ##                                                                    
                                                                                
                                                                                
                                                                                
                                                                                
                                                                                
                                                                                
                                                                                
                                                                                
                                                                                
                                                                                
                                                                                
Agent the Rhizotomist          St:8 Dx:10 Co:18 In:8 Wi:15 Ch:16 Neutral S:0    
Dlvl:1 $:1811 HP:13(13) Pw:6(6) AC:8 Xp:1/0                                     

",0.0,False
67,search,,"message:


language observation:
horizontal wall near north
horizontal closed door near westnorthwest
dark area very near south and southwest
stairs up very near northnorthwest
doorway adjacent north
southeast corner adjacent northeast
dark area adjacent east, southeast, and west
horizontal wall adjacent northwest

cursor:
Yourself a healer
(x=11, y=9)

map:
                                                                                
                                                                                
                                                                                
   ----------                                                                   
   |........|                                                                   
   |........|                                                                   
   |......<.|                                                                   
   ---+----.-                                                                   
           @                                                                    
          ##                                                                    
                                                                                
                                                                                
                                                                                
                                                                                
                                                                                
                                                                                
                                                                                
                                                                                
                                                                                
                                                                                
                                                                                
Agent the Rhizotomist          St:8 Dx:10 Co:18 In:8 Wi:15 Ch:16 Neutral S:0    
Dlvl:1 $:1811 HP:13(13) Pw:6(6) AC:8 Xp:1/0                                     

",0.0,False
68,north,"To complete the task, I need to find the stairs down. Since I've already found the stairs up, I'll try to move in different directions and use my search action to reveal any hidden doors or passages. I'll also try to open or kick any closed doors I find. Given my role as a healer, I should prioritize my safety and use my spells and items wisely. I'll explore the level methodically, searching for any clues or hidden paths that might lead me to the stairs down. I'll start by moving north and then try to move west to investigate the closed door. If I find any obstacles, I'll use my scalpel or other items to overcome them. I'll also keep an eye on my health and use my potions or spells to heal myself if necessary.","message:


language observation:
horizontal wall near north and northwest
dark area near south
horizontal closed door near west
vertical wall adjacent northeast
southeast corner adjacent east
dark area adjacent southeast and southwest
horizontal wall adjacent west
stairs up adjacent northwest

cursor:
Yourself a healer
(x=11, y=8)

map:
                                                                                
                                                                                
                                                                                
   ----------                                                                   
   |........|                                                                   
   |........|                                                                   
   |......<.|                                                                   
   ---+----@-                                                                   
           #                                                                    
          ##                                                                    
                                                                                
                                                                                
                                                                                
                                                                                
                                                                                
                                                                                
                                                                                
                                                                                
                                                                                
                                                                                
                                                                                
Agent the Rhizotomist          St:8 Dx:10 Co:18 In:8 Wi:15 Ch:16 Neutral S:0    
Dlvl:1 $:1811 HP:13(13) Pw:6(6) AC:8 Xp:1/0                                     

",0.0,False
69,west,,"message:
It's a wall.

language observation:
horizontal wall near north and northwest
dark area near south
horizontal closed door near west
vertical wall adjacent northeast
southeast corner adjacent east
dark area adjacent southeast and southwest
horizontal wall adjacent west
stairs up adjacent northwest

cursor:
Yourself a healer
(x=11, y=8)

map:
                                                                                
                                                                                
                                                                                
   ----------                                                                   
   |........|                                                                   
   |........|                                                                   
   |......<.|                                                                   
   ---+----@-                                                                   
           #                                                                    
          ##                                                                    
                                                                                
                                                                                
                                                                                
                                                                                
                                                                                
                                                                                
                                                                                
                                                                                
                                                                                
                                                                                
                                                                                
Agent the Rhizotomist          St:8 Dx:10 Co:18 In:8 Wi:15 Ch:16 Neutral S:0    
Dlvl:1 $:1811 HP:13(13) Pw:6(6) AC:8 Xp:1/0                                     

",0.0,False
70,open,"To complete the task, I need to find the stairs down. Since I've already found the stairs up, I'll try to move in different directions and use my search action to reveal any hidden doors or passages. I'll also try to open or kick any closed doors I find. Given my role as a healer, I should prioritize my safety and use my spells and items wisely. I'll explore the level methodically, searching for any clues or hidden paths that might lead me to the stairs down. I'll start by examining the closed door near west and try to open it or kick it if necessary. If that doesn't work, I'll continue to explore the level, using my search action to reveal any hidden doors or passages.","message:
In what direction?

language observation:
horizontal wall near north and northwest
dark area near south
horizontal closed door near west
vertical wall adjacent northeast
southeast corner adjacent east
dark area adjacent southeast and southwest
horizontal wall adjacent west
stairs up adjacent northwest

cursor:

(x=19, y=0)

map:
                                                                                
                                                                                
                                                                                
   ----------                                                                   
   |........|                                                                   
   |........|                                                                   
   |......<.|                                                                   
   ---+----@-                                                                   
           #                                                                    
          ##                                                                    
                                                                                
                                                                                
                                                                                
                                                                                
                                                                                
                                                                                
                                                                                
                                                                                
                                                                                
                                                                                
                                                                                
Agent the Rhizotomist          St:8 Dx:10 Co:18 In:8 Wi:15 Ch:16 Neutral S:0    
Dlvl:1 $:1811 HP:13(13) Pw:6(6) AC:8 Xp:1/0                                     

",0.0,False
71,east,,"message:
You see no door there.

language observation:
horizontal wall near north and northwest
dark area near south
horizontal closed door near west
vertical wall adjacent northeast
southeast corner adjacent east
dark area adjacent southeast and southwest
horizontal wall adjacent west
stairs up adjacent northwest

cursor:
Yourself a healer
(x=11, y=8)

map:
                                                                                
                                                                                
                                                                                
   ----------                                                                   
   |........|                                                                   
   |........|                                                                   
   |......<.|                                                                   
   ---+----@-                                                                   
           #                                                                    
          ##                                                                    
                                                                                
                                                                                
                                                                                
                                                                                
                                                                                
                                                                                
                                                                                
                                                                                
                                                                                
                                                                                
                                                                                
Agent the Rhizotomist          St:8 Dx:10 Co:18 In:8 Wi:15 Ch:16 Neutral S:0    
Dlvl:1 $:1811 HP:13(13) Pw:6(6) AC:8 Xp:1/0                                     

",0.0,False
72,west,"To complete the task, I need to find the stairs down. Since I've already found the stairs up, I'll try to move in different directions and use my search action to reveal any hidden doors or passages. I'll also try to open or kick any closed doors I find. Given my role as a healer, I should prioritize my safety and use my spells and items wisely. I'll explore the level methodically, searching for any clues or hidden paths that might lead me to the stairs down. I'll start by examining the closed door near west and try to open it or kick it if necessary. If that doesn't work, I'll continue to explore the level, using my search action to reveal any hidden doors or passages.","message:
It's a wall.

language observation:
horizontal wall near north and northwest
dark area near south
horizontal closed door near west
vertical wall adjacent northeast
southeast corner adjacent east
dark area adjacent southeast and southwest
horizontal wall adjacent west
stairs up adjacent northwest

cursor:
Yourself a healer
(x=11, y=8)

map:
                                                                                
                                                                                
                                                                                
   ----------                                                                   
   |........|                                                                   
   |........|                                                                   
   |......<.|                                                                   
   ---+----@-                                                                   
           #                                                                    
          ##                                                                    
                                                                                
                                                                                
                                                                                
                                                                                
                                                                                
                                                                                
                                                                                
                                                                                
                                                                                
                                                                                
                                                                                
Agent the Rhizotomist          St:8 Dx:10 Co:18 In:8 Wi:15 Ch:16 Neutral S:0    
Dlvl:1 $:1811 HP:13(13) Pw:6(6) AC:8 Xp:1/0                                     

",0.0,False
73,kick,,"message:
In what direction?

language observation:
horizontal wall near north and northwest
dark area near south
horizontal closed door near west
vertical wall adjacent northeast
southeast corner adjacent east
dark area adjacent southeast and southwest
horizontal wall adjacent west
stairs up adjacent northwest

cursor:

(x=19, y=0)

map:
                                                                                
                                                                                
                                                                                
   ----------                                                                   
   |........|                                                                   
   |........|                                                                   
   |......<.|                                                                   
   ---+----@-                                                                   
           #                                                                    
          ##                                                                    
                                                                                
                                                                                
                                                                                
                                                                                
                                                                                
                                                                                
                                                                                
                                                                                
                                                                                
                                                                                
                                                                                
Agent the Rhizotomist          St:8 Dx:10 Co:18 In:8 Wi:15 Ch:16 Neutral S:0    
Dlvl:1 $:1811 HP:13(13) Pw:6(6) AC:8 Xp:1/0                                     

",0.0,False
74,open,"To complete the task, I need to find the stairs down. Since I've already found the stairs up, I'll try to move in different directions and use my search action to reveal any hidden doors or passages. I'll also try to open or kick any closed doors I find. Given my role as a healer, I should prioritize my safety and use my spells and items wisely. I'll explore the level methodically, searching for any clues or hidden paths that might lead me to the stairs down. I'll start by examining the closed door near west and try to open it or kick it if necessary. If that doesn't work, I'll continue to explore the level, using my search action to reveal any hidden doors or passages. I'll also consider using my wand of sleep to defend myself if I encounter any enemies.","message:
What a strange direction!

language observation:
horizontal wall near north and northwest
dark area near south
horizontal closed door near west
vertical wall adjacent northeast
southeast corner adjacent east
dark area adjacent southeast and southwest
horizontal wall adjacent west
stairs up adjacent northwest

cursor:
Yourself a healer
(x=11, y=8)

map:
                                                                                
                                                                                
                                                                                
   ----------                                                                   
   |........|                                                                   
   |........|                                                                   
   |......<.|                                                                   
   ---+----@-                                                                   
           #                                                                    
          ##                                                                    
                                                                                
                                                                                
                                                                                
                                                                                
                                                                                
                                                                                
                                                                                
                                                                                
                                                                                
                                                                                
                                                                                
Agent the Rhizotomist          St:8 Dx:10 Co:18 In:8 Wi:15 Ch:16 Neutral S:0    
Dlvl:1 $:1811 HP:13(13) Pw:6(6) AC:8 Xp:1/0                                     

",0.0,False
75,open west,,"

Your previous output did not contain a valid action. Defaulted to action: north

Observation:
message:


language observation:
vertical wall far west
horizontal wall near north and northwest
dark area near south
horizontal closed door near westsouthwest
vertical wall adjacent northeast and east
southeast corner adjacent southeast
doorway adjacent south
horizontal wall adjacent southwest
stairs up adjacent west

cursor:
Yourself a healer
(x=11, y=7)

map:
                                                                                
                                                                                
                                                                                
   ----------                                                                   
   |........|                                                                   
   |........|                                                                   
   |......<@|                                                                   
   ---+----.-                                                                   
           #                                                                    
          ##                                                                    
                                                                                
                                                                                
                                                                                
                                                                                
                                                                                
                                                                                
                                                                                
                                                                                
                                                                                
                                                                                
                                                                                
Agent the Rhizotomist          St:8 Dx:10 Co:18 In:8 Wi:15 Ch:16 Neutral S:0    
Dlvl:1 $:1811 HP:13(13) Pw:6(6) AC:8 Xp:1/0                                     

",0.0,False
76,south,"To complete the task, I need to find the stairs down. Since I've already found the stairs up, I'll try to move in different directions and use my search action to reveal any hidden doors or passages. I'll also try to open or kick any closed doors I find. Given my role as a healer, I should prioritize my safety and use my spells and items wisely. I'll explore the level methodically, searching for any clues or hidden paths that might lead me to the stairs down. I'll start by moving south and examining the doorway adjacent south.","message:


language observation:
horizontal wall near north and northwest
dark area near south
horizontal closed door near west
vertical wall adjacent northeast
southeast corner adjacent east
dark area adjacent southeast and southwest
horizontal wall adjacent west
stairs up adjacent northwest

cursor:
Yourself a healer
(x=11, y=8)

map:
                                                                                
                                                                                
                                                                                
   ----------                                                                   
   |........|                                                                   
   |........|                                                                   
   |......<.|                                                                   
   ---+----@-                                                                   
           #                                                                    
          ##                                                                    
                                                                                
                                                                                
                                                                                
                                                                                
                                                                                
                                                                                
                                                                                
                                                                                
                                                                                
                                                                                
                                                                                
Agent the Rhizotomist          St:8 Dx:10 Co:18 In:8 Wi:15 Ch:16 Neutral S:0    
Dlvl:1 $:1811 HP:13(13) Pw:6(6) AC:8 Xp:1/0                                     

",0.0,False
77,south,,"message:


language observation:
horizontal wall near north
horizontal closed door near westnorthwest
dark area very near south and southwest
stairs up very near northnorthwest
doorway adjacent north
southeast corner adjacent northeast
dark area adjacent east, southeast, and west
horizontal wall adjacent northwest

cursor:
Yourself a healer
(x=11, y=9)

map:
                                                                                
                                                                                
                                                                                
   ----------                                                                   
   |........|                                                                   
   |........|                                                                   
   |......<.|                                                                   
   ---+----.-                                                                   
           @                                                                    
          ##                                                                    
                                                                                
                                                                                
                                                                                
                                                                                
                                                                                
                                                                                
                                                                                
                                                                                
                                                                                
                                                                                
                                                                                
Agent the Rhizotomist          St:8 Dx:10 Co:18 In:8 Wi:15 Ch:16 Neutral S:0    
Dlvl:1 $:1811 HP:13(13) Pw:6(6) AC:8 Xp:1/0                                     

",0.0,False
78,search,"To complete the task, I will first review my previous observations to identify any potential paths or doors that I haven't explored yet. Since my goal is to find the stairs down, I will prioritize exploring areas that I haven't visited before. I will use my search action to reveal any hidden doors or passages. If I find a closed door, I will try to open it or kick it if it's locked. I will also be mindful of my surroundings and avoid moving into dark areas without proper exploration. Given my role as a healer, I should prioritize my safety and use my spells and items wisely. Once I have explored all possible paths, I should be able to find the stairs down and complete the task.","message:


language observation:
horizontal wall near north
horizontal closed door near westnorthwest
dark area very near south and southwest
stairs up very near northnorthwest
doorway adjacent north
southeast corner adjacent northeast
dark area adjacent east, southeast, and west
horizontal wall adjacent northwest

cursor:
Yourself a healer
(x=11, y=9)

map:
                                                                                
                                                                                
                                                                                
   ----------                                                                   
   |........|                                                                   
   |........|                                                                   
   |......<.|                                                                   
   ---+----.-                                                                   
           @                                                                    
          ##                                                                    
                                                                                
                                                                                
                                                                                
                                                                                
                                                                                
                                                                                
                                                                                
                                                                                
                                                                                
                                                                                
                                                                                
Agent the Rhizotomist          St:8 Dx:10 Co:18 In:8 Wi:15 Ch:16 Neutral S:0    
Dlvl:1 $:1811 HP:13(13) Pw:6(6) AC:8 Xp:1/0                                     

",0.0,False
79,south,,"message:


language observation:
horizontal wall far north
horizontal closed door near westnorthwest
stairs up near northnorthwest
doorway very near north
dark area very near west
dark area adjacent northeast, east, southeast, south, southwest, and northwest

cursor:
Yourself a healer
(x=11, y=10)

map:
                                                                                
                                                                                
                                                                                
   ----------                                                                   
   |........|                                                                   
   |........|                                                                   
   |......<.|                                                                   
   ---+----.-                                                                   
           #                                                                    
          #@                                                                    
                                                                                
                                                                                
                                                                                
                                                                                
                                                                                
                                                                                
                                                                                
                                                                                
                                                                                
                                                                                
                                                                                
Agent the Rhizotomist          St:8 Dx:10 Co:18 In:8 Wi:15 Ch:16 Neutral S:0    
Dlvl:1 $:1811 HP:13(13) Pw:6(6) AC:8 Xp:1/0                                     

",0.0,False
80,search,"To complete the task, I need to find the stairs down. Since I've already explored some areas and found stairs up, my next step is to explore the unvisited dark areas. I will use the search action to reveal any hidden doors or passages. If I find a closed door, I will try to open it or kick it if it's locked. Given my role as a healer, I should prioritize my safety and use my spells and items wisely. I will move cautiously, one step at a time, to avoid potential dangers. My goal is to methodically explore the level, using my search action and movement to uncover new areas until I find the stairs down.","message:


language observation:
horizontal wall far north
horizontal closed door near westnorthwest
stairs up near northnorthwest
doorway very near north
dark area very near west
dark area adjacent northeast, east, southeast, south, southwest, and northwest

cursor:
Yourself a healer
(x=11, y=10)

map:
                                                                                
                                                                                
                                                                                
   ----------                                                                   
   |........|                                                                   
   |........|                                                                   
   |......<.|                                                                   
   ---+----.-                                                                   
           #                                                                    
          #@                                                                    
                                                                                
                                                                                
                                                                                
                                                                                
                                                                                
                                                                                
                                                                                
                                                                                
                                                                                
                                                                                
                                                                                
Agent the Rhizotomist          St:8 Dx:10 Co:18 In:8 Wi:15 Ch:16 Neutral S:0    
Dlvl:1 $:1811 HP:13(13) Pw:6(6) AC:8 Xp:1/0                                     

",0.0,False
81,north,,"message:


language observation:
horizontal wall near north
horizontal closed door near westnorthwest
dark area very near south and southwest
stairs up very near northnorthwest
doorway adjacent north
southeast corner adjacent northeast
dark area adjacent east, southeast, and west
horizontal wall adjacent northwest

cursor:
Yourself a healer
(x=11, y=9)

map:
                                                                                
                                                                                
                                                                                
   ----------                                                                   
   |........|                                                                   
   |........|                                                                   
   |......<.|                                                                   
   ---+----.-                                                                   
           @                                                                    
          ##                                                                    
                                                                                
                                                                                
                                                                                
                                                                                
                                                                                
                                                                                
                                                                                
                                                                                
                                                                                
                                                                                
                                                                                
Agent the Rhizotomist          St:8 Dx:10 Co:18 In:8 Wi:15 Ch:16 Neutral S:0    
Dlvl:1 $:1811 HP:13(13) Pw:6(6) AC:8 Xp:1/0                                     

",0.0,False
82,search,"To complete the task, I need to find the stairs down. Since I've already explored some areas and found stairs up, my next step is to explore the unvisited dark areas. I will use the search action to reveal any hidden doors or passages. If I find a closed door, I will try to open it or kick it if it's locked. Given my role as a healer, I should prioritize my safety and use my spells and items wisely. I will move cautiously, one step at a time, to avoid potential dangers. My goal is to methodically explore the level, using my search action and movement to uncover new areas until I find the stairs down. I will also keep track of my surroundings and use my knowledge of the map to navigate efficiently.","message:


language observation:
horizontal wall near north
horizontal closed door near westnorthwest
dark area very near south and southwest
stairs up very near northnorthwest
doorway adjacent north
southeast corner adjacent northeast
dark area adjacent east, southeast, and west
horizontal wall adjacent northwest

cursor:
Yourself a healer
(x=11, y=9)

map:
                                                                                
                                                                                
                                                                                
   ----------                                                                   
   |........|                                                                   
   |........|                                                                   
   |......<.|                                                                   
   ---+----.-                                                                   
           @                                                                    
          ##                                                                    
                                                                                
                                                                                
                                                                                
                                                                                
                                                                                
                                                                                
                                                                                
                                                                                
                                                                                
                                                                                
                                                                                
Agent the Rhizotomist          St:8 Dx:10 Co:18 In:8 Wi:15 Ch:16 Neutral S:0    
Dlvl:1 $:1811 HP:13(13) Pw:6(6) AC:8 Xp:1/0                                     

",0.0,False
83,east,,"message:
It's solid stone.

language observation:
horizontal wall near north
horizontal closed door near westnorthwest
dark area very near south and southwest
stairs up very near northnorthwest
doorway adjacent north
southeast corner adjacent northeast
dark area adjacent east, southeast, and west
horizontal wall adjacent northwest

cursor:
Yourself a healer
(x=11, y=9)

map:
                                                                                
                                                                                
                                                                                
   ----------                                                                   
   |........|                                                                   
   |........|                                                                   
   |......<.|                                                                   
   ---+----.-                                                                   
           @                                                                    
          ##                                                                    
                                                                                
                                                                                
                                                                                
                                                                                
                                                                                
                                                                                
                                                                                
                                                                                
                                                                                
                                                                                
                                                                                
Agent the Rhizotomist          St:8 Dx:10 Co:18 In:8 Wi:15 Ch:16 Neutral S:0    
Dlvl:1 $:1811 HP:13(13) Pw:6(6) AC:8 Xp:1/0                                     

",0.0,False
84,south,"To complete the task, I need to find the stairs down. Since I've already explored some areas and found stairs up, my next step is to explore the unvisited dark areas. I will use the search action to reveal any hidden doors or passages. If I find a closed door, I will try to open it or kick it if it's locked. Given my role as a healer, I should prioritize my safety and use my spells and items wisely. I will move cautiously, one step at a time, to avoid potential dangers. My goal is to methodically explore the level, using my search action and movement to uncover new areas until I find the stairs down. I will also keep track of my surroundings and use my knowledge of the map to navigate efficiently. I will start by exploring the dark area to the south and southwest, as it is the closest unvisited area.","message:


language observation:
horizontal wall far north
horizontal closed door near westnorthwest
stairs up near northnorthwest
doorway very near north
dark area very near west
dark area adjacent northeast, east, southeast, south, southwest, and northwest

cursor:
Yourself a healer
(x=11, y=10)

map:
                                                                                
                                                                                
                                                                                
   ----------                                                                   
   |........|                                                                   
   |........|                                                                   
   |......<.|                                                                   
   ---+----.-                                                                   
           #                                                                    
          #@                                                                    
                                                                                
                                                                                
                                                                                
                                                                                
                                                                                
                                                                                
                                                                                
                                                                                
                                                                                
                                                                                
                                                                                
Agent the Rhizotomist          St:8 Dx:10 Co:18 In:8 Wi:15 Ch:16 Neutral S:0    
Dlvl:1 $:1811 HP:13(13) Pw:6(6) AC:8 Xp:1/0                                     

",0.0,False
85,north,,"message:


language observation:
horizontal wall near north
horizontal closed door near westnorthwest
dark area very near south and southwest
stairs up very near northnorthwest
doorway adjacent north
southeast corner adjacent northeast
dark area adjacent east, southeast, and west
horizontal wall adjacent northwest

cursor:
Yourself a healer
(x=11, y=9)

map:
                                                                                
                                                                                
                                                                                
   ----------                                                                   
   |........|                                                                   
   |........|                                                                   
   |......<.|                                                                   
   ---+----.-                                                                   
           @                                                                    
          ##                                                                    
                                                                                
                                                                                
                                                                                
                                                                                
                                                                                
                                                                                
                                                                                
                                                                                
                                                                                
                                                                                
                                                                                
Agent the Rhizotomist          St:8 Dx:10 Co:18 In:8 Wi:15 Ch:16 Neutral S:0    
Dlvl:1 $:1811 HP:13(13) Pw:6(6) AC:8 Xp:1/0                                     

",0.0,False
86,search,"To complete the task, I need to find the stairs down. Since I've already explored some areas and found stairs up, my next step is to explore the unvisited dark areas. I will use the search action to reveal any hidden doors or passages. If I find a closed door, I will try to open it or kick it if it's locked. Given my role as a healer, I should prioritize my safety and use my spells and items wisely. I will move cautiously, one step at a time, to avoid potential dangers. My goal is to methodically explore the level, using my search action and movement to uncover new areas until I find the stairs down. I will also keep track of my surroundings and use my knowledge of the map to navigate efficiently. I will start by exploring the dark area to the south and southwest, as it is the closest unvisited area. If I don't find the stairs down in that area, I will explore other dark areas and try to find a pattern or a clue that leads me to the stairs down.","message:


language observation:
horizontal wall near north
horizontal closed door near westnorthwest
dark area very near south and southwest
stairs up very near northnorthwest
doorway adjacent north
southeast corner adjacent northeast
dark area adjacent east, southeast, and west
horizontal wall adjacent northwest

cursor:
Yourself a healer
(x=11, y=9)

map:
                                                                                
                                                                                
                                                                                
   ----------                                                                   
   |........|                                                                   
   |........|                                                                   
   |......<.|                                                                   
   ---+----.-                                                                   
           @                                                                    
          ##                                                                    
                                                                                
                                                                                
                                                                                
                                                                                
                                                                                
                                                                                
                                                                                
                                                                                
                                                                                
                                                                                
                                                                                
Agent the Rhizotomist          St:8 Dx:10 Co:18 In:8 Wi:15 Ch:16 Neutral S:0    
Dlvl:1 $:1811 HP:13(13) Pw:6(6) AC:8 Xp:1/0                                     

",0.0,False
87,south,,"message:


language observation:
horizontal wall far north
horizontal closed door near westnorthwest
stairs up near northnorthwest
doorway very near north
dark area very near west
dark area adjacent northeast, east, southeast, south, southwest, and northwest

cursor:
Yourself a healer
(x=11, y=10)

map:
                                                                                
                                                                                
                                                                                
   ----------                                                                   
   |........|                                                                   
   |........|                                                                   
   |......<.|                                                                   
   ---+----.-                                                                   
           #                                                                    
          #@                                                                    
                                                                                
                                                                                
                                                                                
                                                                                
                                                                                
                                                                                
                                                                                
                                                                                
                                                                                
                                                                                
                                                                                
Agent the Rhizotomist          St:8 Dx:10 Co:18 In:8 Wi:15 Ch:16 Neutral S:0    
Dlvl:1 $:1811 HP:13(13) Pw:6(6) AC:8 Xp:1/0                                     

",0.0,False
88,north,"To complete the task, I will first review my previous observations and the map to identify any potential paths or areas that I have not yet explored. Since my goal is to find the stairs down, I will prioritize exploring dark areas and doorways that could potentially lead to new areas or the stairs. I will use my search action to reveal any hidden doors or passages, and I will try to open or kick any closed doors that I encounter. Given my role as a healer, I will also keep track of my health and use my potions or spells as needed to ensure my safety. I will methodically explore the level, using my knowledge of the map to navigate and make informed decisions about which areas to prioritize. If I encounter any enemies, I will use my scalpel or spells to defend myself. Ultimately, my goal is to systematically explore the level and find the stairs down, using a combination of movement, search, and combat actions as needed.","message:


language observation:
horizontal wall near north
horizontal closed door near westnorthwest
dark area very near south and southwest
stairs up very near northnorthwest
doorway adjacent north
southeast corner adjacent northeast
dark area adjacent east, southeast, and west
horizontal wall adjacent northwest

cursor:
Yourself a healer
(x=11, y=9)

map:
                                                                                
                                                                                
                                                                                
   ----------                                                                   
   |........|                                                                   
   |........|                                                                   
   |......<.|                                                                   
   ---+----.-                                                                   
           @                                                                    
          ##                                                                    
                                                                                
                                                                                
                                                                                
                                                                                
                                                                                
                                                                                
                                                                                
                                                                                
                                                                                
                                                                                
                                                                                
Agent the Rhizotomist          St:8 Dx:10 Co:18 In:8 Wi:15 Ch:16 Neutral S:0    
Dlvl:1 $:1811 HP:13(13) Pw:6(6) AC:8 Xp:1/0                                     

",0.0,False
89,search,,"message:


language observation:
horizontal wall near north
horizontal closed door near westnorthwest
dark area very near south and southwest
stairs up very near northnorthwest
doorway adjacent north
southeast corner adjacent northeast
dark area adjacent east, southeast, and west
horizontal wall adjacent northwest

cursor:
Yourself a healer
(x=11, y=9)

map:
                                                                                
                                                                                
                                                                                
   ----------                                                                   
   |........|                                                                   
   |........|                                                                   
   |......<.|                                                                   
   ---+----.-                                                                   
           @                                                                    
          ##                                                                    
                                                                                
                                                                                
                                                                                
                                                                                
                                                                                
                                                                                
                                                                                
                                                                                
                                                                                
                                                                                
                                                                                
Agent the Rhizotomist          St:8 Dx:10 Co:18 In:8 Wi:15 Ch:16 Neutral S:0    
Dlvl:1 $:1811 HP:13(13) Pw:6(6) AC:8 Xp:1/0                                     

",0.0,False
90,south,"To complete the task, I will first review my previous observations and the map to identify any potential paths or areas that I have not yet explored. Since my goal is to find the stairs down, I will prioritize exploring dark areas and doorways that could potentially lead to new areas or the stairs. I will use my search action to reveal any hidden doors or passages, and I will try to open or kick any closed doors that I encounter. Given my role as a healer, I will also keep track of my health and use my potions or spells as needed to ensure my safety. I will methodically explore the level, using my knowledge of the map to navigate and make informed decisions about which areas to prioritize. If I encounter any enemies, I will use my scalpel or spells to defend myself. Ultimately, my goal is to systematically explore the level and find the stairs down, using a combination of movement, search, and combat actions as needed. I will start by exploring the dark area to the south and southwest, as it is the closest unexplored area to my current location.","message:


language observation:
horizontal wall far north
horizontal closed door near westnorthwest
stairs up near northnorthwest
doorway very near north
dark area very near west
dark area adjacent northeast, east, southeast, south, southwest, and northwest

cursor:
Yourself a healer
(x=11, y=10)

map:
                                                                                
                                                                                
                                                                                
   ----------                                                                   
   |........|                                                                   
   |........|                                                                   
   |......<.|                                                                   
   ---+----.-                                                                   
           #                                                                    
          #@                                                                    
                                                                                
                                                                                
                                                                                
                                                                                
                                                                                
                                                                                
                                                                                
                                                                                
                                                                                
                                                                                
                                                                                
Agent the Rhizotomist          St:8 Dx:10 Co:18 In:8 Wi:15 Ch:16 Neutral S:0    
Dlvl:1 $:1811 HP:13(13) Pw:6(6) AC:8 Xp:1/0                                     

",0.0,False
91,north,,"message:


language observation:
horizontal wall near north
horizontal closed door near westnorthwest
dark area very near south and southwest
stairs up very near northnorthwest
doorway adjacent north
southeast corner adjacent northeast
dark area adjacent east, southeast, and west
horizontal wall adjacent northwest

cursor:
Yourself a healer
(x=11, y=9)

map:
                                                                                
                                                                                
                                                                                
   ----------                                                                   
   |........|                                                                   
   |........|                                                                   
   |......<.|                                                                   
   ---+----.-                                                                   
           @                                                                    
          ##                                                                    
                                                                                
                                                                                
                                                                                
                                                                                
                                                                                
                                                                                
                                                                                
                                                                                
                                                                                
                                                                                
                                                                                
Agent the Rhizotomist          St:8 Dx:10 Co:18 In:8 Wi:15 Ch:16 Neutral S:0    
Dlvl:1 $:1811 HP:13(13) Pw:6(6) AC:8 Xp:1/0                                     

",0.0,False
92,south,"To complete the task, I will methodically explore the level, using my search action to reveal any hidden doors or passages. I will prioritize exploring dark areas and doorways that could potentially lead to new areas or the stairs down. Since I have a wand of sleep, I can use it to defend myself if I encounter any enemies. I will also keep track of my health and use my potions of healing or extra healing as needed. Given my current location, I will start by exploring the dark area to the south and southwest. If I find any closed doors, I will try to open or kick them. I will use my knowledge of the map to navigate and make informed decisions about which areas to prioritize. My ultimate goal is to find the stairs down and proceed to the next level.","message:


language observation:
horizontal wall far north
horizontal closed door near westnorthwest
stairs up near northnorthwest
doorway very near north
dark area very near west
dark area adjacent northeast, east, southeast, south, southwest, and northwest

cursor:
Yourself a healer
(x=11, y=10)

map:
                                                                                
                                                                                
                                                                                
   ----------                                                                   
   |........|                                                                   
   |........|                                                                   
   |......<.|                                                                   
   ---+----.-                                                                   
           #                                                                    
          #@                                                                    
                                                                                
                                                                                
                                                                                
                                                                                
                                                                                
                                                                                
                                                                                
                                                                                
                                                                                
                                                                                
                                                                                
Agent the Rhizotomist          St:8 Dx:10 Co:18 In:8 Wi:15 Ch:16 Neutral S:0    
Dlvl:1 $:1811 HP:13(13) Pw:6(6) AC:8 Xp:1/0                                     

",0.0,False
93,north,,"message:


language observation:
horizontal wall near north
horizontal closed door near westnorthwest
dark area very near south and southwest
stairs up very near northnorthwest
doorway adjacent north
southeast corner adjacent northeast
dark area adjacent east, southeast, and west
horizontal wall adjacent northwest

cursor:
Yourself a healer
(x=11, y=9)

map:
                                                                                
                                                                                
                                                                                
   ----------                                                                   
   |........|                                                                   
   |........|                                                                   
   |......<.|                                                                   
   ---+----.-                                                                   
           @                                                                    
          ##                                                                    
                                                                                
                                                                                
                                                                                
                                                                                
                                                                                
                                                                                
                                                                                
                                                                                
                                                                                
                                                                                
                                                                                
Agent the Rhizotomist          St:8 Dx:10 Co:18 In:8 Wi:15 Ch:16 Neutral S:0    
Dlvl:1 $:1811 HP:13(13) Pw:6(6) AC:8 Xp:1/0                                     

",0.0,False
94,south,"To complete the task, I need to explore the level and find the stairs down. Since my current location is near the stairs up, I should move away from them to increase my chances of finding the stairs down. I will methodically explore the level, using my search action to reveal any hidden doors or passages. I will prioritize exploring dark areas and doorways that could potentially lead to new areas or the stairs down. Given my current inventory, I have the necessary items to defend myself and heal if needed. My first priority is to move south and explore the dark area, and then I will adjust my plan based on the new observations.","message:


language observation:
horizontal wall far north
horizontal closed door near westnorthwest
stairs up near northnorthwest
doorway very near north
dark area very near west
dark area adjacent northeast, east, southeast, south, southwest, and northwest

cursor:
Yourself a healer
(x=11, y=10)

map:
                                                                                
                                                                                
                                                                                
   ----------                                                                   
   |........|                                                                   
   |........|                                                                   
   |......<.|                                                                   
   ---+----.-                                                                   
           #                                                                    
          #@                                                                    
                                                                                
                                                                                
                                                                                
                                                                                
                                                                                
                                                                                
                                                                                
                                                                                
                                                                                
                                                                                
                                                                                
Agent the Rhizotomist          St:8 Dx:10 Co:18 In:8 Wi:15 Ch:16 Neutral S:0    
Dlvl:1 $:1811 HP:13(13) Pw:6(6) AC:8 Xp:1/0                                     

",0.0,False
95,west,,"message:


language observation:
stairs up near north
horizontal closed door near westnorthwest
southeast corner very near northeast
dark area very near east and west
dark area adjacent north, southeast, south, southwest, and northwest

cursor:
Yourself a healer
(x=10, y=10)

map:
                                                                                
                                                                                
                                                                                
   ----------                                                                   
   |........|                                                                   
   |........|                                                                   
   |......<.|                                                                   
   ---+----.-                                                                   
           #                                                                    
         #@#                                                                    
                                                                                
                                                                                
                                                                                
                                                                                
                                                                                
                                                                                
                                                                                
                                                                                
                                                                                
                                                                                
                                                                                
Agent the Rhizotomist          St:8 Dx:10 Co:18 In:8 Wi:15 Ch:16 Neutral S:0    
Dlvl:1 $:1811 HP:13(13) Pw:6(6) AC:8 Xp:1/0                                     

",0.0,False
96,west,"To complete the task, I need to explore the level and find the stairs down. Since I've been moving north and south between the same two locations, I should try to move in other directions to increase my chances of finding new areas. I will prioritize exploring dark areas and doorways that could potentially lead to new areas or the stairs down. I will use my search action to reveal any hidden doors or passages. Given my current inventory, I have the necessary items to defend myself and heal if needed. My first priority is to move in a direction that I haven't fully explored yet, such as west or east, and see if I can find any new doors, stairs, or other features that can help me progress.","message:


language observation:
stairs up near northnortheast
dark area near east
horizontal closed door near westnorthwest
dark area very near southwest and west
dark area adjacent north, northeast, southeast, south, and northwest

cursor:
Yourself a healer
(x=9, y=10)

map:
                                                                                
                                                                                
                                                                                
   ----------                                                                   
   |........|                                                                   
   |........|                                                                   
   |......<.|                                                                   
   ---+----.-                                                                   
           #                                                                    
        #@##                                                                    
        #                                                                       
                                                                                
                                                                                
                                                                                
                                                                                
                                                                                
                                                                                
                                                                                
                                                                                
                                                                                
                                                                                
Agent the Rhizotomist          St:8 Dx:10 Co:18 In:8 Wi:15 Ch:16 Neutral S:0    
Dlvl:1 $:1811 HP:13(13) Pw:6(6) AC:8 Xp:1/0                                     

",0.0,False
97,northwest,,"message:
It's solid stone.

language observation:
stairs up near northnortheast
dark area near east
horizontal closed door near westnorthwest
dark area very near southwest and west
dark area adjacent north, northeast, southeast, south, and northwest

cursor:
Yourself a healer
(x=9, y=10)

map:
                                                                                
                                                                                
                                                                                
   ----------                                                                   
   |........|                                                                   
   |........|                                                                   
   |......<.|                                                                   
   ---+----.-                                                                   
           #                                                                    
        #@##                                                                    
        #                                                                       
                                                                                
                                                                                
                                                                                
                                                                                
                                                                                
                                                                                
                                                                                
                                                                                
                                                                                
                                                                                
Agent the Rhizotomist          St:8 Dx:10 Co:18 In:8 Wi:15 Ch:16 Neutral S:0    
Dlvl:1 $:1811 HP:13(13) Pw:6(6) AC:8 Xp:1/0                                     

",0.0,False
98,west,"To complete the task, I need to explore the level and find the stairs down. Since I've been moving north and south between the same two locations, I should try to move in other directions to increase my chances of finding new areas. I will prioritize exploring dark areas and doorways that could potentially lead to new areas or the stairs down. I will use my search action to reveal any hidden doors or passages. Given my current inventory, I have the necessary items to defend myself and heal if needed. My first priority is to move in a direction that I haven't fully explored yet, such as west or east, and see if I can find any new doors, stairs, or other features that can help me progress. I will also consider kicking the closed door if I'm unable to find another path. Once I have a better understanding of the level's layout, I can start to make more informed decisions about which areas to prioritize and how to reach the stairs down.","message:


language observation:
stairs up near northnortheast
dark area near east
dark area very near south, southwest, and west
horizontal closed door very near northwest
dark area adjacent north, northeast, southeast, and northwest

cursor:
Yourself a healer
(x=8, y=10)

map:
                                                                                
                                                                                
                                                                                
   ----------                                                                   
   |........|                                                                   
   |........|                                                                   
   |......<.|                                                                   
   ---+----.-                                                                   
           #                                                                    
       #@###                                                                    
       ##                                                                       
                                                                                
                                                                                
                                                                                
                                                                                
                                                                                
                                                                                
                                                                                
                                                                                
                                                                                
                                                                                
Agent the Rhizotomist          St:8 Dx:10 Co:18 In:8 Wi:15 Ch:16 Neutral S:0    
Dlvl:1 $:1811 HP:13(13) Pw:6(6) AC:8 Xp:1/0                                     

",0.0,False
99,kick,,"message:
 
No  Points     Name                                                   Hp [max]
0  Agent-Hea-Hum-Mal-Neu quit in The Dungeons of Doom on
level 1.                                               13  [13]


language observation:
dark area adjacent east, southeast, and south

cursor:
very far eastsoutheast 
(x=77, y=6)

map:
 No  Points     Name                                                   Hp [max] 
                                                                                
            0  Agent-Hea-Hum-Mal-Neu quit in The Dungeons of Doom on            
                                                                                
              level 1.                                               13  [13]   
                                                                                
                                                                                
                                                                                
                                                                                
                                                                                
                                                                                
                                                                                
                                                                                
                                                                                
                                                                                
                                                                                
                                                                                
                                                                                
                                                                                
                                                                                
                                                                                
                                                                                
                                                                                

",0.0,True
