Step,Action,Reasoning,Observation,Reward,Done
0,south,"Explore the level by moving towards the stairs down, possibly through a door or passage, while considering my inventory and potential obstacles, such as vertical or horizontal walls and potential enemies.","message:


language observation:
vertical wall far east
horizontal wall near north and northeast
vertical wall near west
northwest room corner near northwest
horizontal wall very near southeast, south, and southwest
stairs up adjacent north

cursor:
Yourself a archeologist
(x=65, y=8)

map:
                                                                                
                                                                                
                                                                                
                                                             -----------        
                                                             |.........|        
                                                             -.........|        
                                                             |...<.....|        
                                                             |...@.....|        
                                                             |.........|        
                                                             -----------        
                                                                                
                                                                                
                                                                                
                                                                                
                                                                                
                                                                                
                                                                                
                                                                                
                                                                                
                                                                                
                                                                                
Agent the Digger               St:17 Dx:13 Co:9 In:14 Wi:14 Ch:8 Lawful S:0     
Dlvl:1 $:0 HP:15(15) Pw:1(1) AC:9 Xp:1/0                                        

",0.0,False
1,kick,,"message:
In what direction?

language observation:
vertical wall far east
horizontal wall near north and northeast
vertical wall near west
northwest room corner near northwest
horizontal wall very near southeast, south, and southwest
stairs up adjacent north

cursor:

(x=19, y=0)

map:
                                                                                
                                                                                
                                                                                
                                                             -----------        
                                                             |.........|        
                                                             -.........|        
                                                             |...<.....|        
                                                             |...@.....|        
                                                             |.........|        
                                                             -----------        
                                                                                
                                                                                
                                                                                
                                                                                
                                                                                
                                                                                
                                                                                
                                                                                
                                                                                
                                                                                
                                                                                
Agent the Digger               St:17 Dx:13 Co:9 In:14 Wi:14 Ch:8 Lawful S:0     
Dlvl:1 $:0 HP:15(15) Pw:1(1) AC:9 Xp:1/0                                        

",0.0,False
2,east,,"message:
You kick at empty space.

language observation:
vertical wall far east
horizontal wall near north and northeast
vertical wall near west
northwest room corner near northwest
horizontal wall very near southeast, south, and southwest
stairs up adjacent north

cursor:
Yourself a archeologist
(x=65, y=8)

map:
                                                                                
                                                                                
                                                                                
                                                             -----------        
                                                             |.........|        
                                                             -.........|        
                                                             |...<.....|        
                                                             |...@.....|        
                                                             |.........|        
                                                             -----------        
                                                                                
                                                                                
                                                                                
                                                                                
                                                                                
                                                                                
                                                                                
                                                                                
                                                                                
                                                                                
                                                                                
Agent the Digger               St:17 Dx:13 Co:9 In:14 Wi:14 Ch:8 Lawful S:0     
Dlvl:1 $:0 HP:15(15) Pw:1(1) AC:9 Xp:1/0                                        

",0.0,False
3,search,,"message:


language observation:
vertical wall far east
horizontal wall near north and northeast
vertical wall near west
northwest room corner near northwest
horizontal wall very near southeast, south, and southwest
stairs up adjacent north

cursor:
Yourself a archeologist
(x=65, y=8)

map:
                                                                                
                                                                                
                                                                                
                                                             -----------        
                                                             |.........|        
                                                             -.........|        
                                                             |...<.....|        
                                                             |...@.....|        
                                                             |.........|        
                                                             -----------        
                                                                                
                                                                                
                                                                                
                                                                                
                                                                                
                                                                                
                                                                                
                                                                                
                                                                                
                                                                                
                                                                                
Agent the Digger               St:17 Dx:13 Co:9 In:14 Wi:14 Ch:8 Lawful S:0     
Dlvl:1 $:0 HP:15(15) Pw:1(1) AC:9 Xp:1/0                                        

",0.0,False
4,north,,"message:


language observation:
vertical wall far east
horizontal wall near north, northeast, southeast, south, southwest, and northwest
vertical wall near west

cursor:
Yourself a archeologist
(x=65, y=7)

map:
                                                                                
                                                                                
                                                                                
                                                             -----------        
                                                             |.........|        
                                                             -.........|        
                                                             |...@.....|        
                                                             |.........|        
                                                             |.........|        
                                                             -----------        
                                                                                
                                                                                
                                                                                
                                                                                
                                                                                
                                                                                
                                                                                
                                                                                
                                                                                
                                                                                
                                                                                
Agent the Digger               St:17 Dx:13 Co:9 In:14 Wi:14 Ch:8 Lawful S:0     
Dlvl:1 $:0 HP:15(15) Pw:1(1) AC:9 Xp:1/0                                        

",0.0,False
5,east,,"message:


language observation:
horizontal wall near north, northeast, southeast, south, southwest, and northwest
vertical wall near east and west
stairs up adjacent west

cursor:
Yourself a archeologist
(x=66, y=7)

map:
                                                                                
                                                                                
                                                                                
                                                             -----------        
                                                             |.........|        
                                                             -.........|        
                                                             |...<@....|        
                                                             |.........|        
                                                             |.........|        
                                                             -----------        
                                                                                
                                                                                
                                                                                
                                                                                
                                                                                
                                                                                
                                                                                
                                                                                
                                                                                
                                                                                
                                                                                
Agent the Digger               St:17 Dx:13 Co:9 In:14 Wi:14 Ch:8 Lawful S:0     
Dlvl:1 $:0 HP:15(15) Pw:1(1) AC:9 Xp:1/0                                        

",0.0,False
6,east,"My high-level plan is to move east and try to find the stairs down. Since I'm an archeologist, I don't have a strong indication that there are any items or doors to the north, so I'll move east to explore the vertical wall. Once I'm past the vertical wall, I can start to move south to find the stairs down. I'll need to pay attention to the layout of the map and the position of the walls to navigate effectively.","message:


language observation:
vertical wall far west
horizontal wall near north, northeast, southeast, south, southwest, and northwest
vertical wall near east
stairs up very near west

cursor:
Yourself a archeologist
(x=67, y=7)

map:
                                                                                
                                                                                
                                                                                
                                                             -----------        
                                                             |.........|        
                                                             -.........|        
                                                             |...<.@...|        
                                                             |.........|        
                                                             |.........|        
                                                             -----------        
                                                                                
                                                                                
                                                                                
                                                                                
                                                                                
                                                                                
                                                                                
                                                                                
                                                                                
                                                                                
                                                                                
Agent the Digger               St:17 Dx:13 Co:9 In:14 Wi:14 Ch:8 Lawful S:0     
Dlvl:1 $:0 HP:15(15) Pw:1(1) AC:9 Xp:1/0                                        

",0.0,False
7,south,,"message:


language observation:
vertical wall far west
horizontal wall near north and northwest
northeast room corner near northeast
vertical wall near east
horizontal wall very near southeast, south, and southwest
stairs up very near westnorthwest

cursor:
Yourself a archeologist
(x=67, y=8)

map:
                                                                                
                                                                                
                                                                                
                                                             -----------        
                                                             |.........|        
                                                             -.........|        
                                                             |...<.....|        
                                                             |.....@...|        
                                                             |.........|        
                                                             -----------        
                                                                                
                                                                                
                                                                                
                                                                                
                                                                                
                                                                                
                                                                                
                                                                                
                                                                                
                                                                                
                                                                                
Agent the Digger               St:17 Dx:13 Co:9 In:14 Wi:14 Ch:8 Lawful S:0     
Dlvl:1 $:0 HP:15(15) Pw:1(1) AC:9 Xp:1/0                                        

",0.0,False
8,east,,"message:


language observation:
vertical wall far west
horizontal wall near north and northwest
vertical wall near northeast and east
stairs up near westnorthwest
horizontal wall very near southeast, south, and southwest

cursor:
Yourself a archeologist
(x=68, y=8)

map:
                                                                                
                                                                                
                                                                                
                                                             -----------        
                                                             |.........|        
                                                             -.........|        
                                                             |...<.....|        
                                                             |......@..|        
                                                             |.........|        
                                                             -----------        
                                                                                
                                                                                
                                                                                
                                                                                
                                                                                
                                                                                
                                                                                
                                                                                
                                                                                
                                                                                
                                                                                
Agent the Digger               St:17 Dx:13 Co:9 In:14 Wi:14 Ch:8 Lawful S:0     
Dlvl:1 $:0 HP:15(15) Pw:1(1) AC:9 Xp:1/0                                        

",0.0,False
9,northwest,,"message:


language observation:
vertical wall far west
horizontal wall near north, northeast, southeast, south, southwest, and northwest
vertical wall near east
stairs up very near west

cursor:
Yourself a archeologist
(x=67, y=7)

map:
                                                                                
                                                                                
                                                                                
                                                             -----------        
                                                             |.........|        
                                                             -.........|        
                                                             |...<.@...|        
                                                             |.........|        
                                                             |.........|        
                                                             -----------        
                                                                                
                                                                                
                                                                                
                                                                                
                                                                                
                                                                                
                                                                                
                                                                                
                                                                                
                                                                                
                                                                                
Agent the Digger               St:17 Dx:13 Co:9 In:14 Wi:14 Ch:8 Lawful S:0     
Dlvl:1 $:0 HP:15(15) Pw:1(1) AC:9 Xp:1/0                                        

",0.0,False
10,south,,"message:


language observation:
vertical wall far west
horizontal wall near north and northwest
northeast room corner near northeast
vertical wall near east
horizontal wall very near southeast, south, and southwest
stairs up very near westnorthwest

cursor:
Yourself a archeologist
(x=67, y=8)

map:
                                                                                
                                                                                
                                                                                
                                                             -----------        
                                                             |.........|        
                                                             -.........|        
                                                             |...<.....|        
                                                             |.....@...|        
                                                             |.........|        
                                                             -----------        
                                                                                
                                                                                
                                                                                
                                                                                
                                                                                
                                                                                
                                                                                
                                                                                
                                                                                
                                                                                
                                                                                
Agent the Digger               St:17 Dx:13 Co:9 In:14 Wi:14 Ch:8 Lawful S:0     
Dlvl:1 $:0 HP:15(15) Pw:1(1) AC:9 Xp:1/0                                        

",0.0,False
11,east,,"message:


language observation:
vertical wall far west
horizontal wall near north and northwest
vertical wall near northeast and east
stairs up near westnorthwest
horizontal wall very near southeast, south, and southwest

cursor:
Yourself a archeologist
(x=68, y=8)

map:
                                                                                
                                                                                
                                                                                
                                                             -----------        
                                                             |.........|        
                                                             -.........|        
                                                             |...<.....|        
                                                             |......@..|        
                                                             |.........|        
                                                             -----------        
                                                                                
                                                                                
                                                                                
                                                                                
                                                                                
                                                                                
                                                                                
                                                                                
                                                                                
                                                                                
                                                                                
Agent the Digger               St:17 Dx:13 Co:9 In:14 Wi:14 Ch:8 Lawful S:0     
Dlvl:1 $:0 HP:15(15) Pw:1(1) AC:9 Xp:1/0                                        

",0.0,False
12,south,"My high-level plan is to find the stairs down. I have been navigating around the room, exploring the layout and searching for any hidden passages. However, I have not found any stairs down yet. I will try to find a way to move south and search the area more thoroughly. Since there is a horizontal wall very near southeast, south, and southwest, I will try to find a way to cross it and move further south. Once I'm able to move south, I can continue searching the room and try to find the stairs down.","message:


language observation:
vertical wall far west
horizontal wall near north and northwest
vertical wall near northeast and east
stairs up near westnorthwest
horizontal wall adjacent southeast, south, and southwest

cursor:
Yourself a archeologist
(x=68, y=9)

map:
                                                                                
                                                                                
                                                                                
                                                             -----------        
                                                             |.........|        
                                                             -.........|        
                                                             |...<.....|        
                                                             |.........|        
                                                             |......@..|        
                                                             -----------        
                                                                                
                                                                                
                                                                                
                                                                                
                                                                                
                                                                                
                                                                                
                                                                                
                                                                                
                                                                                
                                                                                
Agent the Digger               St:17 Dx:13 Co:9 In:14 Wi:14 Ch:8 Lawful S:0     
Dlvl:1 $:0 HP:15(15) Pw:1(1) AC:9 Xp:1/0                                        

",0.0,False
13,search,,"message:


language observation:
vertical wall far west
horizontal wall near north and northwest
vertical wall near northeast and east
stairs up near westnorthwest
horizontal wall adjacent southeast, south, and southwest

cursor:
Yourself a archeologist
(x=68, y=9)

map:
                                                                                
                                                                                
                                                                                
                                                             -----------        
                                                             |.........|        
                                                             -.........|        
                                                             |...<.....|        
                                                             |.........|        
                                                             |......@..|        
                                                             -----------        
                                                                                
                                                                                
                                                                                
                                                                                
                                                                                
                                                                                
                                                                                
                                                                                
                                                                                
                                                                                
                                                                                
Agent the Digger               St:17 Dx:13 Co:9 In:14 Wi:14 Ch:8 Lawful S:0     
Dlvl:1 $:0 HP:15(15) Pw:1(1) AC:9 Xp:1/0                                        

",0.0,False
14,southwest,,"message:
It's a wall.

language observation:
vertical wall far west
horizontal wall near north and northwest
vertical wall near northeast and east
stairs up near westnorthwest
horizontal wall adjacent southeast, south, and southwest

cursor:
Yourself a archeologist
(x=68, y=9)

map:
                                                                                
                                                                                
                                                                                
                                                             -----------        
                                                             |.........|        
                                                             -.........|        
                                                             |...<.....|        
                                                             |.........|        
                                                             |......@..|        
                                                             -----------        
                                                                                
                                                                                
                                                                                
                                                                                
                                                                                
                                                                                
                                                                                
                                                                                
                                                                                
                                                                                
                                                                                
Agent the Digger               St:17 Dx:13 Co:9 In:14 Wi:14 Ch:8 Lawful S:0     
Dlvl:1 $:0 HP:15(15) Pw:1(1) AC:9 Xp:1/0                                        

",0.0,False
15,search,,"message:


language observation:
vertical wall far west
horizontal wall near north and northwest
vertical wall near northeast and east
stairs up near westnorthwest
horizontal wall adjacent southeast, south, and southwest

cursor:
Yourself a archeologist
(x=68, y=9)

map:
                                                                                
                                                                                
                                                                                
                                                             -----------        
                                                             |.........|        
                                                             -.........|        
                                                             |...<.....|        
                                                             |.........|        
                                                             |......@..|        
                                                             -----------        
                                                                                
                                                                                
                                                                                
                                                                                
                                                                                
                                                                                
                                                                                
                                                                                
                                                                                
                                                                                
                                                                                
Agent the Digger               St:17 Dx:13 Co:9 In:14 Wi:14 Ch:8 Lawful S:0     
Dlvl:1 $:0 HP:15(15) Pw:1(1) AC:9 Xp:1/0                                        

",0.0,False
16,north,,"message:


language observation:
vertical wall far west
horizontal wall near north and northwest
vertical wall near northeast and east
stairs up near westnorthwest
horizontal wall very near southeast, south, and southwest

cursor:
Yourself a archeologist
(x=68, y=8)

map:
                                                                                
                                                                                
                                                                                
                                                             -----------        
                                                             |.........|        
                                                             -.........|        
                                                             |...<.....|        
                                                             |......@..|        
                                                             |.........|        
                                                             -----------        
                                                                                
                                                                                
                                                                                
                                                                                
                                                                                
                                                                                
                                                                                
                                                                                
                                                                                
                                                                                
                                                                                
Agent the Digger               St:17 Dx:13 Co:9 In:14 Wi:14 Ch:8 Lawful S:0     
Dlvl:1 $:0 HP:15(15) Pw:1(1) AC:9 Xp:1/0                                        

",0.0,False
17,northwest,,"message:


language observation:
vertical wall far west
horizontal wall near north, northeast, southeast, south, southwest, and northwest
vertical wall near east
stairs up very near west

cursor:
Yourself a archeologist
(x=67, y=7)

map:
                                                                                
                                                                                
                                                                                
                                                             -----------        
                                                             |.........|        
                                                             -.........|        
                                                             |...<.@...|        
                                                             |.........|        
                                                             |.........|        
                                                             -----------        
                                                                                
                                                                                
                                                                                
                                                                                
                                                                                
                                                                                
                                                                                
                                                                                
                                                                                
                                                                                
                                                                                
Agent the Digger               St:17 Dx:13 Co:9 In:14 Wi:14 Ch:8 Lawful S:0     
Dlvl:1 $:0 HP:15(15) Pw:1(1) AC:9 Xp:1/0                                        

",0.0,False
18,southwest,"I have been navigating around the room, exploring the layout and searching for any hidden passages. However, I have not found any stairs down yet. Based on my observations, the stairs up are located to the west, which is not where I want to go. I need to find a way to access the stairs down. From my observations, I have been moving around the room and searching, but I have not found any hidden passages or doors. My plan is to continue moving north and searching for any hidden doors or passages, and then try to find a way to move west without going up the stairs. If I can find a way to access the stairs down, I will do so.","message:


language observation:
horizontal wall near north, northeast, and northwest
vertical wall near east and west
horizontal wall very near southeast, south, and southwest
stairs up adjacent northwest

cursor:
Yourself a archeologist
(x=66, y=8)

map:
                                                                                
                                                                                
                                                                                
                                                             -----------        
                                                             |.........|        
                                                             -.........|        
                                                             |...<.....|        
                                                             |....@....|        
                                                             |.........|        
                                                             -----------        
                                                                                
                                                                                
                                                                                
                                                                                
                                                                                
                                                                                
                                                                                
                                                                                
                                                                                
                                                                                
                                                                                
Agent the Digger               St:17 Dx:13 Co:9 In:14 Wi:14 Ch:8 Lawful S:0     
Dlvl:1 $:0 HP:15(15) Pw:1(1) AC:9 Xp:1/0                                        

",0.0,False
19,search,,"message:


language observation:
horizontal wall near north, northeast, and northwest
vertical wall near east and west
horizontal wall very near southeast, south, and southwest
stairs up adjacent northwest

cursor:
Yourself a archeologist
(x=66, y=8)

map:
                                                                                
                                                                                
                                                                                
                                                             -----------        
                                                             |.........|        
                                                             -.........|        
                                                             |...<.....|        
                                                             |....@....|        
                                                             |.........|        
                                                             -----------        
                                                                                
                                                                                
                                                                                
                                                                                
                                                                                
                                                                                
                                                                                
                                                                                
                                                                                
                                                                                
                                                                                
Agent the Digger               St:17 Dx:13 Co:9 In:14 Wi:14 Ch:8 Lawful S:0     
Dlvl:1 $:0 HP:15(15) Pw:1(1) AC:9 Xp:1/0                                        

",0.0,False
20,north,,"message:


language observation:
horizontal wall near north, northeast, southeast, south, southwest, and northwest
vertical wall near east and west
stairs up adjacent west

cursor:
Yourself a archeologist
(x=66, y=7)

map:
                                                                                
                                                                                
                                                                                
                                                             -----------        
                                                             |.........|        
                                                             -.........|        
                                                             |...<@....|        
                                                             |.........|        
                                                             |.........|        
                                                             -----------        
                                                                                
                                                                                
                                                                                
                                                                                
                                                                                
                                                                                
                                                                                
                                                                                
                                                                                
                                                                                
                                                                                
Agent the Digger               St:17 Dx:13 Co:9 In:14 Wi:14 Ch:8 Lawful S:0     
Dlvl:1 $:0 HP:15(15) Pw:1(1) AC:9 Xp:1/0                                        

",0.0,False
21,east,,"message:


language observation:
vertical wall far west
horizontal wall near north, northeast, southeast, south, southwest, and northwest
vertical wall near east
stairs up very near west

cursor:
Yourself a archeologist
(x=67, y=7)

map:
                                                                                
                                                                                
                                                                                
                                                             -----------        
                                                             |.........|        
                                                             -.........|        
                                                             |...<.@...|        
                                                             |.........|        
                                                             |.........|        
                                                             -----------        
                                                                                
                                                                                
                                                                                
                                                                                
                                                                                
                                                                                
                                                                                
                                                                                
                                                                                
                                                                                
                                                                                
Agent the Digger               St:17 Dx:13 Co:9 In:14 Wi:14 Ch:8 Lawful S:0     
Dlvl:1 $:0 HP:15(15) Pw:1(1) AC:9 Xp:1/0                                        

",0.0,False
22,north,,"message:


language observation:
vertical open door far west
dark area far west
vertical wall near east
southeast corner near southeast
horizontal wall near south and southwest
horizontal wall very near north, northeast, and northwest
stairs up very near westsouthwest

cursor:
Yourself a archeologist
(x=67, y=6)

map:
                                                                                
                                                                                
                                                                                
                                                             -----------        
                             |                               |.........|        
                             |.....                          -.....@...|        
                             |                               |...<.....|        
                                                             |.........|        
                                                             |.........|        
                                                             -----------        
                                                                                
                                                                                
                                                                                
                                                                                
                                                                                
                                                                                
                                                                                
                                                                                
                                                                                
                                                                                
                                                                                
Agent the Digger               St:17 Dx:13 Co:9 In:14 Wi:14 Ch:8 Lawful S:0     
Dlvl:1 $:0 HP:15(15) Pw:1(1) AC:9 Xp:1/0                                        

",0.0,False
23,west,,"message:


language observation:
dark area far west
vertical wall near east
horizontal wall near southeast, south, and southwest
vertical open door near west
horizontal wall very near north, northeast, and northwest
stairs up adjacent southwest

cursor:
Yourself a archeologist
(x=66, y=6)

map:
                                                                                
                                                                                
                                                                                
                                                             -----------        
                             |                               |.........|        
                             |.....                          -....@....|        
                             |                               |...<.....|        
                                                             |.........|        
                                                             |.........|        
                                                             -----------        
                                                                                
                                                                                
                                                                                
                                                                                
                                                                                
                                                                                
                                                                                
                                                                                
                                                                                
                                                                                
                                                                                
Agent the Digger               St:17 Dx:13 Co:9 In:14 Wi:14 Ch:8 Lawful S:0     
Dlvl:1 $:0 HP:15(15) Pw:1(1) AC:9 Xp:1/0                                        

",0.0,False
24,east,"Based on my previous observations and exploration of the level, I have identified the stairs down as my goal. To achieve this, I will need to navigate through the room and find a path that leads me to the stairs. Since the stairs are currently blocked by a dark area, I will need to clear a path through the dark area to access the stairs. I can do this by examining the map and identifying any potential routes or openings that I may have missed earlier. My high-level plan is as follows:

1. Examine the map to identify potential routes through the dark area.
2. Search the room to see if there are any hidden doors or passages that I may have missed earlier.
3. Use my bullwhip to navigate through the dark area and clear a path to the stairs.
4. Once I have cleared a path to the stairs, I will move towards them to reach my goal.

Given this plan, my first action will be to","message:


language observation:
vertical open door far west
dark area far west
vertical wall near east
southeast corner near southeast
horizontal wall near south and southwest
horizontal wall very near north, northeast, and northwest
stairs up very near westsouthwest

cursor:
Yourself a archeologist
(x=67, y=6)

map:
                                                                                
                                                                                
                                                                                
                                                             -----------        
                             |                               |.........|        
                             |.....                          -.....@...|        
                             |                               |...<.....|        
                                                             |.........|        
                                                             |.........|        
                                                             -----------        
                                                                                
                                                                                
                                                                                
                                                                                
                                                                                
                                                                                
                                                                                
                                                                                
                                                                                
                                                                                
                                                                                
Agent the Digger               St:17 Dx:13 Co:9 In:14 Wi:14 Ch:8 Lawful S:0     
Dlvl:1 $:0 HP:15(15) Pw:1(1) AC:9 Xp:1/0                                        

",0.0,False
25,northwest,,"message:


language observation:
vertical wall near east and west
southeast corner near southeast
horizontal wall near south
southwest corner near southwest
stairs up very near southsouthwest
horizontal wall adjacent north, northeast, and northwest

cursor:
Yourself a archeologist
(x=66, y=5)

map:
                                                                                
                                                                                
                                                                                
                                                             -----------        
                             |                               |....@....|        
                             |.....                          -.........|        
                             |                               |...<.....|        
                                                             |.........|        
                                                             |.........|        
                                                             -----------        
                                                                                
                                                                                
                                                                                
                                                                                
                                                                                
                                                                                
                                                                                
                                                                                
                                                                                
                                                                                
                                                                                
Agent the Digger               St:17 Dx:13 Co:9 In:14 Wi:14 Ch:8 Lawful S:0     
Dlvl:1 $:0 HP:15(15) Pw:1(1) AC:9 Xp:1/0                                        

",0.0,False
26,south,,"message:


language observation:
dark area far west
vertical wall near east
horizontal wall near southeast, south, and southwest
vertical open door near west
horizontal wall very near north, northeast, and northwest
stairs up adjacent southwest

cursor:
Yourself a archeologist
(x=66, y=6)

map:
                                                                                
                                                                                
                                                                                
                                                             -----------        
                             |                               |.........|        
                             |.....                          -....@....|        
                             |                               |...<.....|        
                                                             |.........|        
                                                             |.........|        
                                                             -----------        
                                                                                
                                                                                
                                                                                
                                                                                
                                                                                
                                                                                
                                                                                
                                                                                
                                                                                
                                                                                
                                                                                
Agent the Digger               St:17 Dx:13 Co:9 In:14 Wi:14 Ch:8 Lawful S:0     
Dlvl:1 $:0 HP:15(15) Pw:1(1) AC:9 Xp:1/0                                        

",0.0,False
27,northwest,,"message:


language observation:
vertical wall far east
horizontal wall near southeast and south
vertical wall near southwest and west
stairs up very near south
horizontal wall adjacent north, northeast, and northwest

cursor:
Yourself a archeologist
(x=65, y=5)

map:
                                                                                
                                                                                
                                                                                
                                                             -----------        
                             |                               |...@.....|        
                             |.....                          -.........|        
                             |                               |...<.....|        
                                                             |.........|        
                                                             |.........|        
                                                             -----------        
                                                                                
                                                                                
                                                                                
                                                                                
                                                                                
                                                                                
                                                                                
                                                                                
                                                                                
                                                                                
                                                                                
Agent the Digger               St:17 Dx:13 Co:9 In:14 Wi:14 Ch:8 Lawful S:0     
Dlvl:1 $:0 HP:15(15) Pw:1(1) AC:9 Xp:1/0                                        

",0.0,False
28,search,,"message:


language observation:
vertical wall far east
horizontal wall near southeast and south
vertical wall near southwest and west
stairs up very near south
horizontal wall adjacent north, northeast, and northwest

cursor:
Yourself a archeologist
(x=65, y=5)

map:
                                                                                
                                                                                
                                                                                
                                                             -----------        
                             |                               |...@.....|        
                             |.....                          -.........|        
                             |                               |...<.....|        
                                                             |.........|        
                                                             |.........|        
                                                             -----------        
                                                                                
                                                                                
                                                                                
                                                                                
                                                                                
                                                                                
                                                                                
                                                                                
                                                                                
                                                                                
                                                                                
Agent the Digger               St:17 Dx:13 Co:9 In:14 Wi:14 Ch:8 Lawful S:0     
Dlvl:1 $:0 HP:15(15) Pw:1(1) AC:9 Xp:1/0                                        

",0.0,False
29,north,,"message:
It's a wall.

language observation:
vertical wall far east
horizontal wall near southeast and south
vertical wall near southwest and west
stairs up very near south
horizontal wall adjacent north, northeast, and northwest

cursor:
Yourself a archeologist
(x=65, y=5)

map:
                                                                                
                                                                                
                                                                                
                                                             -----------        
                             |                               |...@.....|        
                             |.....                          -.........|        
                             |                               |...<.....|        
                                                             |.........|        
                                                             |.........|        
                                                             -----------        
                                                                                
                                                                                
                                                                                
                                                                                
                                                                                
                                                                                
                                                                                
                                                                                
                                                                                
                                                                                
                                                                                
Agent the Digger               St:17 Dx:13 Co:9 In:14 Wi:14 Ch:8 Lawful S:0     
Dlvl:1 $:0 HP:15(15) Pw:1(1) AC:9 Xp:1/0                                        

",0.0,False
30,northwest,"The goal is to reach the stairs down. Based on the current layout, the stairs down are not visible and are likely hidden behind a wall or a dark area. My previous attempts to move north or search have not revealed a path to the stairs. 

To proceed, I will examine the map again and try to identify any potential paths or openings that I may have missed earlier. I will also try to find a way to clear the dark area to access the stairs. 

My plan is to use my bullwhip to try and clear a path through the dark area, which appears to be blocking my access to the stairs. I will attempt to use my bullwhip on the dark area to see if it reveals a hidden passage or path to the stairs.","message:
It's a wall.

language observation:
vertical wall far east
horizontal wall near southeast and south
vertical wall near southwest and west
stairs up very near south
horizontal wall adjacent north, northeast, and northwest

cursor:
Yourself a archeologist
(x=65, y=5)

map:
                                                                                
                                                                                
                                                                                
                                                             -----------        
                             |                               |...@.....|        
                             |.....                          -.........|        
                             |                               |...<.....|        
                                                             |.........|        
                                                             |.........|        
                                                             -----------        
                                                                                
                                                                                
                                                                                
                                                                                
                                                                                
                                                                                
                                                                                
                                                                                
                                                                                
                                                                                
                                                                                
Agent the Digger               St:17 Dx:13 Co:9 In:14 Wi:14 Ch:8 Lawful S:0     
Dlvl:1 $:0 HP:15(15) Pw:1(1) AC:9 Xp:1/0                                        

",0.0,False
31,kick,,"message:
In what direction?

language observation:
vertical wall far east
horizontal wall near southeast and south
vertical wall near southwest and west
stairs up very near south
horizontal wall adjacent north, northeast, and northwest

cursor:

(x=19, y=0)

map:
                                                                                
                                                                                
                                                                                
                                                             -----------        
                             |                               |...@.....|        
                             |.....                          -.........|        
                             |                               |...<.....|        
                                                             |.........|        
                                                             |.........|        
                                                             -----------        
                                                                                
                                                                                
                                                                                
                                                                                
                                                                                
                                                                                
                                                                                
                                                                                
                                                                                
                                                                                
                                                                                
Agent the Digger               St:17 Dx:13 Co:9 In:14 Wi:14 Ch:8 Lawful S:0     
Dlvl:1 $:0 HP:15(15) Pw:1(1) AC:9 Xp:1/0                                        

",0.0,False
32,kick,,"message:
What a strange direction!

language observation:
vertical wall far east
horizontal wall near southeast and south
vertical wall near southwest and west
stairs up very near south
horizontal wall adjacent north, northeast, and northwest

cursor:
Yourself a archeologist
(x=65, y=5)

map:
                                                                                
                                                                                
                                                                                
                                                             -----------        
                             |                               |...@.....|        
                             |.....                          -.........|        
                             |                               |...<.....|        
                                                             |.........|        
                                                             |.........|        
                                                             -----------        
                                                                                
                                                                                
                                                                                
                                                                                
                                                                                
                                                                                
                                                                                
                                                                                
                                                                                
                                                                                
                                                                                
Agent the Digger               St:17 Dx:13 Co:9 In:14 Wi:14 Ch:8 Lawful S:0     
Dlvl:1 $:0 HP:15(15) Pw:1(1) AC:9 Xp:1/0                                        

",0.0,False
33,kick southwest,,"

Your previous output did not contain a valid action. Defaulted to action: north

Observation:
message:
It's a wall.

language observation:
vertical wall far east
horizontal wall near southeast and south
vertical wall near southwest and west
stairs up very near south
horizontal wall adjacent north, northeast, and northwest

cursor:
Yourself a archeologist
(x=65, y=5)

map:
                                                                                
                                                                                
                                                                                
                                                             -----------        
                             |                               |...@.....|        
                             |.....                          -.........|        
                             |                               |...<.....|        
                                                             |.........|        
                                                             |.........|        
                                                             -----------        
                                                                                
                                                                                
                                                                                
                                                                                
                                                                                
                                                                                
                                                                                
                                                                                
                                                                                
                                                                                
                                                                                
Agent the Digger               St:17 Dx:13 Co:9 In:14 Wi:14 Ch:8 Lawful S:0     
Dlvl:1 $:0 HP:15(15) Pw:1(1) AC:9 Xp:1/0                                        

",0.0,False
34,kick,,"message:
In what direction?

language observation:
vertical wall far east
horizontal wall near southeast and south
vertical wall near southwest and west
stairs up very near south
horizontal wall adjacent north, northeast, and northwest

cursor:

(x=19, y=0)

map:
                                                                                
                                                                                
                                                                                
                                                             -----------        
                             |                               |...@.....|        
                             |.....                          -.........|        
                             |                               |...<.....|        
                                                             |.........|        
                                                             |.........|        
                                                             -----------        
                                                                                
                                                                                
                                                                                
                                                                                
                                                                                
                                                                                
                                                                                
                                                                                
                                                                                
                                                                                
                                                                                
Agent the Digger               St:17 Dx:13 Co:9 In:14 Wi:14 Ch:8 Lawful S:0     
Dlvl:1 $:0 HP:15(15) Pw:1(1) AC:9 Xp:1/0                                        

",0.0,False
35,kick southwest,,"

Your previous output did not contain a valid action. Defaulted to action: north

Observation:
message:
Ouch!  That hurts!

language observation:
vertical wall far east
horizontal wall near southeast and south
vertical wall near southwest and west
stairs up very near south
horizontal wall adjacent north, northeast, and northwest

cursor:
Yourself a archeologist
(x=65, y=5)

map:
                                                                                
                                                                                
                                                                                
                                                             -----------        
                             |                               |...@.....|        
                             |.....                          -.........|        
                             |                               |...<.....|        
                                                             |.........|        
                                                             |.........|        
                                                             -----------        
                                                                                
                                                                                
                                                                                
                                                                                
                                                                                
                                                                                
                                                                                
                                                                                
                                                                                
                                                                                
                                                                                
Agent the Digger               St:17 Dx:13 Co:9 In:14 Wi:14 Ch:8 Lawful S:0     
Dlvl:1 $:0 HP:14(15) Pw:1(1) AC:9 Xp:1/0                                        

",0.0,False
36,southeast,"The goal is to reach the stairs down. Based on the current layout, the stairs down are not visible and are likely hidden behind a wall or a dark area. My previous attempts to move through the walls and kick have not been successful, and I have taken damage from the wall.

To proceed, I will examine the map again and try to identify any potential paths or openings that I may have missed earlier. I will also try to find a way to clear the dark area to access the stairs.

Since my inventory includes a bullwhip, I will use it to try and clear the path. My plan is to use the bullwhip to clear the horizontal wall adjacent to me, which is blocking my access to the stairs.

My first action will be to move southeast, which will bring me closer to the wall that I need to clear.","message:


language observation:
dark area far west
vertical wall near east
horizontal wall near southeast, south, and southwest
vertical open door near west
horizontal wall very near north, northeast, and northwest
stairs up adjacent southwest

cursor:
Yourself a archeologist
(x=66, y=6)

map:
                                                                                
                                                                                
                                                                                
                                                             -----------        
                             |                               |.........|        
                             |.....                          -....@....|        
                             |                               |...<.....|        
                                                             |.........|        
                                                             |.........|        
                                                             -----------        
                                                                                
                                                                                
                                                                                
                                                                                
                                                                                
                                                                                
                                                                                
                                                                                
                                                                                
                                                                                
                                                                                
Agent the Digger               St:17 Dx:13 Co:9 In:14 Wi:14 Ch:8 Lawful S:0     
Dlvl:1 $:0 HP:14(15) Pw:1(1) AC:9 Xp:1/0                                        

",0.0,False
37,kick,,"message:
In what direction?

language observation:
dark area far west
vertical wall near east
horizontal wall near southeast, south, and southwest
vertical open door near west
horizontal wall very near north, northeast, and northwest
stairs up adjacent southwest

cursor:

(x=19, y=0)

map:
                                                                                
                                                                                
                                                                                
                                                             -----------        
                             |                               |.........|        
                             |.....                          -....@....|        
                             |                               |...<.....|        
                                                             |.........|        
                                                             |.........|        
                                                             -----------        
                                                                                
                                                                                
                                                                                
                                                                                
                                                                                
                                                                                
                                                                                
                                                                                
                                                                                
                                                                                
                                                                                
Agent the Digger               St:17 Dx:13 Co:9 In:14 Wi:14 Ch:8 Lawful S:0     
Dlvl:1 $:0 HP:14(15) Pw:1(1) AC:9 Xp:1/0                                        

",0.0,False
38,north,,"message:
You kick at empty space.

language observation:
dark area far west
vertical wall near east
horizontal wall near southeast, south, and southwest
vertical open door near west
horizontal wall very near north, northeast, and northwest
stairs up adjacent southwest

cursor:
Yourself a archeologist
(x=66, y=6)

map:
                                                                                
                                                                                
                                                                                
                                                             -----------        
                             |                               |.........|        
                             |.....                          -....@....|        
                             |                               |...<.....|        
                                                             |.........|        
                                                             |.........|        
                                                             -----------        
                                                                                
                                                                                
                                                                                
                                                                                
                                                                                
                                                                                
                                                                                
                                                                                
                                                                                
                                                                                
                                                                                
Agent the Digger               St:17 Dx:13 Co:9 In:14 Wi:14 Ch:8 Lawful S:0     
Dlvl:1 $:0 HP:14(15) Pw:1(1) AC:9 Xp:1/0                                        

",0.0,False
39,kick southwest,,"

Your previous output did not contain a valid action. Defaulted to action: north

Observation:
message:


language observation:
vertical wall near east and west
southeast corner near southeast
horizontal wall near south
southwest corner near southwest
stairs up very near southsouthwest
horizontal wall adjacent north, northeast, and northwest

cursor:
Yourself a archeologist
(x=66, y=5)

map:
                                                                                
                                                                                
                                                                                
                                                             -----------        
                             |                               |....@....|        
                             |.....                          -.........|        
                             |                               |...<.....|        
                                                             |.........|        
                                                             |.........|        
                                                             -----------        
                                                                                
                                                                                
                                                                                
                                                                                
                                                                                
                                                                                
                                                                                
                                                                                
                                                                                
                                                                                
                                                                                
Agent the Digger               St:17 Dx:13 Co:9 In:14 Wi:14 Ch:8 Lawful S:0     
Dlvl:1 $:0 HP:14(15) Pw:1(1) AC:9 Xp:1/0                                        

",0.0,False
40,kick,,"message:
In what direction?

language observation:
vertical wall near east and west
southeast corner near southeast
horizontal wall near south
southwest corner near southwest
stairs up very near southsouthwest
horizontal wall adjacent north, northeast, and northwest

cursor:

(x=19, y=0)

map:
                                                                                
                                                                                
                                                                                
                                                             -----------        
                             |                               |....@....|        
                             |.....                          -.........|        
                             |                               |...<.....|        
                                                             |.........|        
                                                             |.........|        
                                                             -----------        
                                                                                
                                                                                
                                                                                
                                                                                
                                                                                
                                                                                
                                                                                
                                                                                
                                                                                
                                                                                
                                                                                
Agent the Digger               St:17 Dx:13 Co:9 In:14 Wi:14 Ch:8 Lawful S:0     
Dlvl:1 $:0 HP:14(15) Pw:1(1) AC:9 Xp:1/0                                        

",0.0,False
41,south,,"message:
Dumb move!  You strain a muscle.

language observation:
vertical wall near east and west
southeast corner near southeast
horizontal wall near south
southwest corner near southwest
stairs up very near southsouthwest
horizontal wall adjacent north, northeast, and northwest

cursor:
Yourself a archeologist
(x=66, y=5)

map:
                                                                                
                                                                                
                                                                                
                                                             -----------        
                             |                               |....@....|        
                             |.....                          -.........|        
                             |                               |...<.....|        
                                                             |.........|        
                                                             |.........|        
                                                             -----------        
                                                                                
                                                                                
                                                                                
                                                                                
                                                                                
                                                                                
                                                                                
                                                                                
                                                                                
                                                                                
                                                                                
Agent the Digger               St:17 Dx:12 Co:9 In:14 Wi:14 Ch:8 Lawful S:0     
Dlvl:1 $:0 HP:14(15) Pw:1(1) AC:9 Xp:1/0                                        

",0.0,False
42,northwest,"The goal is to reach the stairs down. Based on the current layout, the stairs down are likely hidden behind a wall or a dark area. My previous attempts to move through the walls and kick have not been successful.

To proceed, I will examine the map again and try to identify any potential paths or openings that I may have missed earlier. I will also try to find a way to clear the dark area to access the stairs.

Since I have a bullwhip, I will use it to try and clear the path. My plan is to move to the vertical open door near west, and then try to clear the path through the horizontal wall near south.

My high-level plan is to:

1. Move to the vertical open door near west
2. Clear the path through the horizontal wall near south
3. Investigate the cleared area to find the stairs down

With this plan, I will now choose an action to move to the vertical open door near west.","message:
It's a wall.

language observation:
vertical wall near east and west
southeast corner near southeast
horizontal wall near south
southwest corner near southwest
stairs up very near southsouthwest
horizontal wall adjacent north, northeast, and northwest

cursor:
Yourself a archeologist
(x=66, y=5)

map:
                                                                                
                                                                                
                                                                                
                                                             -----------        
                             |                               |....@....|        
                             |.....                          -.........|        
                             |                               |...<.....|        
                                                             |.........|        
                                                             |.........|        
                                                             -----------        
                                                                                
                                                                                
                                                                                
                                                                                
                                                                                
                                                                                
                                                                                
                                                                                
                                                                                
                                                                                
                                                                                
Agent the Digger               St:17 Dx:12 Co:9 In:14 Wi:14 Ch:8 Lawful S:0     
Dlvl:1 $:0 HP:14(15) Pw:1(1) AC:9 Xp:1/0                                        

",0.0,False
43,east,,"message:


language observation:
vertical wall far west
vertical wall near east and southeast
horizontal wall near south and southwest
stairs up very near southwest
horizontal wall adjacent north, northeast, and northwest

cursor:
Yourself a archeologist
(x=67, y=5)

map:
                                                                                
                                                                                
                                                                                
                                                             -----------        
                             |                               |.....@...|        
                             |.....                          -.........|        
                             |                               |...<.....|        
                                                             |.........|        
                                                             |.........|        
                                                             -----------        
                                                                                
                                                                                
                                                                                
                                                                                
                                                                                
                                                                                
                                                                                
                                                                                
                                                                                
                                                                                
                                                                                
Agent the Digger               St:17 Dx:12 Co:9 In:14 Wi:14 Ch:8 Lawful S:0     
Dlvl:1 $:0 HP:14(15) Pw:1(1) AC:9 Xp:1/0                                        

",0.0,False
44,search,,"message:


language observation:
vertical wall far west
vertical wall near east and southeast
horizontal wall near south and southwest
stairs up very near southwest
horizontal wall adjacent north, northeast, and northwest

cursor:
Yourself a archeologist
(x=67, y=5)

map:
                                                                                
                                                                                
                                                                                
                                                             -----------        
                             |                               |.....@...|        
                             |.....                          -.........|        
                             |                               |...<.....|        
                                                             |.........|        
                                                             |.........|        
                                                             -----------        
                                                                                
                                                                                
                                                                                
                                                                                
                                                                                
                                                                                
                                                                                
                                                                                
                                                                                
                                                                                
                                                                                
Agent the Digger               St:17 Dx:12 Co:9 In:14 Wi:14 Ch:8 Lawful S:0     
Dlvl:1 $:0 HP:14(15) Pw:1(1) AC:9 Xp:1/0                                        

",0.0,False
45,kick,,"message:


language observation:
vertical wall far west
vertical wall near east and southeast
horizontal wall near south and southwest
stairs up very near southwest
horizontal wall adjacent north, northeast, and northwest

cursor:
Yourself a archeologist
(x=67, y=5)

map:
                                                                                
                                                                                
                                                                                
                                                             -----------        
                             |                               |.....@...|        
                             |.....                          -.........|        
                             |                               |...<.....|        
                                                             |.........|        
                                                             |.........|        
                                                             -----------        
                                                                                
                                                                                
                                                                                
                                                                                
                                                                                
                                                                                
                                                                                
                                                                                
                                                                                
                                                                                
                                                                                
Agent the Digger               St:17 Dx:12 Co:9 In:14 Wi:14 Ch:8 Lawful S:0     
Dlvl:1 $:0 HP:14(15) Pw:1(1) AC:9 Xp:1/0                                        

",0.0,False
46,southwest,,"message:


language observation:
dark area far west
vertical wall near east
horizontal wall near southeast, south, and southwest
vertical open door near west
horizontal wall very near north, northeast, and northwest
stairs up adjacent southwest

cursor:
Yourself a archeologist
(x=66, y=6)

map:
                                                                                
                                                                                
                                                                                
                                                             -----------        
                             |                               |.........|        
                             |.....                          -....@....|        
                             |                               |...<.....|        
                                                             |.........|        
                                                             |.........|        
                                                             -----------        
                                                                                
                                                                                
                                                                                
                                                                                
                                                                                
                                                                                
                                                                                
                                                                                
                                                                                
                                                                                
                                                                                
Agent the Digger               St:17 Dx:12 Co:9 In:14 Wi:14 Ch:8 Lawful S:0     
Dlvl:1 $:0 HP:14(15) Pw:1(1) AC:9 Xp:1/0                                        

",0.0,False
47,southwest,,"message:


language observation:
vertical wall far east
horizontal wall near north, northeast, southeast, south, southwest, and northwest
vertical wall near west

cursor:
Yourself a archeologist
(x=65, y=7)

map:
                                                                                
                                                                                
                                                                                
                                                             -----------        
                             |                               |.........|        
                             |.....                          -.........|        
                             |                               |...@.....|        
                                                             |.........|        
                                                             |.........|        
                                                             -----------        
                                                                                
                                                                                
                                                                                
                                                                                
                                                                                
                                                                                
                                                                                
                                                                                
                                                                                
                                                                                
                                                                                
Agent the Digger               St:17 Dx:12 Co:9 In:14 Wi:14 Ch:8 Lawful S:0     
Dlvl:1 $:0 HP:14(15) Pw:1(1) AC:9 Xp:1/0                                        

",0.0,False
48,search,"The goal is to reach the stairs down. Based on the current layout, the stairs down are likely hidden behind a wall or a dark area. I have been trying to move through walls and kick objects to clear the path. However, this approach has not been successful.

To proceed, I will try to find a hidden door or passage using the 'search' action. Once I find a hidden door, I can try to open it or kick it to clear the path.

My high-level plan is to:

1. Search the current location to find any hidden doors or passages
2. If a hidden door or passage is found, try to open it or kick it to clear the path
3. If the path is cleared, proceed to the stairs down

I will start by searching the current location.

I will choose the 'search' action to begin.","message:


language observation:
vertical wall far east
horizontal wall near north, northeast, southeast, south, southwest, and northwest
vertical wall near west

cursor:
Yourself a archeologist
(x=65, y=7)

map:
                                                                                
                                                                                
                                                                                
                                                             -----------        
                             |                               |.........|        
                             |.....                          -.........|        
                             |                               |...@.....|        
                                                             |.........|        
                                                             |.........|        
                                                             -----------        
                                                                                
                                                                                
                                                                                
                                                                                
                                                                                
                                                                                
                                                                                
                                                                                
                                                                                
                                                                                
                                                                                
Agent the Digger               St:17 Dx:12 Co:9 In:14 Wi:14 Ch:8 Lawful S:0     
Dlvl:1 $:0 HP:14(15) Pw:1(1) AC:9 Xp:1/0                                        

",0.0,False
49,kick,,"message:


language observation:
vertical wall far east
horizontal wall near north, northeast, southeast, south, southwest, and northwest
vertical wall near west

cursor:
Yourself a archeologist
(x=65, y=7)

map:
                                                                                
                                                                                
                                                                                
                                                             -----------        
                             |                               |.........|        
                             |.....                          -.........|        
                             |                               |...@.....|        
                                                             |.........|        
                                                             |.........|        
                                                             -----------        
                                                                                
                                                                                
                                                                                
                                                                                
                                                                                
                                                                                
                                                                                
                                                                                
                                                                                
                                                                                
                                                                                
Agent the Digger               St:17 Dx:12 Co:9 In:14 Wi:14 Ch:8 Lawful S:0     
Dlvl:1 $:0 HP:14(15) Pw:1(1) AC:9 Xp:1/0                                        

",0.0,False
50,search,,"message:


language observation:
vertical wall far east
horizontal wall near north, northeast, southeast, south, southwest, and northwest
vertical wall near west

cursor:
Yourself a archeologist
(x=65, y=7)

map:
                                                                                
                                                                                
                                                                                
                                                             -----------        
                             |                               |.........|        
                             |.....                          -.........|        
                             |                               |...@.....|        
                                                             |.........|        
                                                             |.........|        
                                                             -----------        
                                                                                
                                                                                
                                                                                
                                                                                
                                                                                
                                                                                
                                                                                
                                                                                
                                                                                
                                                                                
                                                                                
Agent the Digger               St:17 Dx:12 Co:9 In:14 Wi:14 Ch:8 Lawful S:0     
Dlvl:1 $:0 HP:15(15) Pw:1(1) AC:9 Xp:1/0                                        

",0.0,False
51,east,,"message:


language observation:
horizontal wall near north, northeast, southeast, south, southwest, and northwest
vertical wall near east and west
stairs up adjacent west

cursor:
Yourself a archeologist
(x=66, y=7)

map:
                                                                                
                                                                                
                                                                                
                                                             -----------        
                             |                               |.........|        
                             |.....                          -.........|        
                             |                               |...<@....|        
                                                             |.........|        
                                                             |.........|        
                                                             -----------        
                                                                                
                                                                                
                                                                                
                                                                                
                                                                                
                                                                                
                                                                                
                                                                                
                                                                                
                                                                                
                                                                                
Agent the Digger               St:17 Dx:12 Co:9 In:14 Wi:14 Ch:8 Lawful S:0     
Dlvl:1 $:0 HP:15(15) Pw:1(1) AC:9 Xp:1/0                                        

",0.0,False
52,west,,"message:


language observation:
vertical wall far east
horizontal wall near north, northeast, southeast, south, southwest, and northwest
vertical wall near west

cursor:
Yourself a archeologist
(x=65, y=7)

map:
                                                                                
                                                                                
                                                                                
                                                             -----------        
                             |                               |.........|        
                             |.....                          -.........|        
                             |                               |...@.....|        
                                                             |.........|        
                                                             |.........|        
                                                             -----------        
                                                                                
                                                                                
                                                                                
                                                                                
                                                                                
                                                                                
                                                                                
                                                                                
                                                                                
                                                                                
                                                                                
Agent the Digger               St:17 Dx:12 Co:9 In:14 Wi:14 Ch:8 Lawful S:0     
Dlvl:1 $:0 HP:15(15) Pw:1(1) AC:9 Xp:1/0                                        

",0.0,False
53,north,,"message:


language observation:
vertical wall far east
horizontal wall near southeast and south
southwest corner near southwest
vertical open door near west
dark area near west
horizontal wall very near north, northeast, and northwest
stairs up adjacent south

cursor:
Yourself a archeologist
(x=65, y=6)

map:
                                                                                
                                                                                
                                                                                
                                                             -----------        
                             |                               |.........|        
                             |.....                          -...@.....|        
                             |                               |...<.....|        
                                                             |.........|        
                                                             |.........|        
                                                             -----------        
                                                                                
                                                                                
                                                                                
                                                                                
                                                                                
                                                                                
                                                                                
                                                                                
                                                                                
                                                                                
                                                                                
Agent the Digger               St:17 Dx:12 Co:9 In:14 Wi:14 Ch:8 Lawful S:0     
Dlvl:1 $:0 HP:15(15) Pw:1(1) AC:9 Xp:1/0                                        

",0.0,False
54,west,"I will review the map and observations to understand the current layout. The goal is to reach the stairs down. I notice that there is a vertical open door near the west and a dark area nearby. I suspect that the stairs down might be hidden behind this open door or the dark area.

To proceed, I will try to find a way to open the door or explore the dark area. Since the open door is near the west, I will try to approach it and see what's behind it.

I will search the area to find any hidden doors or passages and then proceed to the west to investigate the open door.","message:


language observation:
vertical wall far east
horizontal wall near southeast and south
vertical wall near southwest
vertical open door near west
dark area near west
horizontal wall very near north, northeast, and northwest
stairs up adjacent southeast

cursor:
Yourself a archeologist
(x=64, y=6)

map:
                                                                                
                                                                                
                                                                                
                                                             -----------        
                             |                               |.........|        
                             |.....                          -..@......|        
                             |                               |...<.....|        
                                                             |.........|        
                                                             |.........|        
                                                             -----------        
                                                                                
                                                                                
                                                                                
                                                                                
                                                                                
                                                                                
                                                                                
                                                                                
                                                                                
                                                                                
                                                                                
Agent the Digger               St:17 Dx:12 Co:9 In:14 Wi:14 Ch:8 Lawful S:0     
Dlvl:1 $:0 HP:15(15) Pw:1(1) AC:9 Xp:1/0                                        

",0.0,False
55,open,,"message:
In what direction?

language observation:
vertical wall far east
horizontal wall near southeast and south
vertical wall near southwest
vertical open door near west
dark area near west
horizontal wall very near north, northeast, and northwest
stairs up adjacent southeast

cursor:

(x=19, y=0)

map:
                                                                                
                                                                                
                                                                                
                                                             -----------        
                             |                               |.........|        
                             |.....                          -..@......|        
                             |                               |...<.....|        
                                                             |.........|        
                                                             |.........|        
                                                             -----------        
                                                                                
                                                                                
                                                                                
                                                                                
                                                                                
                                                                                
                                                                                
                                                                                
                                                                                
                                                                                
                                                                                
Agent the Digger               St:17 Dx:12 Co:9 In:14 Wi:14 Ch:8 Lawful S:0     
Dlvl:1 $:0 HP:15(15) Pw:1(1) AC:9 Xp:1/0                                        

",0.0,False
56,south,,"message:
You see no door there.

language observation:
vertical wall far east
horizontal wall near southeast and south
vertical wall near southwest
vertical open door near west
dark area near west
horizontal wall very near north, northeast, and northwest
stairs up adjacent southeast

cursor:
Yourself a archeologist
(x=64, y=6)

map:
                                                                                
                                                                                
                                                                                
                                                             -----------        
                             |                               |.........|        
                             |.....                          -..@......|        
                             |                               |...<.....|        
                                                             |.........|        
                                                             |.........|        
                                                             -----------        
                                                                                
                                                                                
                                                                                
                                                                                
                                                                                
                                                                                
                                                                                
                                                                                
                                                                                
                                                                                
                                                                                
Agent the Digger               St:17 Dx:12 Co:9 In:14 Wi:14 Ch:8 Lawful S:0     
Dlvl:1 $:0 HP:15(15) Pw:1(1) AC:9 Xp:1/0                                        

",0.0,False
57,southwest,,"message:


language observation:
vertical wall far east
horizontal wall near north, northeast, southeast, and south
stairs up very near east
vertical wall very near southwest, west, and northwest

cursor:
Yourself a archeologist
(x=63, y=7)

map:
                                                                                
                                                                                
                                                                                
                                                             -----------        
                             |                               |.........|        
                             |.....                          -.........|        
                             |                               |.@.<.....|        
                                                             |.........|        
                                                             |.........|        
                                                             -----------        
                                                                                
                                                                                
                                                                                
                                                                                
                                                                                
                                                                                
                                                                                
                                                                                
                                                                                
                                                                                
                                                                                
Agent the Digger               St:17 Dx:12 Co:9 In:14 Wi:14 Ch:8 Lawful S:0     
Dlvl:1 $:0 HP:15(15) Pw:1(1) AC:9 Xp:1/0                                        

",0.0,False
58,north,,"message:
Your leg feels better.

language observation:
vertical wall far east
horizontal wall near southeast and south
dark area near west
horizontal wall very near north and northeast
stairs up very near eastsoutheast
vertical wall very near southwest
vertical open door very near west
northwest room corner very near northwest

cursor:
Yourself a archeologist
(x=63, y=6)

map:
                                                                                
                                                                                
                                                                                
                                                             -----------        
                             |                               |.........|        
                             |.....                          -.@.......|        
                             |                               |...<.....|        
                                                             |.........|        
                                                             |.........|        
                                                             -----------        
                                                                                
                                                                                
                                                                                
                                                                                
                                                                                
                                                                                
                                                                                
                                                                                
                                                                                
                                                                                
                                                                                
Agent the Digger               St:17 Dx:13 Co:9 In:14 Wi:14 Ch:8 Lawful S:0     
Dlvl:1 $:0 HP:15(15) Pw:1(1) AC:9 Xp:1/0                                        

",0.0,False
59,east,,"message:


language observation:
vertical wall far east
horizontal wall near southeast and south
vertical wall near southwest
vertical open door near west
dark area near west
horizontal wall very near north, northeast, and northwest
stairs up adjacent southeast

cursor:
Yourself a archeologist
(x=64, y=6)

map:
                                                                                
                                                                                
                                                                                
                                                             -----------        
                             |                               |.........|        
                             |.....                          -..@......|        
                             |                               |...<.....|        
                                                             |.........|        
                                                             |.........|        
                                                             -----------        
                                                                                
                                                                                
                                                                                
                                                                                
                                                                                
                                                                                
                                                                                
                                                                                
                                                                                
                                                                                
                                                                                
Agent the Digger               St:17 Dx:13 Co:9 In:14 Wi:14 Ch:8 Lawful S:0     
Dlvl:1 $:0 HP:15(15) Pw:1(1) AC:9 Xp:1/0                                        

",0.0,False
60,east,"The goal is to reach the stairs down. After reviewing the map and observations, I noticed that the stairs down are adjacent to the southeast. I also noticed that there is a horizontal wall near the southeast that blocks the way to the stairs down.

My plan is to try to find a way to get past the horizontal wall and then reach the stairs down. One possible solution is to try to find a hidden door or passage behind the horizontal wall. I can do this by searching the area.

To achieve this, I will first search the area to find any hidden doors or passages. If I find one, I will try to open it and see where it leads. If not, I will try to find another way to get past the horizontal wall, such as by using my whip to destroy it or by finding another door that leads to the southeast.

My high-level plan is to search for a hidden door or passage, and then try to open it and follow it to the stairs down.","message:


language observation:
vertical wall far east
horizontal wall near southeast and south
southwest corner near southwest
vertical open door near west
dark area near west
horizontal wall very near north, northeast, and northwest
stairs up adjacent south

cursor:
Yourself a archeologist
(x=65, y=6)

map:
                                                                                
                                                                                
                                                                                
                                                             -----------        
                             |                               |.........|        
                             |.....                          -...@.....|        
                             |                               |...<.....|        
                                                             |.........|        
                                                             |.........|        
                                                             -----------        
                                                                                
                                                                                
                                                                                
                                                                                
                                                                                
                                                                                
                                                                                
                                                                                
                                                                                
                                                                                
                                                                                
Agent the Digger               St:17 Dx:13 Co:9 In:14 Wi:14 Ch:8 Lawful S:0     
Dlvl:1 $:0 HP:15(15) Pw:1(1) AC:9 Xp:1/0                                        

",0.0,False
61,search,,"message:


language observation:
vertical wall far east
horizontal wall near southeast and south
southwest corner near southwest
vertical open door near west
dark area near west
horizontal wall very near north, northeast, and northwest
stairs up adjacent south

cursor:
Yourself a archeologist
(x=65, y=6)

map:
                                                                                
                                                                                
                                                                                
                                                             -----------        
                             |                               |.........|        
                             |.....                          -...@.....|        
                             |                               |...<.....|        
                                                             |.........|        
                                                             |.........|        
                                                             -----------        
                                                                                
                                                                                
                                                                                
                                                                                
                                                                                
                                                                                
                                                                                
                                                                                
                                                                                
                                                                                
                                                                                
Agent the Digger               St:17 Dx:13 Co:9 In:14 Wi:14 Ch:8 Lawful S:0     
Dlvl:1 $:0 HP:15(15) Pw:1(1) AC:9 Xp:1/0                                        

",0.0,False
62,open,,"message:
In what direction?

language observation:
vertical wall far east
horizontal wall near southeast and south
southwest corner near southwest
vertical open door near west
dark area near west
horizontal wall very near north, northeast, and northwest
stairs up adjacent south

cursor:

(x=19, y=0)

map:
                                                                                
                                                                                
                                                                                
                                                             -----------        
                             |                               |.........|        
                             |.....                          -...@.....|        
                             |                               |...<.....|        
                                                             |.........|        
                                                             |.........|        
                                                             -----------        
                                                                                
                                                                                
                                                                                
                                                                                
                                                                                
                                                                                
                                                                                
                                                                                
                                                                                
                                                                                
                                                                                
Agent the Digger               St:17 Dx:13 Co:9 In:14 Wi:14 Ch:8 Lawful S:0     
Dlvl:1 $:0 HP:15(15) Pw:1(1) AC:9 Xp:1/0                                        

",0.0,False
63,south,,"message:
You see no door there.

language observation:
vertical wall far east
horizontal wall near southeast and south
southwest corner near southwest
vertical open door near west
dark area near west
horizontal wall very near north, northeast, and northwest
stairs up adjacent south

cursor:
Yourself a archeologist
(x=65, y=6)

map:
                                                                                
                                                                                
                                                                                
                                                             -----------        
                             |                               |.........|        
                             |.....                          -...@.....|        
                             |                               |...<.....|        
                                                             |.........|        
                                                             |.........|        
                                                             -----------        
                                                                                
                                                                                
                                                                                
                                                                                
                                                                                
                                                                                
                                                                                
                                                                                
                                                                                
                                                                                
                                                                                
Agent the Digger               St:17 Dx:13 Co:9 In:14 Wi:14 Ch:8 Lawful S:0     
Dlvl:1 $:0 HP:15(15) Pw:1(1) AC:9 Xp:1/0                                        

",0.0,False
64,search,,"message:


language observation:
vertical wall far east
horizontal wall near southeast and south
southwest corner near southwest
vertical open door near west
dark area near west
horizontal wall very near north, northeast, and northwest
stairs up adjacent south

cursor:
Yourself a archeologist
(x=65, y=6)

map:
                                                                                
                                                                                
                                                                                
                                                             -----------        
                             |                               |.........|        
                             |.....                          -...@.....|        
                             |                               |...<.....|        
                                                             |.........|        
                                                             |.........|        
                                                             -----------        
                                                                                
                                                                                
                                                                                
                                                                                
                                                                                
                                                                                
                                                                                
                                                                                
                                                                                
                                                                                
                                                                                
Agent the Digger               St:17 Dx:13 Co:9 In:14 Wi:14 Ch:8 Lawful S:0     
Dlvl:1 $:0 HP:15(15) Pw:1(1) AC:9 Xp:1/0                                        

",0.0,False
65,south,,"message:


language observation:
vertical wall far east
horizontal wall near north, northeast, southeast, south, southwest, and northwest
vertical wall near west

cursor:
Yourself a archeologist
(x=65, y=7)

map:
                                                                                
                                                                                
                                                                                
                                                             -----------        
                             |                               |.........|        
                             |.....                          -.........|        
                             |                               |...@.....|        
                                                             |.........|        
                                                             |.........|        
                                                             -----------        
                                                                                
                                                                                
                                                                                
                                                                                
                                                                                
                                                                                
                                                                                
                                                                                
                                                                                
                                                                                
                                                                                
Agent the Digger               St:17 Dx:13 Co:9 In:14 Wi:14 Ch:8 Lawful S:0     
Dlvl:1 $:0 HP:15(15) Pw:1(1) AC:9 Xp:1/0                                        

",0.0,False
66,southwest,"Based on my previous observations, I noticed that the stairs down are adjacent to the southeast, but there is a horizontal wall blocking the way. My plan is to search the area again to find a hidden door or passage that could lead me past the wall. If I find one, I will try to open it and follow it to the stairs down. If not, I will try to find another way to get past the wall, such as by using my bullwhip to destroy it. My goal is to reach the stairs down and continue exploring the level.","message:


language observation:
vertical wall far east
horizontal wall near north and northeast
vertical wall near west and northwest
horizontal wall very near southeast, south, and southwest
stairs up adjacent northeast

cursor:
Yourself a archeologist
(x=64, y=8)

map:
                                                                                
                                                                                
                                                                                
                                                             -----------        
                             |                               |.........|        
                             |.....                          -.........|        
                             |                               |...<.....|        
                                                             |..@......|        
                                                             |.........|        
                                                             -----------        
                                                                                
                                                                                
                                                                                
                                                                                
                                                                                
                                                                                
                                                                                
                                                                                
                                                                                
                                                                                
                                                                                
Agent the Digger               St:17 Dx:13 Co:9 In:14 Wi:14 Ch:8 Lawful S:0     
Dlvl:1 $:0 HP:15(15) Pw:1(1) AC:9 Xp:1/0                                        

",0.0,False
67,north,,"message:


language observation:
vertical wall far east
horizontal wall near north, northeast, southeast, and south
southwest corner near southwest
vertical wall near west
northwest room corner near northwest
stairs up adjacent east

cursor:
Yourself a archeologist
(x=64, y=7)

map:
                                                                                
                                                                                
                                                                                
                                                             -----------        
                             |                               |.........|        
                             |.....                          -.........|        
                             |                               |..@<.....|        
                                                             |.........|        
                                                             |.........|        
                                                             -----------        
                                                                                
                                                                                
                                                                                
                                                                                
                                                                                
                                                                                
                                                                                
                                                                                
                                                                                
                                                                                
                                                                                
Agent the Digger               St:17 Dx:13 Co:9 In:14 Wi:14 Ch:8 Lawful S:0     
Dlvl:1 $:0 HP:15(15) Pw:1(1) AC:9 Xp:1/0                                        

",0.0,False
68,east,,"message:


language observation:
vertical wall far east
horizontal wall near north, northeast, southeast, south, southwest, and northwest
vertical wall near west

cursor:
Yourself a archeologist
(x=65, y=7)

map:
                                                                                
                                                                                
                                                                                
                                                             -----------        
                             |                               |.........|        
                             |.....                          -.........|        
                             |                               |...@.....|        
                                                             |.........|        
                                                             |.........|        
                                                             -----------        
                                                                                
                                                                                
                                                                                
                                                                                
                                                                                
                                                                                
                                                                                
                                                                                
                                                                                
                                                                                
                                                                                
Agent the Digger               St:17 Dx:13 Co:9 In:14 Wi:14 Ch:8 Lawful S:0     
Dlvl:1 $:0 HP:15(15) Pw:1(1) AC:9 Xp:1/0                                        

",0.0,False
69,kick,,"message:
In what direction?

language observation:
vertical wall far east
horizontal wall near north, northeast, southeast, south, southwest, and northwest
vertical wall near west

cursor:

(x=19, y=0)

map:
                                                                                
                                                                                
                                                                                
                                                             -----------        
                             |                               |.........|        
                             |.....                          -.........|        
                             |                               |...@.....|        
                                                             |.........|        
                                                             |.........|        
                                                             -----------        
                                                                                
                                                                                
                                                                                
                                                                                
                                                                                
                                                                                
                                                                                
                                                                                
                                                                                
                                                                                
                                                                                
Agent the Digger               St:17 Dx:13 Co:9 In:14 Wi:14 Ch:8 Lawful S:0     
Dlvl:1 $:0 HP:15(15) Pw:1(1) AC:9 Xp:1/0                                        

",0.0,False
70,search,,"message:


language observation:
vertical wall far east
horizontal wall near north, northeast, southeast, south, southwest, and northwest
vertical wall near west

cursor:
Yourself a archeologist
(x=65, y=7)

map:
                                                                                
                                                                                
                                                                                
                                                             -----------        
                             |                               |.........|        
                             |.....                          -.........|        
                             |                               |...@.....|        
                                                             |.........|        
                                                             |.........|        
                                                             -----------        
                                                                                
                                                                                
                                                                                
                                                                                
                                                                                
                                                                                
                                                                                
                                                                                
                                                                                
                                                                                
                                                                                
Agent the Digger               St:17 Dx:13 Co:9 In:14 Wi:14 Ch:8 Lawful S:0     
Dlvl:1 $:0 HP:15(15) Pw:1(1) AC:9 Xp:1/0                                        

",0.0,False
71,north,,"message:


language observation:
vertical wall far east
horizontal wall near southeast and south
southwest corner near southwest
vertical open door near west
dark area near west
horizontal wall very near north, northeast, and northwest
stairs up adjacent south

cursor:
Yourself a archeologist
(x=65, y=6)

map:
                                                                                
                                                                                
                                                                                
                                                             -----------        
                             |                               |.........|        
                             |.....                          -...@.....|        
                             |                               |...<.....|        
                                                             |.........|        
                                                             |.........|        
                                                             -----------        
                                                                                
                                                                                
                                                                                
                                                                                
                                                                                
                                                                                
                                                                                
                                                                                
                                                                                
                                                                                
                                                                                
Agent the Digger               St:17 Dx:13 Co:9 In:14 Wi:14 Ch:8 Lawful S:0     
Dlvl:1 $:0 HP:15(15) Pw:1(1) AC:9 Xp:1/0                                        

",0.0,False
72,southwest,"The goal is to reach the stairs down. The current situation is that I am in a room with a horizontal wall blocking the path to the stairs down. The room has a door to the west, but it is dark and I am not sure what is on the other side. I need to find a way to get past the horizontal wall and reach the stairs down.

To achieve this, I will first try to search the room to see if there are any hidden doors or passages that I can use to get past the wall. If there are no hidden doors or passages, I will try to open the door to the west and explore the dark area. If the door is locked or there is an enemy, I will use my bullwhip to deal with the situation.

Once I have cleared the path to the stairs down, I will make my way there and try to find a way to descend.","message:


language observation:
vertical wall far east
horizontal wall near north, northeast, southeast, and south
southwest corner near southwest
vertical wall near west
northwest room corner near northwest
stairs up adjacent east

cursor:
Yourself a archeologist
(x=64, y=7)

map:
                                                                                
                                                                                
                                                                                
                                                             -----------        
                             |                               |.........|        
                             |.....                          -.........|        
                             |                               |..@<.....|        
                                                             |.........|        
                                                             |.........|        
                                                             -----------        
                                                                                
                                                                                
                                                                                
                                                                                
                                                                                
                                                                                
                                                                                
                                                                                
                                                                                
                                                                                
                                                                                
Agent the Digger               St:17 Dx:13 Co:9 In:14 Wi:14 Ch:8 Lawful S:0     
Dlvl:1 $:0 HP:15(15) Pw:1(1) AC:9 Xp:1/0                                        

",0.0,False
73,south,,"message:


language observation:
vertical wall far east
horizontal wall near north and northeast
vertical wall near west and northwest
horizontal wall very near southeast, south, and southwest
stairs up adjacent northeast

cursor:
Yourself a archeologist
(x=64, y=8)

map:
                                                                                
                                                                                
                                                                                
                                                             -----------        
                             |                               |.........|        
                             |.....                          -.........|        
                             |                               |...<.....|        
                                                             |..@......|        
                                                             |.........|        
                                                             -----------        
                                                                                
                                                                                
                                                                                
                                                                                
                                                                                
                                                                                
                                                                                
                                                                                
                                                                                
                                                                                
                                                                                
Agent the Digger               St:17 Dx:13 Co:9 In:14 Wi:14 Ch:8 Lawful S:0     
Dlvl:1 $:0 HP:15(15) Pw:1(1) AC:9 Xp:1/0                                        

",0.0,False
74,north,,"message:


language observation:
vertical wall far east
horizontal wall near north, northeast, southeast, and south
southwest corner near southwest
vertical wall near west
northwest room corner near northwest
stairs up adjacent east

cursor:
Yourself a archeologist
(x=64, y=7)

map:
                                                                                
                                                                                
                                                                                
                                                             -----------        
                             |                               |.........|        
                             |.....                          -.........|        
                             |                               |..@<.....|        
                                                             |.........|        
                                                             |.........|        
                                                             -----------        
                                                                                
                                                                                
                                                                                
                                                                                
                                                                                
                                                                                
                                                                                
                                                                                
                                                                                
                                                                                
                                                                                
Agent the Digger               St:17 Dx:13 Co:9 In:14 Wi:14 Ch:8 Lawful S:0     
Dlvl:1 $:0 HP:15(15) Pw:1(1) AC:9 Xp:1/0                                        

",0.0,False
75,east,,"message:


language observation:
vertical wall far east
horizontal wall near north, northeast, southeast, south, southwest, and northwest
vertical wall near west

cursor:
Yourself a archeologist
(x=65, y=7)

map:
                                                                                
                                                                                
                                                                                
                                                             -----------        
                             |                               |.........|        
                             |.....                          -.........|        
                             |                               |...@.....|        
                                                             |.........|        
                                                             |.........|        
                                                             -----------        
                                                                                
                                                                                
                                                                                
                                                                                
                                                                                
                                                                                
                                                                                
                                                                                
                                                                                
                                                                                
                                                                                
Agent the Digger               St:17 Dx:13 Co:9 In:14 Wi:14 Ch:8 Lawful S:0     
Dlvl:1 $:0 HP:15(15) Pw:1(1) AC:9 Xp:1/0                                        

",0.0,False
76,east,,"message:


language observation:
horizontal wall near north, northeast, southeast, south, southwest, and northwest
vertical wall near east and west
stairs up adjacent west

cursor:
Yourself a archeologist
(x=66, y=7)

map:
                                                                                
                                                                                
                                                                                
                                                             -----------        
                             |                               |.........|        
                             |.....                          -.........|        
                             |                               |...<@....|        
                                                             |.........|        
                                                             |.........|        
                                                             -----------        
                                                                                
                                                                                
                                                                                
                                                                                
                                                                                
                                                                                
                                                                                
                                                                                
                                                                                
                                                                                
                                                                                
Agent the Digger               St:17 Dx:13 Co:9 In:14 Wi:14 Ch:8 Lawful S:0     
Dlvl:1 $:0 HP:15(15) Pw:1(1) AC:9 Xp:1/0                                        

",0.0,False
77,southwest,,"message:


language observation:
vertical wall far east
horizontal wall near north and northeast
vertical wall near west
northwest room corner near northwest
horizontal wall very near southeast, south, and southwest
stairs up adjacent north

cursor:
Yourself a archeologist
(x=65, y=8)

map:
                                                                                
                                                                                
                                                                                
                                                             -----------        
                             |                               |.........|        
                             |.....                          -.........|        
                             |                               |...<.....|        
                                                             |...@.....|        
                                                             |.........|        
                                                             -----------        
                                                                                
                                                                                
                                                                                
                                                                                
                                                                                
                                                                                
                                                                                
                                                                                
                                                                                
                                                                                
                                                                                
Agent the Digger               St:17 Dx:13 Co:9 In:14 Wi:14 Ch:8 Lawful S:0     
Dlvl:1 $:0 HP:15(15) Pw:1(1) AC:9 Xp:1/0                                        

",0.0,False
78,south,"The goal is to reach the stairs down. Based on the current situation, I am in a room with a horizontal wall blocking the path to the stairs down, which are now adjacent to the north. I have tried searching the room, but there are no hidden doors or passages that I can use to get past the wall. I have also explored the dark area to the west and didn't find any obstacles.

To achieve this, I will first try to open the door to the south. If it is locked, I will use my bullwhip to deal with the situation. Once I have cleared the path to the stairs down, I will make my way there and try to find a way to descend.","message:


language observation:
vertical wall far east
horizontal wall near north and northeast
vertical wall near west and northwest
stairs up very near north
horizontal wall adjacent southeast, south, and southwest

cursor:
Yourself a archeologist
(x=65, y=9)

map:
                                                                                
                                                                                
                                                                                
                                                             -----------        
                             |                               |.........|        
                             |.....                          -.........|        
                             |                               |...<.....|        
                                                             |.........|        
                                                             |...@.....|        
                                                             -----------        
                                                                                
                                                                                
                                                                                
                                                                                
                                                                                
                                                                                
                                                                                
                                                                                
                                                                                
                                                                                
                                                                                
Agent the Digger               St:17 Dx:13 Co:9 In:14 Wi:14 Ch:8 Lawful S:0     
Dlvl:1 $:0 HP:15(15) Pw:1(1) AC:9 Xp:1/0                                        

",0.0,False
79,open,,"message:
In what direction?

language observation:
vertical wall far east
horizontal wall near north and northeast
vertical wall near west and northwest
stairs up very near north
horizontal wall adjacent southeast, south, and southwest

cursor:

(x=19, y=0)

map:
                                                                                
                                                                                
                                                                                
                                                             -----------        
                             |                               |.........|        
                             |.....                          -.........|        
                             |                               |...<.....|        
                                                             |.........|        
                                                             |...@.....|        
                                                             -----------        
                                                                                
                                                                                
                                                                                
                                                                                
                                                                                
                                                                                
                                                                                
                                                                                
                                                                                
                                                                                
                                                                                
Agent the Digger               St:17 Dx:13 Co:9 In:14 Wi:14 Ch:8 Lawful S:0     
Dlvl:1 $:0 HP:15(15) Pw:1(1) AC:9 Xp:1/0                                        

",0.0,False
80,north,,"message:
You see no door there.

language observation:
vertical wall far east
horizontal wall near north and northeast
vertical wall near west and northwest
stairs up very near north
horizontal wall adjacent southeast, south, and southwest

cursor:
Yourself a archeologist
(x=65, y=9)

map:
                                                                                
                                                                                
                                                                                
                                                             -----------        
                             |                               |.........|        
                             |.....                          -.........|        
                             |                               |...<.....|        
                                                             |.........|        
                                                             |...@.....|        
                                                             -----------        
                                                                                
                                                                                
                                                                                
                                                                                
                                                                                
                                                                                
                                                                                
                                                                                
                                                                                
                                                                                
                                                                                
Agent the Digger               St:17 Dx:13 Co:9 In:14 Wi:14 Ch:8 Lawful S:0     
Dlvl:1 $:0 HP:15(15) Pw:1(1) AC:9 Xp:1/0                                        

",0.0,False
81,kick,,"message:
In what direction?

language observation:
vertical wall far east
horizontal wall near north and northeast
vertical wall near west and northwest
stairs up very near north
horizontal wall adjacent southeast, south, and southwest

cursor:

(x=19, y=0)

map:
                                                                                
                                                                                
                                                                                
                                                             -----------        
                             |                               |.........|        
                             |.....                          -.........|        
                             |                               |...<.....|        
                                                             |.........|        
                                                             |...@.....|        
                                                             -----------        
                                                                                
                                                                                
                                                                                
                                                                                
                                                                                
                                                                                
                                                                                
                                                                                
                                                                                
                                                                                
                                                                                
Agent the Digger               St:17 Dx:13 Co:9 In:14 Wi:14 Ch:8 Lawful S:0     
Dlvl:1 $:0 HP:15(15) Pw:1(1) AC:9 Xp:1/0                                        

",0.0,False
82,north,,"message:
You kick at empty space.

language observation:
vertical wall far east
horizontal wall near north and northeast
vertical wall near west and northwest
stairs up very near north
horizontal wall adjacent southeast, south, and southwest

cursor:
Yourself a archeologist
(x=65, y=9)

map:
                                                                                
                                                                                
                                                                                
                                                             -----------        
                             |                               |.........|        
                             |.....                          -.........|        
                             |                               |...<.....|        
                                                             |.........|        
                                                             |...@.....|        
                                                             -----------        
                                                                                
                                                                                
                                                                                
                                                                                
                                                                                
                                                                                
                                                                                
                                                                                
                                                                                
                                                                                
                                                                                
Agent the Digger               St:17 Dx:13 Co:9 In:14 Wi:14 Ch:8 Lawful S:0     
Dlvl:1 $:0 HP:15(15) Pw:1(1) AC:9 Xp:1/0                                        

",0.0,False
83,northwest,,"message:


language observation:
vertical wall far east
horizontal wall near north and northeast
vertical wall near west and northwest
horizontal wall very near southeast, south, and southwest
stairs up adjacent northeast

cursor:
Yourself a archeologist
(x=64, y=8)

map:
                                                                                
                                                                                
                                                                                
                                                             -----------        
                             |                               |.........|        
                             |.....                          -.........|        
                             |                               |...<.....|        
                                                             |..@......|        
                                                             |.........|        
                                                             -----------        
                                                                                
                                                                                
                                                                                
                                                                                
                                                                                
                                                                                
                                                                                
                                                                                
                                                                                
                                                                                
                                                                                
Agent the Digger               St:17 Dx:13 Co:9 In:14 Wi:14 Ch:8 Lawful S:0     
Dlvl:1 $:0 HP:15(15) Pw:1(1) AC:9 Xp:1/0                                        

",0.0,False
84,east,"My plan is to reach the stairs down by navigating through the room. I will use my bullwhip to kick the horizontal wall in the southeast, south, or southwest, in an attempt to break it down and create a path. If that doesn't work, I will try to find another way around the wall, perhaps by searching for hidden doors or passages. If that fails, I will head east and search the room again for any other options. My goal is to keep exploring and breaking down walls until I find a path to the stairs down.","message:


language observation:
vertical wall far east
horizontal wall near north and northeast
vertical wall near west
northwest room corner near northwest
horizontal wall very near southeast, south, and southwest
stairs up adjacent north

cursor:
Yourself a archeologist
(x=65, y=8)

map:
                                                                                
                                                                                
                                                                                
                                                             -----------        
                             |                               |.........|        
                             |.....                          -.........|        
                             |                               |...<.....|        
                                                             |...@.....|        
                                                             |.........|        
                                                             -----------        
                                                                                
                                                                                
                                                                                
                                                                                
                                                                                
                                                                                
                                                                                
                                                                                
                                                                                
                                                                                
                                                                                
Agent the Digger               St:17 Dx:13 Co:9 In:14 Wi:14 Ch:8 Lawful S:0     
Dlvl:1 $:0 HP:15(15) Pw:1(1) AC:9 Xp:1/0                                        

",0.0,False
85,kick,,"message:
In what direction?

language observation:
vertical wall far east
horizontal wall near north and northeast
vertical wall near west
northwest room corner near northwest
horizontal wall very near southeast, south, and southwest
stairs up adjacent north

cursor:

(x=19, y=0)

map:
                                                                                
                                                                                
                                                                                
                                                             -----------        
                             |                               |.........|        
                             |.....                          -.........|        
                             |                               |...<.....|        
                                                             |...@.....|        
                                                             |.........|        
                                                             -----------        
                                                                                
                                                                                
                                                                                
                                                                                
                                                                                
                                                                                
                                                                                
                                                                                
                                                                                
                                                                                
                                                                                
Agent the Digger               St:17 Dx:13 Co:9 In:14 Wi:14 Ch:8 Lawful S:0     
Dlvl:1 $:0 HP:15(15) Pw:1(1) AC:9 Xp:1/0                                        

",0.0,False
86,south,,"message:
You kick at empty space.

language observation:
vertical wall far east
horizontal wall near north and northeast
vertical wall near west
northwest room corner near northwest
horizontal wall very near southeast, south, and southwest
stairs up adjacent north

cursor:
Yourself a archeologist
(x=65, y=8)

map:
                                                                                
                                                                                
                                                                                
                                                             -----------        
                             |                               |.........|        
                             |.....                          -.........|        
                             |                               |...<.....|        
                                                             |...@.....|        
                                                             |.........|        
                                                             -----------        
                                                                                
                                                                                
                                                                                
                                                                                
                                                                                
                                                                                
                                                                                
                                                                                
                                                                                
                                                                                
                                                                                
Agent the Digger               St:17 Dx:13 Co:9 In:14 Wi:14 Ch:8 Lawful S:0     
Dlvl:1 $:0 HP:15(15) Pw:1(1) AC:9 Xp:1/0                                        

",0.0,False
87,south,,"message:


language observation:
vertical wall far east
horizontal wall near north and northeast
vertical wall near west and northwest
stairs up very near north
horizontal wall adjacent southeast, south, and southwest

cursor:
Yourself a archeologist
(x=65, y=9)

map:
                                                                                
                                                                                
                                                                                
                                                             -----------        
                             |                               |.........|        
                             |.....                          -.........|        
                             |                               |...<.....|        
                                                             |.........|        
                                                             |...@.....|        
                                                             -----------        
                                                                                
                                                                                
                                                                                
                                                                                
                                                                                
                                                                                
                                                                                
                                                                                
                                                                                
                                                                                
                                                                                
Agent the Digger               St:17 Dx:13 Co:9 In:14 Wi:14 Ch:8 Lawful S:0     
Dlvl:1 $:0 HP:15(15) Pw:1(1) AC:9 Xp:1/0                                        

",0.0,False
88,kick southwest,,"

Your previous output did not contain a valid action. Defaulted to action: north

Observation:
message:


language observation:
vertical wall far east
horizontal wall near north and northeast
vertical wall near west
northwest room corner near northwest
horizontal wall very near southeast, south, and southwest
stairs up adjacent north

cursor:
Yourself a archeologist
(x=65, y=8)

map:
                                                                                
                                                                                
                                                                                
                                                             -----------        
                             |                               |.........|        
                             |.....                          -.........|        
                             |                               |...<.....|        
                                                             |...@.....|        
                                                             |.........|        
                                                             -----------        
                                                                                
                                                                                
                                                                                
                                                                                
                                                                                
                                                                                
                                                                                
                                                                                
                                                                                
                                                                                
                                                                                
Agent the Digger               St:17 Dx:13 Co:9 In:14 Wi:14 Ch:8 Lawful S:0     
Dlvl:1 $:0 HP:15(15) Pw:1(1) AC:9 Xp:1/0                                        

",0.0,False
89,search,,"message:


language observation:
vertical wall far east
horizontal wall near north and northeast
vertical wall near west
northwest room corner near northwest
horizontal wall very near southeast, south, and southwest
stairs up adjacent north

cursor:
Yourself a archeologist
(x=65, y=8)

map:
                                                                                
                                                                                
                                                                                
                                                             -----------        
                             |                               |.........|        
                             |.....                          -.........|        
                             |                               |...<.....|        
                                                             |...@.....|        
                                                             |.........|        
                                                             -----------        
                                                                                
                                                                                
                                                                                
                                                                                
                                                                                
                                                                                
                                                                                
                                                                                
                                                                                
                                                                                
                                                                                
Agent the Digger               St:17 Dx:13 Co:9 In:14 Wi:14 Ch:8 Lawful S:0     
Dlvl:1 $:0 HP:15(15) Pw:1(1) AC:9 Xp:1/0                                        

",0.0,False
90,southwest,"My plan is to explore the room and search for any hidden doors or passages that might lead me to the stairs down. Since there are no visible doors or passages, I will use my bullwhip to search the room, checking for any hidden doors or switches that might reveal a path to the stairs down. If that doesn't work, I will try to break down the horizontal wall in the southwest, which might reveal a hidden passage or a new path to the stairs down. My goal is to carefully explore the room and use my available tools to uncover a path to the stairs down.","message:


language observation:
vertical wall far east
horizontal wall near north and northeast
vertical wall near west
vertical open door near northwest
dark area near northwest
stairs up very near northnortheast
horizontal wall adjacent southeast, south, and southwest

cursor:
Yourself a archeologist
(x=64, y=9)

map:
                                                                                
                                                                                
                                                                                
                                                             -----------        
                             |                               |.........|        
                             |.....                          -.........|        
                             |                               |...<.....|        
                                                             |.........|        
                                                             |..@......|        
                                                             -----------        
                                                                                
                                                                                
                                                                                
                                                                                
                                                                                
                                                                                
                                                                                
                                                                                
                                                                                
                                                                                
                                                                                
Agent the Digger               St:17 Dx:13 Co:9 In:14 Wi:14 Ch:8 Lawful S:0     
Dlvl:1 $:0 HP:15(15) Pw:1(1) AC:9 Xp:1/0                                        

",0.0,False
91,search,,"message:


language observation:
vertical wall far east
horizontal wall near north and northeast
vertical wall near west
vertical open door near northwest
dark area near northwest
stairs up very near northnortheast
horizontal wall adjacent southeast, south, and southwest

cursor:
Yourself a archeologist
(x=64, y=9)

map:
                                                                                
                                                                                
                                                                                
                                                             -----------        
                             |                               |.........|        
                             |.....                          -.........|        
                             |                               |...<.....|        
                                                             |.........|        
                                                             |..@......|        
                                                             -----------        
                                                                                
                                                                                
                                                                                
                                                                                
                                                                                
                                                                                
                                                                                
                                                                                
                                                                                
                                                                                
                                                                                
Agent the Digger               St:17 Dx:13 Co:9 In:14 Wi:14 Ch:8 Lawful S:0     
Dlvl:1 $:0 HP:15(15) Pw:1(1) AC:9 Xp:1/0                                        

",0.0,False
92,north,,"message:


language observation:
vertical wall far east
horizontal wall near north and northeast
vertical wall near west and northwest
horizontal wall very near southeast, south, and southwest
stairs up adjacent northeast

cursor:
Yourself a archeologist
(x=64, y=8)

map:
                                                                                
                                                                                
                                                                                
                                                             -----------        
                             |                               |.........|        
                             |.....                          -.........|        
                             |                               |...<.....|        
                                                             |..@......|        
                                                             |.........|        
                                                             -----------        
                                                                                
                                                                                
                                                                                
                                                                                
                                                                                
                                                                                
                                                                                
                                                                                
                                                                                
                                                                                
                                                                                
Agent the Digger               St:17 Dx:13 Co:9 In:14 Wi:14 Ch:8 Lawful S:0     
Dlvl:1 $:0 HP:15(15) Pw:1(1) AC:9 Xp:1/0                                        

",0.0,False
93,east,,"message:


language observation:
vertical wall far east
horizontal wall near north and northeast
vertical wall near west
northwest room corner near northwest
horizontal wall very near southeast, south, and southwest
stairs up adjacent north

cursor:
Yourself a archeologist
(x=65, y=8)

map:
                                                                                
                                                                                
                                                                                
                                                             -----------        
                             |                               |.........|        
                             |.....                          -.........|        
                             |                               |...<.....|        
                                                             |...@.....|        
                                                             |.........|        
                                                             -----------        
                                                                                
                                                                                
                                                                                
                                                                                
                                                                                
                                                                                
                                                                                
                                                                                
                                                                                
                                                                                
                                                                                
Agent the Digger               St:17 Dx:13 Co:9 In:14 Wi:14 Ch:8 Lawful S:0     
Dlvl:1 $:0 HP:15(15) Pw:1(1) AC:9 Xp:1/0                                        

",0.0,False
94,east,,"message:


language observation:
horizontal wall near north, northeast, and northwest
vertical wall near east and west
horizontal wall very near southeast, south, and southwest
stairs up adjacent northwest

cursor:
Yourself a archeologist
(x=66, y=8)

map:
                                                                                
                                                                                
                                                                                
                                                             -----------        
                             |                               |.........|        
                             |.....                          -.........|        
                             |                               |...<.....|        
                                                             |....@....|        
                                                             |.........|        
                                                             -----------        
                                                                                
                                                                                
                                                                                
                                                                                
                                                                                
                                                                                
                                                                                
                                                                                
                                                                                
                                                                                
                                                                                
Agent the Digger               St:17 Dx:13 Co:9 In:14 Wi:14 Ch:8 Lawful S:0     
Dlvl:1 $:0 HP:15(15) Pw:1(1) AC:9 Xp:1/0                                        

",0.0,False
95,northwest,,"message:


language observation:
vertical wall far east
horizontal wall near north, northeast, southeast, south, southwest, and northwest
vertical wall near west

cursor:
Yourself a archeologist
(x=65, y=7)

map:
                                                                                
                                                                                
                                                                                
                                                             -----------        
                             |                               |.........|        
                             |.....                          -.........|        
                             |                               |...@.....|        
                                                             |.........|        
                                                             |.........|        
                                                             -----------        
                                                                                
                                                                                
                                                                                
                                                                                
                                                                                
                                                                                
                                                                                
                                                                                
                                                                                
                                                                                
                                                                                
Agent the Digger               St:17 Dx:13 Co:9 In:14 Wi:14 Ch:8 Lawful S:0     
Dlvl:1 $:0 HP:15(15) Pw:1(1) AC:9 Xp:1/0                                        

",0.0,False
96,search,"The plan is to find the stairs down by exploring the room and searching for any hidden doors or passages. The agent's current position is in the northwest room, and the stairs down are expected to be in the north direction. To get there, the agent will need to move east, then use the search action to find the hidden door or passage that leads to the stairs down.","message:


language observation:
vertical wall far east
horizontal wall near north, northeast, southeast, south, southwest, and northwest
vertical wall near west

cursor:
Yourself a archeologist
(x=65, y=7)

map:
                                                                                
                                                                                
                                                                                
                                                             -----------        
                             |                               |.........|        
                             |.....                          -.........|        
                             |                               |...@.....|        
                                                             |.........|        
                                                             |.........|        
                                                             -----------        
                                                                                
                                                                                
                                                                                
                                                                                
                                                                                
                                                                                
                                                                                
                                                                                
                                                                                
                                                                                
                                                                                
Agent the Digger               St:17 Dx:13 Co:9 In:14 Wi:14 Ch:8 Lawful S:0     
Dlvl:1 $:0 HP:15(15) Pw:1(1) AC:9 Xp:1/0                                        

",0.0,False
97,north,,"message:


language observation:
vertical wall far east
horizontal wall near southeast and south
southwest corner near southwest
vertical open door near west
dark area near west
horizontal wall very near north, northeast, and northwest
stairs up adjacent south

cursor:
Yourself a archeologist
(x=65, y=6)

map:
                                                                                
                                                                                
                                                                                
                                                             -----------        
                             |                               |.........|        
                             |.....                          -...@.....|        
                             |                               |...<.....|        
                                                             |.........|        
                                                             |.........|        
                                                             -----------        
                                                                                
                                                                                
                                                                                
                                                                                
                                                                                
                                                                                
                                                                                
                                                                                
                                                                                
                                                                                
                                                                                
Agent the Digger               St:17 Dx:13 Co:9 In:14 Wi:14 Ch:8 Lawful S:0     
Dlvl:1 $:0 HP:15(15) Pw:1(1) AC:9 Xp:1/0                                        

",0.0,False
98,east,,"message:


language observation:
dark area far west
vertical wall near east
horizontal wall near southeast, south, and southwest
vertical open door near west
horizontal wall very near north, northeast, and northwest
stairs up adjacent southwest

cursor:
Yourself a archeologist
(x=66, y=6)

map:
                                                                                
                                                                                
                                                                                
                                                             -----------        
                             |                               |.........|        
                             |.....                          -....@....|        
                             |                               |...<.....|        
                                                             |.........|        
                                                             |.........|        
                                                             -----------        
                                                                                
                                                                                
                                                                                
                                                                                
                                                                                
                                                                                
                                                                                
                                                                                
                                                                                
                                                                                
                                                                                
Agent the Digger               St:17 Dx:13 Co:9 In:14 Wi:14 Ch:8 Lawful S:0     
Dlvl:1 $:0 HP:15(15) Pw:1(1) AC:9 Xp:1/0                                        

",0.0,False
99,east,,"message:
 
No  Points     Name                                                   Hp [max]
0  Agent-Arc-Dwa-Fem-Law quit in The Dungeons of Doom on
level 1.                                               15  [15]


language observation:
dark area adjacent east, southeast, and south

cursor:
very far eastsoutheast 
(x=77, y=6)

map:
 No  Points     Name                                                   Hp [max] 
                                                                                
            0  Agent-Arc-Dwa-Fem-Law quit in The Dungeons of Doom on            
                                                                                
              level 1.                                               15  [15]   
                                                                                
                                                                                
                                                                                
                                                                                
                                                                                
                                                                                
                                                                                
                                                                                
                                                                                
                                                                                
                                                                                
                                                                                
                                                                                
                                                                                
                                                                                
                                                                                
                                                                                
                                                                                

",0.0,True
