Step,Action,Reasoning,Observation,Reward,Done
0,east,"I will approach the level by systematically moving through the area, utilizing my search action to uncover any hidden doors and passages, while keeping a safe distance from the dark area near the east to avoid potential threats. I will also keep my katana at hand and ready for any unexpected dangers. Since my ultimate goal is to reach the stairs down, I will continue to move east and north until I find the stairs.","message:


language observation:
vertical closed door far westnorthwest
horizontal wall near north and northwest
dark area near east
vertical wall very near northeast
doorway very near east
dark area very near southeast
doorway adjacent southeast
horizontal wall adjacent south and southwest
stairs up adjacent west

cursor:
Yourself a samurai
(x=40, y=7)

map:
                                                                                
                                                                                
                                                                                
                              -------------                                     
                              |...........|                                     
                              +...........|                                     
                              |........<@..                                     
                              -----------.-                                     
                                                                                
                                                                                
                                                                                
                                                                                
                                                                                
                                                                                
                                                                                
                                                                                
                                                                                
                                                                                
                                                                                
                                                                                
                                                                                
Agent the Hatamoto             St:15 Dx:17 Co:18 In:9 Wi:8 Ch:8 Lawful S:0      
Dlvl:1 $:0 HP:15(15) Pw:2(2) AC:4 Xp:1/0                                        

",0.0,False
1,northwest,,"message:


language observation:
vertical closed door far west
vertical wall near east
dark area near southeast
horizontal wall very near north, northeast, south, southwest, and northwest
doorway very near southeast
stairs up adjacent south

cursor:
Yourself a samurai
(x=39, y=6)

map:
                                                                                
                                                                                
                                                                                
                              -------------                                     
                              |...........|                                     
                              +........@..|                                     
                              |........<...                                     
                              -----------.-                                     
                                                                                
                                                                                
                                                                                
                                                                                
                                                                                
                                                                                
                                                                                
                                                                                
                                                                                
                                                                                
                                                                                
                                                                                
                                                                                
Agent the Hatamoto             St:15 Dx:17 Co:18 In:9 Wi:8 Ch:8 Lawful S:0      
Dlvl:1 $:0 HP:15(15) Pw:2(2) AC:4 Xp:1/0                                        

",0.0,False
2,search,,"message:


language observation:
vertical closed door far west
vertical wall near east
dark area near southeast
horizontal wall very near north, northeast, south, southwest, and northwest
doorway very near southeast
stairs up adjacent south

cursor:
Yourself a samurai
(x=39, y=6)

map:
                                                                                
                                                                                
                                                                                
                              -------------                                     
                              |...........|                                     
                              +........@..|                                     
                              |........<...                                     
                              -----------.-                                     
                                                                                
                                                                                
                                                                                
                                                                                
                                                                                
                                                                                
                                                                                
                                                                                
                                                                                
                                                                                
                                                                                
                                                                                
                                                                                
Agent the Hatamoto             St:15 Dx:17 Co:18 In:9 Wi:8 Ch:8 Lawful S:0      
Dlvl:1 $:0 HP:15(15) Pw:2(2) AC:4 Xp:1/0                                        

",0.0,False
3,south,,"message:


language observation:
vertical wall far west
vertical closed door far westnorthwest
horizontal wall near north and northwest
northeast room corner near northeast
doorway near east
dark area near east
horizontal wall adjacent southeast, south, and southwest

cursor:
Yourself a samurai
(x=39, y=7)

map:
                                                                                
                                                                                
                                                                                
                              -------------                                     
                              |...........|                                     
                              +...........|                                     
                              |........@...                                     
                              -----------.-                                     
                                                                                
                                                                                
                                                                                
                                                                                
                                                                                
                                                                                
                                                                                
                                                                                
                                                                                
                                                                                
                                                                                
                                                                                
                                                                                
Agent the Hatamoto             St:15 Dx:17 Co:18 In:9 Wi:8 Ch:8 Lawful S:0      
Dlvl:1 $:0 HP:15(15) Pw:2(2) AC:4 Xp:1/0                                        

",0.0,False
4,east,,"message:


language observation:
vertical closed door far westnorthwest
horizontal wall near north and northwest
dark area near east
vertical wall very near northeast
doorway very near east
dark area very near southeast
doorway adjacent southeast
horizontal wall adjacent south and southwest
stairs up adjacent west

cursor:
Yourself a samurai
(x=40, y=7)

map:
                                                                                
                                                                                
                                                                                
                              -------------                                     
                              |...........|                                     
                              +...........|                                     
                              |........<@..                                     
                              -----------.-                                     
                                                                                
                                                                                
                                                                                
                                                                                
                                                                                
                                                                                
                                                                                
                                                                                
                                                                                
                                                                                
                                                                                
                                                                                
                                                                                
Agent the Hatamoto             St:15 Dx:17 Co:18 In:9 Wi:8 Ch:8 Lawful S:0      
Dlvl:1 $:0 HP:15(15) Pw:2(2) AC:4 Xp:1/0                                        

",0.0,False
5,south,,"message:
It's a wall.

language observation:
vertical closed door far westnorthwest
horizontal wall near north and northwest
dark area near east
vertical wall very near northeast
doorway very near east
dark area very near southeast
doorway adjacent southeast
horizontal wall adjacent south and southwest
stairs up adjacent west

cursor:
Yourself a samurai
(x=40, y=7)

map:
                                                                                
                                                                                
                                                                                
                              -------------                                     
                              |...........|                                     
                              +...........|                                     
                              |........<@..                                     
                              -----------.-                                     
                                                                                
                                                                                
                                                                                
                                                                                
                                                                                
                                                                                
                                                                                
                                                                                
                                                                                
                                                                                
                                                                                
                                                                                
                                                                                
Agent the Hatamoto             St:15 Dx:17 Co:18 In:9 Wi:8 Ch:8 Lawful S:0      
Dlvl:1 $:0 HP:15(15) Pw:2(2) AC:4 Xp:1/0                                        

",0.0,False
6,kick,,"message:
In what direction?

language observation:
vertical closed door far westnorthwest
horizontal wall near north and northwest
dark area near east
vertical wall very near northeast
doorway very near east
dark area very near southeast
doorway adjacent southeast
horizontal wall adjacent south and southwest
stairs up adjacent west

cursor:

(x=19, y=0)

map:
                                                                                
                                                                                
                                                                                
                              -------------                                     
                              |...........|                                     
                              +...........|                                     
                              |........<@..                                     
                              -----------.-                                     
                                                                                
                                                                                
                                                                                
                                                                                
                                                                                
                                                                                
                                                                                
                                                                                
                                                                                
                                                                                
                                                                                
                                                                                
                                                                                
Agent the Hatamoto             St:15 Dx:17 Co:18 In:9 Wi:8 Ch:8 Lawful S:0      
Dlvl:1 $:0 HP:15(15) Pw:2(2) AC:4 Xp:1/0                                        

",0.0,False
7,east,,"message:
You kick at empty space.

language observation:
vertical closed door far westnorthwest
horizontal wall near north and northwest
dark area near east
vertical wall very near northeast
doorway very near east
dark area very near southeast
doorway adjacent southeast
horizontal wall adjacent south and southwest
stairs up adjacent west

cursor:
Yourself a samurai
(x=40, y=7)

map:
                                                                                
                                                                                
                                                                                
                              -------------                                     
                              |...........|                                     
                              +...........|                                     
                              |........<@..                                     
                              -----------.-                                     
                                                                                
                                                                                
                                                                                
                                                                                
                                                                                
                                                                                
                                                                                
                                                                                
                                                                                
                                                                                
                                                                                
                                                                                
                                                                                
Agent the Hatamoto             St:15 Dx:17 Co:18 In:9 Wi:8 Ch:8 Lawful S:0      
Dlvl:1 $:0 HP:15(15) Pw:2(2) AC:4 Xp:1/0                                        

",0.0,False
8,search,,"message:


language observation:
vertical closed door far westnorthwest
horizontal wall near north and northwest
dark area near east
vertical wall very near northeast
doorway very near east
dark area very near southeast
doorway adjacent southeast
horizontal wall adjacent south and southwest
stairs up adjacent west

cursor:
Yourself a samurai
(x=40, y=7)

map:
                                                                                
                                                                                
                                                                                
                              -------------                                     
                              |...........|                                     
                              +...........|                                     
                              |........<@..                                     
                              -----------.-                                     
                                                                                
                                                                                
                                                                                
                                                                                
                                                                                
                                                                                
                                                                                
                                                                                
                                                                                
                                                                                
                                                                                
                                                                                
                                                                                
Agent the Hatamoto             St:15 Dx:17 Co:18 In:9 Wi:8 Ch:8 Lawful S:0      
Dlvl:1 $:0 HP:15(15) Pw:2(2) AC:4 Xp:1/0                                        

",0.0,False
9,east,,"message:


language observation:
vertical closed door far westnorthwest
horizontal wall near north and northwest
dark area very near east and south
stairs up very near west
vertical wall adjacent northeast
doorway adjacent east and south
southeast corner adjacent southeast
horizontal wall adjacent southwest

cursor:
Yourself a samurai
(x=41, y=7)

map:
                                                                                
                                                                                
                                                                                
                              -------------                                     
                              |...........|                                     
                              +...........|                                     
                              |........<.@.                                     
                              -----------.-                                     
                                                                                
                                                                                
                                                                                
                                                                                
                                                                                
                                                                                
                                                                                
                                                                                
                                                                                
                                                                                
                                                                                
                                                                                
                                                                                
Agent the Hatamoto             St:15 Dx:17 Co:18 In:9 Wi:8 Ch:8 Lawful S:0      
Dlvl:1 $:0 HP:15(15) Pw:2(2) AC:4 Xp:1/0                                        

",0.0,False
10,south,,"message:


language observation:
vertical closed door far westnorthwest
horizontal wall near north and northwest
dark area very near northeast and south
stairs up very near westnorthwest
doorway adjacent northeast
southeast corner adjacent east
dark area adjacent southeast and southwest
horizontal wall adjacent west

cursor:
Yourself a samurai
(x=41, y=8)

map:
                                                                                
                                                                                
                                                                                
                              -------------                                     
                              |...........|                                     
                              +...........|                                     
                              |........<...                                     
                              -----------@-                                     
                                         #                                      
                                                                                
                                                                                
                                                                                
                                                                                
                                                                                
                                                                                
                                                                                
                                                                                
                                                                                
                                                                                
                                                                                
                                                                                
Agent the Hatamoto             St:15 Dx:17 Co:18 In:9 Wi:8 Ch:8 Lawful S:0      
Dlvl:1 $:0 HP:15(15) Pw:2(2) AC:4 Xp:1/0                                        

",0.0,False
11,east,,"message:
It's a wall.

language observation:
vertical closed door far westnorthwest
horizontal wall near north and northwest
dark area very near northeast and south
stairs up very near westnorthwest
doorway adjacent northeast
southeast corner adjacent east
dark area adjacent southeast and southwest
horizontal wall adjacent west

cursor:
Yourself a samurai
(x=41, y=8)

map:
                                                                                
                                                                                
                                                                                
                              -------------                                     
                              |...........|                                     
                              +...........|                                     
                              |........<...                                     
                              -----------@-                                     
                                         #                                      
                                                                                
                                                                                
                                                                                
                                                                                
                                                                                
                                                                                
                                                                                
                                                                                
                                                                                
                                                                                
                                                                                
                                                                                
Agent the Hatamoto             St:15 Dx:17 Co:18 In:9 Wi:8 Ch:8 Lawful S:0      
Dlvl:1 $:0 HP:15(15) Pw:2(2) AC:4 Xp:1/0                                        

",0.0,False
12,kick,,"message:
In what direction?

language observation:
vertical closed door far westnorthwest
horizontal wall near north and northwest
dark area very near northeast and south
stairs up very near westnorthwest
doorway adjacent northeast
southeast corner adjacent east
dark area adjacent southeast and southwest
horizontal wall adjacent west

cursor:

(x=19, y=0)

map:
                                                                                
                                                                                
                                                                                
                              -------------                                     
                              |...........|                                     
                              +...........|                                     
                              |........<...                                     
                              -----------@-                                     
                                         #                                      
                                                                                
                                                                                
                                                                                
                                                                                
                                                                                
                                                                                
                                                                                
                                                                                
                                                                                
                                                                                
                                                                                
                                                                                
Agent the Hatamoto             St:15 Dx:17 Co:18 In:9 Wi:8 Ch:8 Lawful S:0      
Dlvl:1 $:0 HP:15(15) Pw:2(2) AC:4 Xp:1/0                                        

",0.0,False
13,search,,"message:


language observation:
vertical closed door far westnorthwest
horizontal wall near north and northwest
dark area very near northeast and south
stairs up very near westnorthwest
doorway adjacent northeast
southeast corner adjacent east
dark area adjacent southeast and southwest
horizontal wall adjacent west

cursor:
Yourself a samurai
(x=41, y=8)

map:
                                                                                
                                                                                
                                                                                
                              -------------                                     
                              |...........|                                     
                              +...........|                                     
                              |........<...                                     
                              -----------@-                                     
                                         #                                      
                                                                                
                                                                                
                                                                                
                                                                                
                                                                                
                                                                                
                                                                                
                                                                                
                                                                                
                                                                                
                                                                                
                                                                                
Agent the Hatamoto             St:15 Dx:17 Co:18 In:9 Wi:8 Ch:8 Lawful S:0      
Dlvl:1 $:0 HP:15(15) Pw:2(2) AC:4 Xp:1/0                                        

",0.0,False
14,north,,"message:


language observation:
vertical closed door far westnorthwest
horizontal wall near north and northwest
dark area near south
dark area very near east
stairs up very near west
vertical wall adjacent northeast
doorway adjacent east and south
southeast corner adjacent southeast
horizontal wall adjacent southwest

cursor:
Yourself a samurai
(x=41, y=7)

map:
                                                                                
                                                                                
                                                                                
                              -------------                                     
                              |...........|                                     
                              +...........|                                     
                              |........<.@.                                     
                              -----------.-                                     
                                         #                                      
                                                                                
                                                                                
                                                                                
                                                                                
                                                                                
                                                                                
                                                                                
                                                                                
                                                                                
                                                                                
                                                                                
                                                                                
Agent the Hatamoto             St:15 Dx:17 Co:18 In:9 Wi:8 Ch:8 Lawful S:0      
Dlvl:1 $:0 HP:15(15) Pw:2(2) AC:4 Xp:1/0                                        

",0.0,False
15,south,,"message:


language observation:
vertical closed door far westnorthwest
horizontal wall near north and northwest
dark area very near northeast and south
stairs up very near westnorthwest
doorway adjacent northeast
southeast corner adjacent east
dark area adjacent southeast and southwest
horizontal wall adjacent west

cursor:
Yourself a samurai
(x=41, y=8)

map:
                                                                                
                                                                                
                                                                                
                              -------------                                     
                              |...........|                                     
                              +...........|                                     
                              |........<...                                     
                              -----------@-                                     
                                         #                                      
                                                                                
                                                                                
                                                                                
                                                                                
                                                                                
                                                                                
                                                                                
                                                                                
                                                                                
                                                                                
                                                                                
                                                                                
Agent the Hatamoto             St:15 Dx:17 Co:18 In:9 Wi:8 Ch:8 Lawful S:0      
Dlvl:1 $:0 HP:15(15) Pw:2(2) AC:4 Xp:1/0                                        

",0.0,False
16,search,"The goal is to reach the stairs down. The current location is north of the stairs up, but there is a horizontal wall preventing direct movement to the west. Searching did not reveal any hidden doors or passages. The most logical approach is to try and find a way to circumvent the horizontal wall or find another path to the stairs. Considering the available actions, the next step would be to try and search for a possible passage or door in a different direction. Additionally, it is essential to move carefully and make progress incrementally, as the environment is quite restricted.

I will attempt to search in a different direction.","message:


language observation:
vertical closed door far westnorthwest
horizontal wall near north and northwest
dark area very near northeast and south
stairs up very near westnorthwest
doorway adjacent northeast
southeast corner adjacent east
dark area adjacent southeast and southwest
horizontal wall adjacent west

cursor:
Yourself a samurai
(x=41, y=8)

map:
                                                                                
                                                                                
                                                                                
                              -------------                                     
                              |...........|                                     
                              +...........|                                     
                              |........<...                                     
                              -----------@-                                     
                                         #                                      
                                                                                
                                                                                
                                                                                
                                                                                
                                                                                
                                                                                
                                                                                
                                                                                
                                                                                
                                                                                
                                                                                
                                                                                
Agent the Hatamoto             St:15 Dx:17 Co:18 In:9 Wi:8 Ch:8 Lawful S:0      
Dlvl:1 $:0 HP:15(15) Pw:2(2) AC:4 Xp:1/0                                        

",0.0,False
17,northeast,,"message:


language observation:
vertical closed door far westnorthwest
stairs up near west
horizontal wall near northwest
dark area very near east, southeast, and southwest
vertical wall adjacent north
dark area adjacent northeast
southeast corner adjacent south
doorway adjacent southwest

cursor:
Yourself a samurai
(x=42, y=7)

map:
                                                                                
                                                                                
                                                                                
                              -------------                                     
                              |...........|                                     
                              +...........|                                     
                              |........<..@#                                    
                              -----------.-#                                    
                                         #                                      
                                                                                
                                                                                
                                                                                
                                                                                
                                                                                
                                                                                
                                                                                
                                                                                
                                                                                
                                                                                
                                                                                
                                                                                
Agent the Hatamoto             St:15 Dx:17 Co:18 In:9 Wi:8 Ch:8 Lawful S:0      
Dlvl:1 $:0 HP:15(15) Pw:2(2) AC:4 Xp:1/0                                        

",0.0,False
18,south,,"message:
It's a wall.

language observation:
vertical closed door far westnorthwest
stairs up near west
horizontal wall near northwest
dark area very near east, southeast, and southwest
vertical wall adjacent north
dark area adjacent northeast
southeast corner adjacent south
doorway adjacent southwest

cursor:
Yourself a samurai
(x=42, y=7)

map:
                                                                                
                                                                                
                                                                                
                              -------------                                     
                              |...........|                                     
                              +...........|                                     
                              |........<..@#                                    
                              -----------.-#                                    
                                         #                                      
                                                                                
                                                                                
                                                                                
                                                                                
                                                                                
                                                                                
                                                                                
                                                                                
                                                                                
                                                                                
                                                                                
                                                                                
Agent the Hatamoto             St:15 Dx:17 Co:18 In:9 Wi:8 Ch:8 Lawful S:0      
Dlvl:1 $:0 HP:15(15) Pw:2(2) AC:4 Xp:1/0                                        

",0.0,False
19,northwest,,"message:


language observation:
vertical closed door far west
dark area near southeast and south
horizontal wall very near north, southwest, and northwest
doorway very near south
stairs up very near westsouthwest
vertical wall adjacent northeast and east
doorway adjacent southeast

cursor:
Yourself a samurai
(x=41, y=6)

map:
                                                                                
                                                                                
                                                                                
                              -------------                                     
                              |...........|                                     
                              +..........@|                                     
                              |........<...#                                    
                              -----------.-#                                    
                                         #                                      
                                                                                
                                                                                
                                                                                
                                                                                
                                                                                
                                                                                
                                                                                
                                                                                
                                                                                
                                                                                
                                                                                
                                                                                
Agent the Hatamoto             St:15 Dx:17 Co:18 In:9 Wi:8 Ch:8 Lawful S:0      
Dlvl:1 $:0 HP:15(15) Pw:2(2) AC:4 Xp:1/0                                        

",0.0,False
20,southwest,,"message:


language observation:
vertical closed door far westnorthwest
horizontal wall near north and northwest
dark area near east
vertical wall very near northeast
doorway very near east
dark area very near southeast
doorway adjacent southeast
horizontal wall adjacent south and southwest
stairs up adjacent west

cursor:
Yourself a samurai
(x=40, y=7)

map:
                                                                                
                                                                                
                                                                                
                              -------------                                     
                              |...........|                                     
                              +...........|                                     
                              |........<@..#                                    
                              -----------.-#                                    
                                         #                                      
                                                                                
                                                                                
                                                                                
                                                                                
                                                                                
                                                                                
                                                                                
                                                                                
                                                                                
                                                                                
                                                                                
                                                                                
Agent the Hatamoto             St:15 Dx:17 Co:18 In:9 Wi:8 Ch:8 Lawful S:0      
Dlvl:1 $:0 HP:15(15) Pw:2(2) AC:4 Xp:1/0                                        

",0.0,False
21,east,,"message:


language observation:
vertical closed door far westnorthwest
horizontal wall near north and northwest
dark area near east and south
stairs up very near west
vertical wall adjacent northeast
doorway adjacent east and south
southeast corner adjacent southeast
horizontal wall adjacent southwest

cursor:
Yourself a samurai
(x=41, y=7)

map:
                                                                                
                                                                                
                                                                                
                              -------------                                     
                              |...........|                                     
                              +...........|                                     
                              |........<.@.#                                    
                              -----------.-#                                    
                                         #                                      
                                                                                
                                                                                
                                                                                
                                                                                
                                                                                
                                                                                
                                                                                
                                                                                
                                                                                
                                                                                
                                                                                
                                                                                
Agent the Hatamoto             St:15 Dx:17 Co:18 In:9 Wi:8 Ch:8 Lawful S:0      
Dlvl:1 $:0 HP:15(15) Pw:2(2) AC:4 Xp:1/0                                        

",0.0,False
22,northwest,,"message:


language observation:
vertical closed door far west
horizontal wall very near north, south, southwest, and northwest
northeast room corner very near northeast
vertical wall very near east
southeast corner very near southeast
stairs up adjacent southwest

cursor:
Yourself a samurai
(x=40, y=6)

map:
                                                                                
                                                                                
                                                                                
                              -------------                                     
                              |...........|                                     
                              +.........@.|                                     
                              |........<...#                                    
                              -----------.-#                                    
                                         #                                      
                                                                                
                                                                                
                                                                                
                                                                                
                                                                                
                                                                                
                                                                                
                                                                                
                                                                                
                                                                                
                                                                                
                                                                                
Agent the Hatamoto             St:15 Dx:17 Co:18 In:9 Wi:8 Ch:8 Lawful S:0      
Dlvl:1 $:0 HP:15(15) Pw:2(2) AC:4 Xp:1/0                                        

",0.0,False
23,north,,"message:


language observation:
vertical closed door far westsouthwest
dark area near southeast
horizontal wall near south and southwest
vertical wall very near east
doorway very near southeast
stairs up very near southsouthwest
horizontal wall adjacent north, northeast, and northwest

cursor:
Yourself a samurai
(x=40, y=5)

map:
                                                                                
                                                                                
                                                                                
                              -------------                                     
                              |.........@.|                                     
                              +...........|                                     
                              |........<...#                                    
                              -----------.-#                                    
                                         #                                      
                                                                                
                                                                                
                                                                                
                                                                                
                                                                                
                                                                                
                                                                                
                                                                                
                                                                                
                                                                                
                                                                                
                                                                                
Agent the Hatamoto             St:15 Dx:17 Co:18 In:9 Wi:8 Ch:8 Lawful S:0      
Dlvl:1 $:0 HP:15(15) Pw:2(2) AC:4 Xp:1/0                                        

",0.0,False
24,search,,"message:


language observation:
vertical closed door far westsouthwest
dark area near southeast
horizontal wall near south and southwest
vertical wall very near east
doorway very near southeast
stairs up very near southsouthwest
horizontal wall adjacent north, northeast, and northwest

cursor:
Yourself a samurai
(x=40, y=5)

map:
                                                                                
                                                                                
                                                                                
                              -------------                                     
                              |.........@.|                                     
                              +...........|                                     
                              |........<...#                                    
                              -----------.-#                                    
                                         #                                      
                                                                                
                                                                                
                                                                                
                                                                                
                                                                                
                                                                                
                                                                                
                                                                                
                                                                                
                                                                                
                                                                                
                                                                                
Agent the Hatamoto             St:15 Dx:17 Co:18 In:9 Wi:8 Ch:8 Lawful S:0      
Dlvl:1 $:0 HP:15(15) Pw:2(2) AC:4 Xp:1/0                                        

",0.0,False
25,east,,"message:


language observation:
vertical closed door far westsouthwest
doorway near south
dark area near south
horizontal wall near southwest
stairs up very near southwest
horizontal wall adjacent north and northwest
northeast room corner adjacent northeast
vertical wall adjacent east and southeast

cursor:
Yourself a samurai
(x=41, y=5)

map:
                                                                                
                                                                                
                                                                                
                              -------------                                     
                              |..........@|                                     
                              +...........|                                     
                              |........<...#                                    
                              -----------.-#                                    
                                         #                                      
                                                                                
                                                                                
                                                                                
                                                                                
                                                                                
                                                                                
                                                                                
                                                                                
                                                                                
                                                                                
                                                                                
                                                                                
Agent the Hatamoto             St:15 Dx:17 Co:18 In:9 Wi:8 Ch:8 Lawful S:0      
Dlvl:1 $:0 HP:15(15) Pw:2(2) AC:4 Xp:1/0                                        

",0.0,False
26,southwest,,"message:


language observation:
vertical closed door far west
horizontal wall very near north, south, southwest, and northwest
northeast room corner very near northeast
vertical wall very near east
southeast corner very near southeast
stairs up adjacent southwest

cursor:
Yourself a samurai
(x=40, y=6)

map:
                                                                                
                                                                                
                                                                                
                              -------------                                     
                              |...........|                                     
                              +.........@.|                                     
                              |........<...#                                    
                              -----------.-#                                    
                                         #                                      
                                                                                
                                                                                
                                                                                
                                                                                
                                                                                
                                                                                
                                                                                
                                                                                
                                                                                
                                                                                
                                                                                
                                                                                
Agent the Hatamoto             St:15 Dx:17 Co:18 In:9 Wi:8 Ch:8 Lawful S:0      
Dlvl:1 $:0 HP:15(15) Pw:2(2) AC:4 Xp:1/0                                        

",0.0,False
27,south,,"message:


language observation:
vertical closed door far westnorthwest
horizontal wall near north and northwest
dark area near east
vertical wall very near northeast
doorway very near east
dark area very near southeast
doorway adjacent southeast
horizontal wall adjacent south and southwest
stairs up adjacent west

cursor:
Yourself a samurai
(x=40, y=7)

map:
                                                                                
                                                                                
                                                                                
                              -------------                                     
                              |...........|                                     
                              +...........|                                     
                              |........<@..#                                    
                              -----------.-#                                    
                                         #                                      
                                                                                
                                                                                
                                                                                
                                                                                
                                                                                
                                                                                
                                                                                
                                                                                
                                                                                
                                                                                
                                                                                
                                                                                
Agent the Hatamoto             St:15 Dx:17 Co:18 In:9 Wi:8 Ch:8 Lawful S:0      
Dlvl:1 $:0 HP:15(15) Pw:2(2) AC:4 Xp:1/0                                        

",0.0,False
28,east,,"message:


language observation:
vertical closed door far westnorthwest
horizontal wall near north and northwest
dark area near east and south
stairs up very near west
vertical wall adjacent northeast
doorway adjacent east and south
southeast corner adjacent southeast
horizontal wall adjacent southwest

cursor:
Yourself a samurai
(x=41, y=7)

map:
                                                                                
                                                                                
                                                                                
                              -------------                                     
                              |...........|                                     
                              +...........|                                     
                              |........<.@.#                                    
                              -----------.-#                                    
                                         #                                      
                                                                                
                                                                                
                                                                                
                                                                                
                                                                                
                                                                                
                                                                                
                                                                                
                                                                                
                                                                                
                                                                                
                                                                                
Agent the Hatamoto             St:15 Dx:17 Co:18 In:9 Wi:8 Ch:8 Lawful S:0      
Dlvl:1 $:0 HP:15(15) Pw:2(2) AC:4 Xp:1/0                                        

",0.0,False
29,northwest,,"message:


language observation:
vertical closed door far west
horizontal wall very near north, south, southwest, and northwest
northeast room corner very near northeast
vertical wall very near east
southeast corner very near southeast
stairs up adjacent southwest

cursor:
Yourself a samurai
(x=40, y=6)

map:
                                                                                
                                                                                
                                                                                
                              -------------                                     
                              |...........|                                     
                              +.........@.|                                     
                              |........<...#                                    
                              -----------.-#                                    
                                         #                                      
                                                                                
                                                                                
                                                                                
                                                                                
                                                                                
                                                                                
                                                                                
                                                                                
                                                                                
                                                                                
                                                                                
                                                                                
Agent the Hatamoto             St:15 Dx:17 Co:18 In:9 Wi:8 Ch:8 Lawful S:0      
Dlvl:1 $:0 HP:15(15) Pw:2(2) AC:4 Xp:1/0                                        

",0.0,False
30,southwest,,"message:


language observation:
vertical wall far west
vertical closed door far westnorthwest
horizontal wall near north and northwest
northeast room corner near northeast
doorway near east
dark area near east
horizontal wall adjacent southeast, south, and southwest

cursor:
Yourself a samurai
(x=39, y=7)

map:
                                                                                
                                                                                
                                                                                
                              -------------                                     
                              |...........|                                     
                              +...........|                                     
                              |........@...#                                    
                              -----------.-#                                    
                                         #                                      
                                                                                
                                                                                
                                                                                
                                                                                
                                                                                
                                                                                
                                                                                
                                                                                
                                                                                
                                                                                
                                                                                
                                                                                
Agent the Hatamoto             St:15 Dx:17 Co:18 In:9 Wi:8 Ch:8 Lawful S:0      
Dlvl:1 $:0 HP:15(15) Pw:2(2) AC:4 Xp:1/0                                        

",0.0,False
31,south,,"message:
It's a wall.

language observation:
vertical wall far west
vertical closed door far westnorthwest
horizontal wall near north and northwest
northeast room corner near northeast
doorway near east
dark area near east
horizontal wall adjacent southeast, south, and southwest

cursor:
Yourself a samurai
(x=39, y=7)

map:
                                                                                
                                                                                
                                                                                
                              -------------                                     
                              |...........|                                     
                              +...........|                                     
                              |........@...#                                    
                              -----------.-#                                    
                                         #                                      
                                                                                
                                                                                
                                                                                
                                                                                
                                                                                
                                                                                
                                                                                
                                                                                
                                                                                
                                                                                
                                                                                
                                                                                
Agent the Hatamoto             St:15 Dx:17 Co:18 In:9 Wi:8 Ch:8 Lawful S:0      
Dlvl:1 $:0 HP:15(15) Pw:2(2) AC:4 Xp:1/0                                        

",0.0,False
32,southwest,"Based on the previous observations, it seems that I am surrounded by walls and need to find a way to access the stairs down. Given the layout of the room, it seems that the east doorway is the most promising option to pursue. To reach the stairs down, I will try to find a way to open or kick the door to the southeast, which appears to be adjacent to the doorway. If that doesn't work, I will try to search for hidden doors and passages. My plan is to carefully explore the room, use my katana to kick any locked doors or enemies, and search for any hidden doors or passages that might lead me to the stairs down.","message:
It's a wall.

language observation:
vertical wall far west
vertical closed door far westnorthwest
horizontal wall near north and northwest
northeast room corner near northeast
doorway near east
dark area near east
horizontal wall adjacent southeast, south, and southwest

cursor:
Yourself a samurai
(x=39, y=7)

map:
                                                                                
                                                                                
                                                                                
                              -------------                                     
                              |...........|                                     
                              +...........|                                     
                              |........@...#                                    
                              -----------.-#                                    
                                         #                                      
                                                                                
                                                                                
                                                                                
                                                                                
                                                                                
                                                                                
                                                                                
                                                                                
                                                                                
                                                                                
                                                                                
                                                                                
Agent the Hatamoto             St:15 Dx:17 Co:18 In:9 Wi:8 Ch:8 Lawful S:0      
Dlvl:1 $:0 HP:15(15) Pw:2(2) AC:4 Xp:1/0                                        

",0.0,False
33,kick,,"message:
In what direction?

language observation:
vertical wall far west
vertical closed door far westnorthwest
horizontal wall near north and northwest
northeast room corner near northeast
doorway near east
dark area near east
horizontal wall adjacent southeast, south, and southwest

cursor:

(x=19, y=0)

map:
                                                                                
                                                                                
                                                                                
                              -------------                                     
                              |...........|                                     
                              +...........|                                     
                              |........@...#                                    
                              -----------.-#                                    
                                         #                                      
                                                                                
                                                                                
                                                                                
                                                                                
                                                                                
                                                                                
                                                                                
                                                                                
                                                                                
                                                                                
                                                                                
                                                                                
Agent the Hatamoto             St:15 Dx:17 Co:18 In:9 Wi:8 Ch:8 Lawful S:0      
Dlvl:1 $:0 HP:15(15) Pw:2(2) AC:4 Xp:1/0                                        

",0.0,False
34,east,,"message:
You kick at empty space.

language observation:
vertical wall far west
vertical closed door far westnorthwest
horizontal wall near north and northwest
northeast room corner near northeast
doorway near east
dark area near east
horizontal wall adjacent southeast, south, and southwest

cursor:
Yourself a samurai
(x=39, y=7)

map:
                                                                                
                                                                                
                                                                                
                              -------------                                     
                              |...........|                                     
                              +...........|                                     
                              |........@...#                                    
                              -----------.-#                                    
                                         #                                      
                                                                                
                                                                                
                                                                                
                                                                                
                                                                                
                                                                                
                                                                                
                                                                                
                                                                                
                                                                                
                                                                                
                                                                                
Agent the Hatamoto             St:15 Dx:17 Co:18 In:9 Wi:8 Ch:8 Lawful S:0      
Dlvl:1 $:0 HP:15(15) Pw:2(2) AC:4 Xp:1/0                                        

",0.0,False
35,east,,"message:


language observation:
vertical closed door far westnorthwest
horizontal wall near north and northwest
dark area near east
vertical wall very near northeast
doorway very near east
dark area very near southeast
doorway adjacent southeast
horizontal wall adjacent south and southwest
stairs up adjacent west

cursor:
Yourself a samurai
(x=40, y=7)

map:
                                                                                
                                                                                
                                                                                
                              -------------                                     
                              |...........|                                     
                              +...........|                                     
                              |........<@..#                                    
                              -----------.-#                                    
                                         #                                      
                                                                                
                                                                                
                                                                                
                                                                                
                                                                                
                                                                                
                                                                                
                                                                                
                                                                                
                                                                                
                                                                                
                                                                                
Agent the Hatamoto             St:15 Dx:17 Co:18 In:9 Wi:8 Ch:8 Lawful S:0      
Dlvl:1 $:0 HP:15(15) Pw:2(2) AC:4 Xp:1/0                                        

",0.0,False
36,search,,"message:


language observation:
vertical closed door far westnorthwest
horizontal wall near north and northwest
dark area near east
vertical wall very near northeast
doorway very near east
dark area very near southeast
doorway adjacent southeast
horizontal wall adjacent south and southwest
stairs up adjacent west

cursor:
Yourself a samurai
(x=40, y=7)

map:
                                                                                
                                                                                
                                                                                
                              -------------                                     
                              |...........|                                     
                              +...........|                                     
                              |........<@..#                                    
                              -----------.-#                                    
                                         #                                      
                                                                                
                                                                                
                                                                                
                                                                                
                                                                                
                                                                                
                                                                                
                                                                                
                                                                                
                                                                                
                                                                                
                                                                                
Agent the Hatamoto             St:15 Dx:17 Co:18 In:9 Wi:8 Ch:8 Lawful S:0      
Dlvl:1 $:0 HP:15(15) Pw:2(2) AC:4 Xp:1/0                                        

",0.0,False
37,east,,"message:


language observation:
vertical closed door far westnorthwest
horizontal wall near north and northwest
dark area near east and south
stairs up very near west
vertical wall adjacent northeast
doorway adjacent east and south
southeast corner adjacent southeast
horizontal wall adjacent southwest

cursor:
Yourself a samurai
(x=41, y=7)

map:
                                                                                
                                                                                
                                                                                
                              -------------                                     
                              |...........|                                     
                              +...........|                                     
                              |........<.@.#                                    
                              -----------.-#                                    
                                         #                                      
                                                                                
                                                                                
                                                                                
                                                                                
                                                                                
                                                                                
                                                                                
                                                                                
                                                                                
                                                                                
                                                                                
                                                                                
Agent the Hatamoto             St:15 Dx:17 Co:18 In:9 Wi:8 Ch:8 Lawful S:0      
Dlvl:1 $:0 HP:15(15) Pw:2(2) AC:4 Xp:1/0                                        

",0.0,False
38,search,,"message:


language observation:
vertical closed door far westnorthwest
horizontal wall near north and northwest
dark area near east and south
stairs up very near west
vertical wall adjacent northeast
doorway adjacent east and south
southeast corner adjacent southeast
horizontal wall adjacent southwest

cursor:
Yourself a samurai
(x=41, y=7)

map:
                                                                                
                                                                                
                                                                                
                              -------------                                     
                              |...........|                                     
                              +...........|                                     
                              |........<.@.#                                    
                              -----------.-#                                    
                                         #                                      
                                                                                
                                                                                
                                                                                
                                                                                
                                                                                
                                                                                
                                                                                
                                                                                
                                                                                
                                                                                
                                                                                
                                                                                
Agent the Hatamoto             St:15 Dx:17 Co:18 In:9 Wi:8 Ch:8 Lawful S:0      
Dlvl:1 $:0 HP:15(15) Pw:2(2) AC:4 Xp:1/0                                        

",0.0,False
39,south,,"message:


language observation:
vertical closed door far westnorthwest
horizontal wall near north and northwest
dark area very near northeast and south
stairs up very near westnorthwest
doorway adjacent northeast
southeast corner adjacent east
dark area adjacent southeast and southwest
horizontal wall adjacent west

cursor:
Yourself a samurai
(x=41, y=8)

map:
                                                                                
                                                                                
                                                                                
                              -------------                                     
                              |...........|                                     
                              +...........|                                     
                              |........<...#                                    
                              -----------@-#                                    
                                         #                                      
                                                                                
                                                                                
                                                                                
                                                                                
                                                                                
                                                                                
                                                                                
                                                                                
                                                                                
                                                                                
                                                                                
                                                                                
Agent the Hatamoto             St:15 Dx:17 Co:18 In:9 Wi:8 Ch:8 Lawful S:0      
Dlvl:1 $:0 HP:15(15) Pw:2(2) AC:4 Xp:1/0                                        

",0.0,False
40,kick east,,"

Your previous output did not contain a valid action. Defaulted to action: north

Observation:
message:


language observation:
vertical closed door far westnorthwest
horizontal wall near north and northwest
dark area near east and south
stairs up very near west
vertical wall adjacent northeast
doorway adjacent east and south
southeast corner adjacent southeast
horizontal wall adjacent southwest

cursor:
Yourself a samurai
(x=41, y=7)

map:
                                                                                
                                                                                
                                                                                
                              -------------                                     
                              |...........|                                     
                              +...........|                                     
                              |........<.@.#                                    
                              -----------.-#                                    
                                         #                                      
                                                                                
                                                                                
                                                                                
                                                                                
                                                                                
                                                                                
                                                                                
                                                                                
                                                                                
                                                                                
                                                                                
                                                                                
Agent the Hatamoto             St:15 Dx:17 Co:18 In:9 Wi:8 Ch:8 Lawful S:0      
Dlvl:1 $:0 HP:15(15) Pw:2(2) AC:4 Xp:1/0                                        

",0.0,False
41,east,,"message:


language observation:
vertical closed door far westnorthwest
stairs up near west
horizontal wall near northwest
dark area very near east, southeast, and southwest
vertical wall adjacent north
dark area adjacent northeast
southeast corner adjacent south
doorway adjacent southwest

cursor:
Yourself a samurai
(x=42, y=7)

map:
                                                                                
                                                                                
                                                                                
                              -------------                                     
                              |...........|                                     
                              +...........|                                     
                              |........<..@#                                    
                              -----------.-#                                    
                                         #                                      
                                                                                
                                                                                
                                                                                
                                                                                
                                                                                
                                                                                
                                                                                
                                                                                
                                                                                
                                                                                
                                                                                
                                                                                
Agent the Hatamoto             St:15 Dx:17 Co:18 In:9 Wi:8 Ch:8 Lawful S:0      
Dlvl:1 $:0 HP:15(15) Pw:2(2) AC:4 Xp:1/0                                        

",0.0,False
42,east,,"message:


language observation:
vertical closed door far westnorthwest
stairs up near west
dark area very near south
dark area adjacent north, northeast, east, and southeast
southeast corner adjacent southwest
doorway adjacent west
vertical wall adjacent northwest

cursor:
Yourself a samurai
(x=43, y=7)

map:
                                                                                
                                                                                
                                                                                
                              -------------                                     
                              |...........|                                     
                              +...........|                                     
                              |........<...@                                    
                              -----------.-#                                    
                                         #                                      
                                                                                
                                                                                
                                                                                
                                                                                
                                                                                
                                                                                
                                                                                
                                                                                
                                                                                
                                                                                
                                                                                
                                                                                
Agent the Hatamoto             St:15 Dx:17 Co:18 In:9 Wi:8 Ch:8 Lawful S:0      
Dlvl:1 $:0 HP:15(15) Pw:2(2) AC:4 Xp:1/0                                        

",0.0,False
43,northwest,,"message:
It's a wall.

language observation:
vertical closed door far westnorthwest
stairs up near west
dark area very near south
dark area adjacent north, northeast, east, and southeast
southeast corner adjacent southwest
doorway adjacent west
vertical wall adjacent northwest

cursor:
Yourself a samurai
(x=43, y=7)

map:
                                                                                
                                                                                
                                                                                
                              -------------                                     
                              |...........|                                     
                              +...........|                                     
                              |........<...@                                    
                              -----------.-#                                    
                                         #                                      
                                                                                
                                                                                
                                                                                
                                                                                
                                                                                
                                                                                
                                                                                
                                                                                
                                                                                
                                                                                
                                                                                
                                                                                
Agent the Hatamoto             St:15 Dx:17 Co:18 In:9 Wi:8 Ch:8 Lawful S:0      
Dlvl:1 $:0 HP:15(15) Pw:2(2) AC:4 Xp:1/0                                        

",0.0,False
44,west,,"message:


language observation:
vertical closed door far westnorthwest
stairs up near west
horizontal wall near northwest
dark area very near east, southeast, and southwest
vertical wall adjacent north
dark area adjacent northeast
southeast corner adjacent south
doorway adjacent southwest

cursor:
Yourself a samurai
(x=42, y=7)

map:
                                                                                
                                                                                
                                                                                
                              -------------                                     
                              |...........|                                     
                              +...........|                                     
                              |........<..@#                                    
                              -----------.-#                                    
                                         #                                      
                                                                                
                                                                                
                                                                                
                                                                                
                                                                                
                                                                                
                                                                                
                                                                                
                                                                                
                                                                                
                                                                                
                                                                                
Agent the Hatamoto             St:15 Dx:17 Co:18 In:9 Wi:8 Ch:8 Lawful S:0      
Dlvl:1 $:0 HP:15(15) Pw:2(2) AC:4 Xp:1/0                                        

",0.0,False
45,search,,"message:


language observation:
vertical closed door far westnorthwest
stairs up near west
horizontal wall near northwest
dark area very near east, southeast, and southwest
vertical wall adjacent north
dark area adjacent northeast
southeast corner adjacent south
doorway adjacent southwest

cursor:
Yourself a samurai
(x=42, y=7)

map:
                                                                                
                                                                                
                                                                                
                              -------------                                     
                              |...........|                                     
                              +...........|                                     
                              |........<..@#                                    
                              -----------.-#                                    
                                         #                                      
                                                                                
                                                                                
                                                                                
                                                                                
                                                                                
                                                                                
                                                                                
                                                                                
                                                                                
                                                                                
                                                                                
                                                                                
Agent the Hatamoto             St:15 Dx:17 Co:18 In:9 Wi:8 Ch:8 Lawful S:0      
Dlvl:1 $:0 HP:15(15) Pw:2(2) AC:4 Xp:1/0                                        

",0.0,False
46,northwest,,"message:


language observation:
vertical closed door far west
dark area near southeast and south
horizontal wall very near north, southwest, and northwest
doorway very near south
stairs up very near westsouthwest
vertical wall adjacent northeast and east
doorway adjacent southeast

cursor:
Yourself a samurai
(x=41, y=6)

map:
                                                                                
                                                                                
                                                                                
                              -------------                                     
                              |...........|                                     
                              +..........@|                                     
                              |........<...#                                    
                              -----------.-#                                    
                                         #                                      
                                                                                
                                                                                
                                                                                
                                                                                
                                                                                
                                                                                
                                                                                
                                                                                
                                                                                
                                                                                
                                                                                
                                                                                
Agent the Hatamoto             St:15 Dx:17 Co:18 In:9 Wi:8 Ch:8 Lawful S:0      
Dlvl:1 $:0 HP:15(15) Pw:2(2) AC:4 Xp:1/0                                        

",0.0,False
47,kick,,"message:
In what direction?

language observation:
vertical closed door far west
dark area near southeast and south
horizontal wall very near north, southwest, and northwest
doorway very near south
stairs up very near westsouthwest
vertical wall adjacent northeast and east
doorway adjacent southeast

cursor:

(x=19, y=0)

map:
                                                                                
                                                                                
                                                                                
                              -------------                                     
                              |...........|                                     
                              +..........@|                                     
                              |........<...#                                    
                              -----------.-#                                    
                                         #                                      
                                                                                
                                                                                
                                                                                
                                                                                
                                                                                
                                                                                
                                                                                
                                                                                
                                                                                
                                                                                
                                                                                
                                                                                
Agent the Hatamoto             St:15 Dx:17 Co:18 In:9 Wi:8 Ch:8 Lawful S:0      
Dlvl:1 $:0 HP:15(15) Pw:2(2) AC:4 Xp:1/0                                        

",0.0,False
48,south,"My plan is to navigate around the obstacles in the current room and try to find a path to the stairs down. Since I've tried searching for hidden doors and passages in the current area and found nothing, my next step is to try moving in different directions to see if I can find a clear path. I'll try moving south towards the doorway, which is the closest exit, and then see where it leads.","message:
You kick at empty space.

language observation:
vertical closed door far west
dark area near southeast and south
horizontal wall very near north, southwest, and northwest
doorway very near south
stairs up very near westsouthwest
vertical wall adjacent northeast and east
doorway adjacent southeast

cursor:
Yourself a samurai
(x=41, y=6)

map:
                                                                                
                                                                                
                                                                                
                              -------------                                     
                              |...........|                                     
                              +..........@|                                     
                              |........<...#                                    
                              -----------.-#                                    
                                         #                                      
                                                                                
                                                                                
                                                                                
                                                                                
                                                                                
                                                                                
                                                                                
                                                                                
                                                                                
                                                                                
                                                                                
                                                                                
Agent the Hatamoto             St:15 Dx:17 Co:18 In:9 Wi:8 Ch:8 Lawful S:0      
Dlvl:1 $:0 HP:15(15) Pw:2(2) AC:4 Xp:1/0                                        

",0.0,False
49,south,,"message:


language observation:
vertical closed door far westnorthwest
horizontal wall near north and northwest
dark area near east and south
stairs up very near west
vertical wall adjacent northeast
doorway adjacent east and south
southeast corner adjacent southeast
horizontal wall adjacent southwest

cursor:
Yourself a samurai
(x=41, y=7)

map:
                                                                                
                                                                                
                                                                                
                              -------------                                     
                              |...........|                                     
                              +...........|                                     
                              |........<.@.#                                    
                              -----------.-#                                    
                                         #                                      
                                                                                
                                                                                
                                                                                
                                                                                
                                                                                
                                                                                
                                                                                
                                                                                
                                                                                
                                                                                
                                                                                
                                                                                
Agent the Hatamoto             St:15 Dx:17 Co:18 In:9 Wi:8 Ch:8 Lawful S:0      
Dlvl:1 $:0 HP:15(15) Pw:2(2) AC:4 Xp:1/0                                        

",0.0,False
50,search,,"message:


language observation:
vertical closed door far westnorthwest
horizontal wall near north and northwest
dark area near east and south
stairs up very near west
vertical wall adjacent northeast
doorway adjacent east and south
southeast corner adjacent southeast
horizontal wall adjacent southwest

cursor:
Yourself a samurai
(x=41, y=7)

map:
                                                                                
                                                                                
                                                                                
                              -------------                                     
                              |...........|                                     
                              +...........|                                     
                              |........<.@.#                                    
                              -----------.-#                                    
                                         #                                      
                                                                                
                                                                                
                                                                                
                                                                                
                                                                                
                                                                                
                                                                                
                                                                                
                                                                                
                                                                                
                                                                                
                                                                                
Agent the Hatamoto             St:15 Dx:17 Co:18 In:9 Wi:8 Ch:8 Lawful S:0      
Dlvl:1 $:0 HP:15(15) Pw:2(2) AC:4 Xp:1/0                                        

",0.0,False
51,open,,"message:
In what direction?

language observation:
vertical closed door far westnorthwest
horizontal wall near north and northwest
dark area near east and south
stairs up very near west
vertical wall adjacent northeast
doorway adjacent east and south
southeast corner adjacent southeast
horizontal wall adjacent southwest

cursor:

(x=19, y=0)

map:
                                                                                
                                                                                
                                                                                
                              -------------                                     
                              |...........|                                     
                              +...........|                                     
                              |........<.@.#                                    
                              -----------.-#                                    
                                         #                                      
                                                                                
                                                                                
                                                                                
                                                                                
                                                                                
                                                                                
                                                                                
                                                                                
                                                                                
                                                                                
                                                                                
                                                                                
Agent the Hatamoto             St:15 Dx:17 Co:18 In:9 Wi:8 Ch:8 Lawful S:0      
Dlvl:1 $:0 HP:15(15) Pw:2(2) AC:4 Xp:1/0                                        

",0.0,False
52,east,,"message:
This doorway has no door.

language observation:
vertical closed door far westnorthwest
horizontal wall near north and northwest
dark area near east and south
stairs up very near west
vertical wall adjacent northeast
doorway adjacent east and south
southeast corner adjacent southeast
horizontal wall adjacent southwest

cursor:
Yourself a samurai
(x=41, y=7)

map:
                                                                                
                                                                                
                                                                                
                              -------------                                     
                              |...........|                                     
                              +...........|                                     
                              |........<.@.#                                    
                              -----------.-#                                    
                                         #                                      
                                                                                
                                                                                
                                                                                
                                                                                
                                                                                
                                                                                
                                                                                
                                                                                
                                                                                
                                                                                
                                                                                
                                                                                
Agent the Hatamoto             St:15 Dx:17 Co:18 In:9 Wi:8 Ch:8 Lawful S:0      
Dlvl:1 $:0 HP:15(15) Pw:2(2) AC:4 Xp:1/0                                        

",0.0,False
53,east,,"message:


language observation:
vertical closed door far westnorthwest
stairs up near west
horizontal wall near northwest
dark area very near east, southeast, and southwest
vertical wall adjacent north
dark area adjacent northeast
southeast corner adjacent south
doorway adjacent southwest

cursor:
Yourself a samurai
(x=42, y=7)

map:
                                                                                
                                                                                
                                                                                
                              -------------                                     
                              |...........|                                     
                              +...........|                                     
                              |........<..@#                                    
                              -----------.-#                                    
                                         #                                      
                                                                                
                                                                                
                                                                                
                                                                                
                                                                                
                                                                                
                                                                                
                                                                                
                                                                                
                                                                                
                                                                                
                                                                                
Agent the Hatamoto             St:15 Dx:17 Co:18 In:9 Wi:8 Ch:8 Lawful S:0      
Dlvl:1 $:0 HP:15(15) Pw:2(2) AC:4 Xp:1/0                                        

",0.0,False
54,southwest,,"message:


language observation:
vertical closed door far westnorthwest
horizontal wall near north and northwest
dark area very near northeast and south
stairs up very near westnorthwest
doorway adjacent northeast
southeast corner adjacent east
dark area adjacent southeast and southwest
horizontal wall adjacent west

cursor:
Yourself a samurai
(x=41, y=8)

map:
                                                                                
                                                                                
                                                                                
                              -------------                                     
                              |...........|                                     
                              +...........|                                     
                              |........<...#                                    
                              -----------@-#                                    
                                         #                                      
                                                                                
                                                                                
                                                                                
                                                                                
                                                                                
                                                                                
                                                                                
                                                                                
                                                                                
                                                                                
                                                                                
                                                                                
Agent the Hatamoto             St:15 Dx:17 Co:18 In:9 Wi:8 Ch:8 Lawful S:0      
Dlvl:1 $:0 HP:15(15) Pw:2(2) AC:4 Xp:1/0                                        

",0.0,False
55,northwest,,"message:


language observation:
vertical closed door far westnorthwest
horizontal wall near north and northwest
dark area near east
vertical wall very near northeast
doorway very near east
dark area very near southeast
doorway adjacent southeast
horizontal wall adjacent south and southwest
stairs up adjacent west

cursor:
Yourself a samurai
(x=40, y=7)

map:
                                                                                
                                                                                
                                                                                
                              -------------                                     
                              |...........|                                     
                              +...........|                                     
                              |........<@..#                                    
                              -----------.-#                                    
                                         #                                      
                                                                                
                                                                                
                                                                                
                                                                                
                                                                                
                                                                                
                                                                                
                                                                                
                                                                                
                                                                                
                                                                                
                                                                                
Agent the Hatamoto             St:15 Dx:17 Co:18 In:9 Wi:8 Ch:8 Lawful S:0      
Dlvl:1 $:0 HP:15(15) Pw:2(2) AC:4 Xp:1/0                                        

",0.0,False
56,east,,"message:


language observation:
vertical closed door far westnorthwest
horizontal wall near north and northwest
dark area near east and south
stairs up very near west
vertical wall adjacent northeast
doorway adjacent east and south
southeast corner adjacent southeast
horizontal wall adjacent southwest

cursor:
Yourself a samurai
(x=41, y=7)

map:
                                                                                
                                                                                
                                                                                
                              -------------                                     
                              |...........|                                     
                              +...........|                                     
                              |........<.@.#                                    
                              -----------.-#                                    
                                         #                                      
                                                                                
                                                                                
                                                                                
                                                                                
                                                                                
                                                                                
                                                                                
                                                                                
                                                                                
                                                                                
                                                                                
                                                                                
Agent the Hatamoto             St:15 Dx:17 Co:18 In:9 Wi:8 Ch:8 Lawful S:0      
Dlvl:1 $:0 HP:15(15) Pw:2(2) AC:4 Xp:1/0                                        

",0.0,False
57,south,,"message:


language observation:
vertical closed door far westnorthwest
horizontal wall near north and northwest
dark area very near northeast and south
stairs up very near westnorthwest
doorway adjacent northeast
southeast corner adjacent east
dark area adjacent southeast and southwest
horizontal wall adjacent west

cursor:
Yourself a samurai
(x=41, y=8)

map:
                                                                                
                                                                                
                                                                                
                              -------------                                     
                              |...........|                                     
                              +...........|                                     
                              |........<...#                                    
                              -----------@-#                                    
                                         #                                      
                                                                                
                                                                                
                                                                                
                                                                                
                                                                                
                                                                                
                                                                                
                                                                                
                                                                                
                                                                                
                                                                                
                                                                                
Agent the Hatamoto             St:15 Dx:17 Co:18 In:9 Wi:8 Ch:8 Lawful S:0      
Dlvl:1 $:0 HP:15(15) Pw:2(2) AC:4 Xp:1/0                                        

",0.0,False
58,southwest,,"message:
It's solid stone.

language observation:
vertical closed door far westnorthwest
horizontal wall near north and northwest
dark area very near northeast and south
stairs up very near westnorthwest
doorway adjacent northeast
southeast corner adjacent east
dark area adjacent southeast and southwest
horizontal wall adjacent west

cursor:
Yourself a samurai
(x=41, y=8)

map:
                                                                                
                                                                                
                                                                                
                              -------------                                     
                              |...........|                                     
                              +...........|                                     
                              |........<...#                                    
                              -----------@-#                                    
                                         #                                      
                                                                                
                                                                                
                                                                                
                                                                                
                                                                                
                                                                                
                                                                                
                                                                                
                                                                                
                                                                                
                                                                                
                                                                                
Agent the Hatamoto             St:15 Dx:17 Co:18 In:9 Wi:8 Ch:8 Lawful S:0      
Dlvl:1 $:0 HP:15(15) Pw:2(2) AC:4 Xp:1/0                                        

",0.0,False
59,north,,"message:


language observation:
vertical closed door far westnorthwest
horizontal wall near north and northwest
dark area near east and south
stairs up very near west
vertical wall adjacent northeast
doorway adjacent east and south
southeast corner adjacent southeast
horizontal wall adjacent southwest

cursor:
Yourself a samurai
(x=41, y=7)

map:
                                                                                
                                                                                
                                                                                
                              -------------                                     
                              |...........|                                     
                              +...........|                                     
                              |........<.@.#                                    
                              -----------.-#                                    
                                         #                                      
                                                                                
                                                                                
                                                                                
                                                                                
                                                                                
                                                                                
                                                                                
                                                                                
                                                                                
                                                                                
                                                                                
                                                                                
Agent the Hatamoto             St:15 Dx:17 Co:18 In:9 Wi:8 Ch:8 Lawful S:0      
Dlvl:1 $:0 HP:15(15) Pw:2(2) AC:4 Xp:1/0                                        

",0.0,False
60,east,,"message:


language observation:
vertical closed door far westnorthwest
stairs up near west
horizontal wall near northwest
dark area very near east, southeast, and southwest
vertical wall adjacent north
dark area adjacent northeast
southeast corner adjacent south
doorway adjacent southwest

cursor:
Yourself a samurai
(x=42, y=7)

map:
                                                                                
                                                                                
                                                                                
                              -------------                                     
                              |...........|                                     
                              +...........|                                     
                              |........<..@#                                    
                              -----------.-#                                    
                                         #                                      
                                                                                
                                                                                
                                                                                
                                                                                
                                                                                
                                                                                
                                                                                
                                                                                
                                                                                
                                                                                
                                                                                
                                                                                
Agent the Hatamoto             St:15 Dx:17 Co:18 In:9 Wi:8 Ch:8 Lawful S:0      
Dlvl:1 $:0 HP:15(15) Pw:2(2) AC:4 Xp:1/0                                        

",0.0,False
61,southwest,,"message:


language observation:
vertical closed door far westnorthwest
horizontal wall near north and northwest
dark area very near northeast and south
stairs up very near westnorthwest
doorway adjacent northeast
southeast corner adjacent east
dark area adjacent southeast and southwest
horizontal wall adjacent west

cursor:
Yourself a samurai
(x=41, y=8)

map:
                                                                                
                                                                                
                                                                                
                              -------------                                     
                              |...........|                                     
                              +...........|                                     
                              |........<...#                                    
                              -----------@-#                                    
                                         #                                      
                                                                                
                                                                                
                                                                                
                                                                                
                                                                                
                                                                                
                                                                                
                                                                                
                                                                                
                                                                                
                                                                                
                                                                                
Agent the Hatamoto             St:15 Dx:17 Co:18 In:9 Wi:8 Ch:8 Lawful S:0      
Dlvl:1 $:0 HP:15(15) Pw:2(2) AC:4 Xp:1/0                                        

",0.0,False
62,northwest,,"message:


language observation:
vertical closed door far westnorthwest
horizontal wall near north and northwest
dark area near east
vertical wall very near northeast
doorway very near east
dark area very near southeast
doorway adjacent southeast
horizontal wall adjacent south and southwest
stairs up adjacent west

cursor:
Yourself a samurai
(x=40, y=7)

map:
                                                                                
                                                                                
                                                                                
                              -------------                                     
                              |...........|                                     
                              +...........|                                     
                              |........<@..#                                    
                              -----------.-#                                    
                                         #                                      
                                                                                
                                                                                
                                                                                
                                                                                
                                                                                
                                                                                
                                                                                
                                                                                
                                                                                
                                                                                
                                                                                
                                                                                
Agent the Hatamoto             St:15 Dx:17 Co:18 In:9 Wi:8 Ch:8 Lawful S:0      
Dlvl:1 $:0 HP:15(15) Pw:2(2) AC:4 Xp:1/0                                        

",0.0,False
63,southwest,,"message:
It's a wall.

language observation:
vertical closed door far westnorthwest
horizontal wall near north and northwest
dark area near east
vertical wall very near northeast
doorway very near east
dark area very near southeast
doorway adjacent southeast
horizontal wall adjacent south and southwest
stairs up adjacent west

cursor:
Yourself a samurai
(x=40, y=7)

map:
                                                                                
                                                                                
                                                                                
                              -------------                                     
                              |...........|                                     
                              +...........|                                     
                              |........<@..#                                    
                              -----------.-#                                    
                                         #                                      
                                                                                
                                                                                
                                                                                
                                                                                
                                                                                
                                                                                
                                                                                
                                                                                
                                                                                
                                                                                
                                                                                
                                                                                
Agent the Hatamoto             St:15 Dx:17 Co:18 In:9 Wi:8 Ch:8 Lawful S:0      
Dlvl:1 $:0 HP:15(15) Pw:2(2) AC:4 Xp:1/0                                        

",0.0,False
64,east,"The current situation indicates that I'm stuck in a room with no apparent way out. To progress, I need to find a way to access the stairs down. I will focus on examining the map and the language observation to identify potential paths. Given the vertical closed door far west-northwest and the horizontal wall near north and northwest, it seems that there's a dead end in that direction. I will try to explore other options, such as examining the doorway adjacent southeast, which might lead to a new path or an alternative route to the stairs down. Since the wall is solid, I won't try to go through it.","message:


language observation:
vertical closed door far westnorthwest
horizontal wall near north and northwest
dark area near east and south
stairs up very near west
vertical wall adjacent northeast
doorway adjacent east and south
southeast corner adjacent southeast
horizontal wall adjacent southwest

cursor:
Yourself a samurai
(x=41, y=7)

map:
                                                                                
                                                                                
                                                                                
                              -------------                                     
                              |...........|                                     
                              +...........|                                     
                              |........<.@.#                                    
                              -----------.-#                                    
                                         #                                      
                                                                                
                                                                                
                                                                                
                                                                                
                                                                                
                                                                                
                                                                                
                                                                                
                                                                                
                                                                                
                                                                                
                                                                                
Agent the Hatamoto             St:15 Dx:17 Co:18 In:9 Wi:8 Ch:8 Lawful S:0      
Dlvl:1 $:0 HP:15(15) Pw:2(2) AC:4 Xp:1/0                                        

",0.0,False
65,south,,"message:


language observation:
vertical closed door far westnorthwest
horizontal wall near north and northwest
dark area very near northeast and south
stairs up very near westnorthwest
doorway adjacent northeast
southeast corner adjacent east
dark area adjacent southeast and southwest
horizontal wall adjacent west

cursor:
Yourself a samurai
(x=41, y=8)

map:
                                                                                
                                                                                
                                                                                
                              -------------                                     
                              |...........|                                     
                              +...........|                                     
                              |........<...#                                    
                              -----------@-#                                    
                                         #                                      
                                                                                
                                                                                
                                                                                
                                                                                
                                                                                
                                                                                
                                                                                
                                                                                
                                                                                
                                                                                
                                                                                
                                                                                
Agent the Hatamoto             St:15 Dx:17 Co:18 In:9 Wi:8 Ch:8 Lawful S:0      
Dlvl:1 $:0 HP:15(15) Pw:2(2) AC:4 Xp:1/0                                        

",0.0,False
66,search,,"message:


language observation:
vertical closed door far westnorthwest
horizontal wall near north and northwest
dark area very near northeast and south
stairs up very near westnorthwest
doorway adjacent northeast
southeast corner adjacent east
dark area adjacent southeast and southwest
horizontal wall adjacent west

cursor:
Yourself a samurai
(x=41, y=8)

map:
                                                                                
                                                                                
                                                                                
                              -------------                                     
                              |...........|                                     
                              +...........|                                     
                              |........<...#                                    
                              -----------@-#                                    
                                         #                                      
                                                                                
                                                                                
                                                                                
                                                                                
                                                                                
                                                                                
                                                                                
                                                                                
                                                                                
                                                                                
                                                                                
                                                                                
Agent the Hatamoto             St:15 Dx:17 Co:18 In:9 Wi:8 Ch:8 Lawful S:0      
Dlvl:1 $:0 HP:15(15) Pw:2(2) AC:4 Xp:1/0                                        

",0.0,False
67,north,,"message:


language observation:
vertical closed door far westnorthwest
horizontal wall near north and northwest
dark area near east and south
stairs up very near west
vertical wall adjacent northeast
doorway adjacent east and south
southeast corner adjacent southeast
horizontal wall adjacent southwest

cursor:
Yourself a samurai
(x=41, y=7)

map:
                                                                                
                                                                                
                                                                                
                              -------------                                     
                              |...........|                                     
                              +...........|                                     
                              |........<.@.#                                    
                              -----------.-#                                    
                                         #                                      
                                                                                
                                                                                
                                                                                
                                                                                
                                                                                
                                                                                
                                                                                
                                                                                
                                                                                
                                                                                
                                                                                
                                                                                
Agent the Hatamoto             St:15 Dx:17 Co:18 In:9 Wi:8 Ch:8 Lawful S:0      
Dlvl:1 $:0 HP:15(15) Pw:2(2) AC:4 Xp:1/0                                        

",0.0,False
68,south,,"message:


language observation:
vertical closed door far westnorthwest
horizontal wall near north and northwest
dark area very near northeast and south
stairs up very near westnorthwest
doorway adjacent northeast
southeast corner adjacent east
dark area adjacent southeast and southwest
horizontal wall adjacent west

cursor:
Yourself a samurai
(x=41, y=8)

map:
                                                                                
                                                                                
                                                                                
                              -------------                                     
                              |...........|                                     
                              +...........|                                     
                              |........<...#                                    
                              -----------@-#                                    
                                         #                                      
                                                                                
                                                                                
                                                                                
                                                                                
                                                                                
                                                                                
                                                                                
                                                                                
                                                                                
                                                                                
                                                                                
                                                                                
Agent the Hatamoto             St:15 Dx:17 Co:18 In:9 Wi:8 Ch:8 Lawful S:0      
Dlvl:1 $:0 HP:15(15) Pw:2(2) AC:4 Xp:1/0                                        

",0.0,False
69,search,,"message:


language observation:
vertical closed door far westnorthwest
horizontal wall near north and northwest
dark area very near northeast and south
stairs up very near westnorthwest
doorway adjacent northeast
southeast corner adjacent east
dark area adjacent southeast and southwest
horizontal wall adjacent west

cursor:
Yourself a samurai
(x=41, y=8)

map:
                                                                                
                                                                                
                                                                                
                              -------------                                     
                              |...........|                                     
                              +...........|                                     
                              |........<...#                                    
                              -----------@-#                                    
                                         #                                      
                                                                                
                                                                                
                                                                                
                                                                                
                                                                                
                                                                                
                                                                                
                                                                                
                                                                                
                                                                                
                                                                                
                                                                                
Agent the Hatamoto             St:15 Dx:17 Co:18 In:9 Wi:8 Ch:8 Lawful S:0      
Dlvl:1 $:0 HP:15(15) Pw:2(2) AC:4 Xp:1/0                                        

",0.0,False
70,northeast,,"message:


language observation:
vertical closed door far westnorthwest
stairs up near west
horizontal wall near northwest
dark area very near east, southeast, and southwest
vertical wall adjacent north
dark area adjacent northeast
southeast corner adjacent south
doorway adjacent southwest

cursor:
Yourself a samurai
(x=42, y=7)

map:
                                                                                
                                                                                
                                                                                
                              -------------                                     
                              |...........|                                     
                              +...........|                                     
                              |........<..@#                                    
                              -----------.-#                                    
                                         #                                      
                                                                                
                                                                                
                                                                                
                                                                                
                                                                                
                                                                                
                                                                                
                                                                                
                                                                                
                                                                                
                                                                                
                                                                                
Agent the Hatamoto             St:15 Dx:17 Co:18 In:9 Wi:8 Ch:8 Lawful S:0      
Dlvl:1 $:0 HP:15(15) Pw:2(2) AC:4 Xp:1/0                                        

",0.0,False
71,search,,"message:


language observation:
vertical closed door far westnorthwest
stairs up near west
horizontal wall near northwest
dark area very near east, southeast, and southwest
vertical wall adjacent north
dark area adjacent northeast
southeast corner adjacent south
doorway adjacent southwest

cursor:
Yourself a samurai
(x=42, y=7)

map:
                                                                                
                                                                                
                                                                                
                              -------------                                     
                              |...........|                                     
                              +...........|                                     
                              |........<..@#                                    
                              -----------.-#                                    
                                         #                                      
                                                                                
                                                                                
                                                                                
                                                                                
                                                                                
                                                                                
                                                                                
                                                                                
                                                                                
                                                                                
                                                                                
                                                                                
Agent the Hatamoto             St:15 Dx:17 Co:18 In:9 Wi:8 Ch:8 Lawful S:0      
Dlvl:1 $:0 HP:15(15) Pw:2(2) AC:4 Xp:1/0                                        

",0.0,False
72,northwest,,"message:


language observation:
vertical closed door far west
dark area near southeast and south
horizontal wall very near north, southwest, and northwest
doorway very near south
stairs up very near westsouthwest
vertical wall adjacent northeast and east
doorway adjacent southeast

cursor:
Yourself a samurai
(x=41, y=6)

map:
                                                                                
                                                                                
                                                                                
                              -------------                                     
                              |...........|                                     
                              +..........@|                                     
                              |........<...#                                    
                              -----------.-#                                    
                                         #                                      
                                                                                
                                                                                
                                                                                
                                                                                
                                                                                
                                                                                
                                                                                
                                                                                
                                                                                
                                                                                
                                                                                
                                                                                
Agent the Hatamoto             St:15 Dx:17 Co:18 In:9 Wi:8 Ch:8 Lawful S:0      
Dlvl:1 $:0 HP:15(15) Pw:2(2) AC:4 Xp:1/0                                        

",0.0,False
73,kick,,"message:
In what direction?

language observation:
vertical closed door far west
dark area near southeast and south
horizontal wall very near north, southwest, and northwest
doorway very near south
stairs up very near westsouthwest
vertical wall adjacent northeast and east
doorway adjacent southeast

cursor:

(x=19, y=0)

map:
                                                                                
                                                                                
                                                                                
                              -------------                                     
                              |...........|                                     
                              +..........@|                                     
                              |........<...#                                    
                              -----------.-#                                    
                                         #                                      
                                                                                
                                                                                
                                                                                
                                                                                
                                                                                
                                                                                
                                                                                
                                                                                
                                                                                
                                                                                
                                                                                
                                                                                
Agent the Hatamoto             St:15 Dx:17 Co:18 In:9 Wi:8 Ch:8 Lawful S:0      
Dlvl:1 $:0 HP:15(15) Pw:2(2) AC:4 Xp:1/0                                        

",0.0,False
74,south,,"message:
You kick at empty space.

language observation:
vertical closed door far west
dark area near southeast and south
horizontal wall very near north, southwest, and northwest
doorway very near south
stairs up very near westsouthwest
vertical wall adjacent northeast and east
doorway adjacent southeast

cursor:
Yourself a samurai
(x=41, y=6)

map:
                                                                                
                                                                                
                                                                                
                              -------------                                     
                              |...........|                                     
                              +..........@|                                     
                              |........<...#                                    
                              -----------.-#                                    
                                         #                                      
                                                                                
                                                                                
                                                                                
                                                                                
                                                                                
                                                                                
                                                                                
                                                                                
                                                                                
                                                                                
                                                                                
                                                                                
Agent the Hatamoto             St:15 Dx:17 Co:18 In:9 Wi:8 Ch:8 Lawful S:0      
Dlvl:1 $:0 HP:15(15) Pw:2(2) AC:4 Xp:1/0                                        

",0.0,False
75,south,,"message:


language observation:
vertical closed door far westnorthwest
horizontal wall near north and northwest
dark area near east and south
stairs up very near west
vertical wall adjacent northeast
doorway adjacent east and south
southeast corner adjacent southeast
horizontal wall adjacent southwest

cursor:
Yourself a samurai
(x=41, y=7)

map:
                                                                                
                                                                                
                                                                                
                              -------------                                     
                              |...........|                                     
                              +...........|                                     
                              |........<.@.#                                    
                              -----------.-#                                    
                                         #                                      
                                                                                
                                                                                
                                                                                
                                                                                
                                                                                
                                                                                
                                                                                
                                                                                
                                                                                
                                                                                
                                                                                
                                                                                
Agent the Hatamoto             St:15 Dx:17 Co:18 In:9 Wi:8 Ch:8 Lawful S:0      
Dlvl:1 $:0 HP:15(15) Pw:2(2) AC:4 Xp:1/0                                        

",0.0,False
76,search,,"message:


language observation:
vertical closed door far westnorthwest
horizontal wall near north and northwest
dark area near east and south
stairs up very near west
vertical wall adjacent northeast
doorway adjacent east and south
southeast corner adjacent southeast
horizontal wall adjacent southwest

cursor:
Yourself a samurai
(x=41, y=7)

map:
                                                                                
                                                                                
                                                                                
                              -------------                                     
                              |...........|                                     
                              +...........|                                     
                              |........<.@.#                                    
                              -----------.-#                                    
                                         #                                      
                                                                                
                                                                                
                                                                                
                                                                                
                                                                                
                                                                                
                                                                                
                                                                                
                                                                                
                                                                                
                                                                                
                                                                                
Agent the Hatamoto             St:15 Dx:17 Co:18 In:9 Wi:8 Ch:8 Lawful S:0      
Dlvl:1 $:0 HP:15(15) Pw:2(2) AC:4 Xp:1/0                                        

",0.0,False
77,north,,"message:


language observation:
vertical closed door far west
dark area near southeast and south
horizontal wall very near north, southwest, and northwest
doorway very near south
stairs up very near westsouthwest
vertical wall adjacent northeast and east
doorway adjacent southeast

cursor:
Yourself a samurai
(x=41, y=6)

map:
                                                                                
                                                                                
                                                                                
                              -------------                                     
                              |...........|                                     
                              +..........@|                                     
                              |........<...#                                    
                              -----------.-#                                    
                                         #                                      
                                                                                
                                                                                
                                                                                
                                                                                
                                                                                
                                                                                
                                                                                
                                                                                
                                                                                
                                                                                
                                                                                
                                                                                
Agent the Hatamoto             St:15 Dx:17 Co:18 In:9 Wi:8 Ch:8 Lawful S:0      
Dlvl:1 $:0 HP:15(15) Pw:2(2) AC:4 Xp:1/0                                        

",0.0,False
78,kick,,"message:
In what direction?

language observation:
vertical closed door far west
dark area near southeast and south
horizontal wall very near north, southwest, and northwest
doorway very near south
stairs up very near westsouthwest
vertical wall adjacent northeast and east
doorway adjacent southeast

cursor:

(x=19, y=0)

map:
                                                                                
                                                                                
                                                                                
                              -------------                                     
                              |...........|                                     
                              +..........@|                                     
                              |........<...#                                    
                              -----------.-#                                    
                                         #                                      
                                                                                
                                                                                
                                                                                
                                                                                
                                                                                
                                                                                
                                                                                
                                                                                
                                                                                
                                                                                
                                                                                
                                                                                
Agent the Hatamoto             St:15 Dx:17 Co:18 In:9 Wi:8 Ch:8 Lawful S:0      
Dlvl:1 $:0 HP:15(15) Pw:2(2) AC:4 Xp:1/0                                        

",0.0,False
79,search,,"message:


language observation:
vertical closed door far west
dark area near southeast and south
horizontal wall very near north, southwest, and northwest
doorway very near south
stairs up very near westsouthwest
vertical wall adjacent northeast and east
doorway adjacent southeast

cursor:
Yourself a samurai
(x=41, y=6)

map:
                                                                                
                                                                                
                                                                                
                              -------------                                     
                              |...........|                                     
                              +..........@|                                     
                              |........<...#                                    
                              -----------.-#                                    
                                         #                                      
                                                                                
                                                                                
                                                                                
                                                                                
                                                                                
                                                                                
                                                                                
                                                                                
                                                                                
                                                                                
                                                                                
                                                                                
Agent the Hatamoto             St:15 Dx:17 Co:18 In:9 Wi:8 Ch:8 Lawful S:0      
Dlvl:1 $:0 HP:15(15) Pw:2(2) AC:4 Xp:1/0                                        

",0.0,False
80,south,"The goal is to reach the stairs down. Initially, the stairs are not in my direct line of sight, but I can see them in the west. However, there are obstacles such as doors, walls, and dark areas that need to be navigated. To reach the stairs, I can try to move around the obstacles by going east, searching for hidden doors or passages, and kicking to try and open the door or get past the dark area. Since I have a clear view of the south doorway, I can try to move south and see if it leads me closer to the stairs.","message:


language observation:
vertical closed door far westnorthwest
horizontal wall near north and northwest
dark area near east and south
stairs up very near west
vertical wall adjacent northeast
doorway adjacent east and south
southeast corner adjacent southeast
horizontal wall adjacent southwest

cursor:
Yourself a samurai
(x=41, y=7)

map:
                                                                                
                                                                                
                                                                                
                              -------------                                     
                              |...........|                                     
                              +...........|                                     
                              |........<.@.#                                    
                              -----------.-#                                    
                                         #                                      
                                                                                
                                                                                
                                                                                
                                                                                
                                                                                
                                                                                
                                                                                
                                                                                
                                                                                
                                                                                
                                                                                
                                                                                
Agent the Hatamoto             St:15 Dx:17 Co:18 In:9 Wi:8 Ch:8 Lawful S:0      
Dlvl:1 $:0 HP:15(15) Pw:2(2) AC:4 Xp:1/0                                        

",0.0,False
81,east,,"message:


language observation:
vertical closed door far westnorthwest
stairs up near west
horizontal wall near northwest
dark area very near east, southeast, and southwest
vertical wall adjacent north
dark area adjacent northeast
southeast corner adjacent south
doorway adjacent southwest

cursor:
Yourself a samurai
(x=42, y=7)

map:
                                                                                
                                                                                
                                                                                
                              -------------                                     
                              |...........|                                     
                              +...........|                                     
                              |........<..@#                                    
                              -----------.-#                                    
                                         #                                      
                                                                                
                                                                                
                                                                                
                                                                                
                                                                                
                                                                                
                                                                                
                                                                                
                                                                                
                                                                                
                                                                                
                                                                                
Agent the Hatamoto             St:15 Dx:17 Co:18 In:9 Wi:8 Ch:8 Lawful S:0      
Dlvl:1 $:0 HP:15(15) Pw:2(2) AC:4 Xp:1/0                                        

",0.0,False
82,north,,"message:
It's a wall.

language observation:
vertical closed door far westnorthwest
stairs up near west
horizontal wall near northwest
dark area very near east, southeast, and southwest
vertical wall adjacent north
dark area adjacent northeast
southeast corner adjacent south
doorway adjacent southwest

cursor:
Yourself a samurai
(x=42, y=7)

map:
                                                                                
                                                                                
                                                                                
                              -------------                                     
                              |...........|                                     
                              +...........|                                     
                              |........<..@#                                    
                              -----------.-#                                    
                                         #                                      
                                                                                
                                                                                
                                                                                
                                                                                
                                                                                
                                                                                
                                                                                
                                                                                
                                                                                
                                                                                
                                                                                
                                                                                
Agent the Hatamoto             St:15 Dx:17 Co:18 In:9 Wi:8 Ch:8 Lawful S:0      
Dlvl:1 $:0 HP:15(15) Pw:2(2) AC:4 Xp:1/0                                        

",0.0,False
83,southwest,,"message:


language observation:
vertical closed door far westnorthwest
horizontal wall near north and northwest
dark area very near northeast and south
stairs up very near westnorthwest
doorway adjacent northeast
southeast corner adjacent east
dark area adjacent southeast and southwest
horizontal wall adjacent west

cursor:
Yourself a samurai
(x=41, y=8)

map:
                                                                                
                                                                                
                                                                                
                              -------------                                     
                              |...........|                                     
                              +...........|                                     
                              |........<...#                                    
                              -----------@-#                                    
                                         #                                      
                                                                                
                                                                                
                                                                                
                                                                                
                                                                                
                                                                                
                                                                                
                                                                                
                                                                                
                                                                                
                                                                                
                                                                                
Agent the Hatamoto             St:15 Dx:17 Co:18 In:9 Wi:8 Ch:8 Lawful S:0      
Dlvl:1 $:0 HP:15(15) Pw:2(2) AC:4 Xp:1/0                                        

",0.0,False
84,kick,,"message:
In what direction?

language observation:
vertical closed door far westnorthwest
horizontal wall near north and northwest
dark area very near northeast and south
stairs up very near westnorthwest
doorway adjacent northeast
southeast corner adjacent east
dark area adjacent southeast and southwest
horizontal wall adjacent west

cursor:

(x=19, y=0)

map:
                                                                                
                                                                                
                                                                                
                              -------------                                     
                              |...........|                                     
                              +...........|                                     
                              |........<...#                                    
                              -----------@-#                                    
                                         #                                      
                                                                                
                                                                                
                                                                                
                                                                                
                                                                                
                                                                                
                                                                                
                                                                                
                                                                                
                                                                                
                                                                                
                                                                                
Agent the Hatamoto             St:15 Dx:17 Co:18 In:9 Wi:8 Ch:8 Lawful S:0      
Dlvl:1 $:0 HP:15(15) Pw:2(2) AC:4 Xp:1/0                                        

",0.0,False
85,open,,"message:
What a strange direction!

language observation:
vertical closed door far westnorthwest
horizontal wall near north and northwest
dark area very near northeast and south
stairs up very near westnorthwest
doorway adjacent northeast
southeast corner adjacent east
dark area adjacent southeast and southwest
horizontal wall adjacent west

cursor:
Yourself a samurai
(x=41, y=8)

map:
                                                                                
                                                                                
                                                                                
                              -------------                                     
                              |...........|                                     
                              +...........|                                     
                              |........<...#                                    
                              -----------@-#                                    
                                         #                                      
                                                                                
                                                                                
                                                                                
                                                                                
                                                                                
                                                                                
                                                                                
                                                                                
                                                                                
                                                                                
                                                                                
                                                                                
Agent the Hatamoto             St:15 Dx:17 Co:18 In:9 Wi:8 Ch:8 Lawful S:0      
Dlvl:1 $:0 HP:15(15) Pw:2(2) AC:4 Xp:1/0                                        

",0.0,False
86,east,,"message:
It's a wall.

language observation:
vertical closed door far westnorthwest
horizontal wall near north and northwest
dark area very near northeast and south
stairs up very near westnorthwest
doorway adjacent northeast
southeast corner adjacent east
dark area adjacent southeast and southwest
horizontal wall adjacent west

cursor:
Yourself a samurai
(x=41, y=8)

map:
                                                                                
                                                                                
                                                                                
                              -------------                                     
                              |...........|                                     
                              +...........|                                     
                              |........<...#                                    
                              -----------@-#                                    
                                         #                                      
                                                                                
                                                                                
                                                                                
                                                                                
                                                                                
                                                                                
                                                                                
                                                                                
                                                                                
                                                                                
                                                                                
                                                                                
Agent the Hatamoto             St:15 Dx:17 Co:18 In:9 Wi:8 Ch:8 Lawful S:0      
Dlvl:1 $:0 HP:15(15) Pw:2(2) AC:4 Xp:1/0                                        

",0.0,False
87,north,,"message:


language observation:
vertical closed door far westnorthwest
horizontal wall near north and northwest
dark area near east and south
stairs up very near west
vertical wall adjacent northeast
doorway adjacent east and south
southeast corner adjacent southeast
horizontal wall adjacent southwest

cursor:
Yourself a samurai
(x=41, y=7)

map:
                                                                                
                                                                                
                                                                                
                              -------------                                     
                              |...........|                                     
                              +...........|                                     
                              |........<.@.#                                    
                              -----------.-#                                    
                                         #                                      
                                                                                
                                                                                
                                                                                
                                                                                
                                                                                
                                                                                
                                                                                
                                                                                
                                                                                
                                                                                
                                                                                
                                                                                
Agent the Hatamoto             St:15 Dx:17 Co:18 In:9 Wi:8 Ch:8 Lawful S:0      
Dlvl:1 $:0 HP:15(15) Pw:2(2) AC:4 Xp:1/0                                        

",0.0,False
88,east,,"message:


language observation:
vertical closed door far westnorthwest
stairs up near west
horizontal wall near northwest
dark area very near east, southeast, and southwest
vertical wall adjacent north
dark area adjacent northeast
southeast corner adjacent south
doorway adjacent southwest

cursor:
Yourself a samurai
(x=42, y=7)

map:
                                                                                
                                                                                
                                                                                
                              -------------                                     
                              |...........|                                     
                              +...........|                                     
                              |........<..@#                                    
                              -----------.-#                                    
                                         #                                      
                                                                                
                                                                                
                                                                                
                                                                                
                                                                                
                                                                                
                                                                                
                                                                                
                                                                                
                                                                                
                                                                                
                                                                                
Agent the Hatamoto             St:15 Dx:17 Co:18 In:9 Wi:8 Ch:8 Lawful S:0      
Dlvl:1 $:0 HP:15(15) Pw:2(2) AC:4 Xp:1/0                                        

",0.0,False
89,kick,,"message:
In what direction?

language observation:
vertical closed door far westnorthwest
stairs up near west
horizontal wall near northwest
dark area very near east, southeast, and southwest
vertical wall adjacent north
dark area adjacent northeast
southeast corner adjacent south
doorway adjacent southwest

cursor:

(x=19, y=0)

map:
                                                                                
                                                                                
                                                                                
                              -------------                                     
                              |...........|                                     
                              +...........|                                     
                              |........<..@#                                    
                              -----------.-#                                    
                                         #                                      
                                                                                
                                                                                
                                                                                
                                                                                
                                                                                
                                                                                
                                                                                
                                                                                
                                                                                
                                                                                
                                                                                
                                                                                
Agent the Hatamoto             St:15 Dx:17 Co:18 In:9 Wi:8 Ch:8 Lawful S:0      
Dlvl:1 $:0 HP:15(15) Pw:2(2) AC:4 Xp:1/0                                        

",0.0,False
90,south,,"message:
Ouch!  That hurts!

language observation:
vertical closed door far westnorthwest
stairs up near west
horizontal wall near northwest
dark area very near east, southeast, and southwest
vertical wall adjacent north
dark area adjacent northeast
southeast corner adjacent south
doorway adjacent southwest

cursor:
Yourself a samurai
(x=42, y=7)

map:
                                                                                
                                                                                
                                                                                
                              -------------                                     
                              |...........|                                     
                              +...........|                                     
                              |........<..@#                                    
                              -----------.-#                                    
                                         #                                      
                                                                                
                                                                                
                                                                                
                                                                                
                                                                                
                                                                                
                                                                                
                                                                                
                                                                                
                                                                                
                                                                                
                                                                                
Agent the Hatamoto             St:15 Dx:17 Co:18 In:9 Wi:8 Ch:8 Lawful S:0      
Dlvl:1 $:0 HP:13(15) Pw:2(2) AC:4 Xp:1/0                                        

",0.0,False
91,east,,"message:


language observation:
vertical closed door far westnorthwest
stairs up near west
dark area very near south
dark area adjacent north, northeast, east, and southeast
southeast corner adjacent southwest
doorway adjacent west
vertical wall adjacent northwest

cursor:
Yourself a samurai
(x=43, y=7)

map:
                                                                                
                                                                                
                                                                                
                              -------------                                     
                              |...........|                                     
                              +...........|                                     
                              |........<...@                                    
                              -----------.-#                                    
                                         #                                      
                                                                                
                                                                                
                                                                                
                                                                                
                                                                                
                                                                                
                                                                                
                                                                                
                                                                                
                                                                                
                                                                                
                                                                                
Agent the Hatamoto             St:15 Dx:17 Co:18 In:9 Wi:8 Ch:8 Lawful S:0      
Dlvl:1 $:0 HP:13(15) Pw:2(2) AC:4 Xp:1/0                                        

",0.0,False
92,east,,"message:
It's solid stone.

language observation:
vertical closed door far westnorthwest
stairs up near west
dark area very near south
dark area adjacent north, northeast, east, and southeast
southeast corner adjacent southwest
doorway adjacent west
vertical wall adjacent northwest

cursor:
Yourself a samurai
(x=43, y=7)

map:
                                                                                
                                                                                
                                                                                
                              -------------                                     
                              |...........|                                     
                              +...........|                                     
                              |........<...@                                    
                              -----------.-#                                    
                                         #                                      
                                                                                
                                                                                
                                                                                
                                                                                
                                                                                
                                                                                
                                                                                
                                                                                
                                                                                
                                                                                
                                                                                
                                                                                
Agent the Hatamoto             St:15 Dx:17 Co:18 In:9 Wi:8 Ch:8 Lawful S:0      
Dlvl:1 $:0 HP:13(15) Pw:2(2) AC:4 Xp:1/0                                        

",0.0,False
93,kick,,"message:
In what direction?

language observation:
vertical closed door far westnorthwest
stairs up near west
dark area very near south
dark area adjacent north, northeast, east, and southeast
southeast corner adjacent southwest
doorway adjacent west
vertical wall adjacent northwest

cursor:

(x=19, y=0)

map:
                                                                                
                                                                                
                                                                                
                              -------------                                     
                              |...........|                                     
                              +...........|                                     
                              |........<...@                                    
                              -----------.-#                                    
                                         #                                      
                                                                                
                                                                                
                                                                                
                                                                                
                                                                                
                                                                                
                                                                                
                                                                                
                                                                                
                                                                                
                                                                                
                                                                                
Agent the Hatamoto             St:15 Dx:17 Co:18 In:9 Wi:8 Ch:8 Lawful S:0      
Dlvl:1 $:0 HP:13(15) Pw:2(2) AC:4 Xp:1/0                                        

",0.0,False
94,search,,"message:


language observation:
vertical closed door far westnorthwest
stairs up near west
dark area very near south
dark area adjacent north, northeast, east, and southeast
southeast corner adjacent southwest
doorway adjacent west
vertical wall adjacent northwest

cursor:
Yourself a samurai
(x=43, y=7)

map:
                                                                                
                                                                                
                                                                                
                              -------------                                     
                              |...........|                                     
                              +...........|                                     
                              |........<...@                                    
                              -----------.-#                                    
                                         #                                      
                                                                                
                                                                                
                                                                                
                                                                                
                                                                                
                                                                                
                                                                                
                                                                                
                                                                                
                                                                                
                                                                                
                                                                                
Agent the Hatamoto             St:15 Dx:17 Co:18 In:9 Wi:8 Ch:8 Lawful S:0      
Dlvl:1 $:0 HP:13(15) Pw:2(2) AC:4 Xp:1/0                                        

",0.0,False
95,south,,"message:


language observation:
vertical closed door far westnorthwest
stairs up near westnorthwest
horizontal wall near northwest
dark area very near north, southeast, and south
dark area adjacent northeast, east, and southwest
southeast corner adjacent west
doorway adjacent northwest

cursor:
Yourself a samurai
(x=43, y=8)

map:
                                                                                
                                                                                
                                                                                
                              -------------                                     
                              |...........|                                     
                              +...........|                                     
                              |........<...#                                    
                              -----------.-@                                    
                                         # ##                                   
                                                                                
                                                                                
                                                                                
                                                                                
                                                                                
                                                                                
                                                                                
                                                                                
                                                                                
                                                                                
                                                                                
                                                                                
Agent the Hatamoto             St:15 Dx:17 Co:18 In:9 Wi:8 Ch:8 Lawful S:0      
Dlvl:1 $:0 HP:13(15) Pw:2(2) AC:4 Xp:1/0                                        

",0.0,False
96,east,"Based on the observations, my plan is to explore the current area, try to find a way to the stairs down, and avoid the dark areas and the wall. I will also keep in mind the availability of items in my inventory and be prepared to use them if necessary. Since I am a samurai, I have a katana that I can use for fighting if needed. My initial goal is to find a path to the stairs down, and I will try to achieve this by searching for hidden doors and passages, and by carefully moving around the current area to see if I can find any clues or ways to progress.","message:
It's solid stone.

language observation:
vertical closed door far westnorthwest
stairs up near westnorthwest
horizontal wall near northwest
dark area very near north, southeast, and south
dark area adjacent northeast, east, and southwest
southeast corner adjacent west
doorway adjacent northwest

cursor:
Yourself a samurai
(x=43, y=8)

map:
                                                                                
                                                                                
                                                                                
                              -------------                                     
                              |...........|                                     
                              +...........|                                     
                              |........<...#                                    
                              -----------.-@                                    
                                         # ##                                   
                                                                                
                                                                                
                                                                                
                                                                                
                                                                                
                                                                                
                                                                                
                                                                                
                                                                                
                                                                                
                                                                                
                                                                                
Agent the Hatamoto             St:15 Dx:17 Co:18 In:9 Wi:8 Ch:8 Lawful S:0      
Dlvl:1 $:0 HP:13(15) Pw:2(2) AC:4 Xp:1/0                                        

",0.0,False
97,search,,"message:


language observation:
vertical closed door far westnorthwest
stairs up near westnorthwest
horizontal wall near northwest
dark area very near north, southeast, and south
dark area adjacent northeast, east, and southwest
southeast corner adjacent west
doorway adjacent northwest

cursor:
Yourself a samurai
(x=43, y=8)

map:
                                                                                
                                                                                
                                                                                
                              -------------                                     
                              |...........|                                     
                              +...........|                                     
                              |........<...#                                    
                              -----------.-@                                    
                                         # ##                                   
                                                                                
                                                                                
                                                                                
                                                                                
                                                                                
                                                                                
                                                                                
                                                                                
                                                                                
                                                                                
                                                                                
                                                                                
Agent the Hatamoto             St:15 Dx:17 Co:18 In:9 Wi:8 Ch:8 Lawful S:0      
Dlvl:1 $:0 HP:13(15) Pw:2(2) AC:4 Xp:1/0                                        

",0.0,False
98,northwest,,"message:


language observation:
vertical closed door far westnorthwest
dark area near southeast
stairs up near west
horizontal wall near northwest
dark area very near east and southwest
vertical wall adjacent north
dark area adjacent northeast
southeast corner adjacent south
doorway adjacent southwest

cursor:
Yourself a samurai
(x=42, y=7)

map:
                                                                                
                                                                                
                                                                                
                              -------------                                     
                              |...........|                                     
                              +...........|                                     
                              |........<..@#                                    
                              -----------.-#                                    
                                         # ##                                   
                                                                                
                                                                                
                                                                                
                                                                                
                                                                                
                                                                                
                                                                                
                                                                                
                                                                                
                                                                                
                                                                                
                                                                                
Agent the Hatamoto             St:15 Dx:17 Co:18 In:9 Wi:8 Ch:8 Lawful S:0      
Dlvl:1 $:0 HP:13(15) Pw:2(2) AC:4 Xp:1/0                                        

",0.0,False
99,search,,"message:
 
No  Points     Name                                                   Hp [max]
0  Agent-Sam-Hum-Fem-Law quit in The Dungeons of Doom on
level 1.                                               13  [15]


language observation:
dark area adjacent east, southeast, and south

cursor:
very far eastsoutheast 
(x=77, y=6)

map:
 No  Points     Name                                                   Hp [max] 
                                                                                
            0  Agent-Sam-Hum-Fem-Law quit in The Dungeons of Doom on            
                                                                                
              level 1.                                               13  [15]   
                                                                                
                                                                                
                                                                                
                                                                                
                                                                                
                                                                                
                                                                                
                                                                                
                                                                                
                                                                                
                                                                                
                                                                                
                                                                                
                                                                                
                                                                                
                                                                                
                                                                                
                                                                                

",0.0,True
