Step,Action,Reasoning,Observation,Reward,Done
0,north,"Your goal is to reach the stairs down. The current map layout suggests that you're in a rectangular room, with your position at the eastern edge, south of a horizontal wall and north of a vertical wall. You need to navigate around this room to find the stairs down, possibly by exploring the northwest and northeast directions to identify potential exits. Your priority should be to search for any hidden passages, open any closed doors, and kick locked doors or enemies as necessary. It's essential to keep moving in directions that might reveal new areas and navigate through the room to find the stairs down. You should also be cautious not to get stuck in corners or run out of space.","message:


language observation:
vertical wall far west
horizontal wall near north and northwest
dark area near northeast and east
vertical closed door very near northeast
vertical open door very near east
southeast corner very near southeast
horizontal wall very near south and southwest
stairs up adjacent south

cursor:
Yourself a knight
(x=15, y=7)

map:
                                                                                
         ---------                                                              
         |.......                                                               
         |.......|                                                              
         |.......+                                                              
         |.......|                                                              
         |.....@.-                                                              
         |.....<.|                                                              
         ---------                                                              
                                                                                
                                                                                
                                                                                
                                                                                
                                                                                
                                                                                
                                                                                
                                                                                
                                                                                
                                                                                
                                                                                
                                                                                
Agent the Gallant              St:15 Dx:8 Co:12 In:8 Wi:14 Ch:18 Lawful S:0     
Dlvl:1 $:0 HP:16(16) Pw:3(3) AC:3 Xp:1/0                                        

",0.0,False
1,north,,"message:


language observation:
vertical wall far west
horizontal wall near north, south, southwest, and northwest
vertical wall very near northeast, east, and southeast
vertical closed door very near eastnortheast
stairs up very near south

cursor:
Yourself a knight
(x=15, y=6)

map:
                                                                                
         ---------                                                              
         |........                                                              
         |.......|                                                              
         |.......+                                                              
         |.....@.|                                                              
         |.......-                                                              
         |.....<.|                                                              
         ---------                                                              
                                                                                
                                                                                
                                                                                
                                                                                
                                                                                
                                                                                
                                                                                
                                                                                
                                                                                
                                                                                
                                                                                
                                                                                
Agent the Gallant              St:15 Dx:8 Co:12 In:8 Wi:14 Ch:18 Lawful S:0     
Dlvl:1 $:0 HP:16(16) Pw:3(3) AC:3 Xp:1/0                                        

",0.0,False
2,search,,"message:


language observation:
vertical wall far west
horizontal wall near north, south, southwest, and northwest
vertical wall very near northeast, east, and southeast
vertical closed door very near eastnortheast
stairs up very near south

cursor:
Yourself a knight
(x=15, y=6)

map:
                                                                                
         ---------                                                              
         |........                                                              
         |.......|                                                              
         |.......+                                                              
         |.....@.|                                                              
         |.......-                                                              
         |.....<.|                                                              
         ---------                                                              
                                                                                
                                                                                
                                                                                
                                                                                
                                                                                
                                                                                
                                                                                
                                                                                
                                                                                
                                                                                
                                                                                
                                                                                
Agent the Gallant              St:15 Dx:8 Co:12 In:8 Wi:14 Ch:18 Lawful S:0     
Dlvl:1 $:0 HP:16(16) Pw:3(3) AC:3 Xp:1/0                                        

",0.0,False
3,search,,"message:


language observation:
vertical wall far west
horizontal wall near north, south, southwest, and northwest
vertical wall very near northeast, east, and southeast
vertical closed door very near eastnortheast
stairs up very near south

cursor:
Yourself a knight
(x=15, y=6)

map:
                                                                                
         ---------                                                              
         |........                                                              
         |.......|                                                              
         |.......+                                                              
         |.....@.|                                                              
         |.......-                                                              
         |.....<.|                                                              
         ---------                                                              
                                                                                
                                                                                
                                                                                
                                                                                
                                                                                
                                                                                
                                                                                
                                                                                
                                                                                
                                                                                
                                                                                
                                                                                
Agent the Gallant              St:15 Dx:8 Co:12 In:8 Wi:14 Ch:18 Lawful S:0     
Dlvl:1 $:0 HP:16(16) Pw:3(3) AC:3 Xp:1/0                                        

",0.0,False
4,south,"Your high-level plan is to navigate through the room to reach the stairs down. Since the stairs up is in the way and there's a closed door near eastnortheast, you'll need to focus on moving north to find a new path or potential exit. You'll use the 'search' command to identify any hidden passages or doors. Once you've found a viable path, you'll move towards the stairs down, using the 'north' or 'northeast' direction as needed.","message:


language observation:
vertical wall far west
horizontal wall near north and northwest
dark area near northeast and east
vertical closed door very near northeast
vertical open door very near east
southeast corner very near southeast
horizontal wall very near south and southwest
stairs up adjacent south

cursor:
Yourself a knight
(x=15, y=7)

map:
                                                                                
         ---------                                                              
         |........                                                              
         |.......|                                                              
         |.......+                                                              
         |.......|                                                              
         |.....@.-                                                              
         |.....<.|                                                              
         ---------                                                              
                                                                                
                                                                                
                                                                                
                                                                                
                                                                                
                                                                                
                                                                                
                                                                                
                                                                                
                                                                                
                                                                                
                                                                                
Agent the Gallant              St:15 Dx:8 Co:12 In:8 Wi:14 Ch:18 Lawful S:0     
Dlvl:1 $:0 HP:16(16) Pw:3(3) AC:3 Xp:1/0                                        

",0.0,False
5,north,,"message:


language observation:
vertical wall far west
horizontal wall near north, south, southwest, and northwest
vertical wall very near northeast, east, and southeast
vertical closed door very near eastnortheast
stairs up very near south

cursor:
Yourself a knight
(x=15, y=6)

map:
                                                                                
         ---------                                                              
         |........                                                              
         |.......|                                                              
         |.......+                                                              
         |.....@.|                                                              
         |.......-                                                              
         |.....<.|                                                              
         ---------                                                              
                                                                                
                                                                                
                                                                                
                                                                                
                                                                                
                                                                                
                                                                                
                                                                                
                                                                                
                                                                                
                                                                                
                                                                                
Agent the Gallant              St:15 Dx:8 Co:12 In:8 Wi:14 Ch:18 Lawful S:0     
Dlvl:1 $:0 HP:16(16) Pw:3(3) AC:3 Xp:1/0                                        

",0.0,False
6,east,,"message:


language observation:
vertical wall far west
horizontal wall near north, south, southwest, and northwest
dark area very near northeast and southeast
stairs up very near southsouthwest
vertical closed door adjacent northeast
vertical wall adjacent east
vertical open door adjacent southeast

cursor:
Yourself a knight
(x=16, y=6)

map:
                                                                                
         ---------                                                              
         |........                                                              
         |.......|                                                              
         |.......+                                                              
         |......@|                                                              
         |.......-                                                              
         |.....<.|                                                              
         ---------                                                              
                                                                                
                                                                                
                                                                                
                                                                                
                                                                                
                                                                                
                                                                                
                                                                                
                                                                                
                                                                                
                                                                                
                                                                                
Agent the Gallant              St:15 Dx:8 Co:12 In:8 Wi:14 Ch:18 Lawful S:0     
Dlvl:1 $:0 HP:16(16) Pw:3(3) AC:3 Xp:1/0                                        

",0.0,False
7,north,,"message:


language observation:
vertical wall far west
horizontal wall near north, south, southwest, and northwest
stairs up near southsouthwest
dark area very near east
vertical wall adjacent northeast and southeast
vertical closed door adjacent east

cursor:
Yourself a knight
(x=16, y=5)

map:
                                                                                
         ---------                                                              
         |........                                                              
         |.......|                                                              
         |......@+                                                              
         |.......|                                                              
         |.......-                                                              
         |.....<.|                                                              
         ---------                                                              
                                                                                
                                                                                
                                                                                
                                                                                
                                                                                
                                                                                
                                                                                
                                                                                
                                                                                
                                                                                
                                                                                
                                                                                
Agent the Gallant              St:15 Dx:8 Co:12 In:8 Wi:14 Ch:18 Lawful S:0     
Dlvl:1 $:0 HP:16(16) Pw:3(3) AC:3 Xp:1/0                                        

",0.0,False
8,east,"My high-level plan is to navigate through the room to reach the stairs down. I'll start by moving north, which appears to be a viable path. I'll continue moving north until I find a new path or a potential exit. Since the stairs up is blocked by a wall, I'll focus on finding the stairs down. Once I've moved north as far as I can, I'll re-evaluate my position and move towards the stairs down, using the 'search' command to identify any hidden passages or doors.","message:
The door opens.

language observation:
vertical wall far west
horizontal wall near north, south, southwest, and northwest
stairs up near southsouthwest
dark area very near east
vertical wall adjacent northeast and southeast
vertical open door adjacent east

cursor:
Yourself a knight
(x=16, y=5)

map:
                                                                                
         ---------                                                              
         |........                                                              
         |.......|                                                              
         |......@-                                                              
         |.......|                                                              
         |.......-                                                              
         |.....<.|                                                              
         ---------                                                              
                                                                                
                                                                                
                                                                                
                                                                                
                                                                                
                                                                                
                                                                                
                                                                                
                                                                                
                                                                                
                                                                                
                                                                                
Agent the Gallant              St:15 Dx:8 Co:12 In:8 Wi:14 Ch:18 Lawful S:0     
Dlvl:1 $:0 HP:16(16) Pw:3(3) AC:3 Xp:1/0                                        

",0.0,False
9,search,,"message:


language observation:
vertical wall far west
horizontal wall near north, south, southwest, and northwest
stairs up near southsouthwest
dark area very near east
vertical wall adjacent northeast and southeast
vertical open door adjacent east

cursor:
Yourself a knight
(x=16, y=5)

map:
                                                                                
         ---------                                                              
         |........                                                              
         |.......|                                                              
         |......@-                                                              
         |.......|                                                              
         |.......-                                                              
         |.....<.|                                                              
         ---------                                                              
                                                                                
                                                                                
                                                                                
                                                                                
                                                                                
                                                                                
                                                                                
                                                                                
                                                                                
                                                                                
                                                                                
                                                                                
Agent the Gallant              St:15 Dx:8 Co:12 In:8 Wi:14 Ch:18 Lawful S:0     
Dlvl:1 $:0 HP:16(16) Pw:3(3) AC:3 Xp:1/0                                        

",0.0,False
10,east,,"message:


language observation:
vertical wall far west
stairs up near southsouthwest
horizontal wall near southwest and northwest
dark area very near east
vertical wall adjacent north and south
dark area adjacent northeast and southeast

cursor:
Yourself a knight
(x=17, y=5)

map:
                                                                                
         ---------                                                              
         |........                                                              
         |.......|                                                              
         |.......@#                                                             
         |.......|                                                              
         |.......-                                                              
         |.....<.|                                                              
         ---------                                                              
                                                                                
                                                                                
                                                                                
                                                                                
                                                                                
                                                                                
                                                                                
                                                                                
                                                                                
                                                                                
                                                                                
                                                                                
Agent the Gallant              St:15 Dx:8 Co:12 In:8 Wi:14 Ch:18 Lawful S:0     
Dlvl:1 $:0 HP:16(16) Pw:3(3) AC:3 Xp:1/0                                        

",0.0,False
11,southwest,,"message:
You can't move diagonally out of an intact doorway.

language observation:
vertical wall far west
stairs up near southsouthwest
horizontal wall near southwest and northwest
dark area very near east
vertical wall adjacent north and south
dark area adjacent northeast and southeast

cursor:
Yourself a knight
(x=17, y=5)

map:
                                                                                
         ---------                                                              
         |........                                                              
         |.......|                                                              
         |.......@#                                                             
         |.......|                                                              
         |.......-                                                              
         |.....<.|                                                              
         ---------                                                              
                                                                                
                                                                                
                                                                                
                                                                                
                                                                                
                                                                                
                                                                                
                                                                                
                                                                                
                                                                                
                                                                                
                                                                                
Agent the Gallant              St:15 Dx:8 Co:12 In:8 Wi:14 Ch:18 Lawful S:0     
Dlvl:1 $:0 HP:16(16) Pw:3(3) AC:3 Xp:1/0                                        

",0.0,False
12,search,"The goal is to find the stairs down. The current room has a blocked staircase up and a door to the east. I will open the door and explore the new room. Once in the new room, I will use the 'search' command to find any hidden doors or passages that could lead to the stairs down. If a passage is found, I will follow it to the stairs down. If not, I will re-evaluate the room and try another approach.","message:


language observation:
vertical wall far west
stairs up near southsouthwest
horizontal wall near southwest and northwest
dark area very near east
vertical wall adjacent north and south
dark area adjacent northeast and southeast

cursor:
Yourself a knight
(x=17, y=5)

map:
                                                                                
         ---------                                                              
         |........                                                              
         |.......|                                                              
         |.......@#                                                             
         |.......|                                                              
         |.......-                                                              
         |.....<.|                                                              
         ---------                                                              
                                                                                
                                                                                
                                                                                
                                                                                
                                                                                
                                                                                
                                                                                
                                                                                
                                                                                
                                                                                
                                                                                
                                                                                
Agent the Gallant              St:15 Dx:8 Co:12 In:8 Wi:14 Ch:18 Lawful S:0     
Dlvl:1 $:0 HP:16(16) Pw:3(3) AC:3 Xp:1/0                                        

",0.0,False
13,east,,"message:


language observation:
vertical wall far west
stairs up near southwest
dark area very near northeast and east
dark area adjacent north, southeast, and south
vertical wall adjacent southwest and northwest
vertical open door adjacent west

cursor:
Yourself a knight
(x=18, y=5)

map:
                                                                                
         ---------                                                              
         |........                                                              
         |.......| #                                                            
         |.......-@#                                                            
         |.......|                                                              
         |.......-                                                              
         |.....<.|                                                              
         ---------                                                              
                                                                                
                                                                                
                                                                                
                                                                                
                                                                                
                                                                                
                                                                                
                                                                                
                                                                                
                                                                                
                                                                                
                                                                                
Agent the Gallant              St:15 Dx:8 Co:12 In:8 Wi:14 Ch:18 Lawful S:0     
Dlvl:1 $:0 HP:16(16) Pw:3(3) AC:3 Xp:1/0                                        

",0.0,False
14,west,,"message:


language observation:
vertical wall far west
dark area near east
stairs up near southsouthwest
horizontal wall near southwest and northwest
vertical wall adjacent north and south
dark area adjacent northeast and southeast

cursor:
Yourself a knight
(x=17, y=5)

map:
                                                                                
         ---------                                                              
         |........                                                              
         |.......| #                                                            
         |.......@##                                                            
         |.......|                                                              
         |.......-                                                              
         |.....<.|                                                              
         ---------                                                              
                                                                                
                                                                                
                                                                                
                                                                                
                                                                                
                                                                                
                                                                                
                                                                                
                                                                                
                                                                                
                                                                                
                                                                                
Agent the Gallant              St:15 Dx:8 Co:12 In:8 Wi:14 Ch:18 Lawful S:0     
Dlvl:1 $:0 HP:16(16) Pw:3(3) AC:3 Xp:1/0                                        

",0.0,False
15,south,,"message:
It's a wall.

language observation:
vertical wall far west
dark area near east
stairs up near southsouthwest
horizontal wall near southwest and northwest
vertical wall adjacent north and south
dark area adjacent northeast and southeast

cursor:
Yourself a knight
(x=17, y=5)

map:
                                                                                
         ---------                                                              
         |........                                                              
         |.......| #                                                            
         |.......@##                                                            
         |.......|                                                              
         |.......-                                                              
         |.....<.|                                                              
         ---------                                                              
                                                                                
                                                                                
                                                                                
                                                                                
                                                                                
                                                                                
                                                                                
                                                                                
                                                                                
                                                                                
                                                                                
                                                                                
Agent the Gallant              St:15 Dx:8 Co:12 In:8 Wi:14 Ch:18 Lawful S:0     
Dlvl:1 $:0 HP:16(16) Pw:3(3) AC:3 Xp:1/0                                        

",0.0,False
16,north,"The goal is to reach the stairs down. To do this, I need to find a path that goes around the blocked staircase up. My plan is to try to find a door or passage that leads to the stairs down. I will move to the east and explore the new room, then use the 'search' command to find any hidden doors or passages. Once I find a passage, I will follow it to the stairs down. If not, I will re-evaluate the room and try another approach.","message:
It's a wall.

language observation:
vertical wall far west
dark area near east
stairs up near southsouthwest
horizontal wall near southwest and northwest
vertical wall adjacent north and south
dark area adjacent northeast and southeast

cursor:
Yourself a knight
(x=17, y=5)

map:
                                                                                
         ---------                                                              
         |........                                                              
         |.......| #                                                            
         |.......@##                                                            
         |.......|                                                              
         |.......-                                                              
         |.....<.|                                                              
         ---------                                                              
                                                                                
                                                                                
                                                                                
                                                                                
                                                                                
                                                                                
                                                                                
                                                                                
                                                                                
                                                                                
                                                                                
                                                                                
Agent the Gallant              St:15 Dx:8 Co:12 In:8 Wi:14 Ch:18 Lawful S:0     
Dlvl:1 $:0 HP:16(16) Pw:3(3) AC:3 Xp:1/0                                        

",0.0,False
17,southwest,,"message:
You can't move diagonally out of an intact doorway.

language observation:
vertical wall far west
dark area near east
stairs up near southsouthwest
horizontal wall near southwest and northwest
vertical wall adjacent north and south
dark area adjacent northeast and southeast

cursor:
Yourself a knight
(x=17, y=5)

map:
                                                                                
         ---------                                                              
         |........                                                              
         |.......| #                                                            
         |.......@##                                                            
         |.......|                                                              
         |.......-                                                              
         |.....<.|                                                              
         ---------                                                              
                                                                                
                                                                                
                                                                                
                                                                                
                                                                                
                                                                                
                                                                                
                                                                                
                                                                                
                                                                                
                                                                                
                                                                                
Agent the Gallant              St:15 Dx:8 Co:12 In:8 Wi:14 Ch:18 Lawful S:0     
Dlvl:1 $:0 HP:16(16) Pw:3(3) AC:3 Xp:1/0                                        

",0.0,False
18,search,,"message:


language observation:
vertical wall far west
dark area near east
stairs up near southsouthwest
horizontal wall near southwest and northwest
vertical wall adjacent north and south
dark area adjacent northeast and southeast

cursor:
Yourself a knight
(x=17, y=5)

map:
                                                                                
         ---------                                                              
         |........                                                              
         |.......| #                                                            
         |.......@##                                                            
         |.......|                                                              
         |.......-                                                              
         |.....<.|                                                              
         ---------                                                              
                                                                                
                                                                                
                                                                                
                                                                                
                                                                                
                                                                                
                                                                                
                                                                                
                                                                                
                                                                                
                                                                                
                                                                                
Agent the Gallant              St:15 Dx:8 Co:12 In:8 Wi:14 Ch:18 Lawful S:0     
Dlvl:1 $:0 HP:16(16) Pw:3(3) AC:3 Xp:1/0                                        

",0.0,False
19,north,,"message:
It's a wall.

language observation:
vertical wall far west
dark area near east
stairs up near southsouthwest
horizontal wall near southwest and northwest
vertical wall adjacent north and south
dark area adjacent northeast and southeast

cursor:
Yourself a knight
(x=17, y=5)

map:
                                                                                
         ---------                                                              
         |........                                                              
         |.......| #                                                            
         |.......@##                                                            
         |.......|                                                              
         |.......-                                                              
         |.....<.|                                                              
         ---------                                                              
                                                                                
                                                                                
                                                                                
                                                                                
                                                                                
                                                                                
                                                                                
                                                                                
                                                                                
                                                                                
                                                                                
                                                                                
Agent the Gallant              St:15 Dx:8 Co:12 In:8 Wi:14 Ch:18 Lawful S:0     
Dlvl:1 $:0 HP:16(16) Pw:3(3) AC:3 Xp:1/0                                        

",0.0,False
20,search,"Based on previous observations, it's clear that the only way to reach the stairs down is to find a passage or door that leads to it. The plan is to carefully examine the current room, looking for any hidden doors or passages. Since the room is quite simple, I'll start by examining the area near the wall that I'm currently facing, and then move east to explore the new room, and use the 'search' command to find any hidden doors or passages. I'll continue this process until I find a passage that leads to the stairs down.","message:


language observation:
vertical wall far west
dark area near east
stairs up near southsouthwest
horizontal wall near southwest and northwest
vertical wall adjacent north and south
dark area adjacent northeast and southeast

cursor:
Yourself a knight
(x=17, y=5)

map:
                                                                                
         ---------                                                              
         |........                                                              
         |.......| #                                                            
         |.......@##                                                            
         |.......|                                                              
         |.......-                                                              
         |.....<.|                                                              
         ---------                                                              
                                                                                
                                                                                
                                                                                
                                                                                
                                                                                
                                                                                
                                                                                
                                                                                
                                                                                
                                                                                
                                                                                
                                                                                
Agent the Gallant              St:15 Dx:8 Co:12 In:8 Wi:14 Ch:18 Lawful S:0     
Dlvl:1 $:0 HP:16(16) Pw:3(3) AC:3 Xp:1/0                                        

",0.0,False
21,east,,"message:


language observation:
vertical wall far west
stairs up near southwest
dark area very near northeast and east
dark area adjacent north, southeast, and south
vertical wall adjacent southwest and northwest
vertical open door adjacent west

cursor:
Yourself a knight
(x=18, y=5)

map:
                                                                                
         ---------                                                              
         |........                                                              
         |.......| #                                                            
         |.......-@#                                                            
         |.......|                                                              
         |.......-                                                              
         |.....<.|                                                              
         ---------                                                              
                                                                                
                                                                                
                                                                                
                                                                                
                                                                                
                                                                                
                                                                                
                                                                                
                                                                                
                                                                                
                                                                                
                                                                                
Agent the Gallant              St:15 Dx:8 Co:12 In:8 Wi:14 Ch:18 Lawful S:0     
Dlvl:1 $:0 HP:16(16) Pw:3(3) AC:3 Xp:1/0                                        

",0.0,False
22,southwest,,"message:
It's a wall.

language observation:
vertical wall far west
stairs up near southwest
dark area very near northeast and east
dark area adjacent north, southeast, and south
vertical wall adjacent southwest and northwest
vertical open door adjacent west

cursor:
Yourself a knight
(x=18, y=5)

map:
                                                                                
         ---------                                                              
         |........                                                              
         |.......| #                                                            
         |.......-@#                                                            
         |.......|                                                              
         |.......-                                                              
         |.....<.|                                                              
         ---------                                                              
                                                                                
                                                                                
                                                                                
                                                                                
                                                                                
                                                                                
                                                                                
                                                                                
                                                                                
                                                                                
                                                                                
                                                                                
Agent the Gallant              St:15 Dx:8 Co:12 In:8 Wi:14 Ch:18 Lawful S:0     
Dlvl:1 $:0 HP:16(16) Pw:3(3) AC:3 Xp:1/0                                        

",0.0,False
23,search,,"message:


language observation:
vertical wall far west
stairs up near southwest
dark area very near northeast and east
dark area adjacent north, southeast, and south
vertical wall adjacent southwest and northwest
vertical open door adjacent west

cursor:
Yourself a knight
(x=18, y=5)

map:
                                                                                
         ---------                                                              
         |........                                                              
         |.......| #                                                            
         |.......-@#                                                            
         |.......|                                                              
         |.......-                                                              
         |.....<.|                                                              
         ---------                                                              
                                                                                
                                                                                
                                                                                
                                                                                
                                                                                
                                                                                
                                                                                
                                                                                
                                                                                
                                                                                
                                                                                
                                                                                
Agent the Gallant              St:15 Dx:8 Co:12 In:8 Wi:14 Ch:18 Lawful S:0     
Dlvl:1 $:0 HP:16(16) Pw:3(3) AC:3 Xp:1/0                                        

",0.0,False
24,west,"The goal is to reach the stairs down. Based on the current map and observations, it seems that the only way to reach the stairs down is by going west and finding a door or passage that leads to it. I will try to go through the open door adjacent to the current location, which is to the west.","message:


language observation:
vertical wall far west
dark area near east
stairs up near southsouthwest
horizontal wall near southwest and northwest
vertical wall adjacent north and south
dark area adjacent northeast and southeast

cursor:
Yourself a knight
(x=17, y=5)

map:
                                                                                
         ---------                                                              
         |........                                                              
         |.......| #                                                            
         |.......@##                                                            
         |.......|                                                              
         |.......-                                                              
         |.....<.|                                                              
         ---------                                                              
                                                                                
                                                                                
                                                                                
                                                                                
                                                                                
                                                                                
                                                                                
                                                                                
                                                                                
                                                                                
                                                                                
                                                                                
Agent the Gallant              St:15 Dx:8 Co:12 In:8 Wi:14 Ch:18 Lawful S:0     
Dlvl:1 $:0 HP:16(16) Pw:3(3) AC:3 Xp:1/0                                        

",0.0,False
25,open,,"message:
In what direction?

language observation:
vertical wall far west
dark area near east
stairs up near southsouthwest
horizontal wall near southwest and northwest
vertical wall adjacent north and south
dark area adjacent northeast and southeast

cursor:

(x=19, y=0)

map:
                                                                                
         ---------                                                              
         |........                                                              
         |.......| #                                                            
         |.......@##                                                            
         |.......|                                                              
         |.......-                                                              
         |.....<.|                                                              
         ---------                                                              
                                                                                
                                                                                
                                                                                
                                                                                
                                                                                
                                                                                
                                                                                
                                                                                
                                                                                
                                                                                
                                                                                
                                                                                
Agent the Gallant              St:15 Dx:8 Co:12 In:8 Wi:14 Ch:18 Lawful S:0     
Dlvl:1 $:0 HP:16(16) Pw:3(3) AC:3 Xp:1/0                                        

",0.0,False
26,search,,"message:
You don't find anything here to loot.

language observation:
vertical wall far west
dark area near east
stairs up near southsouthwest
horizontal wall near southwest and northwest
vertical wall adjacent north and south
dark area adjacent northeast and southeast

cursor:
Yourself a knight
(x=17, y=5)

map:
                                                                                
         ---------                                                              
         |........                                                              
         |.......| #                                                            
         |.......@##                                                            
         |.......|                                                              
         |.......-                                                              
         |.....<.|                                                              
         ---------                                                              
                                                                                
                                                                                
                                                                                
                                                                                
                                                                                
                                                                                
                                                                                
                                                                                
                                                                                
                                                                                
                                                                                
                                                                                
Agent the Gallant              St:15 Dx:8 Co:12 In:8 Wi:14 Ch:18 Lawful S:0     
Dlvl:1 $:0 HP:16(16) Pw:3(3) AC:3 Xp:1/0                                        

",0.0,False
27,south,,"message:
It's a wall.

language observation:
vertical wall far west
dark area near east
stairs up near southsouthwest
horizontal wall near southwest and northwest
vertical wall adjacent north and south
dark area adjacent northeast and southeast

cursor:
Yourself a knight
(x=17, y=5)

map:
                                                                                
         ---------                                                              
         |........                                                              
         |.......| #                                                            
         |.......@##                                                            
         |.......|                                                              
         |.......-                                                              
         |.....<.|                                                              
         ---------                                                              
                                                                                
                                                                                
                                                                                
                                                                                
                                                                                
                                                                                
                                                                                
                                                                                
                                                                                
                                                                                
                                                                                
                                                                                
Agent the Gallant              St:15 Dx:8 Co:12 In:8 Wi:14 Ch:18 Lawful S:0     
Dlvl:1 $:0 HP:16(16) Pw:3(3) AC:3 Xp:1/0                                        

",0.0,False
28,west,"To reach the stairs down, I need to find a path that leads to it. My previous observations suggest that there is a horizontal wall near southwest and northwest, and a vertical open door adjacent to the current location (west). However, going through the open door led to a dead end. I will try to go through the horizontal wall to see if it leads to the stairs down. If not, I will re-evaluate my plan and try a different approach.","message:


language observation:
vertical wall far west
horizontal wall near north, south, southwest, and northwest
dark area near east
stairs up near southsouthwest
vertical wall adjacent northeast and southeast
vertical open door adjacent east

cursor:
Yourself a knight
(x=16, y=5)

map:
                                                                                
         ---------                                                              
         |........                                                              
         |.......| #                                                            
         |......@-##                                                            
         |.......|                                                              
         |.......-                                                              
         |.....<.|                                                              
         ---------                                                              
                                                                                
                                                                                
                                                                                
                                                                                
                                                                                
                                                                                
                                                                                
                                                                                
                                                                                
                                                                                
                                                                                
                                                                                
Agent the Gallant              St:15 Dx:8 Co:12 In:8 Wi:14 Ch:18 Lawful S:0     
Dlvl:1 $:0 HP:16(16) Pw:3(3) AC:3 Xp:1/0                                        

",0.0,False
29,north,,"message:


language observation:
vertical wall far west
horizontal wall near south and southwest
stairs up near southsouthwest
horizontal wall very near north and northwest
dark area very near northeast and southeast
doorway adjacent northeast
vertical wall adjacent east
vertical open door adjacent southeast

cursor:
Yourself a knight
(x=16, y=4)

map:
                                                                                
         ---------                                                              
         |........                                                              
         |......@| #                                                            
         |.......-##                                                            
         |.......|                                                              
         |.......-                                                              
         |.....<.|                                                              
         ---------                                                              
                                                                                
                                                                                
                                                                                
                                                                                
                                                                                
                                                                                
                                                                                
                                                                                
                                                                                
                                                                                
                                                                                
                                                                                
Agent the Gallant              St:15 Dx:8 Co:12 In:8 Wi:14 Ch:18 Lawful S:0     
Dlvl:1 $:0 HP:16(16) Pw:3(3) AC:3 Xp:1/0                                        

",0.0,False
30,east,,"message:
It's a wall.

language observation:
vertical wall far west
horizontal wall near south and southwest
stairs up near southsouthwest
horizontal wall very near north and northwest
dark area very near northeast and southeast
doorway adjacent northeast
vertical wall adjacent east
vertical open door adjacent southeast

cursor:
Yourself a knight
(x=16, y=4)

map:
                                                                                
         ---------                                                              
         |........                                                              
         |......@| #                                                            
         |.......-##                                                            
         |.......|                                                              
         |.......-                                                              
         |.....<.|                                                              
         ---------                                                              
                                                                                
                                                                                
                                                                                
                                                                                
                                                                                
                                                                                
                                                                                
                                                                                
                                                                                
                                                                                
                                                                                
                                                                                
Agent the Gallant              St:15 Dx:8 Co:12 In:8 Wi:14 Ch:18 Lawful S:0     
Dlvl:1 $:0 HP:16(16) Pw:3(3) AC:3 Xp:1/0                                        

",0.0,False
31,southeast,,"message:
You can't move diagonally into an intact doorway.

language observation:
vertical wall far west
horizontal wall near south and southwest
stairs up near southsouthwest
horizontal wall very near north and northwest
dark area very near northeast and southeast
doorway adjacent northeast
vertical wall adjacent east
vertical open door adjacent southeast

cursor:
Yourself a knight
(x=16, y=4)

map:
                                                                                
         ---------                                                              
         |........                                                              
         |......@| #                                                            
         |.......-##                                                            
         |.......|                                                              
         |.......-                                                              
         |.....<.|                                                              
         ---------                                                              
                                                                                
                                                                                
                                                                                
                                                                                
                                                                                
                                                                                
                                                                                
                                                                                
                                                                                
                                                                                
                                                                                
                                                                                
Agent the Gallant              St:15 Dx:8 Co:12 In:8 Wi:14 Ch:18 Lawful S:0     
Dlvl:1 $:0 HP:16(16) Pw:3(3) AC:3 Xp:1/0                                        

",0.0,False
32,east,"To complete the task, my goal is to reach the stairs down. I need to navigate through the maze-like structure while avoiding walls and finding open doors. My plan is to continue moving east to find the open door that leads to the stairs down. I will search for any open doors or paths that lead to the stairs and try to move in that direction. Since there are multiple paths, I will choose the one that seems most promising based on the current map.","message:
It's a wall.

language observation:
vertical wall far west
horizontal wall near south and southwest
stairs up near southsouthwest
horizontal wall very near north and northwest
dark area very near northeast and southeast
doorway adjacent northeast
vertical wall adjacent east
vertical open door adjacent southeast

cursor:
Yourself a knight
(x=16, y=4)

map:
                                                                                
         ---------                                                              
         |........                                                              
         |......@| #                                                            
         |.......-##                                                            
         |.......|                                                              
         |.......-                                                              
         |.....<.|                                                              
         ---------                                                              
                                                                                
                                                                                
                                                                                
                                                                                
                                                                                
                                                                                
                                                                                
                                                                                
                                                                                
                                                                                
                                                                                
                                                                                
Agent the Gallant              St:15 Dx:8 Co:12 In:8 Wi:14 Ch:18 Lawful S:0     
Dlvl:1 $:0 HP:16(16) Pw:3(3) AC:3 Xp:1/0                                        

",0.0,False
33,north,,"message:


language observation:
horizontal wall far south and southwest
vertical wall far west
stairs up near southsouthwest
dark area very near east
horizontal wall adjacent north and northwest
northeast room corner adjacent northeast
doorway adjacent east
vertical wall adjacent southeast

cursor:
Yourself a knight
(x=16, y=3)

map:
                                                                                
         ---------                                                              
         |......@.                                                              
         |.......| #                                                            
         |.......-##                                                            
         |.......|                                                              
         |.......-                                                              
         |.....<.|                                                              
         ---------                                                              
                                                                                
                                                                                
                                                                                
                                                                                
                                                                                
                                                                                
                                                                                
                                                                                
                                                                                
                                                                                
                                                                                
                                                                                
Agent the Gallant              St:15 Dx:8 Co:12 In:8 Wi:14 Ch:18 Lawful S:0     
Dlvl:1 $:0 HP:16(16) Pw:3(3) AC:3 Xp:1/0                                        

",0.0,False
34,east,,"message:


language observation:
horizontal wall far southwest
vertical wall far west
stairs up near southsouthwest
dark area very near east
northeast room corner adjacent north
dark area adjacent northeast and southeast
vertical wall adjacent south
horizontal wall adjacent northwest

cursor:
Yourself a knight
(x=17, y=3)

map:
                                                                                
         ---------                                                              
         |.......@#                                                             
         |.......| #                                                            
         |.......-##                                                            
         |.......|                                                              
         |.......-                                                              
         |.....<.|                                                              
         ---------                                                              
                                                                                
                                                                                
                                                                                
                                                                                
                                                                                
                                                                                
                                                                                
                                                                                
                                                                                
                                                                                
                                                                                
                                                                                
Agent the Gallant              St:15 Dx:8 Co:12 In:8 Wi:14 Ch:18 Lawful S:0     
Dlvl:1 $:0 HP:16(16) Pw:3(3) AC:3 Xp:1/0                                        

",0.0,False
35,east,,"message:


language observation:
vertical wall far west
stairs up near southsouthwest
dark area very near east and southeast
dark area adjacent north, northeast, and south
vertical wall adjacent southwest
doorway adjacent west
northeast room corner adjacent northwest

cursor:
Yourself a knight
(x=18, y=3)

map:
                                                                                
         ---------                                                              
         |........@#                                                            
         |.......| #                                                            
         |.......-##                                                            
         |.......|                                                              
         |.......-                                                              
         |.....<.|                                                              
         ---------                                                              
                                                                                
                                                                                
                                                                                
                                                                                
                                                                                
                                                                                
                                                                                
                                                                                
                                                                                
                                                                                
                                                                                
                                                                                
Agent the Gallant              St:15 Dx:8 Co:12 In:8 Wi:14 Ch:18 Lawful S:0     
Dlvl:1 $:0 HP:16(16) Pw:3(3) AC:3 Xp:1/0                                        

",0.0,False
36,south,"I will continue moving east to try and reach the stairs down. I have observed a dark area near the east, so I will try to move around it. My goal is to move through the northeast room and find a path to the stairs down. Since I am currently adjacent to the northwest corner of the northeast room, I will move southeast to try and find a clear path. If I encounter any walls or other obstacles, I will adjust my plan accordingly.","message:
It's solid stone.

language observation:
vertical wall far west
stairs up near southsouthwest
dark area very near east and southeast
dark area adjacent north, northeast, and south
vertical wall adjacent southwest
doorway adjacent west
northeast room corner adjacent northwest

cursor:
Yourself a knight
(x=18, y=3)

map:
                                                                                
         ---------                                                              
         |........@#                                                            
         |.......| #                                                            
         |.......-##                                                            
         |.......|                                                              
         |.......-                                                              
         |.....<.|                                                              
         ---------                                                              
                                                                                
                                                                                
                                                                                
                                                                                
                                                                                
                                                                                
                                                                                
                                                                                
                                                                                
                                                                                
                                                                                
                                                                                
Agent the Gallant              St:15 Dx:8 Co:12 In:8 Wi:14 Ch:18 Lawful S:0     
Dlvl:1 $:0 HP:16(16) Pw:3(3) AC:3 Xp:1/0                                        

",0.0,False
37,northwest,,"message:
It's a wall.

language observation:
vertical wall far west
stairs up near southsouthwest
dark area very near east and southeast
dark area adjacent north, northeast, and south
vertical wall adjacent southwest
doorway adjacent west
northeast room corner adjacent northwest

cursor:
Yourself a knight
(x=18, y=3)

map:
                                                                                
         ---------                                                              
         |........@#                                                            
         |.......| #                                                            
         |.......-##                                                            
         |.......|                                                              
         |.......-                                                              
         |.....<.|                                                              
         ---------                                                              
                                                                                
                                                                                
                                                                                
                                                                                
                                                                                
                                                                                
                                                                                
                                                                                
                                                                                
                                                                                
                                                                                
                                                                                
Agent the Gallant              St:15 Dx:8 Co:12 In:8 Wi:14 Ch:18 Lawful S:0     
Dlvl:1 $:0 HP:16(16) Pw:3(3) AC:3 Xp:1/0                                        

",0.0,False
38,north,,"message:
It's solid stone.

language observation:
vertical wall far west
stairs up near southsouthwest
dark area very near east and southeast
dark area adjacent north, northeast, and south
vertical wall adjacent southwest
doorway adjacent west
northeast room corner adjacent northwest

cursor:
Yourself a knight
(x=18, y=3)

map:
                                                                                
         ---------                                                              
         |........@#                                                            
         |.......| #                                                            
         |.......-##                                                            
         |.......|                                                              
         |.......-                                                              
         |.....<.|                                                              
         ---------                                                              
                                                                                
                                                                                
                                                                                
                                                                                
                                                                                
                                                                                
                                                                                
                                                                                
                                                                                
                                                                                
                                                                                
                                                                                
Agent the Gallant              St:15 Dx:8 Co:12 In:8 Wi:14 Ch:18 Lawful S:0     
Dlvl:1 $:0 HP:16(16) Pw:3(3) AC:3 Xp:1/0                                        

",0.0,False
39,kick,,"message:
In what direction?

language observation:
vertical wall far west
stairs up near southsouthwest
dark area very near east and southeast
dark area adjacent north, northeast, and south
vertical wall adjacent southwest
doorway adjacent west
northeast room corner adjacent northwest

cursor:

(x=19, y=0)

map:
                                                                                
         ---------                                                              
         |........@#                                                            
         |.......| #                                                            
         |.......-##                                                            
         |.......|                                                              
         |.......-                                                              
         |.....<.|                                                              
         ---------                                                              
                                                                                
                                                                                
                                                                                
                                                                                
                                                                                
                                                                                
                                                                                
                                                                                
                                                                                
                                                                                
                                                                                
                                                                                
Agent the Gallant              St:15 Dx:8 Co:12 In:8 Wi:14 Ch:18 Lawful S:0     
Dlvl:1 $:0 HP:16(16) Pw:3(3) AC:3 Xp:1/0                                        

",0.0,False
40,open,"My high-level plan is to explore the level, try to find a way around the dark areas and the solid stone walls, and reach the stairs down. I will move in a way that tries to conserve my knowledge of the level and avoid getting stuck in dead ends. I will also try to open any doors that I encounter, in case they lead to a path down. If I encounter any enemies, I will try to kick them. If I get stuck, I will try to search for any hidden doors or passages that I may have missed.","message:
What a strange direction!

language observation:
vertical wall far west
stairs up near southsouthwest
dark area very near east and southeast
dark area adjacent north, northeast, and south
vertical wall adjacent southwest
doorway adjacent west
northeast room corner adjacent northwest

cursor:
Yourself a knight
(x=18, y=3)

map:
                                                                                
         ---------                                                              
         |........@#                                                            
         |.......| #                                                            
         |.......-##                                                            
         |.......|                                                              
         |.......-                                                              
         |.....<.|                                                              
         ---------                                                              
                                                                                
                                                                                
                                                                                
                                                                                
                                                                                
                                                                                
                                                                                
                                                                                
                                                                                
                                                                                
                                                                                
                                                                                
Agent the Gallant              St:15 Dx:8 Co:12 In:8 Wi:14 Ch:18 Lawful S:0     
Dlvl:1 $:0 HP:16(16) Pw:3(3) AC:3 Xp:1/0                                        

",0.0,False
41,kick,,"message:
In what direction?

language observation:
vertical wall far west
stairs up near southsouthwest
dark area very near east and southeast
dark area adjacent north, northeast, and south
vertical wall adjacent southwest
doorway adjacent west
northeast room corner adjacent northwest

cursor:

(x=19, y=0)

map:
                                                                                
         ---------                                                              
         |........@#                                                            
         |.......| #                                                            
         |.......-##                                                            
         |.......|                                                              
         |.......-                                                              
         |.....<.|                                                              
         ---------                                                              
                                                                                
                                                                                
                                                                                
                                                                                
                                                                                
                                                                                
                                                                                
                                                                                
                                                                                
                                                                                
                                                                                
                                                                                
Agent the Gallant              St:15 Dx:8 Co:12 In:8 Wi:14 Ch:18 Lawful S:0     
Dlvl:1 $:0 HP:16(16) Pw:3(3) AC:3 Xp:1/0                                        

",0.0,False
42,west,,"message:
You kick at empty space.

language observation:
vertical wall far west
stairs up near southsouthwest
dark area very near east and southeast
dark area adjacent north, northeast, and south
vertical wall adjacent southwest
doorway adjacent west
northeast room corner adjacent northwest

cursor:
Yourself a knight
(x=18, y=3)

map:
                                                                                
         ---------                                                              
         |........@#                                                            
         |.......| #                                                            
         |.......-##                                                            
         |.......|                                                              
         |.......-                                                              
         |.....<.|                                                              
         ---------                                                              
                                                                                
                                                                                
                                                                                
                                                                                
                                                                                
                                                                                
                                                                                
                                                                                
                                                                                
                                                                                
                                                                                
                                                                                
Agent the Gallant              St:15 Dx:8 Co:12 In:8 Wi:14 Ch:18 Lawful S:0     
Dlvl:1 $:0 HP:16(16) Pw:3(3) AC:3 Xp:1/0                                        

",0.0,False
43,south,,"message:
It's solid stone.

language observation:
vertical wall far west
stairs up near southsouthwest
dark area very near east and southeast
dark area adjacent north, northeast, and south
vertical wall adjacent southwest
doorway adjacent west
northeast room corner adjacent northwest

cursor:
Yourself a knight
(x=18, y=3)

map:
                                                                                
         ---------                                                              
         |........@#                                                            
         |.......| #                                                            
         |.......-##                                                            
         |.......|                                                              
         |.......-                                                              
         |.....<.|                                                              
         ---------                                                              
                                                                                
                                                                                
                                                                                
                                                                                
                                                                                
                                                                                
                                                                                
                                                                                
                                                                                
                                                                                
                                                                                
                                                                                
Agent the Gallant              St:15 Dx:8 Co:12 In:8 Wi:14 Ch:18 Lawful S:0     
Dlvl:1 $:0 HP:16(16) Pw:3(3) AC:3 Xp:1/0                                        

",0.0,False
44,south,"Based on my previous observations and plan, my high-level plan for completing the task is as follows:
I will move south to try and find a path around the dark areas and solid stone walls. If I encounter any doors, I will try to open them, as they may lead to a path down. If I get stuck, I will try to search for any hidden doors or passages that I may have missed. My goal is to eventually reach the stairs down, which is located southsouthwest of my current location.
I will be cautious and move carefully, as I do not know what lies ahead. I will also keep an eye out for any enemies or other obstacles that may be in my way.
Once I have moved south, I will reassess the situation and adjust my plan as needed.

I will start by moving south and see where it takes me.","message:
It's solid stone.

language observation:
vertical wall far west
stairs up near southsouthwest
dark area very near east and southeast
dark area adjacent north, northeast, and south
vertical wall adjacent southwest
doorway adjacent west
northeast room corner adjacent northwest

cursor:
Yourself a knight
(x=18, y=3)

map:
                                                                                
         ---------                                                              
         |........@#                                                            
         |.......| #                                                            
         |.......-##                                                            
         |.......|                                                              
         |.......-                                                              
         |.....<.|                                                              
         ---------                                                              
                                                                                
                                                                                
                                                                                
                                                                                
                                                                                
                                                                                
                                                                                
                                                                                
                                                                                
                                                                                
                                                                                
                                                                                
Agent the Gallant              St:15 Dx:8 Co:12 In:8 Wi:14 Ch:18 Lawful S:0     
Dlvl:1 $:0 HP:16(16) Pw:3(3) AC:3 Xp:1/0                                        

",0.0,False
45,search,,"message:


language observation:
vertical wall far west
stairs up near southsouthwest
dark area very near east and southeast
dark area adjacent north, northeast, and south
vertical wall adjacent southwest
doorway adjacent west
northeast room corner adjacent northwest

cursor:
Yourself a knight
(x=18, y=3)

map:
                                                                                
         ---------                                                              
         |........@#                                                            
         |.......| #                                                            
         |.......-##                                                            
         |.......|                                                              
         |.......-                                                              
         |.....<.|                                                              
         ---------                                                              
                                                                                
                                                                                
                                                                                
                                                                                
                                                                                
                                                                                
                                                                                
                                                                                
                                                                                
                                                                                
                                                                                
                                                                                
Agent the Gallant              St:15 Dx:8 Co:12 In:8 Wi:14 Ch:18 Lawful S:0     
Dlvl:1 $:0 HP:16(16) Pw:3(3) AC:3 Xp:1/0                                        

",0.0,False
46,south,,"message:
It's solid stone.

language observation:
vertical wall far west
stairs up near southsouthwest
dark area very near east and southeast
dark area adjacent north, northeast, and south
vertical wall adjacent southwest
doorway adjacent west
northeast room corner adjacent northwest

cursor:
Yourself a knight
(x=18, y=3)

map:
                                                                                
         ---------                                                              
         |........@#                                                            
         |.......| #                                                            
         |.......-##                                                            
         |.......|                                                              
         |.......-                                                              
         |.....<.|                                                              
         ---------                                                              
                                                                                
                                                                                
                                                                                
                                                                                
                                                                                
                                                                                
                                                                                
                                                                                
                                                                                
                                                                                
                                                                                
                                                                                
Agent the Gallant              St:15 Dx:8 Co:12 In:8 Wi:14 Ch:18 Lawful S:0     
Dlvl:1 $:0 HP:16(16) Pw:3(3) AC:3 Xp:1/0                                        

",0.0,False
47,search,,"message:


language observation:
vertical wall far west
stairs up near southsouthwest
dark area very near east and southeast
dark area adjacent north, northeast, and south
vertical wall adjacent southwest
doorway adjacent west
northeast room corner adjacent northwest

cursor:
Yourself a knight
(x=18, y=3)

map:
                                                                                
         ---------                                                              
         |........@#                                                            
         |.......| #                                                            
         |.......-##                                                            
         |.......|                                                              
         |.......-                                                              
         |.....<.|                                                              
         ---------                                                              
                                                                                
                                                                                
                                                                                
                                                                                
                                                                                
                                                                                
                                                                                
                                                                                
                                                                                
                                                                                
                                                                                
                                                                                
Agent the Gallant              St:15 Dx:8 Co:12 In:8 Wi:14 Ch:18 Lawful S:0     
Dlvl:1 $:0 HP:16(16) Pw:3(3) AC:3 Xp:1/0                                        

",0.0,False
48,east,"Based on my previous observations, I plan to search for hidden doors or passages, as I have not found a direct path to the stairs down. I will start by moving east from my current location to see if there are any doors or passages that I have not noticed before. If I find a door, I will try to open it. If I do not find a door, I will continue to search for other possible paths.

My reasoning is that I have been trying to move south and around the dark areas, but I have been unsuccessful. By searching for hidden doors or passages, I may be able to find a more creative solution to the problem. Additionally, I have been stuck in the same location for several turns, and it is likely that I need to change my approach in order to make progress.

I will start by moving east from my current location and see what I find.","message:


language observation:
dark area near south
stairs up near southsouthwest
dark area very near southeast
doorway very near west
dark area adjacent north, northeast, east, southwest, and northwest

cursor:
Yourself a knight
(x=19, y=3)

map:
                                                                                
         ---------                                                              
         |........#@                                                            
         |.......| ##                                                           
         |.......-##                                                            
         |.......|                                                              
         |.......-                                                              
         |.....<.|                                                              
         ---------                                                              
                                                                                
                                                                                
                                                                                
                                                                                
                                                                                
                                                                                
                                                                                
                                                                                
                                                                                
                                                                                
                                                                                
                                                                                
Agent the Gallant              St:15 Dx:8 Co:12 In:8 Wi:14 Ch:18 Lawful S:0     
Dlvl:1 $:0 HP:16(16) Pw:3(3) AC:3 Xp:1/0                                        

",0.0,False
49,search,,"message:


language observation:
dark area near south
stairs up near southsouthwest
dark area very near southeast
doorway very near west
dark area adjacent north, northeast, east, southwest, and northwest

cursor:
Yourself a knight
(x=19, y=3)

map:
                                                                                
         ---------                                                              
         |........#@                                                            
         |.......| ##                                                           
         |.......-##                                                            
         |.......|                                                              
         |.......-                                                              
         |.....<.|                                                              
         ---------                                                              
                                                                                
                                                                                
                                                                                
                                                                                
                                                                                
                                                                                
                                                                                
                                                                                
                                                                                
                                                                                
                                                                                
                                                                                
Agent the Gallant              St:15 Dx:8 Co:12 In:8 Wi:14 Ch:18 Lawful S:0     
Dlvl:1 $:0 HP:16(16) Pw:3(3) AC:3 Xp:1/0                                        

",0.0,False
50,west,,"message:


language observation:
vertical wall far west
stairs up near southsouthwest
dark area very near east and southeast
dark area adjacent north, northeast, and south
vertical wall adjacent southwest
doorway adjacent west
northeast room corner adjacent northwest

cursor:
Yourself a knight
(x=18, y=3)

map:
                                                                                
         ---------                                                              
         |........@#                                                            
         |.......| ##                                                           
         |.......-##                                                            
         |.......|                                                              
         |.......-                                                              
         |.....<.|                                                              
         ---------                                                              
                                                                                
                                                                                
                                                                                
                                                                                
                                                                                
                                                                                
                                                                                
                                                                                
                                                                                
                                                                                
                                                                                
                                                                                
Agent the Gallant              St:15 Dx:8 Co:12 In:8 Wi:14 Ch:18 Lawful S:0     
Dlvl:1 $:0 HP:16(16) Pw:3(3) AC:3 Xp:1/0                                        

",0.0,False
51,search,,"message:


language observation:
vertical wall far west
stairs up near southsouthwest
dark area very near east and southeast
dark area adjacent north, northeast, and south
vertical wall adjacent southwest
doorway adjacent west
northeast room corner adjacent northwest

cursor:
Yourself a knight
(x=18, y=3)

map:
                                                                                
         ---------                                                              
         |........@#                                                            
         |.......| ##                                                           
         |.......-##                                                            
         |.......|                                                              
         |.......-                                                              
         |.....<.|                                                              
         ---------                                                              
                                                                                
                                                                                
                                                                                
                                                                                
                                                                                
                                                                                
                                                                                
                                                                                
                                                                                
                                                                                
                                                                                
                                                                                
Agent the Gallant              St:15 Dx:8 Co:12 In:8 Wi:14 Ch:18 Lawful S:0     
Dlvl:1 $:0 HP:16(16) Pw:3(3) AC:3 Xp:1/0                                        

",0.0,False
52,"<plan>
Based on my previous observations and attempts to move around the dark areas, I have come to the conclusion that my goal of reaching the stairs down will require me to explore the area more thoroughly and find a way to navigate through or around the dark areas.

To complete the task, my plan is as follows:

1. Continue to search the area for hidden doors or passages that may allow me to bypass the dark areas.
2. If I find a door, try to open it and see where it leads.
3. If I do not find a door, attempt to move around the dark areas in a more systematic way, using my knowledge of the map to guide me.
4. If necessary, use my sword to try and light up the dark areas and reveal any hidden features or dangers.

Overall, my plan is to be thorough and methodical in my exploration of the area, using all available information and tools to try and reach the stairs down.

First action: search",,"

Your previous output did not contain a valid action. Defaulted to action: north

Observation:
message:
It's solid stone.

language observation:
vertical wall far west
stairs up near southsouthwest
dark area very near east and southeast
dark area adjacent north, northeast, and south
vertical wall adjacent southwest
doorway adjacent west
northeast room corner adjacent northwest

cursor:
Yourself a knight
(x=18, y=3)

map:
                                                                                
         ---------                                                              
         |........@#                                                            
         |.......| ##                                                           
         |.......-##                                                            
         |.......|                                                              
         |.......-                                                              
         |.....<.|                                                              
         ---------                                                              
                                                                                
                                                                                
                                                                                
                                                                                
                                                                                
                                                                                
                                                                                
                                                                                
                                                                                
                                                                                
                                                                                
                                                                                
Agent the Gallant              St:15 Dx:8 Co:12 In:8 Wi:14 Ch:18 Lawful S:0     
Dlvl:1 $:0 HP:16(16) Pw:3(3) AC:3 Xp:1/0                                        

",0.0,False
53,kick,,"message:
In what direction?

language observation:
vertical wall far west
stairs up near southsouthwest
dark area very near east and southeast
dark area adjacent north, northeast, and south
vertical wall adjacent southwest
doorway adjacent west
northeast room corner adjacent northwest

cursor:

(x=19, y=0)

map:
                                                                                
         ---------                                                              
         |........@#                                                            
         |.......| ##                                                           
         |.......-##                                                            
         |.......|                                                              
         |.......-                                                              
         |.....<.|                                                              
         ---------                                                              
                                                                                
                                                                                
                                                                                
                                                                                
                                                                                
                                                                                
                                                                                
                                                                                
                                                                                
                                                                                
                                                                                
                                                                                
Agent the Gallant              St:15 Dx:8 Co:12 In:8 Wi:14 Ch:18 Lawful S:0     
Dlvl:1 $:0 HP:16(16) Pw:3(3) AC:3 Xp:1/0                                        

",0.0,False
54,search,,"message:


language observation:
vertical wall far west
stairs up near southsouthwest
dark area very near east and southeast
dark area adjacent north, northeast, and south
vertical wall adjacent southwest
doorway adjacent west
northeast room corner adjacent northwest

cursor:
Yourself a knight
(x=18, y=3)

map:
                                                                                
         ---------                                                              
         |........@#                                                            
         |.......| ##                                                           
         |.......-##                                                            
         |.......|                                                              
         |.......-                                                              
         |.....<.|                                                              
         ---------                                                              
                                                                                
                                                                                
                                                                                
                                                                                
                                                                                
                                                                                
                                                                                
                                                                                
                                                                                
                                                                                
                                                                                
                                                                                
Agent the Gallant              St:15 Dx:8 Co:12 In:8 Wi:14 Ch:18 Lawful S:0     
Dlvl:1 $:0 HP:16(16) Pw:3(3) AC:3 Xp:1/0                                        

",0.0,False
55,north,,"message:
It's solid stone.

language observation:
vertical wall far west
stairs up near southsouthwest
dark area very near east and southeast
dark area adjacent north, northeast, and south
vertical wall adjacent southwest
doorway adjacent west
northeast room corner adjacent northwest

cursor:
Yourself a knight
(x=18, y=3)

map:
                                                                                
         ---------                                                              
         |........@#                                                            
         |.......| ##                                                           
         |.......-##                                                            
         |.......|                                                              
         |.......-                                                              
         |.....<.|                                                              
         ---------                                                              
                                                                                
                                                                                
                                                                                
                                                                                
                                                                                
                                                                                
                                                                                
                                                                                
                                                                                
                                                                                
                                                                                
                                                                                
Agent the Gallant              St:15 Dx:8 Co:12 In:8 Wi:14 Ch:18 Lawful S:0     
Dlvl:1 $:0 HP:16(16) Pw:3(3) AC:3 Xp:1/0                                        

",0.0,False
56,west,"Based on my previous observations and attempts to move around the dark areas, I have come to the conclusion that my goal of reaching the stairs down will require me to find a way to navigate through or around the dark areas.

To complete the task, my plan is as follows:

1. Since I have a solid wall to my north and east, and a dark area to my south and southwest, I will try to find a path to the stairs by moving west and then possibly south.
2. If I can find a door or a hidden passage, I will try to open or pass through it to reach the stairs.
3. If I do not find a door or a passage, I will continue to move west and south, trying to find a way to bypass the dark areas.
4. If all else fails, I will try to move east and see if I can find a different path to the stairs.

Overall, my plan is to be thorough and methodical in my exploration of the area, using all available information and tools to try and reach the stairs down.

My first action will be to move west and see if I can find a door or a passage that will allow me to reach the stairs.","message:


language observation:
horizontal wall far southwest
vertical wall far west
dark area near east
stairs up near southsouthwest
northeast room corner adjacent north
dark area adjacent northeast and southeast
vertical wall adjacent south
horizontal wall adjacent northwest

cursor:
Yourself a knight
(x=17, y=3)

map:
                                                                                
         ---------                                                              
         |.......@##                                                            
         |.......| ##                                                           
         |.......-##                                                            
         |.......|                                                              
         |.......-                                                              
         |.....<.|                                                              
         ---------                                                              
                                                                                
                                                                                
                                                                                
                                                                                
                                                                                
                                                                                
                                                                                
                                                                                
                                                                                
                                                                                
                                                                                
                                                                                
Agent the Gallant              St:15 Dx:8 Co:12 In:8 Wi:14 Ch:18 Lawful S:0     
Dlvl:1 $:0 HP:16(16) Pw:3(3) AC:3 Xp:1/0                                        

",0.0,False
57,southwest,,"message:


language observation:
vertical wall far west
horizontal wall near south and southwest
stairs up near southsouthwest
horizontal wall very near north and northwest
dark area very near northeast and southeast
doorway adjacent northeast
vertical wall adjacent east
vertical open door adjacent southeast

cursor:
Yourself a knight
(x=16, y=4)

map:
                                                                                
         ---------                                                              
         |........##                                                            
         |......@| ##                                                           
         |.......-##                                                            
         |.......|                                                              
         |.......-                                                              
         |.....<.|                                                              
         ---------                                                              
                                                                                
                                                                                
                                                                                
                                                                                
                                                                                
                                                                                
                                                                                
                                                                                
                                                                                
                                                                                
                                                                                
                                                                                
Agent the Gallant              St:15 Dx:8 Co:12 In:8 Wi:14 Ch:18 Lawful S:0     
Dlvl:1 $:0 HP:16(16) Pw:3(3) AC:3 Xp:1/0                                        

",0.0,False
58,open,,"message:
In what direction?

language observation:
vertical wall far west
horizontal wall near south and southwest
stairs up near southsouthwest
horizontal wall very near north and northwest
dark area very near northeast and southeast
doorway adjacent northeast
vertical wall adjacent east
vertical open door adjacent southeast

cursor:

(x=19, y=0)

map:
                                                                                
         ---------                                                              
         |........##                                                            
         |......@| ##                                                           
         |.......-##                                                            
         |.......|                                                              
         |.......-                                                              
         |.....<.|                                                              
         ---------                                                              
                                                                                
                                                                                
                                                                                
                                                                                
                                                                                
                                                                                
                                                                                
                                                                                
                                                                                
                                                                                
                                                                                
                                                                                
Agent the Gallant              St:15 Dx:8 Co:12 In:8 Wi:14 Ch:18 Lawful S:0     
Dlvl:1 $:0 HP:16(16) Pw:3(3) AC:3 Xp:1/0                                        

",0.0,False
59,south,,"message:
You see no door there.

language observation:
vertical wall far west
horizontal wall near south and southwest
stairs up near southsouthwest
horizontal wall very near north and northwest
dark area very near northeast and southeast
doorway adjacent northeast
vertical wall adjacent east
vertical open door adjacent southeast

cursor:
Yourself a knight
(x=16, y=4)

map:
                                                                                
         ---------                                                              
         |........##                                                            
         |......@| ##                                                           
         |.......-##                                                            
         |.......|                                                              
         |.......-                                                              
         |.....<.|                                                              
         ---------                                                              
                                                                                
                                                                                
                                                                                
                                                                                
                                                                                
                                                                                
                                                                                
                                                                                
                                                                                
                                                                                
                                                                                
                                                                                
Agent the Gallant              St:15 Dx:8 Co:12 In:8 Wi:14 Ch:18 Lawful S:0     
Dlvl:1 $:0 HP:16(16) Pw:3(3) AC:3 Xp:1/0                                        

",0.0,False
60,"<plan>I have reviewed my previous observations and attempts to reach the stairs down. Based on the layout of the map and the locations of the dark areas and the stairs, my plan is as follows:

Since I have a vertical open door adjacent to my southeast, I will try to move through it and see where it leads. I reason that this door may provide a path to the stairs down, and that moving through it will be a safer and more efficient option than trying to navigate through the dark areas.

To complete the task, I will:

1. Move through the vertical open door to the southeast.

This should allow me to bypass the dark areas and reach the stairs down.

Action: southeast",,"

Your previous output did not contain a valid action. Defaulted to action: north

Observation:
message:


language observation:
horizontal wall far south and southwest
vertical wall far west
dark area near east
stairs up near southsouthwest
horizontal wall adjacent north and northwest
northeast room corner adjacent northeast
doorway adjacent east
vertical wall adjacent southeast

cursor:
Yourself a knight
(x=16, y=3)

map:
                                                                                
         ---------                                                              
         |......@.##                                                            
         |.......| ##                                                           
         |.......-##                                                            
         |.......|                                                              
         |.......-                                                              
         |.....<.|                                                              
         ---------                                                              
                                                                                
                                                                                
                                                                                
                                                                                
                                                                                
                                                                                
                                                                                
                                                                                
                                                                                
                                                                                
                                                                                
                                                                                
Agent the Gallant              St:15 Dx:8 Co:12 In:8 Wi:14 Ch:18 Lawful S:0     
Dlvl:1 $:0 HP:16(16) Pw:3(3) AC:3 Xp:1/0                                        

",0.0,False
61,east,,"message:


language observation:
horizontal wall far southwest
vertical wall far west
dark area near east
stairs up near southsouthwest
northeast room corner adjacent north
dark area adjacent northeast and southeast
vertical wall adjacent south
horizontal wall adjacent northwest

cursor:
Yourself a knight
(x=17, y=3)

map:
                                                                                
         ---------                                                              
         |.......@##                                                            
         |.......| ##                                                           
         |.......-##                                                            
         |.......|                                                              
         |.......-                                                              
         |.....<.|                                                              
         ---------                                                              
                                                                                
                                                                                
                                                                                
                                                                                
                                                                                
                                                                                
                                                                                
                                                                                
                                                                                
                                                                                
                                                                                
                                                                                
Agent the Gallant              St:15 Dx:8 Co:12 In:8 Wi:14 Ch:18 Lawful S:0     
Dlvl:1 $:0 HP:16(16) Pw:3(3) AC:3 Xp:1/0                                        

",0.0,False
62,east,,"message:


language observation:
vertical wall far west
stairs up near southsouthwest
dark area very near east and southeast
dark area adjacent north, northeast, and south
vertical wall adjacent southwest
doorway adjacent west
northeast room corner adjacent northwest

cursor:
Yourself a knight
(x=18, y=3)

map:
                                                                                
         ---------                                                              
         |........@#                                                            
         |.......| ##                                                           
         |.......-##                                                            
         |.......|                                                              
         |.......-                                                              
         |.....<.|                                                              
         ---------                                                              
                                                                                
                                                                                
                                                                                
                                                                                
                                                                                
                                                                                
                                                                                
                                                                                
                                                                                
                                                                                
                                                                                
                                                                                
Agent the Gallant              St:15 Dx:8 Co:12 In:8 Wi:14 Ch:18 Lawful S:0     
Dlvl:1 $:0 HP:16(16) Pw:3(3) AC:3 Xp:1/0                                        

",0.0,False
63,southwest,,"message:
It's a wall.

language observation:
vertical wall far west
stairs up near southsouthwest
dark area very near east and southeast
dark area adjacent north, northeast, and south
vertical wall adjacent southwest
doorway adjacent west
northeast room corner adjacent northwest

cursor:
Yourself a knight
(x=18, y=3)

map:
                                                                                
         ---------                                                              
         |........@#                                                            
         |.......| ##                                                           
         |.......-##                                                            
         |.......|                                                              
         |.......-                                                              
         |.....<.|                                                              
         ---------                                                              
                                                                                
                                                                                
                                                                                
                                                                                
                                                                                
                                                                                
                                                                                
                                                                                
                                                                                
                                                                                
                                                                                
                                                                                
Agent the Gallant              St:15 Dx:8 Co:12 In:8 Wi:14 Ch:18 Lawful S:0     
Dlvl:1 $:0 HP:16(16) Pw:3(3) AC:3 Xp:1/0                                        

",0.0,False
64,"<plan>I have reviewed my previous observations and attempts to reach the stairs down. Based on the layout of the map and the locations of the dark areas and the stairs, my plan is as follows:

To reach the stairs down, I will try to navigate through the dark areas and find a path to the stairs. Since I have a wall in my way to the south and southwest, I will try to find a different route to the stairs.

My plan is to move north and then try to find a path to the stairs through the doorway to the west. If this path is blocked, I will try to move east and see if I can find another way to reach the stairs.

If I can find a path to the stairs, I will try to move towards it and see if I can reach it.

My reasoning is that by trying to navigate through the doorway to the west, I may be able to bypass the dark areas and find a path to the stairs.

Action: north",,"

Your previous output did not contain a valid action. Defaulted to action: north

Observation:
message:
It's solid stone.

language observation:
vertical wall far west
stairs up near southsouthwest
dark area very near east and southeast
dark area adjacent north, northeast, and south
vertical wall adjacent southwest
doorway adjacent west
northeast room corner adjacent northwest

cursor:
Yourself a knight
(x=18, y=3)

map:
                                                                                
         ---------                                                              
         |........@#                                                            
         |.......| ##                                                           
         |.......-##                                                            
         |.......|                                                              
         |.......-                                                              
         |.....<.|                                                              
         ---------                                                              
                                                                                
                                                                                
                                                                                
                                                                                
                                                                                
                                                                                
                                                                                
                                                                                
                                                                                
                                                                                
                                                                                
                                                                                
Agent the Gallant              St:15 Dx:8 Co:12 In:8 Wi:14 Ch:18 Lawful S:0     
Dlvl:1 $:0 HP:16(16) Pw:3(3) AC:3 Xp:1/0                                        

",0.0,False
65,west,,"message:


language observation:
horizontal wall far southwest
vertical wall far west
dark area near east
stairs up near southsouthwest
northeast room corner adjacent north
dark area adjacent northeast and southeast
vertical wall adjacent south
horizontal wall adjacent northwest

cursor:
Yourself a knight
(x=17, y=3)

map:
                                                                                
         ---------                                                              
         |.......@##                                                            
         |.......| ##                                                           
         |.......-##                                                            
         |.......|                                                              
         |.......-                                                              
         |.....<.|                                                              
         ---------                                                              
                                                                                
                                                                                
                                                                                
                                                                                
                                                                                
                                                                                
                                                                                
                                                                                
                                                                                
                                                                                
                                                                                
                                                                                
Agent the Gallant              St:15 Dx:8 Co:12 In:8 Wi:14 Ch:18 Lawful S:0     
Dlvl:1 $:0 HP:16(16) Pw:3(3) AC:3 Xp:1/0                                        

",0.0,False
66,search,,"message:


language observation:
horizontal wall far southwest
vertical wall far west
dark area near east
stairs up near southsouthwest
northeast room corner adjacent north
dark area adjacent northeast and southeast
vertical wall adjacent south
horizontal wall adjacent northwest

cursor:
Yourself a knight
(x=17, y=3)

map:
                                                                                
         ---------                                                              
         |.......@##                                                            
         |.......| ##                                                           
         |.......-##                                                            
         |.......|                                                              
         |.......-                                                              
         |.....<.|                                                              
         ---------                                                              
                                                                                
                                                                                
                                                                                
                                                                                
                                                                                
                                                                                
                                                                                
                                                                                
                                                                                
                                                                                
                                                                                
                                                                                
Agent the Gallant              St:15 Dx:8 Co:12 In:8 Wi:14 Ch:18 Lawful S:0     
Dlvl:1 $:0 HP:16(16) Pw:3(3) AC:3 Xp:1/0                                        

",0.0,False
67,south,,"message:
It's a wall.

language observation:
horizontal wall far southwest
vertical wall far west
dark area near east
stairs up near southsouthwest
northeast room corner adjacent north
dark area adjacent northeast and southeast
vertical wall adjacent south
horizontal wall adjacent northwest

cursor:
Yourself a knight
(x=17, y=3)

map:
                                                                                
         ---------                                                              
         |.......@##                                                            
         |.......| ##                                                           
         |.......-##                                                            
         |.......|                                                              
         |.......-                                                              
         |.....<.|                                                              
         ---------                                                              
                                                                                
                                                                                
                                                                                
                                                                                
                                                                                
                                                                                
                                                                                
                                                                                
                                                                                
                                                                                
                                                                                
                                                                                
Agent the Gallant              St:15 Dx:8 Co:12 In:8 Wi:14 Ch:18 Lawful S:0     
Dlvl:1 $:0 HP:16(16) Pw:3(3) AC:3 Xp:1/0                                        

",0.0,False
68,"<plan>Given the current situation, my plan is to find a way to reach the stairs up or down. I have been navigating through the dark areas, but so far, I have not found a clear path to the stairs.

My reasoning is that I need to find a way to bypass the dark areas and reach the stairs. One possible approach is to try to find a hidden door or passage that may lead me to the stairs.

To achieve this, I will try to move around the current room and see if I can find any clues or openings that may lead me to the stairs.

Since I have a horizontal wall to my southwest and a vertical wall to my west, I will try to move around these walls and see if I can find a way to reach the stairs.

Action: northwest",,"

Your previous output did not contain a valid action. Defaulted to action: north

Observation:
message:
It's a wall.

language observation:
horizontal wall far southwest
vertical wall far west
dark area near east
stairs up near southsouthwest
northeast room corner adjacent north
dark area adjacent northeast and southeast
vertical wall adjacent south
horizontal wall adjacent northwest

cursor:
Yourself a knight
(x=17, y=3)

map:
                                                                                
         ---------                                                              
         |.......@##                                                            
         |.......| ##                                                           
         |.......-##                                                            
         |.......|                                                              
         |.......-                                                              
         |.....<.|                                                              
         ---------                                                              
                                                                                
                                                                                
                                                                                
                                                                                
                                                                                
                                                                                
                                                                                
                                                                                
                                                                                
                                                                                
                                                                                
                                                                                
Agent the Gallant              St:15 Dx:8 Co:12 In:8 Wi:14 Ch:18 Lawful S:0     
Dlvl:1 $:0 HP:16(16) Pw:3(3) AC:3 Xp:1/0                                        

",0.0,False
69,east,,"message:


language observation:
vertical wall far west
stairs up near southsouthwest
dark area very near east and southeast
dark area adjacent north, northeast, and south
vertical wall adjacent southwest
doorway adjacent west
northeast room corner adjacent northwest

cursor:
Yourself a knight
(x=18, y=3)

map:
                                                                                
         ---------                                                              
         |........@#                                                            
         |.......| ##                                                           
         |.......-##                                                            
         |.......|                                                              
         |.......-                                                              
         |.....<.|                                                              
         ---------                                                              
                                                                                
                                                                                
                                                                                
                                                                                
                                                                                
                                                                                
                                                                                
                                                                                
                                                                                
                                                                                
                                                                                
                                                                                
Agent the Gallant              St:15 Dx:8 Co:12 In:8 Wi:14 Ch:18 Lawful S:0     
Dlvl:1 $:0 HP:16(16) Pw:3(3) AC:3 Xp:1/0                                        

",0.0,False
70,search,,"message:


language observation:
vertical wall far west
stairs up near southsouthwest
dark area very near east and southeast
dark area adjacent north, northeast, and south
vertical wall adjacent southwest
doorway adjacent west
northeast room corner adjacent northwest

cursor:
Yourself a knight
(x=18, y=3)

map:
                                                                                
         ---------                                                              
         |........@#                                                            
         |.......| ##                                                           
         |.......-##                                                            
         |.......|                                                              
         |.......-                                                              
         |.....<.|                                                              
         ---------                                                              
                                                                                
                                                                                
                                                                                
                                                                                
                                                                                
                                                                                
                                                                                
                                                                                
                                                                                
                                                                                
                                                                                
                                                                                
Agent the Gallant              St:15 Dx:8 Co:12 In:8 Wi:14 Ch:18 Lawful S:0     
Dlvl:1 $:0 HP:16(16) Pw:3(3) AC:3 Xp:1/0                                        

",0.0,False
71,north,,"message:
It's solid stone.

language observation:
vertical wall far west
stairs up near southsouthwest
dark area very near east and southeast
dark area adjacent north, northeast, and south
vertical wall adjacent southwest
doorway adjacent west
northeast room corner adjacent northwest

cursor:
Yourself a knight
(x=18, y=3)

map:
                                                                                
         ---------                                                              
         |........@#                                                            
         |.......| ##                                                           
         |.......-##                                                            
         |.......|                                                              
         |.......-                                                              
         |.....<.|                                                              
         ---------                                                              
                                                                                
                                                                                
                                                                                
                                                                                
                                                                                
                                                                                
                                                                                
                                                                                
                                                                                
                                                                                
                                                                                
                                                                                
Agent the Gallant              St:15 Dx:8 Co:12 In:8 Wi:14 Ch:18 Lawful S:0     
Dlvl:1 $:0 HP:16(16) Pw:3(3) AC:3 Xp:1/0                                        

",0.0,False
72,"<plan>Based on the observations, I plan to find a way to reach the stairs down by navigating through the dark areas and finding a path to it. I will start by moving around the current room and looking for any clues or openings that may lead me to the stairs. I will also try to move west towards the doorway, as it may provide a way to bypass the dark areas and reach the stairs. I will continue to search and explore the room until I find a path to the stairs. If I get stuck, I will try to move in a different direction and look for alternative paths.

Action: west",,"

Your previous output did not contain a valid action. Defaulted to action: north

Observation:
message:
It's solid stone.

language observation:
vertical wall far west
stairs up near southsouthwest
dark area very near east and southeast
dark area adjacent north, northeast, and south
vertical wall adjacent southwest
doorway adjacent west
northeast room corner adjacent northwest

cursor:
Yourself a knight
(x=18, y=3)

map:
                                                                                
         ---------                                                              
         |........@#                                                            
         |.......| ##                                                           
         |.......-##                                                            
         |.......|                                                              
         |.......-                                                              
         |.....<.|                                                              
         ---------                                                              
                                                                                
                                                                                
                                                                                
                                                                                
                                                                                
                                                                                
                                                                                
                                                                                
                                                                                
                                                                                
                                                                                
                                                                                
Agent the Gallant              St:15 Dx:8 Co:12 In:8 Wi:14 Ch:18 Lawful S:0     
Dlvl:1 $:0 HP:16(16) Pw:3(3) AC:3 Xp:1/0                                        

",0.0,False
73,west,,"message:


language observation:
horizontal wall far southwest
vertical wall far west
dark area near east
stairs up near southsouthwest
northeast room corner adjacent north
dark area adjacent northeast and southeast
vertical wall adjacent south
horizontal wall adjacent northwest

cursor:
Yourself a knight
(x=17, y=3)

map:
                                                                                
         ---------                                                              
         |.......@##                                                            
         |.......| ##                                                           
         |.......-##                                                            
         |.......|                                                              
         |.......-                                                              
         |.....<.|                                                              
         ---------                                                              
                                                                                
                                                                                
                                                                                
                                                                                
                                                                                
                                                                                
                                                                                
                                                                                
                                                                                
                                                                                
                                                                                
                                                                                
Agent the Gallant              St:15 Dx:8 Co:12 In:8 Wi:14 Ch:18 Lawful S:0     
Dlvl:1 $:0 HP:16(16) Pw:3(3) AC:3 Xp:1/0                                        

",0.0,False
74,search,,"message:


language observation:
horizontal wall far southwest
vertical wall far west
dark area near east
stairs up near southsouthwest
northeast room corner adjacent north
dark area adjacent northeast and southeast
vertical wall adjacent south
horizontal wall adjacent northwest

cursor:
Yourself a knight
(x=17, y=3)

map:
                                                                                
         ---------                                                              
         |.......@##                                                            
         |.......| ##                                                           
         |.......-##                                                            
         |.......|                                                              
         |.......-                                                              
         |.....<.|                                                              
         ---------                                                              
                                                                                
                                                                                
                                                                                
                                                                                
                                                                                
                                                                                
                                                                                
                                                                                
                                                                                
                                                                                
                                                                                
                                                                                
Agent the Gallant              St:15 Dx:8 Co:12 In:8 Wi:14 Ch:18 Lawful S:0     
Dlvl:1 $:0 HP:16(16) Pw:3(3) AC:3 Xp:1/0                                        

",0.0,False
75,south,,"message:
It's a wall.

language observation:
horizontal wall far southwest
vertical wall far west
dark area near east
stairs up near southsouthwest
northeast room corner adjacent north
dark area adjacent northeast and southeast
vertical wall adjacent south
horizontal wall adjacent northwest

cursor:
Yourself a knight
(x=17, y=3)

map:
                                                                                
         ---------                                                              
         |.......@##                                                            
         |.......| ##                                                           
         |.......-##                                                            
         |.......|                                                              
         |.......-                                                              
         |.....<.|                                                              
         ---------                                                              
                                                                                
                                                                                
                                                                                
                                                                                
                                                                                
                                                                                
                                                                                
                                                                                
                                                                                
                                                                                
                                                                                
                                                                                
Agent the Gallant              St:15 Dx:8 Co:12 In:8 Wi:14 Ch:18 Lawful S:0     
Dlvl:1 $:0 HP:16(16) Pw:3(3) AC:3 Xp:1/0                                        

",0.0,False
76,"<plan>My goal is to find the stairs down. From my previous observations, I notice that I have been navigating through the dark areas and finding solid stone walls, but I have not yet found a path to the stairs. I will try to move west towards the doorway, as it may provide a way to bypass the dark areas and reach the stairs. If I get stuck, I will try to move in a different direction and look for alternative paths. I will also keep searching for any hidden doors or passages that may lead me to the stairs. My plan is to methodically explore the room, avoiding dead ends and solid stone walls, and to keep moving towards the stairs until I find a way to reach them.

Action: open",,"

Your previous output did not contain a valid action. Defaulted to action: north

Observation:
message:
It's a wall.

language observation:
horizontal wall far southwest
vertical wall far west
dark area near east
stairs up near southsouthwest
northeast room corner adjacent north
dark area adjacent northeast and southeast
vertical wall adjacent south
horizontal wall adjacent northwest

cursor:
Yourself a knight
(x=17, y=3)

map:
                                                                                
         ---------                                                              
         |.......@##                                                            
         |.......| ##                                                           
         |.......-##                                                            
         |.......|                                                              
         |.......-                                                              
         |.....<.|                                                              
         ---------                                                              
                                                                                
                                                                                
                                                                                
                                                                                
                                                                                
                                                                                
                                                                                
                                                                                
                                                                                
                                                                                
                                                                                
                                                                                
Agent the Gallant              St:15 Dx:8 Co:12 In:8 Wi:14 Ch:18 Lawful S:0     
Dlvl:1 $:0 HP:16(16) Pw:3(3) AC:3 Xp:1/0                                        

",0.0,False
77,east,,"message:


language observation:
vertical wall far west
stairs up near southsouthwest
dark area very near east and southeast
dark area adjacent north, northeast, and south
vertical wall adjacent southwest
doorway adjacent west
northeast room corner adjacent northwest

cursor:
Yourself a knight
(x=18, y=3)

map:
                                                                                
         ---------                                                              
         |........@#                                                            
         |.......| ##                                                           
         |.......-##                                                            
         |.......|                                                              
         |.......-                                                              
         |.....<.|                                                              
         ---------                                                              
                                                                                
                                                                                
                                                                                
                                                                                
                                                                                
                                                                                
                                                                                
                                                                                
                                                                                
                                                                                
                                                                                
                                                                                
Agent the Gallant              St:15 Dx:8 Co:12 In:8 Wi:14 Ch:18 Lawful S:0     
Dlvl:1 $:0 HP:16(16) Pw:3(3) AC:3 Xp:1/0                                        

",0.0,False
78,east,,"message:


language observation:
dark area near south
stairs up near southsouthwest
dark area very near southeast
doorway very near west
dark area adjacent north, northeast, east, southwest, and northwest

cursor:
Yourself a knight
(x=19, y=3)

map:
                                                                                
         ---------                                                              
         |........#@                                                            
         |.......| ##                                                           
         |.......-##                                                            
         |.......|                                                              
         |.......-                                                              
         |.....<.|                                                              
         ---------                                                              
                                                                                
                                                                                
                                                                                
                                                                                
                                                                                
                                                                                
                                                                                
                                                                                
                                                                                
                                                                                
                                                                                
                                                                                
Agent the Gallant              St:15 Dx:8 Co:12 In:8 Wi:14 Ch:18 Lawful S:0     
Dlvl:1 $:0 HP:16(16) Pw:3(3) AC:3 Xp:1/0                                        

",0.0,False
79,southwest,,"message:
It's solid stone.

language observation:
dark area near south
stairs up near southsouthwest
dark area very near southeast
doorway very near west
dark area adjacent north, northeast, east, southwest, and northwest

cursor:
Yourself a knight
(x=19, y=3)

map:
                                                                                
         ---------                                                              
         |........#@                                                            
         |.......| ##                                                           
         |.......-##                                                            
         |.......|                                                              
         |.......-                                                              
         |.....<.|                                                              
         ---------                                                              
                                                                                
                                                                                
                                                                                
                                                                                
                                                                                
                                                                                
                                                                                
                                                                                
                                                                                
                                                                                
                                                                                
                                                                                
Agent the Gallant              St:15 Dx:8 Co:12 In:8 Wi:14 Ch:18 Lawful S:0     
Dlvl:1 $:0 HP:16(16) Pw:3(3) AC:3 Xp:1/0                                        

",0.0,False
80,east,"My plan is to reach the stairs down, which is located near southsouthwest. I have been navigating through the dark areas and finding solid stone walls, but I have not yet found a clear path to the stairs. Based on my previous observations, I will try to move towards the doorway west, as it may provide a way to bypass the dark areas and reach the stairs. I will also keep searching for any hidden doors or passages that may lead me to the stairs. My high-level plan is to carefully explore the room, avoiding dead ends and solid stone walls, and to keep moving towards the stairs until I find a way to reach them. I will use my search action to look for any hidden clues or doors, and I will move towards the doorway west to try to reach the stairs.","message:
It's solid stone.

language observation:
dark area near south
stairs up near southsouthwest
dark area very near southeast
doorway very near west
dark area adjacent north, northeast, east, southwest, and northwest

cursor:
Yourself a knight
(x=19, y=3)

map:
                                                                                
         ---------                                                              
         |........#@                                                            
         |.......| ##                                                           
         |.......-##                                                            
         |.......|                                                              
         |.......-                                                              
         |.....<.|                                                              
         ---------                                                              
                                                                                
                                                                                
                                                                                
                                                                                
                                                                                
                                                                                
                                                                                
                                                                                
                                                                                
                                                                                
                                                                                
                                                                                
Agent the Gallant              St:15 Dx:8 Co:12 In:8 Wi:14 Ch:18 Lawful S:0     
Dlvl:1 $:0 HP:16(16) Pw:3(3) AC:3 Xp:1/0                                        

",0.0,False
81,search,,"message:


language observation:
dark area near south
stairs up near southsouthwest
dark area very near southeast
doorway very near west
dark area adjacent north, northeast, east, southwest, and northwest

cursor:
Yourself a knight
(x=19, y=3)

map:
                                                                                
         ---------                                                              
         |........#@                                                            
         |.......| ##                                                           
         |.......-##                                                            
         |.......|                                                              
         |.......-                                                              
         |.....<.|                                                              
         ---------                                                              
                                                                                
                                                                                
                                                                                
                                                                                
                                                                                
                                                                                
                                                                                
                                                                                
                                                                                
                                                                                
                                                                                
                                                                                
Agent the Gallant              St:15 Dx:8 Co:12 In:8 Wi:14 Ch:18 Lawful S:0     
Dlvl:1 $:0 HP:16(16) Pw:3(3) AC:3 Xp:1/0                                        

",0.0,False
82,south,,"message:


language observation:
stairs up near southwest
dark area very near north, east, southeast, and south
vertical wall very near southwest
northeast room corner very near northwest
dark area adjacent northeast and west

cursor:
Yourself a knight
(x=19, y=4)

map:
                                                                                
         ---------                                                              
         |........##                                                            
         |.......| @#                                                           
         |.......-###                                                           
         |.......|                                                              
         |.......-                                                              
         |.....<.|                                                              
         ---------                                                              
                                                                                
                                                                                
                                                                                
                                                                                
                                                                                
                                                                                
                                                                                
                                                                                
                                                                                
                                                                                
                                                                                
                                                                                
Agent the Gallant              St:15 Dx:8 Co:12 In:8 Wi:14 Ch:18 Lawful S:0     
Dlvl:1 $:0 HP:16(16) Pw:3(3) AC:3 Xp:1/0                                        

",0.0,False
83,southwest,,"message:


language observation:
vertical wall far west
dark area near east
stairs up near southwest
dark area very near northeast
dark area adjacent north, southeast, and south
vertical wall adjacent southwest and northwest
vertical open door adjacent west

cursor:
Yourself a knight
(x=18, y=5)

map:
                                                                                
         ---------                                                              
         |........##                                                            
         |.......| ##                                                           
         |.......-@##                                                           
         |.......|                                                              
         |.......-                                                              
         |.....<.|                                                              
         ---------                                                              
                                                                                
                                                                                
                                                                                
                                                                                
                                                                                
                                                                                
                                                                                
                                                                                
                                                                                
                                                                                
                                                                                
                                                                                
Agent the Gallant              St:15 Dx:8 Co:12 In:8 Wi:14 Ch:18 Lawful S:0     
Dlvl:1 $:0 HP:16(16) Pw:3(3) AC:3 Xp:1/0                                        

",0.0,False
84,west,"Based on my previous observations and the current situation, I plan to use the open action to access the vertical open door adjacent west, which I believe will provide a way to reach the stairs down. I have been navigating through the dark areas and finding solid stone walls, but the open door offers a clear path forward. I will carefully move through the door and continue to explore the room until I find a way to reach the stairs down.","message:


language observation:
vertical wall far west
dark area near east
stairs up near southsouthwest
horizontal wall near southwest and northwest
vertical wall adjacent north and south
dark area adjacent northeast and southeast

cursor:
Yourself a knight
(x=17, y=5)

map:
                                                                                
         ---------                                                              
         |........##                                                            
         |.......| ##                                                           
         |.......@###                                                           
         |.......|                                                              
         |.......-                                                              
         |.....<.|                                                              
         ---------                                                              
                                                                                
                                                                                
                                                                                
                                                                                
                                                                                
                                                                                
                                                                                
                                                                                
                                                                                
                                                                                
                                                                                
                                                                                
Agent the Gallant              St:15 Dx:8 Co:12 In:8 Wi:14 Ch:18 Lawful S:0     
Dlvl:1 $:0 HP:16(16) Pw:3(3) AC:3 Xp:1/0                                        

",0.0,False
85,east,,"message:


language observation:
vertical wall far west
dark area near east
stairs up near southwest
dark area very near northeast
dark area adjacent north, southeast, and south
vertical wall adjacent southwest and northwest
vertical open door adjacent west

cursor:
Yourself a knight
(x=18, y=5)

map:
                                                                                
         ---------                                                              
         |........##                                                            
         |.......| ##                                                           
         |.......-@##                                                           
         |.......|                                                              
         |.......-                                                              
         |.....<.|                                                              
         ---------                                                              
                                                                                
                                                                                
                                                                                
                                                                                
                                                                                
                                                                                
                                                                                
                                                                                
                                                                                
                                                                                
                                                                                
                                                                                
Agent the Gallant              St:15 Dx:8 Co:12 In:8 Wi:14 Ch:18 Lawful S:0     
Dlvl:1 $:0 HP:16(16) Pw:3(3) AC:3 Xp:1/0                                        

",0.0,False
86,south,,"message:
It's solid stone.

language observation:
vertical wall far west
dark area near east
stairs up near southwest
dark area very near northeast
dark area adjacent north, southeast, and south
vertical wall adjacent southwest and northwest
vertical open door adjacent west

cursor:
Yourself a knight
(x=18, y=5)

map:
                                                                                
         ---------                                                              
         |........##                                                            
         |.......| ##                                                           
         |.......-@##                                                           
         |.......|                                                              
         |.......-                                                              
         |.....<.|                                                              
         ---------                                                              
                                                                                
                                                                                
                                                                                
                                                                                
                                                                                
                                                                                
                                                                                
                                                                                
                                                                                
                                                                                
                                                                                
                                                                                
Agent the Gallant              St:15 Dx:8 Co:12 In:8 Wi:14 Ch:18 Lawful S:0     
Dlvl:1 $:0 HP:16(16) Pw:3(3) AC:3 Xp:1/0                                        

",0.0,False
87,southwest,,"message:
It's a wall.

language observation:
vertical wall far west
dark area near east
stairs up near southwest
dark area very near northeast
dark area adjacent north, southeast, and south
vertical wall adjacent southwest and northwest
vertical open door adjacent west

cursor:
Yourself a knight
(x=18, y=5)

map:
                                                                                
         ---------                                                              
         |........##                                                            
         |.......| ##                                                           
         |.......-@##                                                           
         |.......|                                                              
         |.......-                                                              
         |.....<.|                                                              
         ---------                                                              
                                                                                
                                                                                
                                                                                
                                                                                
                                                                                
                                                                                
                                                                                
                                                                                
                                                                                
                                                                                
                                                                                
                                                                                
Agent the Gallant              St:15 Dx:8 Co:12 In:8 Wi:14 Ch:18 Lawful S:0     
Dlvl:1 $:0 HP:16(16) Pw:3(3) AC:3 Xp:1/0                                        

",0.0,False
88,west,"Based on my previous observations, I plan to move west to access the vertical open door, which I believe will provide a clear path forward. From there, I will navigate through the room, avoiding dead ends and solid stone walls, and continue to explore until I find a way to reach the stairs down. My high-level plan is to methodically explore the room, use the open door as a key to access new areas, and keep searching for alternative paths to the stairs down. I will also keep an eye out for any potential obstacles or dangers that may hinder my progress.","message:


language observation:
vertical wall far west
dark area near east
stairs up near southsouthwest
horizontal wall near southwest and northwest
vertical wall adjacent north and south
dark area adjacent northeast and southeast

cursor:
Yourself a knight
(x=17, y=5)

map:
                                                                                
         ---------                                                              
         |........##                                                            
         |.......| ##                                                           
         |.......@###                                                           
         |.......|                                                              
         |.......-                                                              
         |.....<.|                                                              
         ---------                                                              
                                                                                
                                                                                
                                                                                
                                                                                
                                                                                
                                                                                
                                                                                
                                                                                
                                                                                
                                                                                
                                                                                
                                                                                
Agent the Gallant              St:15 Dx:8 Co:12 In:8 Wi:14 Ch:18 Lawful S:0     
Dlvl:1 $:0 HP:16(16) Pw:3(3) AC:3 Xp:1/0                                        

",0.0,False
89,southwest,,"message:
You can't move diagonally out of an intact doorway.

language observation:
vertical wall far west
dark area near east
stairs up near southsouthwest
horizontal wall near southwest and northwest
vertical wall adjacent north and south
dark area adjacent northeast and southeast

cursor:
Yourself a knight
(x=17, y=5)

map:
                                                                                
         ---------                                                              
         |........##                                                            
         |.......| ##                                                           
         |.......@###                                                           
         |.......|                                                              
         |.......-                                                              
         |.....<.|                                                              
         ---------                                                              
                                                                                
                                                                                
                                                                                
                                                                                
                                                                                
                                                                                
                                                                                
                                                                                
                                                                                
                                                                                
                                                                                
                                                                                
Agent the Gallant              St:15 Dx:8 Co:12 In:8 Wi:14 Ch:18 Lawful S:0     
Dlvl:1 $:0 HP:16(16) Pw:3(3) AC:3 Xp:1/0                                        

",0.0,False
90,east,,"message:


language observation:
vertical wall far west
dark area near east
stairs up near southwest
dark area very near northeast
dark area adjacent north, southeast, and south
vertical wall adjacent southwest and northwest
vertical open door adjacent west

cursor:
Yourself a knight
(x=18, y=5)

map:
                                                                                
         ---------                                                              
         |........##                                                            
         |.......| ##                                                           
         |.......-@##                                                           
         |.......|                                                              
         |.......-                                                              
         |.....<.|                                                              
         ---------                                                              
                                                                                
                                                                                
                                                                                
                                                                                
                                                                                
                                                                                
                                                                                
                                                                                
                                                                                
                                                                                
                                                                                
                                                                                
Agent the Gallant              St:15 Dx:8 Co:12 In:8 Wi:14 Ch:18 Lawful S:0     
Dlvl:1 $:0 HP:16(16) Pw:3(3) AC:3 Xp:1/0                                        

",0.0,False
91,west,,"message:


language observation:
vertical wall far west
dark area near east
stairs up near southsouthwest
horizontal wall near southwest and northwest
vertical wall adjacent north and south
dark area adjacent northeast and southeast

cursor:
Yourself a knight
(x=17, y=5)

map:
                                                                                
         ---------                                                              
         |........##                                                            
         |.......| ##                                                           
         |.......@###                                                           
         |.......|                                                              
         |.......-                                                              
         |.....<.|                                                              
         ---------                                                              
                                                                                
                                                                                
                                                                                
                                                                                
                                                                                
                                                                                
                                                                                
                                                                                
                                                                                
                                                                                
                                                                                
                                                                                
Agent the Gallant              St:15 Dx:8 Co:12 In:8 Wi:14 Ch:18 Lawful S:0     
Dlvl:1 $:0 HP:16(16) Pw:3(3) AC:3 Xp:1/0                                        

",0.0,False
92,south,"My high-level plan is to navigate through the room by moving through the doorway, using the open door to access new areas. I will continue to move east and then south to reach the stairs down. My reasoning is that by accessing the doorway and moving through it, I will gain a clear path to the stairs down, avoiding the solid stone walls and dead ends. I will also keep searching for alternative paths to the stairs down, but for now, the open door seems to be the most promising lead. Once I reach the stairs down, I will be able to complete the task of exploring the level and reaching the stairs down.","message:
It's a wall.

language observation:
vertical wall far west
dark area near east
stairs up near southsouthwest
horizontal wall near southwest and northwest
vertical wall adjacent north and south
dark area adjacent northeast and southeast

cursor:
Yourself a knight
(x=17, y=5)

map:
                                                                                
         ---------                                                              
         |........##                                                            
         |.......| ##                                                           
         |.......@###                                                           
         |.......|                                                              
         |.......-                                                              
         |.....<.|                                                              
         ---------                                                              
                                                                                
                                                                                
                                                                                
                                                                                
                                                                                
                                                                                
                                                                                
                                                                                
                                                                                
                                                                                
                                                                                
                                                                                
Agent the Gallant              St:15 Dx:8 Co:12 In:8 Wi:14 Ch:18 Lawful S:0     
Dlvl:1 $:0 HP:16(16) Pw:3(3) AC:3 Xp:1/0                                        

",0.0,False
93,east,,"message:


language observation:
vertical wall far west
dark area near east
stairs up near southwest
dark area very near northeast
dark area adjacent north, southeast, and south
vertical wall adjacent southwest and northwest
vertical open door adjacent west

cursor:
Yourself a knight
(x=18, y=5)

map:
                                                                                
         ---------                                                              
         |........##                                                            
         |.......| ##                                                           
         |.......-@##                                                           
         |.......|                                                              
         |.......-                                                              
         |.....<.|                                                              
         ---------                                                              
                                                                                
                                                                                
                                                                                
                                                                                
                                                                                
                                                                                
                                                                                
                                                                                
                                                                                
                                                                                
                                                                                
                                                                                
Agent the Gallant              St:15 Dx:8 Co:12 In:8 Wi:14 Ch:18 Lawful S:0     
Dlvl:1 $:0 HP:16(16) Pw:3(3) AC:3 Xp:1/0                                        

",0.0,False
94,open,,"message:
In what direction?

language observation:
vertical wall far west
dark area near east
stairs up near southwest
dark area very near northeast
dark area adjacent north, southeast, and south
vertical wall adjacent southwest and northwest
vertical open door adjacent west

cursor:

(x=19, y=0)

map:
                                                                                
         ---------                                                              
         |........##                                                            
         |.......| ##                                                           
         |.......-@##                                                           
         |.......|                                                              
         |.......-                                                              
         |.....<.|                                                              
         ---------                                                              
                                                                                
                                                                                
                                                                                
                                                                                
                                                                                
                                                                                
                                                                                
                                                                                
                                                                                
                                                                                
                                                                                
                                                                                
Agent the Gallant              St:15 Dx:8 Co:12 In:8 Wi:14 Ch:18 Lawful S:0     
Dlvl:1 $:0 HP:16(16) Pw:3(3) AC:3 Xp:1/0                                        

",0.0,False
95,east,,"message:
You see no door there.

language observation:
vertical wall far west
dark area near east
stairs up near southwest
dark area very near northeast
dark area adjacent north, southeast, and south
vertical wall adjacent southwest and northwest
vertical open door adjacent west

cursor:
Yourself a knight
(x=18, y=5)

map:
                                                                                
         ---------                                                              
         |........##                                                            
         |.......| ##                                                           
         |.......-@##                                                           
         |.......|                                                              
         |.......-                                                              
         |.....<.|                                                              
         ---------                                                              
                                                                                
                                                                                
                                                                                
                                                                                
                                                                                
                                                                                
                                                                                
                                                                                
                                                                                
                                                                                
                                                                                
                                                                                
Agent the Gallant              St:15 Dx:8 Co:12 In:8 Wi:14 Ch:18 Lawful S:0     
Dlvl:1 $:0 HP:16(16) Pw:3(3) AC:3 Xp:1/0                                        

",0.0,False
96,search,"The high-level plan is to navigate through the room by moving back through the doorway and then exploring the new area to the east. After that, I will continue to move south until I reach the stairs down. My reasoning is that by moving back through the doorway, I can gain access to new areas and continue my exploration. Once I reach the stairs down, I will be able to complete the task of exploring the level and reaching the stairs down. I will continue to search for alternative paths and explore new areas to ensure that I find the stairs down.","message:


language observation:
vertical wall far west
dark area near east
stairs up near southwest
dark area very near northeast
dark area adjacent north, southeast, and south
vertical wall adjacent southwest and northwest
vertical open door adjacent west

cursor:
Yourself a knight
(x=18, y=5)

map:
                                                                                
         ---------                                                              
         |........##                                                            
         |.......| ##                                                           
         |.......-@##                                                           
         |.......|                                                              
         |.......-                                                              
         |.....<.|                                                              
         ---------                                                              
                                                                                
                                                                                
                                                                                
                                                                                
                                                                                
                                                                                
                                                                                
                                                                                
                                                                                
                                                                                
                                                                                
                                                                                
Agent the Gallant              St:15 Dx:8 Co:12 In:8 Wi:14 Ch:18 Lawful S:0     
Dlvl:1 $:0 HP:16(16) Pw:3(3) AC:3 Xp:1/0                                        

",0.0,False
97,west,,"message:


language observation:
vertical wall far west
dark area near east
stairs up near southsouthwest
horizontal wall near southwest and northwest
vertical wall adjacent north and south
dark area adjacent northeast and southeast

cursor:
Yourself a knight
(x=17, y=5)

map:
                                                                                
         ---------                                                              
         |........##                                                            
         |.......| ##                                                           
         |.......@###                                                           
         |.......|                                                              
         |.......-                                                              
         |.....<.|                                                              
         ---------                                                              
                                                                                
                                                                                
                                                                                
                                                                                
                                                                                
                                                                                
                                                                                
                                                                                
                                                                                
                                                                                
                                                                                
                                                                                
Agent the Gallant              St:15 Dx:8 Co:12 In:8 Wi:14 Ch:18 Lawful S:0     
Dlvl:1 $:0 HP:16(16) Pw:3(3) AC:3 Xp:1/0                                        

",0.0,False
98,south,,"message:
It's a wall.

language observation:
vertical wall far west
dark area near east
stairs up near southsouthwest
horizontal wall near southwest and northwest
vertical wall adjacent north and south
dark area adjacent northeast and southeast

cursor:
Yourself a knight
(x=17, y=5)

map:
                                                                                
         ---------                                                              
         |........##                                                            
         |.......| ##                                                           
         |.......@###                                                           
         |.......|                                                              
         |.......-                                                              
         |.....<.|                                                              
         ---------                                                              
                                                                                
                                                                                
                                                                                
                                                                                
                                                                                
                                                                                
                                                                                
                                                                                
                                                                                
                                                                                
                                                                                
                                                                                
Agent the Gallant              St:15 Dx:8 Co:12 In:8 Wi:14 Ch:18 Lawful S:0     
Dlvl:1 $:0 HP:16(16) Pw:3(3) AC:3 Xp:1/0                                        

",0.0,False
99,north,,"message:
 
No  Points     Name                                                   Hp [max]
0  Agent-Kni-Hum-Mal-Law quit in The Dungeons of Doom on
level 1.                                               16  [16]


language observation:
dark area adjacent east, southeast, and south

cursor:
very far eastsoutheast 
(x=77, y=6)

map:
 No  Points     Name                                                   Hp [max] 
                                                                                
            0  Agent-Kni-Hum-Mal-Law quit in The Dungeons of Doom on            
                                                                                
              level 1.                                               16  [16]   
                                                                                
                                                                                
                                                                                
                                                                                
                                                                                
                                                                                
                                                                                
                                                                                
                                                                                
                                                                                
                                                                                
                                                                                
                                                                                
                                                                                
                                                                                
                                                                                
                                                                                
                                                                                

",0.0,True
