Step,Action,Reasoning,Observation,Reward,Done
0,southwest,"We are in a horizontal maze with walls to the north, east, west, and possibly above or below us. There's a doorway to the south, but we can't see directly below us because of the horizontal wall in our immediate vicinity. Given that we are a wizard, we can't use strength-based actions like kicking. Therefore, our primary actions will be moving and searching for hidden doors or passages. Since we are near the eastern side of the maze and can't see what's below us, a reasonable approach is to search for hidden doors and passages, and then proceed with our movement in a manner that allows us to see more of the environment.","message:
It's a wall.

language observation:
vertical wall far east
stairs down far south
vertical wall near west
horizontal wall very near north, northeast, and northwest
dark area very near south
horizontal wall adjacent southeast and southwest
doorway adjacent south

cursor:
Yourself a wizard
(x=13, y=5)

map:
                                                                                
                                                                                
          -------------                                                         
          |...........|                                                         
          |..@........|                                                         
          ---.---------                                                         
                                                                                
                                                                                
                                                                                
                                                                                
                                                                                
                                                                                
                                                                                
                                                                                
             .                                                                  
             .                                                                  
             .                                                                  
             >                                                                  
            ---                                                                 
                                                                                
                                                                                
Agent the Evoker               St:12 Dx:13 Co:11 In:19 Wi:11 Ch:9 Chaotic S:0   
Dlvl:1 $:0 HP:11(11) Pw:8(8) AC:9 Xp:1/0                                        

",0.0,False
1,search,,"message:


language observation:
vertical wall far east
stairs down far south
vertical wall near west
horizontal wall very near north, northeast, and northwest
dark area very near south
horizontal wall adjacent southeast and southwest
doorway adjacent south

cursor:
Yourself a wizard
(x=13, y=5)

map:
                                                                                
                                                                                
          -------------                                                         
          |...........|                                                         
          |..@........|                                                         
          ---.---------                                                         
                                                                                
                                                                                
                                                                                
                                                                                
                                                                                
                                                                                
                                                                                
                                                                                
             .                                                                  
             .                                                                  
             .                                                                  
             >                                                                  
            ---                                                                 
                                                                                
                                                                                
Agent the Evoker               St:12 Dx:13 Co:11 In:19 Wi:11 Ch:9 Chaotic S:0   
Dlvl:1 $:0 HP:11(11) Pw:8(8) AC:9 Xp:1/0                                        

",0.0,False
2,east,,"message:


language observation:
vertical wall far east
stairs down far southsouthwest
vertical wall near west
horizontal wall very near north, northeast, and northwest
dark area very near southwest
horizontal wall adjacent southeast and south
doorway adjacent southwest
stairs up adjacent west

cursor:
Yourself a wizard
(x=14, y=5)

map:
                                                                                
                                                                                
          -------------                                                         
          |...........|                                                         
          |..<@.......|                                                         
          ---.---------                                                         
                                                                                
                                                                                
                                                                                
                                                                                
                                                                                
                                                                                
                                                                                
                                                                                
             .                                                                  
             .                                                                  
             .                                                                  
             >                                                                  
            ---                                                                 
                                                                                
                                                                                
Agent the Evoker               St:12 Dx:13 Co:11 In:19 Wi:11 Ch:9 Chaotic S:0   
Dlvl:1 $:0 HP:11(11) Pw:8(8) AC:9 Xp:1/0                                        

",0.0,False
3,south,,"message:
It's a wall.

language observation:
vertical wall far east
stairs down far southsouthwest
vertical wall near west
horizontal wall very near north, northeast, and northwest
dark area very near southwest
horizontal wall adjacent southeast and south
doorway adjacent southwest
stairs up adjacent west

cursor:
Yourself a wizard
(x=14, y=5)

map:
                                                                                
                                                                                
          -------------                                                         
          |...........|                                                         
          |..<@.......|                                                         
          ---.---------                                                         
                                                                                
                                                                                
                                                                                
                                                                                
                                                                                
                                                                                
                                                                                
                                                                                
             .                                                                  
             .                                                                  
             .                                                                  
             >                                                                  
            ---                                                                 
                                                                                
                                                                                
Agent the Evoker               St:12 Dx:13 Co:11 In:19 Wi:11 Ch:9 Chaotic S:0   
Dlvl:1 $:0 HP:11(11) Pw:8(8) AC:9 Xp:1/0                                        

",0.0,False
4,southwest,,"message:


language observation:
stairs down far south
horizontal wall near north and northeast
northwest room corner near northwest
dark area very near south
stairs up adjacent north
horizontal wall adjacent east and west
dark area adjacent southeast and southwest

cursor:
Yourself a wizard
(x=13, y=6)

map:
                                                                                
                                                                                
          -------------                                                         
          |...........|                                                         
          |..<........|                                                         
          ---@---------                                                         
             #                                                                  
                                                                                
                                                                                
                                                                                
                                                                                
                                                                                
                                                                                
                                                                                
             .                                                                  
             .                                                                  
             .                                                                  
             >                                                                  
            ---                                                                 
                                                                                
                                                                                
Agent the Evoker               St:12 Dx:13 Co:11 In:19 Wi:11 Ch:9 Chaotic S:0   
Dlvl:1 $:0 HP:11(11) Pw:8(8) AC:9 Xp:1/0                                        

",0.0,False
5,south,,"message:


language observation:
stairs down far south
horizontal wall near north
stairs up very near north
dark area very near south
doorway adjacent north
horizontal wall adjacent northeast and northwest
dark area adjacent east, southeast, southwest, and west

cursor:
Yourself a wizard
(x=13, y=7)

map:
                                                                                
                                                                                
          -------------                                                         
          |...........|                                                         
          |..<........|                                                         
          ---.---------                                                         
             @                                                                  
             #                                                                  
                                                                                
                                                                                
                                                                                
                                                                                
                                                                                
                                                                                
             .                                                                  
             .                                                                  
             .                                                                  
             >                                                                  
            ---                                                                 
                                                                                
                                                                                
Agent the Evoker               St:12 Dx:13 Co:11 In:19 Wi:11 Ch:9 Chaotic S:0   
Dlvl:1 $:0 HP:11(11) Pw:8(8) AC:9 Xp:1/0                                        

",0.0,False
6,north,,"message:


language observation:
stairs down far south
horizontal wall near north and northeast
dark area near south
northwest room corner near northwest
stairs up adjacent north
horizontal wall adjacent east and west
dark area adjacent southeast and southwest

cursor:
Yourself a wizard
(x=13, y=6)

map:
                                                                                
                                                                                
          -------------                                                         
          |...........|                                                         
          |..<........|                                                         
          ---@---------                                                         
             #                                                                  
             #                                                                  
                                                                                
                                                                                
                                                                                
                                                                                
                                                                                
                                                                                
             .                                                                  
             .                                                                  
             .                                                                  
             >                                                                  
            ---                                                                 
                                                                                
                                                                                
Agent the Evoker               St:12 Dx:13 Co:11 In:19 Wi:11 Ch:9 Chaotic S:0   
Dlvl:1 $:0 HP:11(11) Pw:8(8) AC:9 Xp:1/0                                        

",0.0,False
7,south,,"message:


language observation:
stairs down far south
horizontal wall near north
stairs up very near north
dark area very near south
doorway adjacent north
horizontal wall adjacent northeast and northwest
dark area adjacent east, southeast, southwest, and west

cursor:
Yourself a wizard
(x=13, y=7)

map:
                                                                                
                                                                                
          -------------                                                         
          |...........|                                                         
          |..<........|                                                         
          ---.---------                                                         
             @                                                                  
             #                                                                  
                                                                                
                                                                                
                                                                                
                                                                                
                                                                                
                                                                                
             .                                                                  
             .                                                                  
             .                                                                  
             >                                                                  
            ---                                                                 
                                                                                
                                                                                
Agent the Evoker               St:12 Dx:13 Co:11 In:19 Wi:11 Ch:9 Chaotic S:0   
Dlvl:1 $:0 HP:11(11) Pw:8(8) AC:9 Xp:1/0                                        

",0.0,False
8,north,"Our high-level plan involves navigating through the maze, which seems to be divided into two main parts by a horizontal wall. Our current position is above the wall, and the stairs down are below it. Our goal is to move below the wall and reach the stairs down. We can see a doorway and a dark area to the north, which might be a passage or a room. We will need to explore these areas to find a path to the stairs down. Since we are a wizard and don't have any strength-based actions, we will rely on movement and searching for hidden doors or passages. We will start by moving north to investigate the doorway and the dark area.","message:


language observation:
stairs down far south
horizontal wall near north and northeast
dark area near south
northwest room corner near northwest
stairs up adjacent north
horizontal wall adjacent east and west
dark area adjacent southeast and southwest

cursor:
Yourself a wizard
(x=13, y=6)

map:
                                                                                
                                                                                
          -------------                                                         
          |...........|                                                         
          |..<........|                                                         
          ---@---------                                                         
             #                                                                  
             #                                                                  
                                                                                
                                                                                
                                                                                
                                                                                
                                                                                
                                                                                
             .                                                                  
             .                                                                  
             .                                                                  
             >                                                                  
            ---                                                                 
                                                                                
                                                                                
Agent the Evoker               St:12 Dx:13 Co:11 In:19 Wi:11 Ch:9 Chaotic S:0   
Dlvl:1 $:0 HP:11(11) Pw:8(8) AC:9 Xp:1/0                                        

",0.0,False
9,search,,"message:


language observation:
stairs down far south
horizontal wall near north and northeast
dark area near south
northwest room corner near northwest
stairs up adjacent north
horizontal wall adjacent east and west
dark area adjacent southeast and southwest

cursor:
Yourself a wizard
(x=13, y=6)

map:
                                                                                
                                                                                
          -------------                                                         
          |...........|                                                         
          |..<........|                                                         
          ---@---------                                                         
             #                                                                  
             #                                                                  
                                                                                
                                                                                
                                                                                
                                                                                
                                                                                
                                                                                
             .                                                                  
             .                                                                  
             .                                                                  
             >                                                                  
            ---                                                                 
                                                                                
                                                                                
Agent the Evoker               St:12 Dx:13 Co:11 In:19 Wi:11 Ch:9 Chaotic S:0   
Dlvl:1 $:0 HP:11(11) Pw:8(8) AC:9 Xp:1/0                                        

",0.0,False
10,north,,"message:


language observation:
vertical wall far east
stairs down far south
dark area near south
vertical wall near west
horizontal wall very near north, northeast, and northwest
horizontal wall adjacent southeast and southwest
doorway adjacent south

cursor:
Yourself a wizard
(x=13, y=5)

map:
                                                                                
                                                                                
          -------------                                                         
          |...........|                                                         
          |..@........|                                                         
          ---.---------                                                         
             #                                                                  
             #                                                                  
                                                                                
                                                                                
                                                                                
                                                                                
                                                                                
                                                                                
             .                                                                  
             .                                                                  
             .                                                                  
             >                                                                  
            ---                                                                 
                                                                                
                                                                                
Agent the Evoker               St:12 Dx:13 Co:11 In:19 Wi:11 Ch:9 Chaotic S:0   
Dlvl:1 $:0 HP:11(11) Pw:8(8) AC:9 Xp:1/0                                        

",0.0,False
11,south,,"message:


language observation:
stairs down far south
horizontal wall near north and northeast
dark area near south
northwest room corner near northwest
stairs up adjacent north
horizontal wall adjacent east and west
dark area adjacent southeast and southwest

cursor:
Yourself a wizard
(x=13, y=6)

map:
                                                                                
                                                                                
          -------------                                                         
          |...........|                                                         
          |..<........|                                                         
          ---@---------                                                         
             #                                                                  
             #                                                                  
                                                                                
                                                                                
                                                                                
                                                                                
                                                                                
                                                                                
             .                                                                  
             .                                                                  
             .                                                                  
             >                                                                  
            ---                                                                 
                                                                                
                                                                                
Agent the Evoker               St:12 Dx:13 Co:11 In:19 Wi:11 Ch:9 Chaotic S:0   
Dlvl:1 $:0 HP:11(11) Pw:8(8) AC:9 Xp:1/0                                        

",0.0,False
12,east,,"message:
It's a wall.

language observation:
stairs down far south
horizontal wall near north and northeast
dark area near south
northwest room corner near northwest
stairs up adjacent north
horizontal wall adjacent east and west
dark area adjacent southeast and southwest

cursor:
Yourself a wizard
(x=13, y=6)

map:
                                                                                
                                                                                
          -------------                                                         
          |...........|                                                         
          |..<........|                                                         
          ---@---------                                                         
             #                                                                  
             #                                                                  
                                                                                
                                                                                
                                                                                
                                                                                
                                                                                
                                                                                
             .                                                                  
             .                                                                  
             .                                                                  
             >                                                                  
            ---                                                                 
                                                                                
                                                                                
Agent the Evoker               St:12 Dx:13 Co:11 In:19 Wi:11 Ch:9 Chaotic S:0   
Dlvl:1 $:0 HP:11(11) Pw:8(8) AC:9 Xp:1/0                                        

",0.0,False
13,search,,"message:


language observation:
stairs down far south
horizontal wall near north and northeast
dark area near south
northwest room corner near northwest
stairs up adjacent north
horizontal wall adjacent east and west
dark area adjacent southeast and southwest

cursor:
Yourself a wizard
(x=13, y=6)

map:
                                                                                
                                                                                
          -------------                                                         
          |...........|                                                         
          |..<........|                                                         
          ---@---------                                                         
             #                                                                  
             #                                                                  
                                                                                
                                                                                
                                                                                
                                                                                
                                                                                
                                                                                
             .                                                                  
             .                                                                  
             .                                                                  
             >                                                                  
            ---                                                                 
                                                                                
                                                                                
Agent the Evoker               St:12 Dx:13 Co:11 In:19 Wi:11 Ch:9 Chaotic S:0   
Dlvl:1 $:0 HP:11(11) Pw:8(8) AC:9 Xp:1/0                                        

",0.0,False
14,south,,"message:


language observation:
stairs down far south
horizontal wall near north
stairs up very near north
dark area very near south
doorway adjacent north
horizontal wall adjacent northeast and northwest
dark area adjacent east, southeast, southwest, and west

cursor:
Yourself a wizard
(x=13, y=7)

map:
                                                                                
                                                                                
          -------------                                                         
          |...........|                                                         
          |..<........|                                                         
          ---.---------                                                         
             @                                                                  
             #                                                                  
                                                                                
                                                                                
                                                                                
                                                                                
                                                                                
                                                                                
             .                                                                  
             .                                                                  
             .                                                                  
             >                                                                  
            ---                                                                 
                                                                                
                                                                                
Agent the Evoker               St:12 Dx:13 Co:11 In:19 Wi:11 Ch:9 Chaotic S:0   
Dlvl:1 $:0 HP:11(11) Pw:8(8) AC:9 Xp:1/0                                        

",0.0,False
15,south,,"message:


language observation:
stairs down far south
stairs up near north
horizontal wall near north
doorway very near north
dark area very near south
dark area adjacent northeast, east, southeast, southwest, west, and northwest

cursor:
Yourself a wizard
(x=13, y=8)

map:
                                                                                
                                                                                
          -------------                                                         
          |...........|                                                         
          |..<........|                                                         
          ---.---------                                                         
             #                                                                  
             @                                                                  
             #                                                                  
                                                                                
                                                                                
                                                                                
                                                                                
                                                                                
             .                                                                  
             .                                                                  
             .                                                                  
             >                                                                  
            ---                                                                 
                                                                                
                                                                                
Agent the Evoker               St:12 Dx:13 Co:11 In:19 Wi:11 Ch:9 Chaotic S:0   
Dlvl:1 $:0 HP:11(11) Pw:8(8) AC:9 Xp:1/0                                        

",0.0,False
16,east,"Based on previous observations, we are close to the stairs down, but there is a horizontal wall in our way. We can see a doorway to the north, which might be a passage or a room. Our goal is to move through this doorway and find a way to the stairs down. We can use searching to see if there are any hidden doors or passages. After finding a path, we will move down to the stairs down and complete the task.","message:
It's solid stone.

language observation:
stairs down far south
stairs up near north
horizontal wall near north
doorway very near north
dark area very near south
dark area adjacent northeast, east, southeast, southwest, west, and northwest

cursor:
Yourself a wizard
(x=13, y=8)

map:
                                                                                
                                                                                
          -------------                                                         
          |...........|                                                         
          |..<........|                                                         
          ---.---------                                                         
             #                                                                  
             @                                                                  
             #                                                                  
                                                                                
                                                                                
                                                                                
                                                                                
                                                                                
             .                                                                  
             .                                                                  
             .                                                                  
             >                                                                  
            ---                                                                 
                                                                                
                                                                                
Agent the Evoker               St:12 Dx:13 Co:11 In:19 Wi:11 Ch:9 Chaotic S:0   
Dlvl:1 $:0 HP:11(11) Pw:8(8) AC:9 Xp:1/0                                        

",0.0,False
17,search,,"message:


language observation:
stairs down far south
stairs up near north
horizontal wall near north
doorway very near north
dark area very near south
dark area adjacent northeast, east, southeast, southwest, west, and northwest

cursor:
Yourself a wizard
(x=13, y=8)

map:
                                                                                
                                                                                
          -------------                                                         
          |...........|                                                         
          |..<........|                                                         
          ---.---------                                                         
             #                                                                  
             @                                                                  
             #                                                                  
                                                                                
                                                                                
                                                                                
                                                                                
                                                                                
             .                                                                  
             .                                                                  
             .                                                                  
             >                                                                  
            ---                                                                 
                                                                                
                                                                                
Agent the Evoker               St:12 Dx:13 Co:11 In:19 Wi:11 Ch:9 Chaotic S:0   
Dlvl:1 $:0 HP:11(11) Pw:8(8) AC:9 Xp:1/0                                        

",0.0,False
18,north,,"message:


language observation:
stairs down far south
horizontal wall near north
dark area near south
stairs up very near north
doorway adjacent north
horizontal wall adjacent northeast and northwest
dark area adjacent east, southeast, southwest, and west

cursor:
Yourself a wizard
(x=13, y=7)

map:
                                                                                
                                                                                
          -------------                                                         
          |...........|                                                         
          |..<........|                                                         
          ---.---------                                                         
             @                                                                  
             #                                                                  
             #                                                                  
                                                                                
                                                                                
                                                                                
                                                                                
                                                                                
             .                                                                  
             .                                                                  
             .                                                                  
             >                                                                  
            ---                                                                 
                                                                                
                                                                                
Agent the Evoker               St:12 Dx:13 Co:11 In:19 Wi:11 Ch:9 Chaotic S:0   
Dlvl:1 $:0 HP:11(11) Pw:8(8) AC:9 Xp:1/0                                        

",0.0,False
19,south,,"message:


language observation:
stairs down far south
stairs up near north
horizontal wall near north
doorway very near north
dark area very near south
dark area adjacent northeast, east, southeast, southwest, west, and northwest

cursor:
Yourself a wizard
(x=13, y=8)

map:
                                                                                
                                                                                
          -------------                                                         
          |...........|                                                         
          |..<........|                                                         
          ---.---------                                                         
             #                                                                  
             @                                                                  
             #                                                                  
                                                                                
                                                                                
                                                                                
                                                                                
                                                                                
             .                                                                  
             .                                                                  
             .                                                                  
             >                                                                  
            ---                                                                 
                                                                                
                                                                                
Agent the Evoker               St:12 Dx:13 Co:11 In:19 Wi:11 Ch:9 Chaotic S:0   
Dlvl:1 $:0 HP:11(11) Pw:8(8) AC:9 Xp:1/0                                        

",0.0,False
20,north,,"message:


language observation:
stairs down far south
horizontal wall near north
dark area near south
stairs up very near north
doorway adjacent north
horizontal wall adjacent northeast and northwest
dark area adjacent east, southeast, southwest, and west

cursor:
Yourself a wizard
(x=13, y=7)

map:
                                                                                
                                                                                
          -------------                                                         
          |...........|                                                         
          |..<........|                                                         
          ---.---------                                                         
             @                                                                  
             #                                                                  
             #                                                                  
                                                                                
                                                                                
                                                                                
                                                                                
                                                                                
             .                                                                  
             .                                                                  
             .                                                                  
             >                                                                  
            ---                                                                 
                                                                                
                                                                                
Agent the Evoker               St:12 Dx:13 Co:11 In:19 Wi:11 Ch:9 Chaotic S:0   
Dlvl:1 $:0 HP:11(11) Pw:8(8) AC:9 Xp:1/0                                        

",0.0,False
21,open,,"message:
In what direction?

language observation:
stairs down far south
horizontal wall near north
dark area near south
stairs up very near north
doorway adjacent north
horizontal wall adjacent northeast and northwest
dark area adjacent east, southeast, southwest, and west

cursor:

(x=19, y=0)

map:
                                                                                
                                                                                
          -------------                                                         
          |...........|                                                         
          |..<........|                                                         
          ---.---------                                                         
             @                                                                  
             #                                                                  
             #                                                                  
                                                                                
                                                                                
                                                                                
                                                                                
                                                                                
             .                                                                  
             .                                                                  
             .                                                                  
             >                                                                  
            ---                                                                 
                                                                                
                                                                                
Agent the Evoker               St:12 Dx:13 Co:11 In:19 Wi:11 Ch:9 Chaotic S:0   
Dlvl:1 $:0 HP:11(11) Pw:8(8) AC:9 Xp:1/0                                        

",0.0,False
22,south,,"message:
You see no door there.

language observation:
stairs down far south
horizontal wall near north
dark area near south
stairs up very near north
doorway adjacent north
horizontal wall adjacent northeast and northwest
dark area adjacent east, southeast, southwest, and west

cursor:
Yourself a wizard
(x=13, y=7)

map:
                                                                                
                                                                                
          -------------                                                         
          |...........|                                                         
          |..<........|                                                         
          ---.---------                                                         
             @                                                                  
             #                                                                  
             #                                                                  
                                                                                
                                                                                
                                                                                
                                                                                
                                                                                
             .                                                                  
             .                                                                  
             .                                                                  
             >                                                                  
            ---                                                                 
                                                                                
                                                                                
Agent the Evoker               St:12 Dx:13 Co:11 In:19 Wi:11 Ch:9 Chaotic S:0   
Dlvl:1 $:0 HP:11(11) Pw:8(8) AC:9 Xp:1/0                                        

",0.0,False
23,north,,"message:


language observation:
stairs down far south
horizontal wall near north and northeast
dark area near south
northwest room corner near northwest
stairs up adjacent north
horizontal wall adjacent east and west
dark area adjacent southeast and southwest

cursor:
Yourself a wizard
(x=13, y=6)

map:
                                                                                
                                                                                
          -------------                                                         
          |...........|                                                         
          |..<........|                                                         
          ---@---------                                                         
             #                                                                  
             #                                                                  
             #                                                                  
                                                                                
                                                                                
                                                                                
                                                                                
                                                                                
             .                                                                  
             .                                                                  
             .                                                                  
             >                                                                  
            ---                                                                 
                                                                                
                                                                                
Agent the Evoker               St:12 Dx:13 Co:11 In:19 Wi:11 Ch:9 Chaotic S:0   
Dlvl:1 $:0 HP:11(11) Pw:8(8) AC:9 Xp:1/0                                        

",0.0,False
24,search,"Based on previous observations, we have been unable to access the stairs down due to various obstacles such as walls and dark areas. Our current location is at x=13, y=6, with the stairs down far south. We have searched the area and found no hidden doors or passages. Our plan is to try to find a way to access the stairs down by searching for any clues or hidden passages that might be missed. Since we are close to the stairs up, we can try to access the stairs up first and then try to find a way down. We will use our search action to examine the area more thoroughly and see if we can find any leads.","message:


language observation:
stairs down far south
horizontal wall near north and northeast
dark area near south
northwest room corner near northwest
stairs up adjacent north
horizontal wall adjacent east and west
dark area adjacent southeast and southwest

cursor:
Yourself a wizard
(x=13, y=6)

map:
                                                                                
                                                                                
          -------------                                                         
          |...........|                                                         
          |..<........|                                                         
          ---@---------                                                         
             #                                                                  
             #                                                                  
             #                                                                  
                                                                                
                                                                                
                                                                                
                                                                                
                                                                                
             .                                                                  
             .                                                                  
             .                                                                  
             >                                                                  
            ---                                                                 
                                                                                
                                                                                
Agent the Evoker               St:12 Dx:13 Co:11 In:19 Wi:11 Ch:9 Chaotic S:0   
Dlvl:1 $:0 HP:11(11) Pw:8(8) AC:9 Xp:1/0                                        

",0.0,False
25,north,,"message:


language observation:
vertical wall far east
stairs down far south
dark area near south
vertical wall near west
horizontal wall very near north, northeast, and northwest
horizontal wall adjacent southeast and southwest
doorway adjacent south

cursor:
Yourself a wizard
(x=13, y=5)

map:
                                                                                
                                                                                
          -------------                                                         
          |...........|                                                         
          |..@........|                                                         
          ---.---------                                                         
             #                                                                  
             #                                                                  
             #                                                                  
                                                                                
                                                                                
                                                                                
                                                                                
                                                                                
             .                                                                  
             .                                                                  
             .                                                                  
             >                                                                  
            ---                                                                 
                                                                                
                                                                                
Agent the Evoker               St:12 Dx:13 Co:11 In:19 Wi:11 Ch:9 Chaotic S:0   
Dlvl:1 $:0 HP:11(11) Pw:8(8) AC:9 Xp:1/0                                        

",0.0,False
26,south,,"message:


language observation:
stairs down far south
horizontal wall near north and northeast
dark area near south
northwest room corner near northwest
stairs up adjacent north
horizontal wall adjacent east and west
dark area adjacent southeast and southwest

cursor:
Yourself a wizard
(x=13, y=6)

map:
                                                                                
                                                                                
          -------------                                                         
          |...........|                                                         
          |..<........|                                                         
          ---@---------                                                         
             #                                                                  
             #                                                                  
             #                                                                  
                                                                                
                                                                                
                                                                                
                                                                                
                                                                                
             .                                                                  
             .                                                                  
             .                                                                  
             >                                                                  
            ---                                                                 
                                                                                
                                                                                
Agent the Evoker               St:12 Dx:13 Co:11 In:19 Wi:11 Ch:9 Chaotic S:0   
Dlvl:1 $:0 HP:11(11) Pw:8(8) AC:9 Xp:1/0                                        

",0.0,False
27,southwest,,"message:
It's solid stone.

language observation:
stairs down far south
horizontal wall near north and northeast
dark area near south
northwest room corner near northwest
stairs up adjacent north
horizontal wall adjacent east and west
dark area adjacent southeast and southwest

cursor:
Yourself a wizard
(x=13, y=6)

map:
                                                                                
                                                                                
          -------------                                                         
          |...........|                                                         
          |..<........|                                                         
          ---@---------                                                         
             #                                                                  
             #                                                                  
             #                                                                  
                                                                                
                                                                                
                                                                                
                                                                                
                                                                                
             .                                                                  
             .                                                                  
             .                                                                  
             >                                                                  
            ---                                                                 
                                                                                
                                                                                
Agent the Evoker               St:12 Dx:13 Co:11 In:19 Wi:11 Ch:9 Chaotic S:0   
Dlvl:1 $:0 HP:11(11) Pw:8(8) AC:9 Xp:1/0                                        

",0.0,False
28,search,,"message:


language observation:
stairs down far south
horizontal wall near north and northeast
dark area near south
northwest room corner near northwest
stairs up adjacent north
horizontal wall adjacent east and west
dark area adjacent southeast and southwest

cursor:
Yourself a wizard
(x=13, y=6)

map:
                                                                                
                                                                                
          -------------                                                         
          |...........|                                                         
          |..<........|                                                         
          ---@---------                                                         
             #                                                                  
             #                                                                  
             #                                                                  
                                                                                
                                                                                
                                                                                
                                                                                
                                                                                
             .                                                                  
             .                                                                  
             .                                                                  
             >                                                                  
            ---                                                                 
                                                                                
                                                                                
Agent the Evoker               St:12 Dx:13 Co:11 In:19 Wi:11 Ch:9 Chaotic S:0   
Dlvl:1 $:0 HP:11(11) Pw:8(8) AC:9 Xp:1/0                                        

",0.0,False
29,south,,"message:


language observation:
stairs down far south
horizontal wall near north
dark area near south
stairs up very near north
doorway adjacent north
horizontal wall adjacent northeast and northwest
dark area adjacent east, southeast, southwest, and west

cursor:
Yourself a wizard
(x=13, y=7)

map:
                                                                                
                                                                                
          -------------                                                         
          |...........|                                                         
          |..<........|                                                         
          ---.---------                                                         
             @                                                                  
             #                                                                  
             #                                                                  
                                                                                
                                                                                
                                                                                
                                                                                
                                                                                
             .                                                                  
             .                                                                  
             .                                                                  
             >                                                                  
            ---                                                                 
                                                                                
                                                                                
Agent the Evoker               St:12 Dx:13 Co:11 In:19 Wi:11 Ch:9 Chaotic S:0   
Dlvl:1 $:0 HP:11(11) Pw:8(8) AC:9 Xp:1/0                                        

",0.0,False
30,east,,"message:
It's solid stone.

language observation:
stairs down far south
horizontal wall near north
dark area near south
stairs up very near north
doorway adjacent north
horizontal wall adjacent northeast and northwest
dark area adjacent east, southeast, southwest, and west

cursor:
Yourself a wizard
(x=13, y=7)

map:
                                                                                
                                                                                
          -------------                                                         
          |...........|                                                         
          |..<........|                                                         
          ---.---------                                                         
             @                                                                  
             #                                                                  
             #                                                                  
                                                                                
                                                                                
                                                                                
                                                                                
                                                                                
             .                                                                  
             .                                                                  
             .                                                                  
             >                                                                  
            ---                                                                 
                                                                                
                                                                                
Agent the Evoker               St:12 Dx:13 Co:11 In:19 Wi:11 Ch:9 Chaotic S:0   
Dlvl:1 $:0 HP:11(11) Pw:8(8) AC:9 Xp:1/0                                        

",0.0,False
31,northwest,,"message:
It's a wall.

language observation:
stairs down far south
horizontal wall near north
dark area near south
stairs up very near north
doorway adjacent north
horizontal wall adjacent northeast and northwest
dark area adjacent east, southeast, southwest, and west

cursor:
Yourself a wizard
(x=13, y=7)

map:
                                                                                
                                                                                
          -------------                                                         
          |...........|                                                         
          |..<........|                                                         
          ---.---------                                                         
             @                                                                  
             #                                                                  
             #                                                                  
                                                                                
                                                                                
                                                                                
                                                                                
                                                                                
             .                                                                  
             .                                                                  
             .                                                                  
             >                                                                  
            ---                                                                 
                                                                                
                                                                                
Agent the Evoker               St:12 Dx:13 Co:11 In:19 Wi:11 Ch:9 Chaotic S:0   
Dlvl:1 $:0 HP:11(11) Pw:8(8) AC:9 Xp:1/0                                        

",0.0,False
32,search,"Our current location is stuck in a room with no visible exits or passages. We have observed that the stairs down are far south, but we cannot access them due to various obstacles such as walls and dark areas. Our goal is to reach the stairs down, but we need to find a way out of this room first. We have a few options to consider: we could try to search the room again for any hidden doors or passages, or we could try to go in a different direction to see if we can find a new path. Given that we are stuck in this room, we should focus on searching for hidden doors or passages. We can try to use our search action to examine the area more thoroughly and see if we can find any leads. If that doesn't work, we can try to go in a different direction and see if we can find a new path.","message:


language observation:
stairs down far south
horizontal wall near north
dark area near south
stairs up very near north
doorway adjacent north
horizontal wall adjacent northeast and northwest
dark area adjacent east, southeast, southwest, and west

cursor:
Yourself a wizard
(x=13, y=7)

map:
                                                                                
                                                                                
          -------------                                                         
          |...........|                                                         
          |..<........|                                                         
          ---.---------                                                         
             @                                                                  
             #                                                                  
             #                                                                  
                                                                                
                                                                                
                                                                                
                                                                                
                                                                                
             .                                                                  
             .                                                                  
             .                                                                  
             >                                                                  
            ---                                                                 
                                                                                
                                                                                
Agent the Evoker               St:12 Dx:13 Co:11 In:19 Wi:11 Ch:9 Chaotic S:0   
Dlvl:1 $:0 HP:11(11) Pw:8(8) AC:9 Xp:1/0                                        

",0.0,False
33,search,,"message:


language observation:
stairs down far south
horizontal wall near north
dark area near south
stairs up very near north
doorway adjacent north
horizontal wall adjacent northeast and northwest
dark area adjacent east, southeast, southwest, and west

cursor:
Yourself a wizard
(x=13, y=7)

map:
                                                                                
                                                                                
          -------------                                                         
          |...........|                                                         
          |..<........|                                                         
          ---.---------                                                         
             @                                                                  
             #                                                                  
             #                                                                  
                                                                                
                                                                                
                                                                                
                                                                                
                                                                                
             .                                                                  
             .                                                                  
             .                                                                  
             >                                                                  
            ---                                                                 
                                                                                
                                                                                
Agent the Evoker               St:12 Dx:13 Co:11 In:19 Wi:11 Ch:9 Chaotic S:0   
Dlvl:1 $:0 HP:11(11) Pw:8(8) AC:9 Xp:1/0                                        

",0.0,False
34,open,,"message:
In what direction?

language observation:
stairs down far south
horizontal wall near north
dark area near south
stairs up very near north
doorway adjacent north
horizontal wall adjacent northeast and northwest
dark area adjacent east, southeast, southwest, and west

cursor:

(x=19, y=0)

map:
                                                                                
                                                                                
          -------------                                                         
          |...........|                                                         
          |..<........|                                                         
          ---.---------                                                         
             @                                                                  
             #                                                                  
             #                                                                  
                                                                                
                                                                                
                                                                                
                                                                                
                                                                                
             .                                                                  
             .                                                                  
             .                                                                  
             >                                                                  
            ---                                                                 
                                                                                
                                                                                
Agent the Evoker               St:12 Dx:13 Co:11 In:19 Wi:11 Ch:9 Chaotic S:0   
Dlvl:1 $:0 HP:11(11) Pw:8(8) AC:9 Xp:1/0                                        

",0.0,False
35,north,,"message:
This doorway has no door.

language observation:
stairs down far south
horizontal wall near north
dark area near south
stairs up very near north
doorway adjacent north
horizontal wall adjacent northeast and northwest
dark area adjacent east, southeast, southwest, and west

cursor:
Yourself a wizard
(x=13, y=7)

map:
                                                                                
                                                                                
          -------------                                                         
          |...........|                                                         
          |..<........|                                                         
          ---.---------                                                         
             @                                                                  
             #                                                                  
             #                                                                  
                                                                                
                                                                                
                                                                                
                                                                                
                                                                                
             .                                                                  
             .                                                                  
             .                                                                  
             >                                                                  
            ---                                                                 
                                                                                
                                                                                
Agent the Evoker               St:12 Dx:13 Co:11 In:19 Wi:11 Ch:9 Chaotic S:0   
Dlvl:1 $:0 HP:11(11) Pw:8(8) AC:9 Xp:1/0                                        

",0.0,False
36,north,,"message:


language observation:
stairs down far south
horizontal wall near north and northeast
dark area near south
northwest room corner near northwest
stairs up adjacent north
horizontal wall adjacent east and west
dark area adjacent southeast and southwest

cursor:
Yourself a wizard
(x=13, y=6)

map:
                                                                                
                                                                                
          -------------                                                         
          |...........|                                                         
          |..<........|                                                         
          ---@---------                                                         
             #                                                                  
             #                                                                  
             #                                                                  
                                                                                
                                                                                
                                                                                
                                                                                
                                                                                
             .                                                                  
             .                                                                  
             .                                                                  
             >                                                                  
            ---                                                                 
                                                                                
                                                                                
Agent the Evoker               St:12 Dx:13 Co:11 In:19 Wi:11 Ch:9 Chaotic S:0   
Dlvl:1 $:0 HP:11(11) Pw:8(8) AC:9 Xp:1/0                                        

",0.0,False
37,search,,"message:


language observation:
stairs down far south
horizontal wall near north and northeast
dark area near south
northwest room corner near northwest
stairs up adjacent north
horizontal wall adjacent east and west
dark area adjacent southeast and southwest

cursor:
Yourself a wizard
(x=13, y=6)

map:
                                                                                
                                                                                
          -------------                                                         
          |...........|                                                         
          |..<........|                                                         
          ---@---------                                                         
             #                                                                  
             #                                                                  
             #                                                                  
                                                                                
                                                                                
                                                                                
                                                                                
                                                                                
             .                                                                  
             .                                                                  
             .                                                                  
             >                                                                  
            ---                                                                 
                                                                                
                                                                                
Agent the Evoker               St:12 Dx:13 Co:11 In:19 Wi:11 Ch:9 Chaotic S:0   
Dlvl:1 $:0 HP:11(11) Pw:8(8) AC:9 Xp:1/0                                        

",0.0,False
38,south,,"message:


language observation:
stairs down far south
horizontal wall near north
dark area near south
stairs up very near north
doorway adjacent north
horizontal wall adjacent northeast and northwest
dark area adjacent east, southeast, southwest, and west

cursor:
Yourself a wizard
(x=13, y=7)

map:
                                                                                
                                                                                
          -------------                                                         
          |...........|                                                         
          |..<........|                                                         
          ---.---------                                                         
             @                                                                  
             #                                                                  
             #                                                                  
                                                                                
                                                                                
                                                                                
                                                                                
                                                                                
             .                                                                  
             .                                                                  
             .                                                                  
             >                                                                  
            ---                                                                 
                                                                                
                                                                                
Agent the Evoker               St:12 Dx:13 Co:11 In:19 Wi:11 Ch:9 Chaotic S:0   
Dlvl:1 $:0 HP:11(11) Pw:8(8) AC:9 Xp:1/0                                        

",0.0,False
39,southwest,,"message:
It's solid stone.

language observation:
stairs down far south
horizontal wall near north
dark area near south
stairs up very near north
doorway adjacent north
horizontal wall adjacent northeast and northwest
dark area adjacent east, southeast, southwest, and west

cursor:
Yourself a wizard
(x=13, y=7)

map:
                                                                                
                                                                                
          -------------                                                         
          |...........|                                                         
          |..<........|                                                         
          ---.---------                                                         
             @                                                                  
             #                                                                  
             #                                                                  
                                                                                
                                                                                
                                                                                
                                                                                
                                                                                
             .                                                                  
             .                                                                  
             .                                                                  
             >                                                                  
            ---                                                                 
                                                                                
                                                                                
Agent the Evoker               St:12 Dx:13 Co:11 In:19 Wi:11 Ch:9 Chaotic S:0   
Dlvl:1 $:0 HP:11(11) Pw:8(8) AC:9 Xp:1/0                                        

",0.0,False
40,,"Based on previous observations, we are still stuck in a room with no visible exits or passages. Our goal is to reach the stairs down. We need to find a way out of this room and then head south to find the stairs.

To solve this task, we can try to search for hidden doors or passages, and then use our search or open actions to explore any new areas we find.

We will keep searching the room and exploring any new areas we find until we find a way out. Once we have a clear path to the stairs, we can head south to complete the task.

In the meantime, we should also be aware of any other possible exits or passages in the room and try to explore them as well.

Our high-level plan is to keep searching and exploring until we find a way out of the room and then head south to find the stairs.

Since we are still stuck in the room, our first action should be to search the room again for any hidden doors or passages.

We will choose the search action for now.

search","

Your previous output did not contain a valid action. Defaulted to action: north

Observation:
message:


language observation:
stairs down far south
horizontal wall near north and northeast
dark area near south
northwest room corner near northwest
stairs up adjacent north
horizontal wall adjacent east and west
dark area adjacent southeast and southwest

cursor:
Yourself a wizard
(x=13, y=6)

map:
                                                                                
                                                                                
          -------------                                                         
          |...........|                                                         
          |..<........|                                                         
          ---@---------                                                         
             #                                                                  
             #                                                                  
             #                                                                  
                                                                                
                                                                                
                                                                                
                                                                                
                                                                                
             .                                                                  
             .                                                                  
             .                                                                  
             >                                                                  
            ---                                                                 
                                                                                
                                                                                
Agent the Evoker               St:12 Dx:13 Co:11 In:19 Wi:11 Ch:9 Chaotic S:0   
Dlvl:1 $:0 HP:11(11) Pw:8(8) AC:9 Xp:1/0                                        

",0.0,False
41,north,,"message:


language observation:
vertical wall far east
stairs down far south
dark area near south
vertical wall near west
horizontal wall very near north, northeast, and northwest
horizontal wall adjacent southeast and southwest
doorway adjacent south

cursor:
Yourself a wizard
(x=13, y=5)

map:
                                                                                
                                                                                
          -------------                                                         
          |...........|                                                         
          |..@........|                                                         
          ---.---------                                                         
             #                                                                  
             #                                                                  
             #                                                                  
                                                                                
                                                                                
                                                                                
                                                                                
                                                                                
             .                                                                  
             .                                                                  
             .                                                                  
             >                                                                  
            ---                                                                 
                                                                                
                                                                                
Agent the Evoker               St:12 Dx:13 Co:11 In:19 Wi:11 Ch:9 Chaotic S:0   
Dlvl:1 $:0 HP:11(11) Pw:8(8) AC:9 Xp:1/0                                        

",0.0,False
42,south,,"message:


language observation:
stairs down far south
horizontal wall near north and northeast
dark area near south
northwest room corner near northwest
stairs up adjacent north
horizontal wall adjacent east and west
dark area adjacent southeast and southwest

cursor:
Yourself a wizard
(x=13, y=6)

map:
                                                                                
                                                                                
          -------------                                                         
          |...........|                                                         
          |..<........|                                                         
          ---@---------                                                         
             #                                                                  
             #                                                                  
             #                                                                  
                                                                                
                                                                                
                                                                                
                                                                                
                                                                                
             .                                                                  
             .                                                                  
             .                                                                  
             >                                                                  
            ---                                                                 
                                                                                
                                                                                
Agent the Evoker               St:12 Dx:13 Co:11 In:19 Wi:11 Ch:9 Chaotic S:0   
Dlvl:1 $:0 HP:11(11) Pw:8(8) AC:9 Xp:1/0                                        

",0.0,False
43,south,,"message:


language observation:
stairs down far south
horizontal wall near north
dark area near south
stairs up very near north
doorway adjacent north
horizontal wall adjacent northeast and northwest
dark area adjacent east, southeast, southwest, and west

cursor:
Yourself a wizard
(x=13, y=7)

map:
                                                                                
                                                                                
          -------------                                                         
          |...........|                                                         
          |..<........|                                                         
          ---.---------                                                         
             @                                                                  
             #                                                                  
             #                                                                  
                                                                                
                                                                                
                                                                                
                                                                                
                                                                                
             .                                                                  
             .                                                                  
             .                                                                  
             >                                                                  
            ---                                                                 
                                                                                
                                                                                
Agent the Evoker               St:12 Dx:13 Co:11 In:19 Wi:11 Ch:9 Chaotic S:0   
Dlvl:1 $:0 HP:11(11) Pw:8(8) AC:9 Xp:1/0                                        

",0.0,False
44,search,,"message:


language observation:
stairs down far south
horizontal wall near north
dark area near south
stairs up very near north
doorway adjacent north
horizontal wall adjacent northeast and northwest
dark area adjacent east, southeast, southwest, and west

cursor:
Yourself a wizard
(x=13, y=7)

map:
                                                                                
                                                                                
          -------------                                                         
          |...........|                                                         
          |..<........|                                                         
          ---.---------                                                         
             @                                                                  
             #                                                                  
             #                                                                  
                                                                                
                                                                                
                                                                                
                                                                                
                                                                                
             .                                                                  
             .                                                                  
             .                                                                  
             >                                                                  
            ---                                                                 
                                                                                
                                                                                
Agent the Evoker               St:12 Dx:13 Co:11 In:19 Wi:11 Ch:9 Chaotic S:0   
Dlvl:1 $:0 HP:11(11) Pw:8(8) AC:9 Xp:1/0                                        

",0.0,False
45,east,,"message:
It's solid stone.

language observation:
stairs down far south
horizontal wall near north
dark area near south
stairs up very near north
doorway adjacent north
horizontal wall adjacent northeast and northwest
dark area adjacent east, southeast, southwest, and west

cursor:
Yourself a wizard
(x=13, y=7)

map:
                                                                                
                                                                                
          -------------                                                         
          |...........|                                                         
          |..<........|                                                         
          ---.---------                                                         
             @                                                                  
             #                                                                  
             #                                                                  
                                                                                
                                                                                
                                                                                
                                                                                
                                                                                
             .                                                                  
             .                                                                  
             .                                                                  
             >                                                                  
            ---                                                                 
                                                                                
                                                                                
Agent the Evoker               St:12 Dx:13 Co:11 In:19 Wi:11 Ch:9 Chaotic S:0   
Dlvl:1 $:0 HP:11(11) Pw:8(8) AC:9 Xp:1/0                                        

",0.0,False
46,search,,"message:


language observation:
stairs down far south
horizontal wall near north
dark area near south
stairs up very near north
doorway adjacent north
horizontal wall adjacent northeast and northwest
dark area adjacent east, southeast, southwest, and west

cursor:
Yourself a wizard
(x=13, y=7)

map:
                                                                                
                                                                                
          -------------                                                         
          |...........|                                                         
          |..<........|                                                         
          ---.---------                                                         
             @                                                                  
             #                                                                  
             #                                                                  
                                                                                
                                                                                
                                                                                
                                                                                
                                                                                
             .                                                                  
             .                                                                  
             .                                                                  
             >                                                                  
            ---                                                                 
                                                                                
                                                                                
Agent the Evoker               St:12 Dx:13 Co:11 In:19 Wi:11 Ch:9 Chaotic S:0   
Dlvl:1 $:0 HP:11(11) Pw:8(8) AC:9 Xp:1/0                                        

",0.0,False
47,south,,"message:


language observation:
stairs down far south
stairs up near north
horizontal wall near north
doorway very near north
dark area very near south
dark area adjacent northeast, east, southeast, southwest, west, and northwest

cursor:
Yourself a wizard
(x=13, y=8)

map:
                                                                                
                                                                                
          -------------                                                         
          |...........|                                                         
          |..<........|                                                         
          ---.---------                                                         
             #                                                                  
             @                                                                  
             #                                                                  
                                                                                
                                                                                
                                                                                
                                                                                
                                                                                
             .                                                                  
             .                                                                  
             .                                                                  
             >                                                                  
            ---                                                                 
                                                                                
                                                                                
Agent the Evoker               St:12 Dx:13 Co:11 In:19 Wi:11 Ch:9 Chaotic S:0   
Dlvl:1 $:0 HP:11(11) Pw:8(8) AC:9 Xp:1/0                                        

",0.0,False
48,,"We are currently in a room with a staircase leading up and a staircase leading down. Our goal is to reach the staircase down. From our previous observations, we noticed that the staircase down is far south, but we don't have a clear path to it yet. We are blocked by a horizontal wall to the north and a dark area to the south. We need to find a way to navigate through these obstacles.

Our high-level plan is to first try to navigate through the dark area to the south, as it is closer to the staircase down. We will use our senses and any available information to guide us through the dark area.

Our plan involves moving south and using our search action to try to find any hidden doors or passages that may lead us through the dark area.

Once we find a clear path, we will head south towards the staircase down and try to reach it.

Our first action will be to search the room for any hidden doors or passages that may lead us through the dark area.

search","

Your previous output did not contain a valid action. Defaulted to action: north

Observation:
message:


language observation:
stairs down far south
horizontal wall near north
dark area near south
stairs up very near north
doorway adjacent north
horizontal wall adjacent northeast and northwest
dark area adjacent east, southeast, southwest, and west

cursor:
Yourself a wizard
(x=13, y=7)

map:
                                                                                
                                                                                
          -------------                                                         
          |...........|                                                         
          |..<........|                                                         
          ---.---------                                                         
             @                                                                  
             #                                                                  
             #                                                                  
                                                                                
                                                                                
                                                                                
                                                                                
                                                                                
             .                                                                  
             .                                                                  
             .                                                                  
             >                                                                  
            ---                                                                 
                                                                                
                                                                                
Agent the Evoker               St:12 Dx:13 Co:11 In:19 Wi:11 Ch:9 Chaotic S:0   
Dlvl:1 $:0 HP:11(11) Pw:8(8) AC:9 Xp:1/0                                        

",0.0,False
49,south,,"message:


language observation:
stairs down far south
stairs up near north
horizontal wall near north
doorway very near north
dark area very near south
dark area adjacent northeast, east, southeast, southwest, west, and northwest

cursor:
Yourself a wizard
(x=13, y=8)

map:
                                                                                
                                                                                
          -------------                                                         
          |...........|                                                         
          |..<........|                                                         
          ---.---------                                                         
             #                                                                  
             @                                                                  
             #                                                                  
                                                                                
                                                                                
                                                                                
                                                                                
                                                                                
             .                                                                  
             .                                                                  
             .                                                                  
             >                                                                  
            ---                                                                 
                                                                                
                                                                                
Agent the Evoker               St:12 Dx:13 Co:11 In:19 Wi:11 Ch:9 Chaotic S:0   
Dlvl:1 $:0 HP:11(11) Pw:8(8) AC:9 Xp:1/0                                        

",0.0,False
50,south,,"message:


language observation:
horizontal wall far north
stairs down far south
stairs up near north
doorway near north
dark area very near south
dark area adjacent northeast, east, southeast, southwest, west, and northwest

cursor:
Yourself a wizard
(x=13, y=9)

map:
                                                                                
                                                                                
          -------------                                                         
          |...........|                                                         
          |..<........|                                                         
          ---.---------                                                         
             #                                                                  
             #                                                                  
             @                                                                  
             #                                                                  
                                                                                
                                                                                
                                                                                
                                                                                
             .                                                                  
             .                                                                  
             .                                                                  
             >                                                                  
            ---                                                                 
                                                                                
                                                                                
Agent the Evoker               St:12 Dx:13 Co:11 In:19 Wi:11 Ch:9 Chaotic S:0   
Dlvl:1 $:0 HP:11(11) Pw:8(8) AC:9 Xp:1/0                                        

",0.0,False
51,south,,"message:


language observation:
horizontal wall far north
stairs down far south
stairs up near north
doorway near north
dark area very near south
dark area adjacent northeast, east, southeast, southwest, west, and northwest

cursor:
Yourself a wizard
(x=13, y=10)

map:
                                                                                
                                                                                
          -------------                                                         
          |...........|                                                         
          |..<........|                                                         
          ---.---------                                                         
             #                                                                  
             #                                                                  
             #                                                                  
             @                                                                  
             #                                                                  
                                                                                
                                                                                
                                                                                
             .                                                                  
             .                                                                  
             .                                                                  
             >                                                                  
            ---                                                                 
                                                                                
                                                                                
Agent the Evoker               St:12 Dx:13 Co:11 In:19 Wi:11 Ch:9 Chaotic S:0   
Dlvl:1 $:0 HP:11(11) Pw:8(8) AC:9 Xp:1/0                                        

",0.0,False
52,southwest,,"message:
It's solid stone.

language observation:
horizontal wall far north
stairs down far south
stairs up near north
doorway near north
dark area very near south
dark area adjacent northeast, east, southeast, southwest, west, and northwest

cursor:
Yourself a wizard
(x=13, y=10)

map:
                                                                                
                                                                                
          -------------                                                         
          |...........|                                                         
          |..<........|                                                         
          ---.---------                                                         
             #                                                                  
             #                                                                  
             #                                                                  
             @                                                                  
             #                                                                  
                                                                                
                                                                                
                                                                                
             .                                                                  
             .                                                                  
             .                                                                  
             >                                                                  
            ---                                                                 
                                                                                
                                                                                
Agent the Evoker               St:12 Dx:13 Co:11 In:19 Wi:11 Ch:9 Chaotic S:0   
Dlvl:1 $:0 HP:11(11) Pw:8(8) AC:9 Xp:1/0                                        

",0.0,False
53,search,,"message:


language observation:
horizontal wall far north
stairs down far south
stairs up near north
doorway near north
dark area very near south
dark area adjacent northeast, east, southeast, southwest, west, and northwest

cursor:
Yourself a wizard
(x=13, y=10)

map:
                                                                                
                                                                                
          -------------                                                         
          |...........|                                                         
          |..<........|                                                         
          ---.---------                                                         
             #                                                                  
             #                                                                  
             #                                                                  
             @                                                                  
             #                                                                  
                                                                                
                                                                                
                                                                                
             .                                                                  
             .                                                                  
             .                                                                  
             >                                                                  
            ---                                                                 
                                                                                
                                                                                
Agent the Evoker               St:12 Dx:13 Co:11 In:19 Wi:11 Ch:9 Chaotic S:0   
Dlvl:1 $:0 HP:11(11) Pw:8(8) AC:9 Xp:1/0                                        

",0.0,False
54,north,,"message:


language observation:
horizontal wall far north
stairs down far south
stairs up near north
doorway near north
dark area near south
dark area adjacent northeast, east, southeast, southwest, west, and northwest

cursor:
Yourself a wizard
(x=13, y=9)

map:
                                                                                
                                                                                
          -------------                                                         
          |...........|                                                         
          |..<........|                                                         
          ---.---------                                                         
             #                                                                  
             #                                                                  
             @                                                                  
             #                                                                  
             #                                                                  
                                                                                
                                                                                
                                                                                
             .                                                                  
             .                                                                  
             .                                                                  
             >                                                                  
            ---                                                                 
                                                                                
                                                                                
Agent the Evoker               St:12 Dx:13 Co:11 In:19 Wi:11 Ch:9 Chaotic S:0   
Dlvl:1 $:0 HP:11(11) Pw:8(8) AC:9 Xp:1/0                                        

",0.0,False
55,southwest,,"message:
It's solid stone.

language observation:
horizontal wall far north
stairs down far south
stairs up near north
doorway near north
dark area near south
dark area adjacent northeast, east, southeast, southwest, west, and northwest

cursor:
Yourself a wizard
(x=13, y=9)

map:
                                                                                
                                                                                
          -------------                                                         
          |...........|                                                         
          |..<........|                                                         
          ---.---------                                                         
             #                                                                  
             #                                                                  
             @                                                                  
             #                                                                  
             #                                                                  
                                                                                
                                                                                
                                                                                
             .                                                                  
             .                                                                  
             .                                                                  
             >                                                                  
            ---                                                                 
                                                                                
                                                                                
Agent the Evoker               St:12 Dx:13 Co:11 In:19 Wi:11 Ch:9 Chaotic S:0   
Dlvl:1 $:0 HP:11(11) Pw:8(8) AC:9 Xp:1/0                                        

",0.0,False
56,search,"Based on previous observations, the goal is to reach the staircase down. However, the current path is blocked by a solid stone wall. 

A high-level plan is to re-examine the room's layout and search for any potential paths or clues that were missed earlier. Since the room's layout hasn't changed significantly, it's likely that there's a hidden door or passage that needs to be discovered.

The plan involves using the 'search' action to thoroughly examine the room and its contents, including the walls, floor, and any objects that might be hidden or overlooked. This might reveal a hidden door or passage that allows access to the staircase down.

One possible scenario is that the staircase down is hidden behind a secret door, which can be discovered using the 'search' action. If that's the case, we can then proceed to the staircase down and continue our exploration.

If the 'search' action doesn't reveal any new information, we might need to re-evaluate our plan and consider alternative approaches.

The plan is to search the room carefully, paying attention to any details that might have been missed earlier.","message:


language observation:
horizontal wall far north
stairs down far south
stairs up near north
doorway near north
dark area near south
dark area adjacent northeast, east, southeast, southwest, west, and northwest

cursor:
Yourself a wizard
(x=13, y=9)

map:
                                                                                
                                                                                
          -------------                                                         
          |...........|                                                         
          |..<........|                                                         
          ---.---------                                                         
             #                                                                  
             #                                                                  
             @                                                                  
             #                                                                  
             #                                                                  
                                                                                
                                                                                
                                                                                
             .                                                                  
             .                                                                  
             .                                                                  
             >                                                                  
            ---                                                                 
                                                                                
                                                                                
Agent the Evoker               St:12 Dx:13 Co:11 In:19 Wi:11 Ch:9 Chaotic S:0   
Dlvl:1 $:0 HP:11(11) Pw:8(8) AC:9 Xp:1/0                                        

",0.0,False
57,search,,"message:


language observation:
horizontal wall far north
stairs down far south
stairs up near north
doorway near north
dark area near south
dark area adjacent northeast, east, southeast, southwest, west, and northwest

cursor:
Yourself a wizard
(x=13, y=9)

map:
                                                                                
                                                                                
          -------------                                                         
          |...........|                                                         
          |..<........|                                                         
          ---.---------                                                         
             #                                                                  
             #                                                                  
             @                                                                  
             #                                                                  
             #                                                                  
                                                                                
                                                                                
                                                                                
             .                                                                  
             .                                                                  
             .                                                                  
             >                                                                  
            ---                                                                 
                                                                                
                                                                                
Agent the Evoker               St:12 Dx:13 Co:11 In:19 Wi:11 Ch:9 Chaotic S:0   
Dlvl:1 $:0 HP:11(11) Pw:8(8) AC:9 Xp:1/0                                        

",0.0,False
58,search,,"message:


language observation:
horizontal wall far north
stairs down far south
stairs up near north
doorway near north
dark area near south
dark area adjacent northeast, east, southeast, southwest, west, and northwest

cursor:
Yourself a wizard
(x=13, y=9)

map:
                                                                                
                                                                                
          -------------                                                         
          |...........|                                                         
          |..<........|                                                         
          ---.---------                                                         
             #                                                                  
             #                                                                  
             @                                                                  
             #                                                                  
             #                                                                  
                                                                                
                                                                                
                                                                                
             .                                                                  
             .                                                                  
             .                                                                  
             >                                                                  
            ---                                                                 
                                                                                
                                                                                
Agent the Evoker               St:12 Dx:13 Co:11 In:19 Wi:11 Ch:9 Chaotic S:0   
Dlvl:1 $:0 HP:11(11) Pw:8(8) AC:9 Xp:1/0                                        

",0.0,False
59,search,,"message:


language observation:
horizontal wall far north
stairs down far south
stairs up near north
doorway near north
dark area near south
dark area adjacent northeast, east, southeast, southwest, west, and northwest

cursor:
Yourself a wizard
(x=13, y=9)

map:
                                                                                
                                                                                
          -------------                                                         
          |...........|                                                         
          |..<........|                                                         
          ---.---------                                                         
             #                                                                  
             #                                                                  
             @                                                                  
             #                                                                  
             #                                                                  
                                                                                
                                                                                
                                                                                
             .                                                                  
             .                                                                  
             .                                                                  
             >                                                                  
            ---                                                                 
                                                                                
                                                                                
Agent the Evoker               St:12 Dx:13 Co:11 In:19 Wi:11 Ch:9 Chaotic S:0   
Dlvl:1 $:0 HP:11(11) Pw:8(8) AC:9 Xp:1/0                                        

",0.0,False
60,search,,"message:


language observation:
horizontal wall far north
stairs down far south
stairs up near north
doorway near north
dark area near south
dark area adjacent northeast, east, southeast, southwest, west, and northwest

cursor:
Yourself a wizard
(x=13, y=9)

map:
                                                                                
                                                                                
          -------------                                                         
          |...........|                                                         
          |..<........|                                                         
          ---.---------                                                         
             #                                                                  
             #                                                                  
             @                                                                  
             #                                                                  
             #                                                                  
                                                                                
                                                                                
                                                                                
             .                                                                  
             .                                                                  
             .                                                                  
             >                                                                  
            ---                                                                 
                                                                                
                                                                                
Agent the Evoker               St:12 Dx:13 Co:11 In:19 Wi:11 Ch:9 Chaotic S:0   
Dlvl:1 $:0 HP:11(11) Pw:8(8) AC:9 Xp:1/0                                        

",0.0,False
61,east,,"message:
It's solid stone.

language observation:
horizontal wall far north
stairs down far south
stairs up near north
doorway near north
dark area near south
dark area adjacent northeast, east, southeast, southwest, west, and northwest

cursor:
Yourself a wizard
(x=13, y=9)

map:
                                                                                
                                                                                
          -------------                                                         
          |...........|                                                         
          |..<........|                                                         
          ---.---------                                                         
             #                                                                  
             #                                                                  
             @                                                                  
             #                                                                  
             #                                                                  
                                                                                
                                                                                
                                                                                
             .                                                                  
             .                                                                  
             .                                                                  
             >                                                                  
            ---                                                                 
                                                                                
                                                                                
Agent the Evoker               St:12 Dx:13 Co:11 In:19 Wi:11 Ch:9 Chaotic S:0   
Dlvl:1 $:0 HP:11(11) Pw:8(8) AC:9 Xp:1/0                                        

",0.0,False
62,north,,"message:


language observation:
stairs down far south
stairs up near north
horizontal wall near north
dark area near south
doorway very near north
dark area adjacent northeast, east, southeast, southwest, west, and northwest

cursor:
Yourself a wizard
(x=13, y=8)

map:
                                                                                
                                                                                
          -------------                                                         
          |...........|                                                         
          |..<........|                                                         
          ---.---------                                                         
             #                                                                  
             @                                                                  
             #                                                                  
             #                                                                  
             #                                                                  
                                                                                
                                                                                
                                                                                
             .                                                                  
             .                                                                  
             .                                                                  
             >                                                                  
            ---                                                                 
                                                                                
                                                                                
Agent the Evoker               St:12 Dx:13 Co:11 In:19 Wi:11 Ch:9 Chaotic S:0   
Dlvl:1 $:0 HP:11(11) Pw:8(8) AC:9 Xp:1/0                                        

",0.0,False
63,north,,"message:


language observation:
stairs down far south
horizontal wall near north
dark area near south
stairs up very near north
doorway adjacent north
horizontal wall adjacent northeast and northwest
dark area adjacent east, southeast, southwest, and west

cursor:
Yourself a wizard
(x=13, y=7)

map:
                                                                                
                                                                                
          -------------                                                         
          |...........|                                                         
          |..<........|                                                         
          ---.---------                                                         
             @                                                                  
             #                                                                  
             #                                                                  
             #                                                                  
             #                                                                  
                                                                                
                                                                                
                                                                                
             .                                                                  
             .                                                                  
             .                                                                  
             >                                                                  
            ---                                                                 
                                                                                
                                                                                
Agent the Evoker               St:12 Dx:13 Co:11 In:19 Wi:11 Ch:9 Chaotic S:0   
Dlvl:1 $:0 HP:11(11) Pw:8(8) AC:9 Xp:1/0                                        

",0.0,False
64,open,"The goal is to reach the staircase down. Based on previous observations, the current path is blocked by a horizontal wall to the north and east, and a dark area to the south.

A high-level plan is to examine the room more closely and search for any potential paths or clues that were missed earlier. This involves searching the room, paying attention to any details that might have been overlooked.

Upon re-examining the room, it appears that the doorway to the north is adjacent to the horizontal wall, and the stairs up are very near the north. This suggests that the doorway might be a potential way to proceed, but it's blocked by the horizontal wall.

To resolve this, the plan is to attempt to open the doorway using the 'open' action. If this fails, it's possible that the doorway is locked, and an alternative approach would need to be considered.

In the worst-case scenario where the doorway is locked, an alternative approach would be to search the room more thoroughly to see if there are any other potential paths or clues that can be discovered.

The plan is to open the doorway to the north and proceed from there, while also keeping an eye out for any potential alternative approaches.","message:
In what direction?

language observation:
stairs down far south
horizontal wall near north
dark area near south
stairs up very near north
doorway adjacent north
horizontal wall adjacent northeast and northwest
dark area adjacent east, southeast, southwest, and west

cursor:

(x=19, y=0)

map:
                                                                                
                                                                                
          -------------                                                         
          |...........|                                                         
          |..<........|                                                         
          ---.---------                                                         
             @                                                                  
             #                                                                  
             #                                                                  
             #                                                                  
             #                                                                  
                                                                                
                                                                                
                                                                                
             .                                                                  
             .                                                                  
             .                                                                  
             >                                                                  
            ---                                                                 
                                                                                
                                                                                
Agent the Evoker               St:12 Dx:13 Co:11 In:19 Wi:11 Ch:9 Chaotic S:0   
Dlvl:1 $:0 HP:11(11) Pw:8(8) AC:9 Xp:1/0                                        

",0.0,False
65,kick,,"message:
What a strange direction!  Never mind.

language observation:
stairs down far south
horizontal wall near north
dark area near south
stairs up very near north
doorway adjacent north
horizontal wall adjacent northeast and northwest
dark area adjacent east, southeast, southwest, and west

cursor:
Yourself a wizard
(x=13, y=7)

map:
                                                                                
                                                                                
          -------------                                                         
          |...........|                                                         
          |..<........|                                                         
          ---.---------                                                         
             @                                                                  
             #                                                                  
             #                                                                  
             #                                                                  
             #                                                                  
                                                                                
                                                                                
                                                                                
             .                                                                  
             .                                                                  
             .                                                                  
             >                                                                  
            ---                                                                 
                                                                                
                                                                                
Agent the Evoker               St:12 Dx:13 Co:11 In:19 Wi:11 Ch:9 Chaotic S:0   
Dlvl:1 $:0 HP:11(11) Pw:8(8) AC:9 Xp:1/0                                        

",0.0,False
66,east,,"message:
It's solid stone.

language observation:
stairs down far south
horizontal wall near north
dark area near south
stairs up very near north
doorway adjacent north
horizontal wall adjacent northeast and northwest
dark area adjacent east, southeast, southwest, and west

cursor:
Yourself a wizard
(x=13, y=7)

map:
                                                                                
                                                                                
          -------------                                                         
          |...........|                                                         
          |..<........|                                                         
          ---.---------                                                         
             @                                                                  
             #                                                                  
             #                                                                  
             #                                                                  
             #                                                                  
                                                                                
                                                                                
                                                                                
             .                                                                  
             .                                                                  
             .                                                                  
             >                                                                  
            ---                                                                 
                                                                                
                                                                                
Agent the Evoker               St:12 Dx:13 Co:11 In:19 Wi:11 Ch:9 Chaotic S:0   
Dlvl:1 $:0 HP:11(11) Pw:8(8) AC:9 Xp:1/0                                        

",0.0,False
67,north,,"message:


language observation:
stairs down far south
dark area far south
horizontal wall near north and northeast
northwest room corner near northwest
stairs up adjacent north
horizontal wall adjacent east and west
dark area adjacent southeast and southwest

cursor:
Yourself a wizard
(x=13, y=6)

map:
                                                                                
                                                                                
          -------------                                                         
          |...........|                                                         
          |..<........|                                                         
          ---@---------                                                         
             #                                                                  
             #                                                                  
             #                                                                  
             #                                                                  
             #                                                                  
                                                                                
                                                                                
                                                                                
             .                                                                  
             .                                                                  
             .                                                                  
             >                                                                  
            ---                                                                 
                                                                                
                                                                                
Agent the Evoker               St:12 Dx:13 Co:11 In:19 Wi:11 Ch:9 Chaotic S:0   
Dlvl:1 $:0 HP:11(11) Pw:8(8) AC:9 Xp:1/0                                        

",0.0,False
68,south,,"message:


language observation:
stairs down far south
horizontal wall near north
dark area near south
stairs up very near north
doorway adjacent north
horizontal wall adjacent northeast and northwest
dark area adjacent east, southeast, southwest, and west

cursor:
Yourself a wizard
(x=13, y=7)

map:
                                                                                
                                                                                
          -------------                                                         
          |...........|                                                         
          |..<........|                                                         
          ---.---------                                                         
             @                                                                  
             #                                                                  
             #                                                                  
             #                                                                  
             #                                                                  
                                                                                
                                                                                
                                                                                
             .                                                                  
             .                                                                  
             .                                                                  
             >                                                                  
            ---                                                                 
                                                                                
                                                                                
Agent the Evoker               St:12 Dx:13 Co:11 In:19 Wi:11 Ch:9 Chaotic S:0   
Dlvl:1 $:0 HP:11(11) Pw:8(8) AC:9 Xp:1/0                                        

",0.0,False
69,north,,"message:


language observation:
stairs down far south
dark area far south
horizontal wall near north and northeast
northwest room corner near northwest
stairs up adjacent north
horizontal wall adjacent east and west
dark area adjacent southeast and southwest

cursor:
Yourself a wizard
(x=13, y=6)

map:
                                                                                
                                                                                
          -------------                                                         
          |...........|                                                         
          |..<........|                                                         
          ---@---------                                                         
             #                                                                  
             #                                                                  
             #                                                                  
             #                                                                  
             #                                                                  
                                                                                
                                                                                
                                                                                
             .                                                                  
             .                                                                  
             .                                                                  
             >                                                                  
            ---                                                                 
                                                                                
                                                                                
Agent the Evoker               St:12 Dx:13 Co:11 In:19 Wi:11 Ch:9 Chaotic S:0   
Dlvl:1 $:0 HP:11(11) Pw:8(8) AC:9 Xp:1/0                                        

",0.0,False
70,search,,"message:


language observation:
stairs down far south
dark area far south
horizontal wall near north and northeast
northwest room corner near northwest
stairs up adjacent north
horizontal wall adjacent east and west
dark area adjacent southeast and southwest

cursor:
Yourself a wizard
(x=13, y=6)

map:
                                                                                
                                                                                
          -------------                                                         
          |...........|                                                         
          |..<........|                                                         
          ---@---------                                                         
             #                                                                  
             #                                                                  
             #                                                                  
             #                                                                  
             #                                                                  
                                                                                
                                                                                
                                                                                
             .                                                                  
             .                                                                  
             .                                                                  
             >                                                                  
            ---                                                                 
                                                                                
                                                                                
Agent the Evoker               St:12 Dx:13 Co:11 In:19 Wi:11 Ch:9 Chaotic S:0   
Dlvl:1 $:0 HP:11(11) Pw:8(8) AC:9 Xp:1/0                                        

",0.0,False
71,open,,"message:
In what direction?

language observation:
stairs down far south
dark area far south
horizontal wall near north and northeast
northwest room corner near northwest
stairs up adjacent north
horizontal wall adjacent east and west
dark area adjacent southeast and southwest

cursor:

(x=19, y=0)

map:
                                                                                
                                                                                
          -------------                                                         
          |...........|                                                         
          |..<........|                                                         
          ---@---------                                                         
             #                                                                  
             #                                                                  
             #                                                                  
             #                                                                  
             #                                                                  
                                                                                
                                                                                
                                                                                
             .                                                                  
             .                                                                  
             .                                                                  
             >                                                                  
            ---                                                                 
                                                                                
                                                                                
Agent the Evoker               St:12 Dx:13 Co:11 In:19 Wi:11 Ch:9 Chaotic S:0   
Dlvl:1 $:0 HP:11(11) Pw:8(8) AC:9 Xp:1/0                                        

",0.0,False
72,west,"Our goal is to reach the staircase down. Based on previous observations, the current path is blocked by a horizontal wall to the north and east, and a dark area to the south.

A high-level plan is to navigate through the room to the northwest room corner, as this appears to be the only unblocked area. We can then search for any potential paths or clues in this area.

Upon reaching the northwest room corner, we will have the option to move north into the adjacent room. From there, we can continue to navigate through the level, avoiding obstacles and finding the staircase down.

In terms of specific actions, our plan is to move west until we reach the northwest room corner, and then search the area for any clues or potential paths.

We will also keep an eye out for any other unblocked areas or potential paths that we may have missed earlier in the level.

Based on this plan, our first action will be to move west until we reach the northwest room corner.","message:
You see no door there.

language observation:
stairs down far south
dark area far south
horizontal wall near north and northeast
northwest room corner near northwest
stairs up adjacent north
horizontal wall adjacent east and west
dark area adjacent southeast and southwest

cursor:
Yourself a wizard
(x=13, y=6)

map:
                                                                                
                                                                                
          -------------                                                         
          |...........|                                                         
          |..<........|                                                         
          ---@---------                                                         
             #                                                                  
             #                                                                  
             #                                                                  
             #                                                                  
             #                                                                  
                                                                                
                                                                                
                                                                                
             .                                                                  
             .                                                                  
             .                                                                  
             >                                                                  
            ---                                                                 
                                                                                
                                                                                
Agent the Evoker               St:12 Dx:13 Co:11 In:19 Wi:11 Ch:9 Chaotic S:0   
Dlvl:1 $:0 HP:11(11) Pw:8(8) AC:9 Xp:1/0                                        

",0.0,False
73,west,,"message:
It's a wall.

language observation:
stairs down far south
dark area far south
horizontal wall near north and northeast
northwest room corner near northwest
stairs up adjacent north
horizontal wall adjacent east and west
dark area adjacent southeast and southwest

cursor:
Yourself a wizard
(x=13, y=6)

map:
                                                                                
                                                                                
          -------------                                                         
          |...........|                                                         
          |..<........|                                                         
          ---@---------                                                         
             #                                                                  
             #                                                                  
             #                                                                  
             #                                                                  
             #                                                                  
                                                                                
                                                                                
                                                                                
             .                                                                  
             .                                                                  
             .                                                                  
             >                                                                  
            ---                                                                 
                                                                                
                                                                                
Agent the Evoker               St:12 Dx:13 Co:11 In:19 Wi:11 Ch:9 Chaotic S:0   
Dlvl:1 $:0 HP:11(11) Pw:8(8) AC:9 Xp:1/0                                        

",0.0,False
74,northwest,,"message:


language observation:
stairs down far southsoutheast
horizontal wall very near north and northeast
dark area very near southeast
vertical wall very near west
northwest room corner very near northwest
stairs up adjacent east
doorway adjacent southeast
horizontal wall adjacent south and southwest

cursor:
Yourself a wizard
(x=12, y=5)

map:
                                                                                
                                                                                
          -------------                                                         
          |...........|                                                         
          |.@<........|                                                         
          ---.---------                                                         
             #                                                                  
             #                                                                  
             #                                                                  
             #                                                                  
             #                                                                  
                                                                                
                                                                                
                                                                                
             .                                                                  
             .                                                                  
             .                                                                  
             >                                                                  
            ---                                                                 
                                                                                
                                                                                
Agent the Evoker               St:12 Dx:13 Co:11 In:19 Wi:11 Ch:9 Chaotic S:0   
Dlvl:1 $:0 HP:11(11) Pw:8(8) AC:9 Xp:1/0                                        

",0.0,False
75,search,,"message:


language observation:
stairs down far southsoutheast
horizontal wall very near north and northeast
dark area very near southeast
vertical wall very near west
northwest room corner very near northwest
stairs up adjacent east
doorway adjacent southeast
horizontal wall adjacent south and southwest

cursor:
Yourself a wizard
(x=12, y=5)

map:
                                                                                
                                                                                
          -------------                                                         
          |...........|                                                         
          |.@<........|                                                         
          ---.---------                                                         
             #                                                                  
             #                                                                  
             #                                                                  
             #                                                                  
             #                                                                  
                                                                                
                                                                                
                                                                                
             .                                                                  
             .                                                                  
             .                                                                  
             >                                                                  
            ---                                                                 
                                                                                
                                                                                
Agent the Evoker               St:12 Dx:13 Co:11 In:19 Wi:11 Ch:9 Chaotic S:0   
Dlvl:1 $:0 HP:11(11) Pw:8(8) AC:9 Xp:1/0                                        

",0.0,False
76,east,,"message:


language observation:
vertical wall far east
stairs down far south
dark area far south
vertical wall near west
horizontal wall very near north, northeast, and northwest
horizontal wall adjacent southeast and southwest
doorway adjacent south

cursor:
Yourself a wizard
(x=13, y=5)

map:
                                                                                
                                                                                
          -------------                                                         
          |...........|                                                         
          |..@........|                                                         
          ---.---------                                                         
             #                                                                  
             #                                                                  
             #                                                                  
             #                                                                  
             #                                                                  
                                                                                
                                                                                
                                                                                
             .                                                                  
             .                                                                  
             .                                                                  
             >                                                                  
            ---                                                                 
                                                                                
                                                                                
Agent the Evoker               St:12 Dx:13 Co:11 In:19 Wi:11 Ch:9 Chaotic S:0   
Dlvl:1 $:0 HP:11(11) Pw:8(8) AC:9 Xp:1/0                                        

",0.0,False
77,south,,"message:


language observation:
stairs down far south
dark area far south
horizontal wall near north and northeast
northwest room corner near northwest
stairs up adjacent north
horizontal wall adjacent east and west
dark area adjacent southeast and southwest

cursor:
Yourself a wizard
(x=13, y=6)

map:
                                                                                
                                                                                
          -------------                                                         
          |...........|                                                         
          |..<........|                                                         
          ---@---------                                                         
             #                                                                  
             #                                                                  
             #                                                                  
             #                                                                  
             #                                                                  
                                                                                
                                                                                
                                                                                
             .                                                                  
             .                                                                  
             .                                                                  
             >                                                                  
            ---                                                                 
                                                                                
                                                                                
Agent the Evoker               St:12 Dx:13 Co:11 In:19 Wi:11 Ch:9 Chaotic S:0   
Dlvl:1 $:0 HP:11(11) Pw:8(8) AC:9 Xp:1/0                                        

",0.0,False
78,northwest,,"message:


language observation:
stairs down far southsoutheast
horizontal wall very near north and northeast
dark area very near southeast
vertical wall very near west
northwest room corner very near northwest
stairs up adjacent east
doorway adjacent southeast
horizontal wall adjacent south and southwest

cursor:
Yourself a wizard
(x=12, y=5)

map:
                                                                                
                                                                                
          -------------                                                         
          |...........|                                                         
          |.@<........|                                                         
          ---.---------                                                         
             #                                                                  
             #                                                                  
             #                                                                  
             #                                                                  
             #                                                                  
                                                                                
                                                                                
                                                                                
             .                                                                  
             .                                                                  
             .                                                                  
             >                                                                  
            ---                                                                 
                                                                                
                                                                                
Agent the Evoker               St:12 Dx:13 Co:11 In:19 Wi:11 Ch:9 Chaotic S:0   
Dlvl:1 $:0 HP:11(11) Pw:8(8) AC:9 Xp:1/0                                        

",0.0,False
79,north,,"message:


language observation:
stairs down far southsoutheast
horizontal wall very near southeast and south
southwest corner very near southwest
vertical wall very near west
horizontal wall adjacent north, northeast, and northwest
stairs up adjacent southeast

cursor:
Yourself a wizard
(x=12, y=4)

map:
                                                                                
                                                                                
          -------------                                                         
          |.@.........|                                                         
          |..<........|                                                         
          ---.---------                                                         
             #                                                                  
             #                                                                  
             #                                                                  
             #                                                                  
             #                                                                  
                                                                                
                                                                                
                                                                                
             .                                                                  
             .                                                                  
             .                                                                  
             >                                                                  
            ---                                                                 
                                                                                
                                                                                
Agent the Evoker               St:12 Dx:13 Co:11 In:19 Wi:11 Ch:9 Chaotic S:0   
Dlvl:1 $:0 HP:11(11) Pw:8(8) AC:9 Xp:1/0                                        

",0.0,False
80,"<plan>
Based on previous observations, our goal is to reach the staircase down. We have navigated through the level, avoiding obstacles and finding potential paths. Our current plan is to head southeast and reach the staircase down, which is now adjacent to our current position.

To achieve this, we will head southeast until we reach the staircase down. We will need to be cautious of the horizontal wall and dark area in the southeast direction.

Our plan involves moving southeast to the staircase down, then assessing our surroundings and planning our next move. We will likely need to search for any potential doors or hidden passages to continue our progress.

One possible complication is that the staircase down is adjacent to a dark area, which may indicate the presence of an enemy or a hazard. We will need to be prepared to handle this situation if it arises.

We will continue to move southeast until we reach the staircase down, then reassess the situation and plan our next move.

Based on this plan, our first action is to:

 southeast",,"

Your previous output did not contain a valid action. Defaulted to action: north

Observation:
message:
It's a wall.

language observation:
stairs down far southsoutheast
horizontal wall very near southeast and south
southwest corner very near southwest
vertical wall very near west
horizontal wall adjacent north, northeast, and northwest
stairs up adjacent southeast

cursor:
Yourself a wizard
(x=12, y=4)

map:
                                                                                
                                                                                
          -------------                                                         
          |.@.........|                                                         
          |..<........|                                                         
          ---.---------                                                         
             #                                                                  
             #                                                                  
             #                                                                  
             #                                                                  
             #                                                                  
                                                                                
                                                                                
                                                                                
             .                                                                  
             .                                                                  
             .                                                                  
             >                                                                  
            ---                                                                 
                                                                                
                                                                                
Agent the Evoker               St:12 Dx:13 Co:11 In:19 Wi:11 Ch:9 Chaotic S:0   
Dlvl:1 $:0 HP:11(11) Pw:8(8) AC:9 Xp:1/0                                        

",0.0,False
81,south,,"message:


language observation:
stairs down far southsoutheast
horizontal wall very near north and northeast
dark area very near southeast
vertical wall very near west
northwest room corner very near northwest
stairs up adjacent east
doorway adjacent southeast
horizontal wall adjacent south and southwest

cursor:
Yourself a wizard
(x=12, y=5)

map:
                                                                                
                                                                                
          -------------                                                         
          |...........|                                                         
          |.@<........|                                                         
          ---.---------                                                         
             #                                                                  
             #                                                                  
             #                                                                  
             #                                                                  
             #                                                                  
                                                                                
                                                                                
                                                                                
             .                                                                  
             .                                                                  
             .                                                                  
             >                                                                  
            ---                                                                 
                                                                                
                                                                                
Agent the Evoker               St:12 Dx:13 Co:11 In:19 Wi:11 Ch:9 Chaotic S:0   
Dlvl:1 $:0 HP:11(11) Pw:8(8) AC:9 Xp:1/0                                        

",0.0,False
82,southeast,,"message:


language observation:
stairs down far south
dark area far south
horizontal wall near north and northeast
northwest room corner near northwest
stairs up adjacent north
horizontal wall adjacent east and west
dark area adjacent southeast and southwest

cursor:
Yourself a wizard
(x=13, y=6)

map:
                                                                                
                                                                                
          -------------                                                         
          |...........|                                                         
          |..<........|                                                         
          ---@---------                                                         
             #                                                                  
             #                                                                  
             #                                                                  
             #                                                                  
             #                                                                  
                                                                                
                                                                                
                                                                                
             .                                                                  
             .                                                                  
             .                                                                  
             >                                                                  
            ---                                                                 
                                                                                
                                                                                
Agent the Evoker               St:12 Dx:13 Co:11 In:19 Wi:11 Ch:9 Chaotic S:0   
Dlvl:1 $:0 HP:11(11) Pw:8(8) AC:9 Xp:1/0                                        

",0.0,False
83,south,,"message:


language observation:
stairs down far south
horizontal wall near north
dark area near south
stairs up very near north
doorway adjacent north
horizontal wall adjacent northeast and northwest
dark area adjacent east, southeast, southwest, and west

cursor:
Yourself a wizard
(x=13, y=7)

map:
                                                                                
                                                                                
          -------------                                                         
          |...........|                                                         
          |..<........|                                                         
          ---.---------                                                         
             @                                                                  
             #                                                                  
             #                                                                  
             #                                                                  
             #                                                                  
                                                                                
                                                                                
                                                                                
             .                                                                  
             .                                                                  
             .                                                                  
             >                                                                  
            ---                                                                 
                                                                                
                                                                                
Agent the Evoker               St:12 Dx:13 Co:11 In:19 Wi:11 Ch:9 Chaotic S:0   
Dlvl:1 $:0 HP:11(11) Pw:8(8) AC:9 Xp:1/0                                        

",0.0,False
84,search,,"message:


language observation:
stairs down far south
horizontal wall near north
dark area near south
stairs up very near north
doorway adjacent north
horizontal wall adjacent northeast and northwest
dark area adjacent east, southeast, southwest, and west

cursor:
Yourself a wizard
(x=13, y=7)

map:
                                                                                
                                                                                
          -------------                                                         
          |...........|                                                         
          |..<........|                                                         
          ---.---------                                                         
             @                                                                  
             #                                                                  
             #                                                                  
             #                                                                  
             #                                                                  
                                                                                
                                                                                
                                                                                
             .                                                                  
             .                                                                  
             .                                                                  
             >                                                                  
            ---                                                                 
                                                                                
                                                                                
Agent the Evoker               St:12 Dx:13 Co:11 In:19 Wi:11 Ch:9 Chaotic S:0   
Dlvl:1 $:0 HP:11(11) Pw:8(8) AC:9 Xp:1/0                                        

",0.0,False
85,south,,"message:


language observation:
stairs down far south
stairs up near north
horizontal wall near north
dark area near south
doorway very near north
dark area adjacent northeast, east, southeast, southwest, west, and northwest

cursor:
Yourself a wizard
(x=13, y=8)

map:
                                                                                
                                                                                
          -------------                                                         
          |...........|                                                         
          |..<........|                                                         
          ---.---------                                                         
             #                                                                  
             @                                                                  
             #                                                                  
             #                                                                  
             #                                                                  
                                                                                
                                                                                
                                                                                
             .                                                                  
             .                                                                  
             .                                                                  
             >                                                                  
            ---                                                                 
                                                                                
                                                                                
Agent the Evoker               St:12 Dx:13 Co:11 In:19 Wi:11 Ch:9 Chaotic S:0   
Dlvl:1 $:0 HP:11(11) Pw:8(8) AC:9 Xp:1/0                                        

",0.0,False
86,north,,"message:


language observation:
stairs down far south
horizontal wall near north
dark area near south
stairs up very near north
doorway adjacent north
horizontal wall adjacent northeast and northwest
dark area adjacent east, southeast, southwest, and west

cursor:
Yourself a wizard
(x=13, y=7)

map:
                                                                                
                                                                                
          -------------                                                         
          |...........|                                                         
          |..<........|                                                         
          ---.---------                                                         
             @                                                                  
             #                                                                  
             #                                                                  
             #                                                                  
             #                                                                  
                                                                                
                                                                                
                                                                                
             .                                                                  
             .                                                                  
             .                                                                  
             >                                                                  
            ---                                                                 
                                                                                
                                                                                
Agent the Evoker               St:12 Dx:13 Co:11 In:19 Wi:11 Ch:9 Chaotic S:0   
Dlvl:1 $:0 HP:11(11) Pw:8(8) AC:9 Xp:1/0                                        

",0.0,False
87,north,,"message:


language observation:
stairs down far south
dark area far south
horizontal wall near north and northeast
northwest room corner near northwest
stairs up adjacent north
horizontal wall adjacent east and west
dark area adjacent southeast and southwest

cursor:
Yourself a wizard
(x=13, y=6)

map:
                                                                                
                                                                                
          -------------                                                         
          |...........|                                                         
          |..<........|                                                         
          ---@---------                                                         
             #                                                                  
             #                                                                  
             #                                                                  
             #                                                                  
             #                                                                  
                                                                                
                                                                                
                                                                                
             .                                                                  
             .                                                                  
             .                                                                  
             >                                                                  
            ---                                                                 
                                                                                
                                                                                
Agent the Evoker               St:12 Dx:13 Co:11 In:19 Wi:11 Ch:9 Chaotic S:0   
Dlvl:1 $:0 HP:11(11) Pw:8(8) AC:9 Xp:1/0                                        

",0.0,False
88,"<plan>
The goal is to reach the stairs down. The current plan is to move north and explore the area, as the stairs down is visible to the north.

We will move north, and then proceed to search the area for any potential doors, hidden passages, or other obstacles that may block our path. If we encounter a doorway, we will open it to see if it leads to the stairs down. If we encounter a locked door or a locked chest, we will attempt to kick it to gain access. We will continue to search the area and make progress north until we find the stairs down.

We will also pay attention to our surroundings and adjust our plan as necessary based on any new information we gather.

First action: north",,"

Your previous output did not contain a valid action. Defaulted to action: north

Observation:
message:


language observation:
vertical wall far east
stairs down far south
dark area far south
vertical wall near west
horizontal wall very near north, northeast, and northwest
horizontal wall adjacent southeast and southwest
doorway adjacent south

cursor:
Yourself a wizard
(x=13, y=5)

map:
                                                                                
                                                                                
          -------------                                                         
          |...........|                                                         
          |..@........|                                                         
          ---.---------                                                         
             #                                                                  
             #                                                                  
             #                                                                  
             #                                                                  
             #                                                                  
                                                                                
                                                                                
                                                                                
             .                                                                  
             .                                                                  
             .                                                                  
             >                                                                  
            ---                                                                 
                                                                                
                                                                                
Agent the Evoker               St:12 Dx:13 Co:11 In:19 Wi:11 Ch:9 Chaotic S:0   
Dlvl:1 $:0 HP:11(11) Pw:8(8) AC:9 Xp:1/0                                        

",0.0,False
89,south,,"message:


language observation:
stairs down far south
dark area far south
horizontal wall near north and northeast
northwest room corner near northwest
stairs up adjacent north
horizontal wall adjacent east and west
dark area adjacent southeast and southwest

cursor:
Yourself a wizard
(x=13, y=6)

map:
                                                                                
                                                                                
          -------------                                                         
          |...........|                                                         
          |..<........|                                                         
          ---@---------                                                         
             #                                                                  
             #                                                                  
             #                                                                  
             #                                                                  
             #                                                                  
                                                                                
                                                                                
                                                                                
             .                                                                  
             .                                                                  
             .                                                                  
             >                                                                  
            ---                                                                 
                                                                                
                                                                                
Agent the Evoker               St:12 Dx:13 Co:11 In:19 Wi:11 Ch:9 Chaotic S:0   
Dlvl:1 $:0 HP:11(11) Pw:8(8) AC:9 Xp:1/0                                        

",0.0,False
90,south,,"message:


language observation:
stairs down far south
horizontal wall near north
dark area near south
stairs up very near north
doorway adjacent north
horizontal wall adjacent northeast and northwest
dark area adjacent east, southeast, southwest, and west

cursor:
Yourself a wizard
(x=13, y=7)

map:
                                                                                
                                                                                
          -------------                                                         
          |...........|                                                         
          |..<........|                                                         
          ---.---------                                                         
             @                                                                  
             #                                                                  
             #                                                                  
             #                                                                  
             #                                                                  
                                                                                
                                                                                
                                                                                
             .                                                                  
             .                                                                  
             .                                                                  
             >                                                                  
            ---                                                                 
                                                                                
                                                                                
Agent the Evoker               St:12 Dx:13 Co:11 In:19 Wi:11 Ch:9 Chaotic S:0   
Dlvl:1 $:0 HP:11(11) Pw:8(8) AC:9 Xp:1/0                                        

",0.0,False
91,south,,"message:


language observation:
stairs down far south
stairs up near north
horizontal wall near north
dark area near south
doorway very near north
dark area adjacent northeast, east, southeast, southwest, west, and northwest

cursor:
Yourself a wizard
(x=13, y=8)

map:
                                                                                
                                                                                
          -------------                                                         
          |...........|                                                         
          |..<........|                                                         
          ---.---------                                                         
             #                                                                  
             @                                                                  
             #                                                                  
             #                                                                  
             #                                                                  
                                                                                
                                                                                
                                                                                
             .                                                                  
             .                                                                  
             .                                                                  
             >                                                                  
            ---                                                                 
                                                                                
                                                                                
Agent the Evoker               St:12 Dx:13 Co:11 In:19 Wi:11 Ch:9 Chaotic S:0   
Dlvl:1 $:0 HP:11(11) Pw:8(8) AC:9 Xp:1/0                                        

",0.0,False
92,south,,"message:


language observation:
horizontal wall far north
stairs down far south
stairs up near north
doorway near north
dark area near south
dark area adjacent northeast, east, southeast, southwest, west, and northwest

cursor:
Yourself a wizard
(x=13, y=9)

map:
                                                                                
                                                                                
          -------------                                                         
          |...........|                                                         
          |..<........|                                                         
          ---.---------                                                         
             #                                                                  
             #                                                                  
             @                                                                  
             #                                                                  
             #                                                                  
                                                                                
                                                                                
                                                                                
             .                                                                  
             .                                                                  
             .                                                                  
             >                                                                  
            ---                                                                 
                                                                                
                                                                                
Agent the Evoker               St:12 Dx:13 Co:11 In:19 Wi:11 Ch:9 Chaotic S:0   
Dlvl:1 $:0 HP:11(11) Pw:8(8) AC:9 Xp:1/0                                        

",0.0,False
93,south,,"message:


language observation:
horizontal wall far north
stairs down far south
stairs up near north
doorway near north
dark area very near south
dark area adjacent northeast, east, southeast, southwest, west, and northwest

cursor:
Yourself a wizard
(x=13, y=10)

map:
                                                                                
                                                                                
          -------------                                                         
          |...........|                                                         
          |..<........|                                                         
          ---.---------                                                         
             #                                                                  
             #                                                                  
             #                                                                  
             @                                                                  
             #                                                                  
                                                                                
                                                                                
                                                                                
             .                                                                  
             .                                                                  
             .                                                                  
             >                                                                  
            ---                                                                 
                                                                                
                                                                                
Agent the Evoker               St:12 Dx:13 Co:11 In:19 Wi:11 Ch:9 Chaotic S:0   
Dlvl:1 $:0 HP:11(11) Pw:8(8) AC:9 Xp:1/0                                        

",0.0,False
94,south,,"message:


language observation:
stairs up far north
horizontal wall far north
stairs down far south
doorway near north
dark area very near south
dark area adjacent northeast, east, southeast, southwest, west, and northwest

cursor:
Yourself a wizard
(x=13, y=11)

map:
                                                                                
                                                                                
          -------------                                                         
          |...........|                                                         
          |..<........|                                                         
          ---.---------                                                         
             #                                                                  
             #                                                                  
             #                                                                  
             #                                                                  
             @                                                                  
             #                                                                  
                                                                                
                                                                                
             .                                                                  
             .                                                                  
             .                                                                  
             >                                                                  
            ---                                                                 
                                                                                
                                                                                
Agent the Evoker               St:12 Dx:13 Co:11 In:19 Wi:11 Ch:9 Chaotic S:0   
Dlvl:1 $:0 HP:11(11) Pw:8(8) AC:9 Xp:1/0                                        

",0.0,False
95,south,,"message:


language observation:
stairs up far north
doorway far north
horizontal wall far north
stairs down far south
dark area very near south
dark area adjacent northeast, east, southeast, southwest, west, and northwest

cursor:
Yourself a wizard
(x=13, y=12)

map:
                                                                                
                                                                                
          -------------                                                         
          |...........|                                                         
          |..<........|                                                         
          ---.---------                                                         
             #                                                                  
             #                                                                  
             #                                                                  
             #                                                                  
             #                                                                  
             @                                                                  
             #                                                                  
                                                                                
             .                                                                  
             .                                                                  
             .                                                                  
             >                                                                  
            ---                                                                 
                                                                                
                                                                                
Agent the Evoker               St:12 Dx:13 Co:11 In:19 Wi:11 Ch:9 Chaotic S:0   
Dlvl:1 $:0 HP:11(11) Pw:8(8) AC:9 Xp:1/0                                        

",0.0,False
96,,"To complete the task, my goal is to reach the stairs down. Based on the current observations, the stairs down is far south and I am currently at y=12.

I will make my way south and try to clear the obstacles in my path. Since I am already at a relatively low y-coordinate, I can try to move south and see if I can make progress towards the stairs down.

My plan is to move south and clear the obstacles in my path. I will take note of the surroundings and adjust my plan as necessary.

First action: south","

Your previous output did not contain a valid action. Defaulted to action: north

Observation:
message:


language observation:
stairs up far north
horizontal wall far north
stairs down far south
doorway near north
dark area near south
dark area adjacent northeast, east, southeast, southwest, west, and northwest

cursor:
Yourself a wizard
(x=13, y=11)

map:
                                                                                
                                                                                
          -------------                                                         
          |...........|                                                         
          |..<........|                                                         
          ---.---------                                                         
             #                                                                  
             #                                                                  
             #                                                                  
             #                                                                  
             @                                                                  
             #                                                                  
             #                                                                  
                                                                                
             .                                                                  
             .                                                                  
             .                                                                  
             >                                                                  
            ---                                                                 
                                                                                
                                                                                
Agent the Evoker               St:12 Dx:13 Co:11 In:19 Wi:11 Ch:9 Chaotic S:0   
Dlvl:1 $:0 HP:11(11) Pw:8(8) AC:9 Xp:1/0                                        

",0.0,False
97,south,,"message:


language observation:
stairs up far north
doorway far north
horizontal wall far north
stairs down far south
dark area very near south
dark area adjacent northeast, east, southeast, southwest, west, and northwest

cursor:
Yourself a wizard
(x=13, y=12)

map:
                                                                                
                                                                                
          -------------                                                         
          |...........|                                                         
          |..<........|                                                         
          ---.---------                                                         
             #                                                                  
             #                                                                  
             #                                                                  
             #                                                                  
             #                                                                  
             @                                                                  
             #                                                                  
                                                                                
             .                                                                  
             .                                                                  
             .                                                                  
             >                                                                  
            ---                                                                 
                                                                                
                                                                                
Agent the Evoker               St:12 Dx:13 Co:11 In:19 Wi:11 Ch:9 Chaotic S:0   
Dlvl:1 $:0 HP:11(11) Pw:8(8) AC:9 Xp:1/0                                        

",0.0,False
98,south,,"message:


language observation:
stairs up far north
doorway far north
horizontal wall far south
stairs down near south
doorway very near south
dark area adjacent northeast, east, southeast, southwest, west, and northwest

cursor:
Yourself a wizard
(x=13, y=13)

map:
                                                                                
                                                                                
          -------------                                                         
          |...........|                                                         
          |..<........|                                                         
          ---.---------                                                         
             #                                                                  
             #                                                                  
             #                                                                  
             #                                                                  
             #                                                                  
             #                                                                  
             @                                                                  
             #                                                                  
             .                                                                  
             .                                                                  
             .                                                                  
            .>.                                                                 
           -----                                                                
                                                                                
                                                                                
Agent the Evoker               St:12 Dx:13 Co:11 In:19 Wi:11 Ch:9 Chaotic S:0   
Dlvl:1 $:0 HP:11(11) Pw:8(8) AC:9 Xp:1/0                                        

",0.0,False
99,south,,"message:
 
No  Points     Name                                                   Hp [max]
0  Agent-Wiz-Elf-Mal-Cha quit in The Dungeons of Doom on
level 1.                                               11  [11]


language observation:
dark area adjacent east, southeast, and south

cursor:
very far eastsoutheast 
(x=77, y=6)

map:
 No  Points     Name                                                   Hp [max] 
                                                                                
            0  Agent-Wiz-Elf-Mal-Cha quit in The Dungeons of Doom on            
                                                                                
              level 1.                                               11  [11]   
                                                                                
                                                                                
                                                                                
                                                                                
                                                                                
                                                                                
                                                                                
                                                                                
                                                                                
                                                                                
                                                                                
                                                                                
                                                                                
                                                                                
                                                                                
                                                                                
                                                                                
                                                                                

",0.0,True
