Step,Action,Reasoning,Observation,Reward,Done
0,east,"The goal is to reach the stairs down. First, I need to explore the map to identify the location of the stairs. Since there is a dark area very near east and a doorway adjacent east, I should prioritize moving east to investigate the dark area and the doorway. Once I clear the immediate area, I will continue to explore the map and follow any potential paths to find the stairs down.","message:


language observation:
horizontal closed door far westsouthwest
horizontal wall near southwest
dark area very near east
northeast room corner adjacent north
dark area adjacent northeast and southeast
vertical wall adjacent south
stairs up adjacent west
horizontal wall adjacent northwest

cursor:
Yourself a ranger
(x=38, y=7)

map:
                                                                                
                                                                                
                                                                                
                                                                                
                                                                                
                       ----------------                                         
                       |.............<@#                                        
                       |..............|                                         
                       |..............|                                         
                       |..............                                          
                       --------+-------                                         
                                                                                
                                                                                
                                                                                
                                                                                
                                                                                
                                                                                
                                                                                
                                                                                
                                                                                
                                                                                
Agent the Tenderfoot           St:15 Dx:11 Co:14 In:13 Wi:15 Ch:7 Chaotic S:0   
Dlvl:1 $:0 HP:14(14) Pw:3(3) AC:7 Xp:1/0                                        

",0.0,False
1,west,,"message:


language observation:
horizontal closed door far westsouthwest
dark area near east
horizontal wall near south and southwest
horizontal wall adjacent north and northwest
northeast room corner adjacent northeast
doorway adjacent east
vertical wall adjacent southeast

cursor:
Yourself a ranger
(x=37, y=7)

map:
                                                                                
                                                                                
                                                                                
                                                                                
                                                                                
                       ----------------                                         
                       |.............@.#                                        
                       |..............|                                         
                       |..............|                                         
                       |..............                                          
                       --------+-------                                         
                                                                                
                                                                                
                                                                                
                                                                                
                                                                                
                                                                                
                                                                                
                                                                                
                                                                                
                                                                                
Agent the Tenderfoot           St:15 Dx:11 Co:14 In:13 Wi:15 Ch:7 Chaotic S:0   
Dlvl:1 $:0 HP:14(14) Pw:3(3) AC:7 Xp:1/0                                        

",0.0,False
2,east,,"message:


language observation:
horizontal closed door far westsouthwest
horizontal wall near southwest
dark area very near east
northeast room corner adjacent north
dark area adjacent northeast and southeast
vertical wall adjacent south
stairs up adjacent west
horizontal wall adjacent northwest

cursor:
Yourself a ranger
(x=38, y=7)

map:
                                                                                
                                                                                
                                                                                
                                                                                
                                                                                
                       ----------------                                         
                       |.............<@#                                        
                       |..............|                                         
                       |..............|                                         
                       |..............                                          
                       --------+-------                                         
                                                                                
                                                                                
                                                                                
                                                                                
                                                                                
                                                                                
                                                                                
                                                                                
                                                                                
                                                                                
Agent the Tenderfoot           St:15 Dx:11 Co:14 In:13 Wi:15 Ch:7 Chaotic S:0   
Dlvl:1 $:0 HP:14(14) Pw:3(3) AC:7 Xp:1/0                                        

",0.0,False
3,search,,"message:


language observation:
horizontal closed door far westsouthwest
horizontal wall near southwest
dark area very near east
northeast room corner adjacent north
dark area adjacent northeast and southeast
vertical wall adjacent south
stairs up adjacent west
horizontal wall adjacent northwest

cursor:
Yourself a ranger
(x=38, y=7)

map:
                                                                                
                                                                                
                                                                                
                                                                                
                                                                                
                       ----------------                                         
                       |.............<@#                                        
                       |..............|                                         
                       |..............|                                         
                       |..............                                          
                       --------+-------                                         
                                                                                
                                                                                
                                                                                
                                                                                
                                                                                
                                                                                
                                                                                
                                                                                
                                                                                
                                                                                
Agent the Tenderfoot           St:15 Dx:11 Co:14 In:13 Wi:15 Ch:7 Chaotic S:0   
Dlvl:1 $:0 HP:14(14) Pw:3(3) AC:7 Xp:1/0                                        

",0.0,False
4,east,,"message:


language observation:
horizontal closed door far westsouthwest
dark area very near northeast, east, and southeast
stairs up very near west
dark area adjacent north and south
vertical wall adjacent southwest
doorway adjacent west
northeast room corner adjacent northwest

cursor:
Yourself a ranger
(x=39, y=7)

map:
                                                                                
                                                                                
                                                                                
                                                                                
                                                                                
                       ---------------- #                                       
                       |.............<.@#                                       
                       |..............| #                                       
                       |..............|                                         
                       |..............                                          
                       --------+-------                                         
                                                                                
                                                                                
                                                                                
                                                                                
                                                                                
                                                                                
                                                                                
                                                                                
                                                                                
                                                                                
Agent the Tenderfoot           St:15 Dx:11 Co:14 In:13 Wi:15 Ch:7 Chaotic S:0   
Dlvl:1 $:0 HP:14(14) Pw:3(3) AC:7 Xp:1/0                                        

",0.0,False
5,west,,"message:


language observation:
horizontal closed door far westsouthwest
dark area near east
horizontal wall near southwest
northeast room corner adjacent north
dark area adjacent northeast and southeast
vertical wall adjacent south
stairs up adjacent west
horizontal wall adjacent northwest

cursor:
Yourself a ranger
(x=38, y=7)

map:
                                                                                
                                                                                
                                                                                
                                                                                
                                                                                
                       ---------------- #                                       
                       |.............<@##                                       
                       |..............| #                                       
                       |..............|                                         
                       |..............                                          
                       --------+-------                                         
                                                                                
                                                                                
                                                                                
                                                                                
                                                                                
                                                                                
                                                                                
                                                                                
                                                                                
                                                                                
Agent the Tenderfoot           St:15 Dx:11 Co:14 In:13 Wi:15 Ch:7 Chaotic S:0   
Dlvl:1 $:0 HP:14(14) Pw:3(3) AC:7 Xp:1/0                                        

",0.0,False
6,southwest,,"message:


language observation:
horizontal closed door far westsouthwest
horizontal wall near south and southwest
horizontal wall very near north and northwest
dark area very near northeast
stairs up adjacent north
doorway adjacent northeast
vertical wall adjacent east and southeast

cursor:
Yourself a ranger
(x=37, y=8)

map:
                                                                                
                                                                                
                                                                                
                                                                                
                                                                                
                       ---------------- #                                       
                       |.............<.##                                       
                       |.............@| #                                       
                       |..............|                                         
                       |..............                                          
                       --------+-------                                         
                                                                                
                                                                                
                                                                                
                                                                                
                                                                                
                                                                                
                                                                                
                                                                                
                                                                                
                                                                                
Agent the Tenderfoot           St:15 Dx:11 Co:14 In:13 Wi:15 Ch:7 Chaotic S:0   
Dlvl:1 $:0 HP:14(14) Pw:3(3) AC:7 Xp:1/0                                        

",0.0,False
7,search,,"message:


language observation:
horizontal closed door far westsouthwest
horizontal wall near south and southwest
horizontal wall very near north and northwest
dark area very near northeast
stairs up adjacent north
doorway adjacent northeast
vertical wall adjacent east and southeast

cursor:
Yourself a ranger
(x=37, y=8)

map:
                                                                                
                                                                                
                                                                                
                                                                                
                                                                                
                       ---------------- #                                       
                       |.............<.##                                       
                       |.............@| #                                       
                       |..............|                                         
                       |..............                                          
                       --------+-------                                         
                                                                                
                                                                                
                                                                                
                                                                                
                                                                                
                                                                                
                                                                                
                                                                                
                                                                                
                                                                                
Agent the Tenderfoot           St:15 Dx:11 Co:14 In:13 Wi:15 Ch:7 Chaotic S:0   
Dlvl:1 $:0 HP:14(14) Pw:3(3) AC:7 Xp:1/0                                        

",0.0,False
8,north,,"message:


language observation:
horizontal closed door far westsouthwest
dark area near east
horizontal wall near south and southwest
horizontal wall adjacent north and northwest
northeast room corner adjacent northeast
doorway adjacent east
vertical wall adjacent southeast

cursor:
Yourself a ranger
(x=37, y=7)

map:
                                                                                
                                                                                
                                                                                
                                                                                
                                                                                
                       ---------------- #                                       
                       |.............@.##                                       
                       |..............| #                                       
                       |..............|                                         
                       |..............                                          
                       --------+-------                                         
                                                                                
                                                                                
                                                                                
                                                                                
                                                                                
                                                                                
                                                                                
                                                                                
                                                                                
                                                                                
Agent the Tenderfoot           St:15 Dx:11 Co:14 In:13 Wi:15 Ch:7 Chaotic S:0   
Dlvl:1 $:0 HP:14(14) Pw:3(3) AC:7 Xp:1/0                                        

",0.0,False
9,east,,"message:


language observation:
horizontal closed door far westsouthwest
dark area near east
horizontal wall near southwest
northeast room corner adjacent north
dark area adjacent northeast and southeast
vertical wall adjacent south
stairs up adjacent west
horizontal wall adjacent northwest

cursor:
Yourself a ranger
(x=38, y=7)

map:
                                                                                
                                                                                
                                                                                
                                                                                
                                                                                
                       ---------------- #                                       
                       |.............<@##                                       
                       |..............| #                                       
                       |..............|                                         
                       |..............                                          
                       --------+-------                                         
                                                                                
                                                                                
                                                                                
                                                                                
                                                                                
                                                                                
                                                                                
                                                                                
                                                                                
                                                                                
Agent the Tenderfoot           St:15 Dx:11 Co:14 In:13 Wi:15 Ch:7 Chaotic S:0   
Dlvl:1 $:0 HP:14(14) Pw:3(3) AC:7 Xp:1/0                                        

",0.0,False
10,southwest,,"message:


language observation:
horizontal closed door far westsouthwest
horizontal wall near south and southwest
horizontal wall very near north and northwest
dark area very near northeast
stairs up adjacent north
doorway adjacent northeast
vertical wall adjacent east and southeast

cursor:
Yourself a ranger
(x=37, y=8)

map:
                                                                                
                                                                                
                                                                                
                                                                                
                                                                                
                       ---------------- #                                       
                       |.............<.##                                       
                       |.............@| #                                       
                       |..............|                                         
                       |..............                                          
                       --------+-------                                         
                                                                                
                                                                                
                                                                                
                                                                                
                                                                                
                                                                                
                                                                                
                                                                                
                                                                                
                                                                                
Agent the Tenderfoot           St:15 Dx:11 Co:14 In:13 Wi:15 Ch:7 Chaotic S:0   
Dlvl:1 $:0 HP:14(14) Pw:3(3) AC:7 Xp:1/0                                        

",0.0,False
11,search,,"message:


language observation:
horizontal closed door far westsouthwest
horizontal wall near south and southwest
horizontal wall very near north and northwest
dark area very near northeast
stairs up adjacent north
doorway adjacent northeast
vertical wall adjacent east and southeast

cursor:
Yourself a ranger
(x=37, y=8)

map:
                                                                                
                                                                                
                                                                                
                                                                                
                                                                                
                       ---------------- #                                       
                       |.............<.##                                       
                       |.............@| #                                       
                       |..............|                                         
                       |..............                                          
                       --------+-------                                         
                                                                                
                                                                                
                                                                                
                                                                                
                                                                                
                                                                                
                                                                                
                                                                                
                                                                                
                                                                                
Agent the Tenderfoot           St:15 Dx:11 Co:14 In:13 Wi:15 Ch:7 Chaotic S:0   
Dlvl:1 $:0 HP:14(14) Pw:3(3) AC:7 Xp:1/0                                        

",0.0,False
12,north,,"message:


language observation:
horizontal closed door far westsouthwest
dark area near east
horizontal wall near south and southwest
horizontal wall adjacent north and northwest
northeast room corner adjacent northeast
doorway adjacent east
vertical wall adjacent southeast

cursor:
Yourself a ranger
(x=37, y=7)

map:
                                                                                
                                                                                
                                                                                
                                                                                
                                                                                
                       ---------------- #                                       
                       |.............@.##                                       
                       |..............| #                                       
                       |..............|                                         
                       |..............                                          
                       --------+-------                                         
                                                                                
                                                                                
                                                                                
                                                                                
                                                                                
                                                                                
                                                                                
                                                                                
                                                                                
                                                                                
Agent the Tenderfoot           St:15 Dx:11 Co:14 In:13 Wi:15 Ch:7 Chaotic S:0   
Dlvl:1 $:0 HP:14(14) Pw:3(3) AC:7 Xp:1/0                                        

",0.0,False
13,east,,"message:


language observation:
horizontal closed door far westsouthwest
dark area near east
horizontal wall near southwest
northeast room corner adjacent north
dark area adjacent northeast and southeast
vertical wall adjacent south
stairs up adjacent west
horizontal wall adjacent northwest

cursor:
Yourself a ranger
(x=38, y=7)

map:
                                                                                
                                                                                
                                                                                
                                                                                
                                                                                
                       ---------------- #                                       
                       |.............<@##                                       
                       |..............| #                                       
                       |..............|                                         
                       |..............                                          
                       --------+-------                                         
                                                                                
                                                                                
                                                                                
                                                                                
                                                                                
                                                                                
                                                                                
                                                                                
                                                                                
                                                                                
Agent the Tenderfoot           St:15 Dx:11 Co:14 In:13 Wi:15 Ch:7 Chaotic S:0   
Dlvl:1 $:0 HP:14(14) Pw:3(3) AC:7 Xp:1/0                                        

",0.0,False
14,northwest,,"message:
It's a wall.

language observation:
horizontal closed door far westsouthwest
dark area near east
horizontal wall near southwest
northeast room corner adjacent north
dark area adjacent northeast and southeast
vertical wall adjacent south
stairs up adjacent west
horizontal wall adjacent northwest

cursor:
Yourself a ranger
(x=38, y=7)

map:
                                                                                
                                                                                
                                                                                
                                                                                
                                                                                
                       ---------------- #                                       
                       |.............<@##                                       
                       |..............| #                                       
                       |..............|                                         
                       |..............                                          
                       --------+-------                                         
                                                                                
                                                                                
                                                                                
                                                                                
                                                                                
                                                                                
                                                                                
                                                                                
                                                                                
                                                                                
Agent the Tenderfoot           St:15 Dx:11 Co:14 In:13 Wi:15 Ch:7 Chaotic S:0   
Dlvl:1 $:0 HP:14(14) Pw:3(3) AC:7 Xp:1/0                                        

",0.0,False
15,southwest,,"message:


language observation:
horizontal closed door far westsouthwest
horizontal wall near south and southwest
horizontal wall very near north and northwest
dark area very near northeast
stairs up adjacent north
doorway adjacent northeast
vertical wall adjacent east and southeast

cursor:
Yourself a ranger
(x=37, y=8)

map:
                                                                                
                                                                                
                                                                                
                                                                                
                                                                                
                       ---------------- #                                       
                       |.............<.##                                       
                       |.............@| #                                       
                       |..............|                                         
                       |..............                                          
                       --------+-------                                         
                                                                                
                                                                                
                                                                                
                                                                                
                                                                                
                                                                                
                                                                                
                                                                                
                                                                                
                                                                                
Agent the Tenderfoot           St:15 Dx:11 Co:14 In:13 Wi:15 Ch:7 Chaotic S:0   
Dlvl:1 $:0 HP:14(14) Pw:3(3) AC:7 Xp:1/0                                        

",0.0,False
16,south,,"message:


language observation:
horizontal closed door far westsouthwest
horizontal wall near north and northwest
stairs up very near north
dark area very near southeast
horizontal wall very near south and southwest
vertical wall adjacent northeast and east
doorway adjacent southeast

cursor:
Yourself a ranger
(x=37, y=9)

map:
                                                                                
                                                                                
                                                                                
                                                                                
                                                                                
                       ---------------- #                                       
                       |.............<.##                                       
                       |..............| #                                       
                       |.............@|                                         
                       |...............                                         
                       --------+-------                                         
                                                                                
                                                                                
                                                                                
                                                                                
                                                                                
                                                                                
                                                                                
                                                                                
                                                                                
                                                                                
Agent the Tenderfoot           St:15 Dx:11 Co:14 In:13 Wi:15 Ch:7 Chaotic S:0   
Dlvl:1 $:0 HP:14(14) Pw:3(3) AC:7 Xp:1/0                                        

",0.0,False
17,search,,"message:


language observation:
horizontal closed door far westsouthwest
horizontal wall near north and northwest
stairs up very near north
dark area very near southeast
horizontal wall very near south and southwest
vertical wall adjacent northeast and east
doorway adjacent southeast

cursor:
Yourself a ranger
(x=37, y=9)

map:
                                                                                
                                                                                
                                                                                
                                                                                
                                                                                
                       ---------------- #                                       
                       |.............<.##                                       
                       |..............| #                                       
                       |.............@|                                         
                       |...............                                         
                       --------+-------                                         
                                                                                
                                                                                
                                                                                
                                                                                
                                                                                
                                                                                
                                                                                
                                                                                
                                                                                
                                                                                
Agent the Tenderfoot           St:15 Dx:11 Co:14 In:13 Wi:15 Ch:7 Chaotic S:0   
Dlvl:1 $:0 HP:14(14) Pw:3(3) AC:7 Xp:1/0                                        

",0.0,False
18,north,,"message:


language observation:
horizontal closed door far westsouthwest
horizontal wall near south and southwest
horizontal wall very near north and northwest
dark area very near northeast
stairs up adjacent north
doorway adjacent northeast
vertical wall adjacent east and southeast

cursor:
Yourself a ranger
(x=37, y=8)

map:
                                                                                
                                                                                
                                                                                
                                                                                
                                                                                
                       ---------------- #                                       
                       |.............<.##                                       
                       |.............@| #                                       
                       |..............|                                         
                       |...............                                         
                       --------+-------                                         
                                                                                
                                                                                
                                                                                
                                                                                
                                                                                
                                                                                
                                                                                
                                                                                
                                                                                
                                                                                
Agent the Tenderfoot           St:15 Dx:11 Co:14 In:13 Wi:15 Ch:7 Chaotic S:0   
Dlvl:1 $:0 HP:14(14) Pw:3(3) AC:7 Xp:1/0                                        

",0.0,False
19,north,,"message:


language observation:
horizontal closed door far westsouthwest
dark area near east
horizontal wall near south and southwest
horizontal wall adjacent north and northwest
northeast room corner adjacent northeast
doorway adjacent east
vertical wall adjacent southeast

cursor:
Yourself a ranger
(x=37, y=7)

map:
                                                                                
                                                                                
                                                                                
                                                                                
                                                                                
                       ---------------- #                                       
                       |.............@.##                                       
                       |..............| #                                       
                       |..............|                                         
                       |...............                                         
                       --------+-------                                         
                                                                                
                                                                                
                                                                                
                                                                                
                                                                                
                                                                                
                                                                                
                                                                                
                                                                                
                                                                                
Agent the Tenderfoot           St:15 Dx:11 Co:14 In:13 Wi:15 Ch:7 Chaotic S:0   
Dlvl:1 $:0 HP:14(14) Pw:3(3) AC:7 Xp:1/0                                        

",0.0,False
20,east,,"message:


language observation:
horizontal closed door far westsouthwest
dark area near east
horizontal wall near southwest
northeast room corner adjacent north
dark area adjacent northeast and southeast
vertical wall adjacent south
stairs up adjacent west
horizontal wall adjacent northwest

cursor:
Yourself a ranger
(x=38, y=7)

map:
                                                                                
                                                                                
                                                                                
                                                                                
                                                                                
                       ---------------- #                                       
                       |.............<@##                                       
                       |..............| #                                       
                       |..............|                                         
                       |...............                                         
                       --------+-------                                         
                                                                                
                                                                                
                                                                                
                                                                                
                                                                                
                                                                                
                                                                                
                                                                                
                                                                                
                                                                                
Agent the Tenderfoot           St:15 Dx:11 Co:14 In:13 Wi:15 Ch:7 Chaotic S:0   
Dlvl:1 $:0 HP:14(14) Pw:3(3) AC:7 Xp:1/0                                        

",0.0,False
21,northwest,,"message:
It's a wall.

language observation:
horizontal closed door far westsouthwest
dark area near east
horizontal wall near southwest
northeast room corner adjacent north
dark area adjacent northeast and southeast
vertical wall adjacent south
stairs up adjacent west
horizontal wall adjacent northwest

cursor:
Yourself a ranger
(x=38, y=7)

map:
                                                                                
                                                                                
                                                                                
                                                                                
                                                                                
                       ---------------- #                                       
                       |.............<@##                                       
                       |..............| #                                       
                       |..............|                                         
                       |...............                                         
                       --------+-------                                         
                                                                                
                                                                                
                                                                                
                                                                                
                                                                                
                                                                                
                                                                                
                                                                                
                                                                                
                                                                                
Agent the Tenderfoot           St:15 Dx:11 Co:14 In:13 Wi:15 Ch:7 Chaotic S:0   
Dlvl:1 $:0 HP:14(14) Pw:3(3) AC:7 Xp:1/0                                        

",0.0,False
22,north,,"message:
It's a wall.

language observation:
horizontal closed door far westsouthwest
dark area near east
horizontal wall near southwest
northeast room corner adjacent north
dark area adjacent northeast and southeast
vertical wall adjacent south
stairs up adjacent west
horizontal wall adjacent northwest

cursor:
Yourself a ranger
(x=38, y=7)

map:
                                                                                
                                                                                
                                                                                
                                                                                
                                                                                
                       ---------------- #                                       
                       |.............<@##                                       
                       |..............| #                                       
                       |..............|                                         
                       |...............                                         
                       --------+-------                                         
                                                                                
                                                                                
                                                                                
                                                                                
                                                                                
                                                                                
                                                                                
                                                                                
                                                                                
                                                                                
Agent the Tenderfoot           St:15 Dx:11 Co:14 In:13 Wi:15 Ch:7 Chaotic S:0   
Dlvl:1 $:0 HP:14(14) Pw:3(3) AC:7 Xp:1/0                                        

",0.0,False
23,east,,"message:


language observation:
horizontal closed door far westsouthwest
dark area very near northeast, east, and southeast
stairs up very near west
dark area adjacent north and south
vertical wall adjacent southwest
doorway adjacent west
northeast room corner adjacent northwest

cursor:
Yourself a ranger
(x=39, y=7)

map:
                                                                                
                                                                                
                                                                                
                                                                                
                                                                                
                       ---------------- #                                       
                       |.............<.@#                                       
                       |..............| #                                       
                       |..............|                                         
                       |...............                                         
                       --------+-------                                         
                                                                                
                                                                                
                                                                                
                                                                                
                                                                                
                                                                                
                                                                                
                                                                                
                                                                                
                                                                                
Agent the Tenderfoot           St:15 Dx:11 Co:14 In:13 Wi:15 Ch:7 Chaotic S:0   
Dlvl:1 $:0 HP:14(14) Pw:3(3) AC:7 Xp:1/0                                        

",0.0,False
24,east,"The goal is to reach the stairs down, which are currently located up and to the west of my current position. To achieve this, I will attempt to navigate around the horizontal closed doors and walls to reach the stairs up. Once I reach the stairs up, I can backtrack and try to find a path down to the stairs down. In order to do this, I will take actions that allow me to move in the general direction of the stairs up, while avoiding obstacles such as walls and closed doors.","message:


language observation:
horizontal closed door far westsouthwest
stairs up near west
dark area very near north, northeast, southeast, and south
doorway very near west
dark area adjacent east, southwest, and northwest

cursor:
Yourself a ranger
(x=40, y=7)

map:
                                                                                
                                                                                
                                                                                
                                                                                
                                                                                
                       ---------------- ##                                      
                       |.............<.#@                                       
                       |..............| ##                                      
                       |..............|                                         
                       |...............                                         
                       --------+-------                                         
                                                                                
                                                                                
                                                                                
                                                                                
                                                                                
                                                                                
                                                                                
                                                                                
                                                                                
                                                                                
Agent the Tenderfoot           St:15 Dx:11 Co:14 In:13 Wi:15 Ch:7 Chaotic S:0   
Dlvl:1 $:0 HP:14(14) Pw:3(3) AC:7 Xp:1/0                                        

",0.0,False
25,southwest,,"message:
It's solid stone.

language observation:
horizontal closed door far westsouthwest
stairs up near west
dark area very near north, northeast, southeast, and south
doorway very near west
dark area adjacent east, southwest, and northwest

cursor:
Yourself a ranger
(x=40, y=7)

map:
                                                                                
                                                                                
                                                                                
                                                                                
                                                                                
                       ---------------- ##                                      
                       |.............<.#@                                       
                       |..............| ##                                      
                       |..............|                                         
                       |...............                                         
                       --------+-------                                         
                                                                                
                                                                                
                                                                                
                                                                                
                                                                                
                                                                                
                                                                                
                                                                                
                                                                                
                                                                                
Agent the Tenderfoot           St:15 Dx:11 Co:14 In:13 Wi:15 Ch:7 Chaotic S:0   
Dlvl:1 $:0 HP:14(14) Pw:3(3) AC:7 Xp:1/0                                        

",0.0,False
26,west,,"message:


language observation:
horizontal closed door far westsouthwest
dark area very near northeast, east, and southeast
stairs up very near west
dark area adjacent north and south
vertical wall adjacent southwest
doorway adjacent west
northeast room corner adjacent northwest

cursor:
Yourself a ranger
(x=39, y=7)

map:
                                                                                
                                                                                
                                                                                
                                                                                
                                                                                
                       ---------------- ##                                      
                       |.............<.@#                                       
                       |..............| ##                                      
                       |..............|                                         
                       |...............                                         
                       --------+-------                                         
                                                                                
                                                                                
                                                                                
                                                                                
                                                                                
                                                                                
                                                                                
                                                                                
                                                                                
                                                                                
Agent the Tenderfoot           St:15 Dx:11 Co:14 In:13 Wi:15 Ch:7 Chaotic S:0   
Dlvl:1 $:0 HP:14(14) Pw:3(3) AC:7 Xp:1/0                                        

",0.0,False
27,north,,"message:
It's solid stone.

language observation:
horizontal closed door far westsouthwest
dark area very near northeast, east, and southeast
stairs up very near west
dark area adjacent north and south
vertical wall adjacent southwest
doorway adjacent west
northeast room corner adjacent northwest

cursor:
Yourself a ranger
(x=39, y=7)

map:
                                                                                
                                                                                
                                                                                
                                                                                
                                                                                
                       ---------------- ##                                      
                       |.............<.@#                                       
                       |..............| ##                                      
                       |..............|                                         
                       |...............                                         
                       --------+-------                                         
                                                                                
                                                                                
                                                                                
                                                                                
                                                                                
                                                                                
                                                                                
                                                                                
                                                                                
                                                                                
Agent the Tenderfoot           St:15 Dx:11 Co:14 In:13 Wi:15 Ch:7 Chaotic S:0   
Dlvl:1 $:0 HP:14(14) Pw:3(3) AC:7 Xp:1/0                                        

",0.0,False
28,northwest,,"message:
It's a wall.

language observation:
horizontal closed door far westsouthwest
dark area very near northeast, east, and southeast
stairs up very near west
dark area adjacent north and south
vertical wall adjacent southwest
doorway adjacent west
northeast room corner adjacent northwest

cursor:
Yourself a ranger
(x=39, y=7)

map:
                                                                                
                                                                                
                                                                                
                                                                                
                                                                                
                       ---------------- ##                                      
                       |.............<.@#                                       
                       |..............| ##                                      
                       |..............|                                         
                       |...............                                         
                       --------+-------                                         
                                                                                
                                                                                
                                                                                
                                                                                
                                                                                
                                                                                
                                                                                
                                                                                
                                                                                
                                                                                
Agent the Tenderfoot           St:15 Dx:11 Co:14 In:13 Wi:15 Ch:7 Chaotic S:0   
Dlvl:1 $:0 HP:14(14) Pw:3(3) AC:7 Xp:1/0                                        

",0.0,False
29,west,,"message:


language observation:
horizontal closed door far westsouthwest
dark area near east
horizontal wall near southwest
northeast room corner adjacent north
dark area adjacent northeast and southeast
vertical wall adjacent south
stairs up adjacent west
horizontal wall adjacent northwest

cursor:
Yourself a ranger
(x=38, y=7)

map:
                                                                                
                                                                                
                                                                                
                                                                                
                                                                                
                       ---------------- ##                                      
                       |.............<@##                                       
                       |..............| ##                                      
                       |..............|                                         
                       |...............                                         
                       --------+-------                                         
                                                                                
                                                                                
                                                                                
                                                                                
                                                                                
                                                                                
                                                                                
                                                                                
                                                                                
                                                                                
Agent the Tenderfoot           St:15 Dx:11 Co:14 In:13 Wi:15 Ch:7 Chaotic S:0   
Dlvl:1 $:0 HP:14(14) Pw:3(3) AC:7 Xp:1/0                                        

",0.0,False
30,search,,"message:


language observation:
horizontal closed door far westsouthwest
dark area near east
horizontal wall near southwest
northeast room corner adjacent north
dark area adjacent northeast and southeast
vertical wall adjacent south
stairs up adjacent west
horizontal wall adjacent northwest

cursor:
Yourself a ranger
(x=38, y=7)

map:
                                                                                
                                                                                
                                                                                
                                                                                
                                                                                
                       ---------------- ##                                      
                       |.............<@##                                       
                       |..............| ##                                      
                       |..............|                                         
                       |...............                                         
                       --------+-------                                         
                                                                                
                                                                                
                                                                                
                                                                                
                                                                                
                                                                                
                                                                                
                                                                                
                                                                                
                                                                                
Agent the Tenderfoot           St:15 Dx:11 Co:14 In:13 Wi:15 Ch:7 Chaotic S:0   
Dlvl:1 $:0 HP:14(14) Pw:3(3) AC:7 Xp:1/0                                        

",0.0,False
31,east,,"message:


language observation:
horizontal closed door far westsouthwest
dark area very near northeast, east, and southeast
stairs up very near west
dark area adjacent north and south
vertical wall adjacent southwest
doorway adjacent west
northeast room corner adjacent northwest

cursor:
Yourself a ranger
(x=39, y=7)

map:
                                                                                
                                                                                
                                                                                
                                                                                
                                                                                
                       ---------------- ##                                      
                       |.............<.@#                                       
                       |..............| ##                                      
                       |..............|                                         
                       |...............                                         
                       --------+-------                                         
                                                                                
                                                                                
                                                                                
                                                                                
                                                                                
                                                                                
                                                                                
                                                                                
                                                                                
                                                                                
Agent the Tenderfoot           St:15 Dx:11 Co:14 In:13 Wi:15 Ch:7 Chaotic S:0   
Dlvl:1 $:0 HP:14(14) Pw:3(3) AC:7 Xp:1/0                                        

",0.0,False
32,west,,"message:


language observation:
horizontal closed door far westsouthwest
dark area near east
horizontal wall near southwest
northeast room corner adjacent north
dark area adjacent northeast and southeast
vertical wall adjacent south
stairs up adjacent west
horizontal wall adjacent northwest

cursor:
Yourself a ranger
(x=38, y=7)

map:
                                                                                
                                                                                
                                                                                
                                                                                
                                                                                
                       ---------------- ##                                      
                       |.............<@##                                       
                       |..............| ##                                      
                       |..............|                                         
                       |...............                                         
                       --------+-------                                         
                                                                                
                                                                                
                                                                                
                                                                                
                                                                                
                                                                                
                                                                                
                                                                                
                                                                                
                                                                                
Agent the Tenderfoot           St:15 Dx:11 Co:14 In:13 Wi:15 Ch:7 Chaotic S:0   
Dlvl:1 $:0 HP:14(14) Pw:3(3) AC:7 Xp:1/0                                        

",0.0,False
33,north,,"message:
It's a wall.

language observation:
horizontal closed door far westsouthwest
dark area near east
horizontal wall near southwest
northeast room corner adjacent north
dark area adjacent northeast and southeast
vertical wall adjacent south
stairs up adjacent west
horizontal wall adjacent northwest

cursor:
Yourself a ranger
(x=38, y=7)

map:
                                                                                
                                                                                
                                                                                
                                                                                
                                                                                
                       ---------------- ##                                      
                       |.............<@##                                       
                       |..............| ##                                      
                       |..............|                                         
                       |...............                                         
                       --------+-------                                         
                                                                                
                                                                                
                                                                                
                                                                                
                                                                                
                                                                                
                                                                                
                                                                                
                                                                                
                                                                                
Agent the Tenderfoot           St:15 Dx:11 Co:14 In:13 Wi:15 Ch:7 Chaotic S:0   
Dlvl:1 $:0 HP:14(14) Pw:3(3) AC:7 Xp:1/0                                        

",0.0,False
34,southwest,,"message:


language observation:
horizontal closed door far westsouthwest
horizontal wall near south and southwest
horizontal wall very near north and northwest
dark area very near northeast
stairs up adjacent north
doorway adjacent northeast
vertical wall adjacent east and southeast

cursor:
Yourself a ranger
(x=37, y=8)

map:
                                                                                
                                                                                
                                                                                
                                                                                
                                                                                
                       ---------------- ##                                      
                       |.............<.##                                       
                       |.............@| ##                                      
                       |..............|                                         
                       |...............                                         
                       --------+-------                                         
                                                                                
                                                                                
                                                                                
                                                                                
                                                                                
                                                                                
                                                                                
                                                                                
                                                                                
                                                                                
Agent the Tenderfoot           St:15 Dx:11 Co:14 In:13 Wi:15 Ch:7 Chaotic S:0   
Dlvl:1 $:0 HP:14(14) Pw:3(3) AC:7 Xp:1/0                                        

",0.0,False
35,north,,"message:


language observation:
horizontal closed door far westsouthwest
dark area near east
horizontal wall near south and southwest
horizontal wall adjacent north and northwest
northeast room corner adjacent northeast
doorway adjacent east
vertical wall adjacent southeast

cursor:
Yourself a ranger
(x=37, y=7)

map:
                                                                                
                                                                                
                                                                                
                                                                                
                                                                                
                       ---------------- ##                                      
                       |.............@.##                                       
                       |..............| ##                                      
                       |..............|                                         
                       |...............                                         
                       --------+-------                                         
                                                                                
                                                                                
                                                                                
                                                                                
                                                                                
                                                                                
                                                                                
                                                                                
                                                                                
                                                                                
Agent the Tenderfoot           St:15 Dx:11 Co:14 In:13 Wi:15 Ch:7 Chaotic S:0   
Dlvl:1 $:0 HP:14(14) Pw:3(3) AC:7 Xp:1/0                                        

",0.0,False
36,north,,"message:
It's a wall.

language observation:
horizontal closed door far westsouthwest
dark area near east
horizontal wall near south and southwest
horizontal wall adjacent north and northwest
northeast room corner adjacent northeast
doorway adjacent east
vertical wall adjacent southeast

cursor:
Yourself a ranger
(x=37, y=7)

map:
                                                                                
                                                                                
                                                                                
                                                                                
                                                                                
                       ---------------- ##                                      
                       |.............@.##                                       
                       |..............| ##                                      
                       |..............|                                         
                       |...............                                         
                       --------+-------                                         
                                                                                
                                                                                
                                                                                
                                                                                
                                                                                
                                                                                
                                                                                
                                                                                
                                                                                
                                                                                
Agent the Tenderfoot           St:15 Dx:11 Co:14 In:13 Wi:15 Ch:7 Chaotic S:0   
Dlvl:1 $:0 HP:14(14) Pw:3(3) AC:7 Xp:1/0                                        

",0.0,False
37,open,,"message:
In what direction?

language observation:
horizontal closed door far westsouthwest
dark area near east
horizontal wall near south and southwest
horizontal wall adjacent north and northwest
northeast room corner adjacent northeast
doorway adjacent east
vertical wall adjacent southeast

cursor:

(x=19, y=0)

map:
                                                                                
                                                                                
                                                                                
                                                                                
                                                                                
                       ---------------- ##                                      
                       |.............@.##                                       
                       |..............| ##                                      
                       |..............|                                         
                       |...............                                         
                       --------+-------                                         
                                                                                
                                                                                
                                                                                
                                                                                
                                                                                
                                                                                
                                                                                
                                                                                
                                                                                
                                                                                
Agent the Tenderfoot           St:15 Dx:11 Co:14 In:13 Wi:15 Ch:7 Chaotic S:0   
Dlvl:1 $:0 HP:14(14) Pw:3(3) AC:7 Xp:1/0                                        

",0.0,False
38,east,,"message:
This doorway has no door.

language observation:
horizontal closed door far westsouthwest
dark area near east
horizontal wall near south and southwest
horizontal wall adjacent north and northwest
northeast room corner adjacent northeast
doorway adjacent east
vertical wall adjacent southeast

cursor:
Yourself a ranger
(x=37, y=7)

map:
                                                                                
                                                                                
                                                                                
                                                                                
                                                                                
                       ---------------- ##                                      
                       |.............@.##                                       
                       |..............| ##                                      
                       |..............|                                         
                       |...............                                         
                       --------+-------                                         
                                                                                
                                                                                
                                                                                
                                                                                
                                                                                
                                                                                
                                                                                
                                                                                
                                                                                
                                                                                
Agent the Tenderfoot           St:15 Dx:11 Co:14 In:13 Wi:15 Ch:7 Chaotic S:0   
Dlvl:1 $:0 HP:14(14) Pw:3(3) AC:7 Xp:1/0                                        

",0.0,False
39,north,,"message:
It's a wall.

language observation:
horizontal closed door far westsouthwest
dark area near east
horizontal wall near south and southwest
horizontal wall adjacent north and northwest
northeast room corner adjacent northeast
doorway adjacent east
vertical wall adjacent southeast

cursor:
Yourself a ranger
(x=37, y=7)

map:
                                                                                
                                                                                
                                                                                
                                                                                
                                                                                
                       ---------------- ##                                      
                       |.............@.##                                       
                       |..............| ##                                      
                       |..............|                                         
                       |...............                                         
                       --------+-------                                         
                                                                                
                                                                                
                                                                                
                                                                                
                                                                                
                                                                                
                                                                                
                                                                                
                                                                                
                                                                                
Agent the Tenderfoot           St:15 Dx:11 Co:14 In:13 Wi:15 Ch:7 Chaotic S:0   
Dlvl:1 $:0 HP:14(14) Pw:3(3) AC:7 Xp:1/0                                        

",0.0,False
40,search,,"message:


language observation:
horizontal closed door far westsouthwest
dark area near east
horizontal wall near south and southwest
horizontal wall adjacent north and northwest
northeast room corner adjacent northeast
doorway adjacent east
vertical wall adjacent southeast

cursor:
Yourself a ranger
(x=37, y=7)

map:
                                                                                
                                                                                
                                                                                
                                                                                
                                                                                
                       ---------------- ##                                      
                       |.............@.##                                       
                       |..............| ##                                      
                       |..............|                                         
                       |...............                                         
                       --------+-------                                         
                                                                                
                                                                                
                                                                                
                                                                                
                                                                                
                                                                                
                                                                                
                                                                                
                                                                                
                                                                                
Agent the Tenderfoot           St:15 Dx:11 Co:14 In:13 Wi:15 Ch:7 Chaotic S:0   
Dlvl:1 $:0 HP:14(14) Pw:3(3) AC:7 Xp:1/0                                        

",0.0,False
41,east,,"message:


language observation:
horizontal closed door far westsouthwest
dark area near east
horizontal wall near southwest
northeast room corner adjacent north
dark area adjacent northeast and southeast
vertical wall adjacent south
stairs up adjacent west
horizontal wall adjacent northwest

cursor:
Yourself a ranger
(x=38, y=7)

map:
                                                                                
                                                                                
                                                                                
                                                                                
                                                                                
                       ---------------- ##                                      
                       |.............<@##                                       
                       |..............| ##                                      
                       |..............|                                         
                       |...............                                         
                       --------+-------                                         
                                                                                
                                                                                
                                                                                
                                                                                
                                                                                
                                                                                
                                                                                
                                                                                
                                                                                
                                                                                
Agent the Tenderfoot           St:15 Dx:11 Co:14 In:13 Wi:15 Ch:7 Chaotic S:0   
Dlvl:1 $:0 HP:14(14) Pw:3(3) AC:7 Xp:1/0                                        

",0.0,False
42,southwest,,"message:


language observation:
horizontal closed door far westsouthwest
horizontal wall near south and southwest
horizontal wall very near north and northwest
dark area very near northeast
stairs up adjacent north
doorway adjacent northeast
vertical wall adjacent east and southeast

cursor:
Yourself a ranger
(x=37, y=8)

map:
                                                                                
                                                                                
                                                                                
                                                                                
                                                                                
                       ---------------- ##                                      
                       |.............<.##                                       
                       |.............@| ##                                      
                       |..............|                                         
                       |...............                                         
                       --------+-------                                         
                                                                                
                                                                                
                                                                                
                                                                                
                                                                                
                                                                                
                                                                                
                                                                                
                                                                                
                                                                                
Agent the Tenderfoot           St:15 Dx:11 Co:14 In:13 Wi:15 Ch:7 Chaotic S:0   
Dlvl:1 $:0 HP:14(14) Pw:3(3) AC:7 Xp:1/0                                        

",0.0,False
43,north,,"message:


language observation:
horizontal closed door far westsouthwest
dark area near east
horizontal wall near south and southwest
horizontal wall adjacent north and northwest
northeast room corner adjacent northeast
doorway adjacent east
vertical wall adjacent southeast

cursor:
Yourself a ranger
(x=37, y=7)

map:
                                                                                
                                                                                
                                                                                
                                                                                
                                                                                
                       ---------------- ##                                      
                       |.............@.##                                       
                       |..............| ##                                      
                       |..............|                                         
                       |...............                                         
                       --------+-------                                         
                                                                                
                                                                                
                                                                                
                                                                                
                                                                                
                                                                                
                                                                                
                                                                                
                                                                                
                                                                                
Agent the Tenderfoot           St:15 Dx:11 Co:14 In:13 Wi:15 Ch:7 Chaotic S:0   
Dlvl:1 $:0 HP:14(14) Pw:3(3) AC:7 Xp:1/0                                        

",0.0,False
44,east,,"message:


language observation:
horizontal closed door far westsouthwest
dark area near east
horizontal wall near southwest
northeast room corner adjacent north
dark area adjacent northeast and southeast
vertical wall adjacent south
stairs up adjacent west
horizontal wall adjacent northwest

cursor:
Yourself a ranger
(x=38, y=7)

map:
                                                                                
                                                                                
                                                                                
                                                                                
                                                                                
                       ---------------- ##                                      
                       |.............<@##                                       
                       |..............| ##                                      
                       |..............|                                         
                       |...............                                         
                       --------+-------                                         
                                                                                
                                                                                
                                                                                
                                                                                
                                                                                
                                                                                
                                                                                
                                                                                
                                                                                
                                                                                
Agent the Tenderfoot           St:15 Dx:11 Co:14 In:13 Wi:15 Ch:7 Chaotic S:0   
Dlvl:1 $:0 HP:14(14) Pw:3(3) AC:7 Xp:1/0                                        

",0.0,False
45,northwest,,"message:
It's a wall.

language observation:
horizontal closed door far westsouthwest
dark area near east
horizontal wall near southwest
northeast room corner adjacent north
dark area adjacent northeast and southeast
vertical wall adjacent south
stairs up adjacent west
horizontal wall adjacent northwest

cursor:
Yourself a ranger
(x=38, y=7)

map:
                                                                                
                                                                                
                                                                                
                                                                                
                                                                                
                       ---------------- ##                                      
                       |.............<@##                                       
                       |..............| ##                                      
                       |..............|                                         
                       |...............                                         
                       --------+-------                                         
                                                                                
                                                                                
                                                                                
                                                                                
                                                                                
                                                                                
                                                                                
                                                                                
                                                                                
                                                                                
Agent the Tenderfoot           St:15 Dx:11 Co:14 In:13 Wi:15 Ch:7 Chaotic S:0   
Dlvl:1 $:0 HP:14(14) Pw:3(3) AC:7 Xp:1/0                                        

",0.0,False
46,search,,"message:


language observation:
horizontal closed door far westsouthwest
dark area near east
horizontal wall near southwest
northeast room corner adjacent north
dark area adjacent northeast and southeast
vertical wall adjacent south
stairs up adjacent west
horizontal wall adjacent northwest

cursor:
Yourself a ranger
(x=38, y=7)

map:
                                                                                
                                                                                
                                                                                
                                                                                
                                                                                
                       ---------------- ##                                      
                       |.............<@##                                       
                       |..............| ##                                      
                       |..............|                                         
                       |...............                                         
                       --------+-------                                         
                                                                                
                                                                                
                                                                                
                                                                                
                                                                                
                                                                                
                                                                                
                                                                                
                                                                                
                                                                                
Agent the Tenderfoot           St:15 Dx:11 Co:14 In:13 Wi:15 Ch:7 Chaotic S:0   
Dlvl:1 $:0 HP:14(14) Pw:3(3) AC:7 Xp:1/0                                        

",0.0,False
47,west,,"message:


language observation:
horizontal closed door far westsouthwest
dark area near east
horizontal wall near south and southwest
horizontal wall adjacent north and northwest
northeast room corner adjacent northeast
doorway adjacent east
vertical wall adjacent southeast

cursor:
Yourself a ranger
(x=37, y=7)

map:
                                                                                
                                                                                
                                                                                
                                                                                
                                                                                
                       ---------------- ##                                      
                       |.............@.##                                       
                       |..............| ##                                      
                       |..............|                                         
                       |...............                                         
                       --------+-------                                         
                                                                                
                                                                                
                                                                                
                                                                                
                                                                                
                                                                                
                                                                                
                                                                                
                                                                                
                                                                                
Agent the Tenderfoot           St:15 Dx:11 Co:14 In:13 Wi:15 Ch:7 Chaotic S:0   
Dlvl:1 $:0 HP:14(14) Pw:3(3) AC:7 Xp:1/0                                        

",0.0,False
48,east,"Based on previous observations, the goal is to reach the stairs down. To achieve this, we need to explore the level and find the stairs. The current layout suggests that there is a closed door far westsouthwest that we haven't investigated. Given the layout, it's likely that this door will lead us closer to the stairs. We can try searching the area to see if we can find any hidden doors or passages. If that doesn't work, we can try moving in the southwest direction to see if we can find a way around the wall. From there, we can try to find the stairs by moving west and then down.","message:


language observation:
horizontal closed door far westsouthwest
dark area near east
horizontal wall near southwest
northeast room corner adjacent north
dark area adjacent northeast and southeast
vertical wall adjacent south
stairs up adjacent west
horizontal wall adjacent northwest

cursor:
Yourself a ranger
(x=38, y=7)

map:
                                                                                
                                                                                
                                                                                
                                                                                
                                                                                
                       ---------------- ##                                      
                       |.............<@##                                       
                       |..............| ##                                      
                       |..............|                                         
                       |...............                                         
                       --------+-------                                         
                                                                                
                                                                                
                                                                                
                                                                                
                                                                                
                                                                                
                                                                                
                                                                                
                                                                                
                                                                                
Agent the Tenderfoot           St:15 Dx:11 Co:14 In:13 Wi:15 Ch:7 Chaotic S:0   
Dlvl:1 $:0 HP:14(14) Pw:3(3) AC:7 Xp:1/0                                        

",0.0,False
49,southwest,,"message:


language observation:
horizontal closed door far westsouthwest
horizontal wall near south and southwest
horizontal wall very near north and northwest
dark area very near northeast
stairs up adjacent north
doorway adjacent northeast
vertical wall adjacent east and southeast

cursor:
Yourself a ranger
(x=37, y=8)

map:
                                                                                
                                                                                
                                                                                
                                                                                
                                                                                
                       ---------------- ##                                      
                       |.............<.##                                       
                       |.............@| ##                                      
                       |..............|                                         
                       |...............                                         
                       --------+-------                                         
                                                                                
                                                                                
                                                                                
                                                                                
                                                                                
                                                                                
                                                                                
                                                                                
                                                                                
                                                                                
Agent the Tenderfoot           St:15 Dx:11 Co:14 In:13 Wi:15 Ch:7 Chaotic S:0   
Dlvl:1 $:0 HP:14(14) Pw:3(3) AC:7 Xp:1/0                                        

",0.0,False
50,southwest,,"message:


language observation:
horizontal wall near north and northwest
dark area near northeast
horizontal closed door near westsouthwest
stairs up very near northnortheast
doorway very near northeast
vertical wall very near east
southeast corner very near southeast
horizontal wall very near south and southwest

cursor:
Yourself a ranger
(x=36, y=9)

map:
                                                                                
                                                                                
                                                                                
                                                                                
                                                                                
                       ---------------- ##                                      
                       |.............<.##                                       
                       |..............| ##                                      
                       |............@.|                                         
                       |...............                                         
                       --------+-------                                         
                                                                                
                                                                                
                                                                                
                                                                                
                                                                                
                                                                                
                                                                                
                                                                                
                                                                                
                                                                                
Agent the Tenderfoot           St:15 Dx:11 Co:14 In:13 Wi:15 Ch:7 Chaotic S:0   
Dlvl:1 $:0 HP:14(14) Pw:3(3) AC:7 Xp:1/0                                        

",0.0,False
51,north,,"message:


language observation:
dark area near southeast
horizontal wall near south and southwest
horizontal closed door near westsouthwest
horizontal wall very near north and northwest
northeast room corner very near northeast
vertical wall very near east
doorway very near southeast
stairs up adjacent northeast

cursor:
Yourself a ranger
(x=36, y=8)

map:
                                                                                
                                                                                
                                                                                
                                                                                
                                                                                
                       ---------------- ##                                      
                       |.............<.##                                       
                       |............@.| ##                                      
                       |..............|                                         
                       |...............                                         
                       --------+-------                                         
                                                                                
                                                                                
                                                                                
                                                                                
                                                                                
                                                                                
                                                                                
                                                                                
                                                                                
                                                                                
Agent the Tenderfoot           St:15 Dx:11 Co:14 In:13 Wi:15 Ch:7 Chaotic S:0   
Dlvl:1 $:0 HP:14(14) Pw:3(3) AC:7 Xp:1/0                                        

",0.0,False
52,east,,"message:


language observation:
horizontal closed door far westsouthwest
horizontal wall near south and southwest
horizontal wall very near north and northwest
dark area very near northeast
stairs up adjacent north
doorway adjacent northeast
vertical wall adjacent east and southeast

cursor:
Yourself a ranger
(x=37, y=8)

map:
                                                                                
                                                                                
                                                                                
                                                                                
                                                                                
                       ---------------- ##                                      
                       |.............<.##                                       
                       |.............@| ##                                      
                       |..............|                                         
                       |...............                                         
                       --------+-------                                         
                                                                                
                                                                                
                                                                                
                                                                                
                                                                                
                                                                                
                                                                                
                                                                                
                                                                                
                                                                                
Agent the Tenderfoot           St:15 Dx:11 Co:14 In:13 Wi:15 Ch:7 Chaotic S:0   
Dlvl:1 $:0 HP:14(14) Pw:3(3) AC:7 Xp:1/0                                        

",0.0,False
53,search,,"message:


language observation:
horizontal closed door far westsouthwest
horizontal wall near south and southwest
horizontal wall very near north and northwest
dark area very near northeast
stairs up adjacent north
doorway adjacent northeast
vertical wall adjacent east and southeast

cursor:
Yourself a ranger
(x=37, y=8)

map:
                                                                                
                                                                                
                                                                                
                                                                                
                                                                                
                       ---------------- ##                                      
                       |.............<.##                                       
                       |.............@| ##                                      
                       |..............|                                         
                       |...............                                         
                       --------+-------                                         
                                                                                
                                                                                
                                                                                
                                                                                
                                                                                
                                                                                
                                                                                
                                                                                
                                                                                
                                                                                
Agent the Tenderfoot           St:15 Dx:11 Co:14 In:13 Wi:15 Ch:7 Chaotic S:0   
Dlvl:1 $:0 HP:14(14) Pw:3(3) AC:7 Xp:1/0                                        

",0.0,False
54,north,,"message:


language observation:
horizontal closed door far westsouthwest
dark area near east
horizontal wall near south and southwest
horizontal wall adjacent north and northwest
northeast room corner adjacent northeast
doorway adjacent east
vertical wall adjacent southeast

cursor:
Yourself a ranger
(x=37, y=7)

map:
                                                                                
                                                                                
                                                                                
                                                                                
                                                                                
                       ---------------- ##                                      
                       |.............@.##                                       
                       |..............| ##                                      
                       |..............|                                         
                       |...............                                         
                       --------+-------                                         
                                                                                
                                                                                
                                                                                
                                                                                
                                                                                
                                                                                
                                                                                
                                                                                
                                                                                
                                                                                
Agent the Tenderfoot           St:15 Dx:11 Co:14 In:13 Wi:15 Ch:7 Chaotic S:0   
Dlvl:1 $:0 HP:14(14) Pw:3(3) AC:7 Xp:1/0                                        

",0.0,False
55,east,,"message:


language observation:
horizontal closed door far westsouthwest
dark area near east
horizontal wall near southwest
northeast room corner adjacent north
dark area adjacent northeast and southeast
vertical wall adjacent south
stairs up adjacent west
horizontal wall adjacent northwest

cursor:
Yourself a ranger
(x=38, y=7)

map:
                                                                                
                                                                                
                                                                                
                                                                                
                                                                                
                       ---------------- ##                                      
                       |.............<@##                                       
                       |..............| ##                                      
                       |..............|                                         
                       |...............                                         
                       --------+-------                                         
                                                                                
                                                                                
                                                                                
                                                                                
                                                                                
                                                                                
                                                                                
                                                                                
                                                                                
                                                                                
Agent the Tenderfoot           St:15 Dx:11 Co:14 In:13 Wi:15 Ch:7 Chaotic S:0   
Dlvl:1 $:0 HP:14(14) Pw:3(3) AC:7 Xp:1/0                                        

",0.0,False
56,north,,"message:
It's a wall.

language observation:
horizontal closed door far westsouthwest
dark area near east
horizontal wall near southwest
northeast room corner adjacent north
dark area adjacent northeast and southeast
vertical wall adjacent south
stairs up adjacent west
horizontal wall adjacent northwest

cursor:
Yourself a ranger
(x=38, y=7)

map:
                                                                                
                                                                                
                                                                                
                                                                                
                                                                                
                       ---------------- ##                                      
                       |.............<@##                                       
                       |..............| ##                                      
                       |..............|                                         
                       |...............                                         
                       --------+-------                                         
                                                                                
                                                                                
                                                                                
                                                                                
                                                                                
                                                                                
                                                                                
                                                                                
                                                                                
                                                                                
Agent the Tenderfoot           St:15 Dx:11 Co:14 In:13 Wi:15 Ch:7 Chaotic S:0   
Dlvl:1 $:0 HP:14(14) Pw:3(3) AC:7 Xp:1/0                                        

",0.0,False
57,southwest,,"message:


language observation:
horizontal closed door far westsouthwest
horizontal wall near south and southwest
horizontal wall very near north and northwest
dark area very near northeast
stairs up adjacent north
doorway adjacent northeast
vertical wall adjacent east and southeast

cursor:
Yourself a ranger
(x=37, y=8)

map:
                                                                                
                                                                                
                                                                                
                                                                                
                                                                                
                       ---------------- ##                                      
                       |.............<.##                                       
                       |.............@| ##                                      
                       |..............|                                         
                       |...............                                         
                       --------+-------                                         
                                                                                
                                                                                
                                                                                
                                                                                
                                                                                
                                                                                
                                                                                
                                                                                
                                                                                
                                                                                
Agent the Tenderfoot           St:15 Dx:11 Co:14 In:13 Wi:15 Ch:7 Chaotic S:0   
Dlvl:1 $:0 HP:14(14) Pw:3(3) AC:7 Xp:1/0                                        

",0.0,False
58,open,,"message:
In what direction?

language observation:
horizontal closed door far westsouthwest
horizontal wall near south and southwest
horizontal wall very near north and northwest
dark area very near northeast
stairs up adjacent north
doorway adjacent northeast
vertical wall adjacent east and southeast

cursor:

(x=19, y=0)

map:
                                                                                
                                                                                
                                                                                
                                                                                
                                                                                
                       ---------------- ##                                      
                       |.............<.##                                       
                       |.............@| ##                                      
                       |..............|                                         
                       |...............                                         
                       --------+-------                                         
                                                                                
                                                                                
                                                                                
                                                                                
                                                                                
                                                                                
                                                                                
                                                                                
                                                                                
                                                                                
Agent the Tenderfoot           St:15 Dx:11 Co:14 In:13 Wi:15 Ch:7 Chaotic S:0   
Dlvl:1 $:0 HP:14(14) Pw:3(3) AC:7 Xp:1/0                                        

",0.0,False
59,east,,"message:
You see no door there.

language observation:
horizontal closed door far westsouthwest
horizontal wall near south and southwest
horizontal wall very near north and northwest
dark area very near northeast
stairs up adjacent north
doorway adjacent northeast
vertical wall adjacent east and southeast

cursor:
Yourself a ranger
(x=37, y=8)

map:
                                                                                
                                                                                
                                                                                
                                                                                
                                                                                
                       ---------------- ##                                      
                       |.............<.##                                       
                       |.............@| ##                                      
                       |..............|                                         
                       |...............                                         
                       --------+-------                                         
                                                                                
                                                                                
                                                                                
                                                                                
                                                                                
                                                                                
                                                                                
                                                                                
                                                                                
                                                                                
Agent the Tenderfoot           St:15 Dx:11 Co:14 In:13 Wi:15 Ch:7 Chaotic S:0   
Dlvl:1 $:0 HP:14(14) Pw:3(3) AC:7 Xp:1/0                                        

",0.0,False
60,east,,"message:
It's a wall.

language observation:
horizontal closed door far westsouthwest
horizontal wall near south and southwest
horizontal wall very near north and northwest
dark area very near northeast
stairs up adjacent north
doorway adjacent northeast
vertical wall adjacent east and southeast

cursor:
Yourself a ranger
(x=37, y=8)

map:
                                                                                
                                                                                
                                                                                
                                                                                
                                                                                
                       ---------------- ##                                      
                       |.............<.##                                       
                       |.............@| ##                                      
                       |..............|                                         
                       |...............                                         
                       --------+-------                                         
                                                                                
                                                                                
                                                                                
                                                                                
                                                                                
                                                                                
                                                                                
                                                                                
                                                                                
                                                                                
Agent the Tenderfoot           St:15 Dx:11 Co:14 In:13 Wi:15 Ch:7 Chaotic S:0   
Dlvl:1 $:0 HP:14(14) Pw:3(3) AC:7 Xp:1/0                                        

",0.0,False
61,east,,"message:
It's a wall.

language observation:
horizontal closed door far westsouthwest
horizontal wall near south and southwest
horizontal wall very near north and northwest
dark area very near northeast
stairs up adjacent north
doorway adjacent northeast
vertical wall adjacent east and southeast

cursor:
Yourself a ranger
(x=37, y=8)

map:
                                                                                
                                                                                
                                                                                
                                                                                
                                                                                
                       ---------------- ##                                      
                       |.............<.##                                       
                       |.............@| ##                                      
                       |..............|                                         
                       |...............                                         
                       --------+-------                                         
                                                                                
                                                                                
                                                                                
                                                                                
                                                                                
                                                                                
                                                                                
                                                                                
                                                                                
                                                                                
Agent the Tenderfoot           St:15 Dx:11 Co:14 In:13 Wi:15 Ch:7 Chaotic S:0   
Dlvl:1 $:0 HP:14(14) Pw:3(3) AC:7 Xp:1/0                                        

",0.0,False
62,north,,"message:


language observation:
horizontal closed door far westsouthwest
dark area near east
horizontal wall near south and southwest
horizontal wall adjacent north and northwest
northeast room corner adjacent northeast
doorway adjacent east
vertical wall adjacent southeast

cursor:
Yourself a ranger
(x=37, y=7)

map:
                                                                                
                                                                                
                                                                                
                                                                                
                                                                                
                       ---------------- ##                                      
                       |.............@.##                                       
                       |..............| ##                                      
                       |..............|                                         
                       |...............                                         
                       --------+-------                                         
                                                                                
                                                                                
                                                                                
                                                                                
                                                                                
                                                                                
                                                                                
                                                                                
                                                                                
                                                                                
Agent the Tenderfoot           St:15 Dx:11 Co:14 In:13 Wi:15 Ch:7 Chaotic S:0   
Dlvl:1 $:0 HP:14(14) Pw:3(3) AC:7 Xp:1/0                                        

",0.0,False
63,kick,,"message:
In what direction?

language observation:
horizontal closed door far westsouthwest
dark area near east
horizontal wall near south and southwest
horizontal wall adjacent north and northwest
northeast room corner adjacent northeast
doorway adjacent east
vertical wall adjacent southeast

cursor:

(x=19, y=0)

map:
                                                                                
                                                                                
                                                                                
                                                                                
                                                                                
                       ---------------- ##                                      
                       |.............@.##                                       
                       |..............| ##                                      
                       |..............|                                         
                       |...............                                         
                       --------+-------                                         
                                                                                
                                                                                
                                                                                
                                                                                
                                                                                
                                                                                
                                                                                
                                                                                
                                                                                
                                                                                
Agent the Tenderfoot           St:15 Dx:11 Co:14 In:13 Wi:15 Ch:7 Chaotic S:0   
Dlvl:1 $:0 HP:14(14) Pw:3(3) AC:7 Xp:1/0                                        

",0.0,False
64,open,,"message:
What a strange direction!

language observation:
horizontal closed door far westsouthwest
dark area near east
horizontal wall near south and southwest
horizontal wall adjacent north and northwest
northeast room corner adjacent northeast
doorway adjacent east
vertical wall adjacent southeast

cursor:
Yourself a ranger
(x=37, y=7)

map:
                                                                                
                                                                                
                                                                                
                                                                                
                                                                                
                       ---------------- ##                                      
                       |.............@.##                                       
                       |..............| ##                                      
                       |..............|                                         
                       |...............                                         
                       --------+-------                                         
                                                                                
                                                                                
                                                                                
                                                                                
                                                                                
                                                                                
                                                                                
                                                                                
                                                                                
                                                                                
Agent the Tenderfoot           St:15 Dx:11 Co:14 In:13 Wi:15 Ch:7 Chaotic S:0   
Dlvl:1 $:0 HP:14(14) Pw:3(3) AC:7 Xp:1/0                                        

",0.0,False
65,east,,"message:


language observation:
horizontal closed door far westsouthwest
dark area near east
horizontal wall near southwest
northeast room corner adjacent north
dark area adjacent northeast and southeast
vertical wall adjacent south
stairs up adjacent west
horizontal wall adjacent northwest

cursor:
Yourself a ranger
(x=38, y=7)

map:
                                                                                
                                                                                
                                                                                
                                                                                
                                                                                
                       ---------------- ##                                      
                       |.............<@##                                       
                       |..............| ##                                      
                       |..............|                                         
                       |...............                                         
                       --------+-------                                         
                                                                                
                                                                                
                                                                                
                                                                                
                                                                                
                                                                                
                                                                                
                                                                                
                                                                                
                                                                                
Agent the Tenderfoot           St:15 Dx:11 Co:14 In:13 Wi:15 Ch:7 Chaotic S:0   
Dlvl:1 $:0 HP:14(14) Pw:3(3) AC:7 Xp:1/0                                        

",0.0,False
66,southwest,,"message:


language observation:
horizontal closed door far westsouthwest
horizontal wall near south and southwest
horizontal wall very near north and northwest
dark area very near northeast
stairs up adjacent north
doorway adjacent northeast
vertical wall adjacent east and southeast

cursor:
Yourself a ranger
(x=37, y=8)

map:
                                                                                
                                                                                
                                                                                
                                                                                
                                                                                
                       ---------------- ##                                      
                       |.............<.##                                       
                       |.............@| ##                                      
                       |..............|                                         
                       |...............                                         
                       --------+-------                                         
                                                                                
                                                                                
                                                                                
                                                                                
                                                                                
                                                                                
                                                                                
                                                                                
                                                                                
                                                                                
Agent the Tenderfoot           St:15 Dx:11 Co:14 In:13 Wi:15 Ch:7 Chaotic S:0   
Dlvl:1 $:0 HP:14(14) Pw:3(3) AC:7 Xp:1/0                                        

",0.0,False
67,search,,"message:


language observation:
horizontal closed door far westsouthwest
horizontal wall near south and southwest
horizontal wall very near north and northwest
dark area very near northeast
stairs up adjacent north
doorway adjacent northeast
vertical wall adjacent east and southeast

cursor:
Yourself a ranger
(x=37, y=8)

map:
                                                                                
                                                                                
                                                                                
                                                                                
                                                                                
                       ---------------- ##                                      
                       |.............<.##                                       
                       |.............@| ##                                      
                       |..............|                                         
                       |...............                                         
                       --------+-------                                         
                                                                                
                                                                                
                                                                                
                                                                                
                                                                                
                                                                                
                                                                                
                                                                                
                                                                                
                                                                                
Agent the Tenderfoot           St:15 Dx:11 Co:14 In:13 Wi:15 Ch:7 Chaotic S:0   
Dlvl:1 $:0 HP:14(14) Pw:3(3) AC:7 Xp:1/0                                        

",0.0,False
68,kick,,"message:
In what direction?

language observation:
horizontal closed door far westsouthwest
horizontal wall near south and southwest
horizontal wall very near north and northwest
dark area very near northeast
stairs up adjacent north
doorway adjacent northeast
vertical wall adjacent east and southeast

cursor:

(x=19, y=0)

map:
                                                                                
                                                                                
                                                                                
                                                                                
                                                                                
                       ---------------- ##                                      
                       |.............<.##                                       
                       |.............@| ##                                      
                       |..............|                                         
                       |...............                                         
                       --------+-------                                         
                                                                                
                                                                                
                                                                                
                                                                                
                                                                                
                                                                                
                                                                                
                                                                                
                                                                                
                                                                                
Agent the Tenderfoot           St:15 Dx:11 Co:14 In:13 Wi:15 Ch:7 Chaotic S:0   
Dlvl:1 $:0 HP:14(14) Pw:3(3) AC:7 Xp:1/0                                        

",0.0,False
69,search,,"message:


language observation:
horizontal closed door far westsouthwest
horizontal wall near south and southwest
horizontal wall very near north and northwest
dark area very near northeast
stairs up adjacent north
doorway adjacent northeast
vertical wall adjacent east and southeast

cursor:
Yourself a ranger
(x=37, y=8)

map:
                                                                                
                                                                                
                                                                                
                                                                                
                                                                                
                       ---------------- ##                                      
                       |.............<.##                                       
                       |.............@| ##                                      
                       |..............|                                         
                       |...............                                         
                       --------+-------                                         
                                                                                
                                                                                
                                                                                
                                                                                
                                                                                
                                                                                
                                                                                
                                                                                
                                                                                
                                                                                
Agent the Tenderfoot           St:15 Dx:11 Co:14 In:13 Wi:15 Ch:7 Chaotic S:0   
Dlvl:1 $:0 HP:14(14) Pw:3(3) AC:7 Xp:1/0                                        

",0.0,False
70,east,,"message:
It's a wall.

language observation:
horizontal closed door far westsouthwest
horizontal wall near south and southwest
horizontal wall very near north and northwest
dark area very near northeast
stairs up adjacent north
doorway adjacent northeast
vertical wall adjacent east and southeast

cursor:
Yourself a ranger
(x=37, y=8)

map:
                                                                                
                                                                                
                                                                                
                                                                                
                                                                                
                       ---------------- ##                                      
                       |.............<.##                                       
                       |.............@| ##                                      
                       |..............|                                         
                       |...............                                         
                       --------+-------                                         
                                                                                
                                                                                
                                                                                
                                                                                
                                                                                
                                                                                
                                                                                
                                                                                
                                                                                
                                                                                
Agent the Tenderfoot           St:15 Dx:11 Co:14 In:13 Wi:15 Ch:7 Chaotic S:0   
Dlvl:1 $:0 HP:14(14) Pw:3(3) AC:7 Xp:1/0                                        

",0.0,False
71,northwest,,"message:


language observation:
dark area near east
horizontal wall near south and southwest
horizontal closed door near westsouthwest
doorway very near east
vertical wall very near southeast
horizontal wall adjacent north, northeast, and northwest
stairs up adjacent east

cursor:
Yourself a ranger
(x=36, y=7)

map:
                                                                                
                                                                                
                                                                                
                                                                                
                                                                                
                       ---------------- ##                                      
                       |............@<.##                                       
                       |..............| ##                                      
                       |..............|                                         
                       |...............                                         
                       --------+-------                                         
                                                                                
                                                                                
                                                                                
                                                                                
                                                                                
                                                                                
                                                                                
                                                                                
                                                                                
                                                                                
Agent the Tenderfoot           St:15 Dx:11 Co:14 In:13 Wi:15 Ch:7 Chaotic S:0   
Dlvl:1 $:0 HP:14(14) Pw:3(3) AC:7 Xp:1/0                                        

",0.0,False
72,search,"Your plan is to explore the current room, try to find a way to go east, and then head towards the stairs up, which appears to be the goal of the task. Since there is a doorway very near east, the first step would be to open the doorway, if it is indeed a door. If it is not a door, the next step would be to search the room for any hidden passages or doors.","message:


language observation:
dark area near east
horizontal wall near south and southwest
horizontal closed door near westsouthwest
doorway very near east
vertical wall very near southeast
horizontal wall adjacent north, northeast, and northwest
stairs up adjacent east

cursor:
Yourself a ranger
(x=36, y=7)

map:
                                                                                
                                                                                
                                                                                
                                                                                
                                                                                
                       ---------------- ##                                      
                       |............@<.##                                       
                       |..............| ##                                      
                       |..............|                                         
                       |...............                                         
                       --------+-------                                         
                                                                                
                                                                                
                                                                                
                                                                                
                                                                                
                                                                                
                                                                                
                                                                                
                                                                                
                                                                                
Agent the Tenderfoot           St:15 Dx:11 Co:14 In:13 Wi:15 Ch:7 Chaotic S:0   
Dlvl:1 $:0 HP:14(14) Pw:3(3) AC:7 Xp:1/0                                        

",0.0,False
73,east,,"message:


language observation:
horizontal closed door far westsouthwest
dark area near east
horizontal wall near south and southwest
horizontal wall adjacent north and northwest
northeast room corner adjacent northeast
doorway adjacent east
vertical wall adjacent southeast

cursor:
Yourself a ranger
(x=37, y=7)

map:
                                                                                
                                                                                
                                                                                
                                                                                
                                                                                
                       ---------------- ##                                      
                       |.............@.##                                       
                       |..............| ##                                      
                       |..............|                                         
                       |...............                                         
                       --------+-------                                         
                                                                                
                                                                                
                                                                                
                                                                                
                                                                                
                                                                                
                                                                                
                                                                                
                                                                                
                                                                                
Agent the Tenderfoot           St:15 Dx:11 Co:14 In:13 Wi:15 Ch:7 Chaotic S:0   
Dlvl:1 $:0 HP:14(14) Pw:3(3) AC:7 Xp:1/0                                        

",0.0,False
74,east,,"message:


language observation:
horizontal closed door far westsouthwest
dark area near east
horizontal wall near southwest
northeast room corner adjacent north
dark area adjacent northeast and southeast
vertical wall adjacent south
stairs up adjacent west
horizontal wall adjacent northwest

cursor:
Yourself a ranger
(x=38, y=7)

map:
                                                                                
                                                                                
                                                                                
                                                                                
                                                                                
                       ---------------- ##                                      
                       |.............<@##                                       
                       |..............| ##                                      
                       |..............|                                         
                       |...............                                         
                       --------+-------                                         
                                                                                
                                                                                
                                                                                
                                                                                
                                                                                
                                                                                
                                                                                
                                                                                
                                                                                
                                                                                
Agent the Tenderfoot           St:15 Dx:11 Co:14 In:13 Wi:15 Ch:7 Chaotic S:0   
Dlvl:1 $:0 HP:14(14) Pw:3(3) AC:7 Xp:1/0                                        

",0.0,False
75,southwest,,"message:


language observation:
horizontal closed door far westsouthwest
horizontal wall near south and southwest
horizontal wall very near north and northwest
dark area very near northeast
stairs up adjacent north
doorway adjacent northeast
vertical wall adjacent east and southeast

cursor:
Yourself a ranger
(x=37, y=8)

map:
                                                                                
                                                                                
                                                                                
                                                                                
                                                                                
                       ---------------- ##                                      
                       |.............<.##                                       
                       |.............@| ##                                      
                       |..............|                                         
                       |...............                                         
                       --------+-------                                         
                                                                                
                                                                                
                                                                                
                                                                                
                                                                                
                                                                                
                                                                                
                                                                                
                                                                                
                                                                                
Agent the Tenderfoot           St:15 Dx:11 Co:14 In:13 Wi:15 Ch:7 Chaotic S:0   
Dlvl:1 $:0 HP:14(14) Pw:3(3) AC:7 Xp:1/0                                        

",0.0,False
76,north,,"message:


language observation:
horizontal closed door far westsouthwest
dark area near east
horizontal wall near south and southwest
horizontal wall adjacent north and northwest
northeast room corner adjacent northeast
doorway adjacent east
vertical wall adjacent southeast

cursor:
Yourself a ranger
(x=37, y=7)

map:
                                                                                
                                                                                
                                                                                
                                                                                
                                                                                
                       ---------------- ##                                      
                       |.............@.##                                       
                       |..............| ##                                      
                       |..............|                                         
                       |...............                                         
                       --------+-------                                         
                                                                                
                                                                                
                                                                                
                                                                                
                                                                                
                                                                                
                                                                                
                                                                                
                                                                                
                                                                                
Agent the Tenderfoot           St:15 Dx:11 Co:14 In:13 Wi:15 Ch:7 Chaotic S:0   
Dlvl:1 $:0 HP:14(14) Pw:3(3) AC:7 Xp:1/0                                        

",0.0,False
77,north,,"message:
It's a wall.

language observation:
horizontal closed door far westsouthwest
dark area near east
horizontal wall near south and southwest
horizontal wall adjacent north and northwest
northeast room corner adjacent northeast
doorway adjacent east
vertical wall adjacent southeast

cursor:
Yourself a ranger
(x=37, y=7)

map:
                                                                                
                                                                                
                                                                                
                                                                                
                                                                                
                       ---------------- ##                                      
                       |.............@.##                                       
                       |..............| ##                                      
                       |..............|                                         
                       |...............                                         
                       --------+-------                                         
                                                                                
                                                                                
                                                                                
                                                                                
                                                                                
                                                                                
                                                                                
                                                                                
                                                                                
                                                                                
Agent the Tenderfoot           St:15 Dx:11 Co:14 In:13 Wi:15 Ch:7 Chaotic S:0   
Dlvl:1 $:0 HP:14(14) Pw:3(3) AC:7 Xp:1/0                                        

",0.0,False
78,east,,"message:


language observation:
horizontal closed door far westsouthwest
dark area near east
horizontal wall near southwest
northeast room corner adjacent north
dark area adjacent northeast and southeast
vertical wall adjacent south
stairs up adjacent west
horizontal wall adjacent northwest

cursor:
Yourself a ranger
(x=38, y=7)

map:
                                                                                
                                                                                
                                                                                
                                                                                
                                                                                
                       ---------------- ##                                      
                       |.............<@##                                       
                       |..............| ##                                      
                       |..............|                                         
                       |...............                                         
                       --------+-------                                         
                                                                                
                                                                                
                                                                                
                                                                                
                                                                                
                                                                                
                                                                                
                                                                                
                                                                                
                                                                                
Agent the Tenderfoot           St:15 Dx:11 Co:14 In:13 Wi:15 Ch:7 Chaotic S:0   
Dlvl:1 $:0 HP:14(14) Pw:3(3) AC:7 Xp:1/0                                        

",0.0,False
79,west,,"message:


language observation:
horizontal closed door far westsouthwest
dark area near east
horizontal wall near south and southwest
horizontal wall adjacent north and northwest
northeast room corner adjacent northeast
doorway adjacent east
vertical wall adjacent southeast

cursor:
Yourself a ranger
(x=37, y=7)

map:
                                                                                
                                                                                
                                                                                
                                                                                
                                                                                
                       ---------------- ##                                      
                       |.............@.##                                       
                       |..............| ##                                      
                       |..............|                                         
                       |...............                                         
                       --------+-------                                         
                                                                                
                                                                                
                                                                                
                                                                                
                                                                                
                                                                                
                                                                                
                                                                                
                                                                                
                                                                                
Agent the Tenderfoot           St:15 Dx:11 Co:14 In:13 Wi:15 Ch:7 Chaotic S:0   
Dlvl:1 $:0 HP:14(14) Pw:3(3) AC:7 Xp:1/0                                        

",0.0,False
80,search,,"message:


language observation:
horizontal closed door far westsouthwest
dark area near east
horizontal wall near south and southwest
horizontal wall adjacent north and northwest
northeast room corner adjacent northeast
doorway adjacent east
vertical wall adjacent southeast

cursor:
Yourself a ranger
(x=37, y=7)

map:
                                                                                
                                                                                
                                                                                
                                                                                
                                                                                
                       ---------------- ##                                      
                       |.............@.##                                       
                       |..............| ##                                      
                       |..............|                                         
                       |...............                                         
                       --------+-------                                         
                                                                                
                                                                                
                                                                                
                                                                                
                                                                                
                                                                                
                                                                                
                                                                                
                                                                                
                                                                                
Agent the Tenderfoot           St:15 Dx:11 Co:14 In:13 Wi:15 Ch:7 Chaotic S:0   
Dlvl:1 $:0 HP:14(14) Pw:3(3) AC:7 Xp:1/0                                        

",0.0,False
81,north,,"message:
It's a wall.

language observation:
horizontal closed door far westsouthwest
dark area near east
horizontal wall near south and southwest
horizontal wall adjacent north and northwest
northeast room corner adjacent northeast
doorway adjacent east
vertical wall adjacent southeast

cursor:
Yourself a ranger
(x=37, y=7)

map:
                                                                                
                                                                                
                                                                                
                                                                                
                                                                                
                       ---------------- ##                                      
                       |.............@.##                                       
                       |..............| ##                                      
                       |..............|                                         
                       |...............                                         
                       --------+-------                                         
                                                                                
                                                                                
                                                                                
                                                                                
                                                                                
                                                                                
                                                                                
                                                                                
                                                                                
                                                                                
Agent the Tenderfoot           St:15 Dx:11 Co:14 In:13 Wi:15 Ch:7 Chaotic S:0   
Dlvl:1 $:0 HP:14(14) Pw:3(3) AC:7 Xp:1/0                                        

",0.0,False
82,east,,"message:


language observation:
horizontal closed door far westsouthwest
dark area near east
horizontal wall near southwest
northeast room corner adjacent north
dark area adjacent northeast and southeast
vertical wall adjacent south
stairs up adjacent west
horizontal wall adjacent northwest

cursor:
Yourself a ranger
(x=38, y=7)

map:
                                                                                
                                                                                
                                                                                
                                                                                
                                                                                
                       ---------------- ##                                      
                       |.............<@##                                       
                       |..............| ##                                      
                       |..............|                                         
                       |...............                                         
                       --------+-------                                         
                                                                                
                                                                                
                                                                                
                                                                                
                                                                                
                                                                                
                                                                                
                                                                                
                                                                                
                                                                                
Agent the Tenderfoot           St:15 Dx:11 Co:14 In:13 Wi:15 Ch:7 Chaotic S:0   
Dlvl:1 $:0 HP:14(14) Pw:3(3) AC:7 Xp:1/0                                        

",0.0,False
83,northwest,,"message:
It's a wall.

language observation:
horizontal closed door far westsouthwest
dark area near east
horizontal wall near southwest
northeast room corner adjacent north
dark area adjacent northeast and southeast
vertical wall adjacent south
stairs up adjacent west
horizontal wall adjacent northwest

cursor:
Yourself a ranger
(x=38, y=7)

map:
                                                                                
                                                                                
                                                                                
                                                                                
                                                                                
                       ---------------- ##                                      
                       |.............<@##                                       
                       |..............| ##                                      
                       |..............|                                         
                       |...............                                         
                       --------+-------                                         
                                                                                
                                                                                
                                                                                
                                                                                
                                                                                
                                                                                
                                                                                
                                                                                
                                                                                
                                                                                
Agent the Tenderfoot           St:15 Dx:11 Co:14 In:13 Wi:15 Ch:7 Chaotic S:0   
Dlvl:1 $:0 HP:14(14) Pw:3(3) AC:7 Xp:1/0                                        

",0.0,False
84,southwest,,"message:


language observation:
horizontal closed door far westsouthwest
horizontal wall near south and southwest
horizontal wall very near north and northwest
dark area very near northeast
stairs up adjacent north
doorway adjacent northeast
vertical wall adjacent east and southeast

cursor:
Yourself a ranger
(x=37, y=8)

map:
                                                                                
                                                                                
                                                                                
                                                                                
                                                                                
                       ---------------- ##                                      
                       |.............<.##                                       
                       |.............@| ##                                      
                       |..............|                                         
                       |...............                                         
                       --------+-------                                         
                                                                                
                                                                                
                                                                                
                                                                                
                                                                                
                                                                                
                                                                                
                                                                                
                                                                                
                                                                                
Agent the Tenderfoot           St:15 Dx:11 Co:14 In:13 Wi:15 Ch:7 Chaotic S:0   
Dlvl:1 $:0 HP:14(14) Pw:3(3) AC:7 Xp:1/0                                        

",0.0,False
85,north,,"message:


language observation:
horizontal closed door far westsouthwest
dark area near east
horizontal wall near south and southwest
horizontal wall adjacent north and northwest
northeast room corner adjacent northeast
doorway adjacent east
vertical wall adjacent southeast

cursor:
Yourself a ranger
(x=37, y=7)

map:
                                                                                
                                                                                
                                                                                
                                                                                
                                                                                
                       ---------------- ##                                      
                       |.............@.##                                       
                       |..............| ##                                      
                       |..............|                                         
                       |...............                                         
                       --------+-------                                         
                                                                                
                                                                                
                                                                                
                                                                                
                                                                                
                                                                                
                                                                                
                                                                                
                                                                                
                                                                                
Agent the Tenderfoot           St:15 Dx:11 Co:14 In:13 Wi:15 Ch:7 Chaotic S:0   
Dlvl:1 $:0 HP:14(14) Pw:3(3) AC:7 Xp:1/0                                        

",0.0,False
86,open,,"message:
In what direction?

language observation:
horizontal closed door far westsouthwest
dark area near east
horizontal wall near south and southwest
horizontal wall adjacent north and northwest
northeast room corner adjacent northeast
doorway adjacent east
vertical wall adjacent southeast

cursor:

(x=19, y=0)

map:
                                                                                
                                                                                
                                                                                
                                                                                
                                                                                
                       ---------------- ##                                      
                       |.............@.##                                       
                       |..............| ##                                      
                       |..............|                                         
                       |...............                                         
                       --------+-------                                         
                                                                                
                                                                                
                                                                                
                                                                                
                                                                                
                                                                                
                                                                                
                                                                                
                                                                                
                                                                                
Agent the Tenderfoot           St:15 Dx:11 Co:14 In:13 Wi:15 Ch:7 Chaotic S:0   
Dlvl:1 $:0 HP:14(14) Pw:3(3) AC:7 Xp:1/0                                        

",0.0,False
87,east,,"message:
This doorway has no door.

language observation:
horizontal closed door far westsouthwest
dark area near east
horizontal wall near south and southwest
horizontal wall adjacent north and northwest
northeast room corner adjacent northeast
doorway adjacent east
vertical wall adjacent southeast

cursor:
Yourself a ranger
(x=37, y=7)

map:
                                                                                
                                                                                
                                                                                
                                                                                
                                                                                
                       ---------------- ##                                      
                       |.............@.##                                       
                       |..............| ##                                      
                       |..............|                                         
                       |...............                                         
                       --------+-------                                         
                                                                                
                                                                                
                                                                                
                                                                                
                                                                                
                                                                                
                                                                                
                                                                                
                                                                                
                                                                                
Agent the Tenderfoot           St:15 Dx:11 Co:14 In:13 Wi:15 Ch:7 Chaotic S:0   
Dlvl:1 $:0 HP:14(14) Pw:3(3) AC:7 Xp:1/0                                        

",0.0,False
88,east,,"message:


language observation:
horizontal closed door far westsouthwest
dark area near east
horizontal wall near southwest
northeast room corner adjacent north
dark area adjacent northeast and southeast
vertical wall adjacent south
stairs up adjacent west
horizontal wall adjacent northwest

cursor:
Yourself a ranger
(x=38, y=7)

map:
                                                                                
                                                                                
                                                                                
                                                                                
                                                                                
                       ---------------- ##                                      
                       |.............<@##                                       
                       |..............| ##                                      
                       |..............|                                         
                       |...............                                         
                       --------+-------                                         
                                                                                
                                                                                
                                                                                
                                                                                
                                                                                
                                                                                
                                                                                
                                                                                
                                                                                
                                                                                
Agent the Tenderfoot           St:15 Dx:11 Co:14 In:13 Wi:15 Ch:7 Chaotic S:0   
Dlvl:1 $:0 HP:14(14) Pw:3(3) AC:7 Xp:1/0                                        

",0.0,False
89,south,,"message:
It's a wall.

language observation:
horizontal closed door far westsouthwest
dark area near east
horizontal wall near southwest
northeast room corner adjacent north
dark area adjacent northeast and southeast
vertical wall adjacent south
stairs up adjacent west
horizontal wall adjacent northwest

cursor:
Yourself a ranger
(x=38, y=7)

map:
                                                                                
                                                                                
                                                                                
                                                                                
                                                                                
                       ---------------- ##                                      
                       |.............<@##                                       
                       |..............| ##                                      
                       |..............|                                         
                       |...............                                         
                       --------+-------                                         
                                                                                
                                                                                
                                                                                
                                                                                
                                                                                
                                                                                
                                                                                
                                                                                
                                                                                
                                                                                
Agent the Tenderfoot           St:15 Dx:11 Co:14 In:13 Wi:15 Ch:7 Chaotic S:0   
Dlvl:1 $:0 HP:14(14) Pw:3(3) AC:7 Xp:1/0                                        

",0.0,False
90,east,,"message:


language observation:
horizontal closed door far westsouthwest
dark area very near northeast, east, and southeast
stairs up very near west
dark area adjacent north and south
vertical wall adjacent southwest
doorway adjacent west
northeast room corner adjacent northwest

cursor:
Yourself a ranger
(x=39, y=7)

map:
                                                                                
                                                                                
                                                                                
                                                                                
                                                                                
                       ---------------- ##                                      
                       |.............<.@#                                       
                       |..............| ##                                      
                       |..............|                                         
                       |...............                                         
                       --------+-------                                         
                                                                                
                                                                                
                                                                                
                                                                                
                                                                                
                                                                                
                                                                                
                                                                                
                                                                                
                                                                                
Agent the Tenderfoot           St:15 Dx:11 Co:14 In:13 Wi:15 Ch:7 Chaotic S:0   
Dlvl:1 $:0 HP:14(14) Pw:3(3) AC:7 Xp:1/0                                        

",0.0,False
91,southwest,,"message:
It's a wall.

language observation:
horizontal closed door far westsouthwest
dark area very near northeast, east, and southeast
stairs up very near west
dark area adjacent north and south
vertical wall adjacent southwest
doorway adjacent west
northeast room corner adjacent northwest

cursor:
Yourself a ranger
(x=39, y=7)

map:
                                                                                
                                                                                
                                                                                
                                                                                
                                                                                
                       ---------------- ##                                      
                       |.............<.@#                                       
                       |..............| ##                                      
                       |..............|                                         
                       |...............                                         
                       --------+-------                                         
                                                                                
                                                                                
                                                                                
                                                                                
                                                                                
                                                                                
                                                                                
                                                                                
                                                                                
                                                                                
Agent the Tenderfoot           St:15 Dx:11 Co:14 In:13 Wi:15 Ch:7 Chaotic S:0   
Dlvl:1 $:0 HP:14(14) Pw:3(3) AC:7 Xp:1/0                                        

",0.0,False
92,west,,"message:


language observation:
horizontal closed door far westsouthwest
dark area near east
horizontal wall near southwest
northeast room corner adjacent north
dark area adjacent northeast and southeast
vertical wall adjacent south
stairs up adjacent west
horizontal wall adjacent northwest

cursor:
Yourself a ranger
(x=38, y=7)

map:
                                                                                
                                                                                
                                                                                
                                                                                
                                                                                
                       ---------------- ##                                      
                       |.............<@##                                       
                       |..............| ##                                      
                       |..............|                                         
                       |...............                                         
                       --------+-------                                         
                                                                                
                                                                                
                                                                                
                                                                                
                                                                                
                                                                                
                                                                                
                                                                                
                                                                                
                                                                                
Agent the Tenderfoot           St:15 Dx:11 Co:14 In:13 Wi:15 Ch:7 Chaotic S:0   
Dlvl:1 $:0 HP:14(14) Pw:3(3) AC:7 Xp:1/0                                        

",0.0,False
93,west,,"message:


language observation:
horizontal closed door far westsouthwest
dark area near east
horizontal wall near south and southwest
horizontal wall adjacent north and northwest
northeast room corner adjacent northeast
doorway adjacent east
vertical wall adjacent southeast

cursor:
Yourself a ranger
(x=37, y=7)

map:
                                                                                
                                                                                
                                                                                
                                                                                
                                                                                
                       ---------------- ##                                      
                       |.............@.##                                       
                       |..............| ##                                      
                       |..............|                                         
                       |...............                                         
                       --------+-------                                         
                                                                                
                                                                                
                                                                                
                                                                                
                                                                                
                                                                                
                                                                                
                                                                                
                                                                                
                                                                                
Agent the Tenderfoot           St:15 Dx:11 Co:14 In:13 Wi:15 Ch:7 Chaotic S:0   
Dlvl:1 $:0 HP:14(14) Pw:3(3) AC:7 Xp:1/0                                        

",0.0,False
94,search,,"message:


language observation:
horizontal closed door far westsouthwest
dark area near east
horizontal wall near south and southwest
horizontal wall adjacent north and northwest
northeast room corner adjacent northeast
doorway adjacent east
vertical wall adjacent southeast

cursor:
Yourself a ranger
(x=37, y=7)

map:
                                                                                
                                                                                
                                                                                
                                                                                
                                                                                
                       ---------------- ##                                      
                       |.............@.##                                       
                       |..............| ##                                      
                       |..............|                                         
                       |...............                                         
                       --------+-------                                         
                                                                                
                                                                                
                                                                                
                                                                                
                                                                                
                                                                                
                                                                                
                                                                                
                                                                                
                                                                                
Agent the Tenderfoot           St:15 Dx:11 Co:14 In:13 Wi:15 Ch:7 Chaotic S:0   
Dlvl:1 $:0 HP:14(14) Pw:3(3) AC:7 Xp:1/0                                        

",0.0,False
95,south,,"message:


language observation:
horizontal closed door far westsouthwest
horizontal wall near south and southwest
horizontal wall very near north and northwest
dark area very near northeast
stairs up adjacent north
doorway adjacent northeast
vertical wall adjacent east and southeast

cursor:
Yourself a ranger
(x=37, y=8)

map:
                                                                                
                                                                                
                                                                                
                                                                                
                                                                                
                       ---------------- ##                                      
                       |.............<.##                                       
                       |.............@| ##                                      
                       |..............|                                         
                       |...............                                         
                       --------+-------                                         
                                                                                
                                                                                
                                                                                
                                                                                
                                                                                
                                                                                
                                                                                
                                                                                
                                                                                
                                                                                
Agent the Tenderfoot           St:15 Dx:11 Co:14 In:13 Wi:15 Ch:7 Chaotic S:0   
Dlvl:1 $:0 HP:14(14) Pw:3(3) AC:7 Xp:1/0                                        

",0.0,False
96,north,"My plan is to navigate through the map, avoiding walls and focusing on the doorway to the northeast. Once I reach the doorway, I will attempt to open it to see where it leads. If it leads to the stairs down, I will try to access the stairs and complete the task. If not, I will try to find another route to the stairs down. I will also be careful to avoid getting stuck or running into any obstacles.","message:


language observation:
horizontal closed door far westsouthwest
dark area near east
horizontal wall near south and southwest
horizontal wall adjacent north and northwest
northeast room corner adjacent northeast
doorway adjacent east
vertical wall adjacent southeast

cursor:
Yourself a ranger
(x=37, y=7)

map:
                                                                                
                                                                                
                                                                                
                                                                                
                                                                                
                       ---------------- ##                                      
                       |.............@.##                                       
                       |..............| ##                                      
                       |..............|                                         
                       |...............                                         
                       --------+-------                                         
                                                                                
                                                                                
                                                                                
                                                                                
                                                                                
                                                                                
                                                                                
                                                                                
                                                                                
                                                                                
Agent the Tenderfoot           St:15 Dx:11 Co:14 In:13 Wi:15 Ch:7 Chaotic S:0   
Dlvl:1 $:0 HP:14(14) Pw:3(3) AC:7 Xp:1/0                                        

",0.0,False
97,east,,"message:


language observation:
horizontal closed door far westsouthwest
dark area near east
horizontal wall near southwest
northeast room corner adjacent north
dark area adjacent northeast and southeast
vertical wall adjacent south
stairs up adjacent west
horizontal wall adjacent northwest

cursor:
Yourself a ranger
(x=38, y=7)

map:
                                                                                
                                                                                
                                                                                
                                                                                
                                                                                
                       ---------------- ##                                      
                       |.............<@##                                       
                       |..............| ##                                      
                       |..............|                                         
                       |...............                                         
                       --------+-------                                         
                                                                                
                                                                                
                                                                                
                                                                                
                                                                                
                                                                                
                                                                                
                                                                                
                                                                                
                                                                                
Agent the Tenderfoot           St:15 Dx:11 Co:14 In:13 Wi:15 Ch:7 Chaotic S:0   
Dlvl:1 $:0 HP:14(14) Pw:3(3) AC:7 Xp:1/0                                        

",0.0,False
98,north,,"message:
It's a wall.

language observation:
horizontal closed door far westsouthwest
dark area near east
horizontal wall near southwest
northeast room corner adjacent north
dark area adjacent northeast and southeast
vertical wall adjacent south
stairs up adjacent west
horizontal wall adjacent northwest

cursor:
Yourself a ranger
(x=38, y=7)

map:
                                                                                
                                                                                
                                                                                
                                                                                
                                                                                
                       ---------------- ##                                      
                       |.............<@##                                       
                       |..............| ##                                      
                       |..............|                                         
                       |...............                                         
                       --------+-------                                         
                                                                                
                                                                                
                                                                                
                                                                                
                                                                                
                                                                                
                                                                                
                                                                                
                                                                                
                                                                                
Agent the Tenderfoot           St:15 Dx:11 Co:14 In:13 Wi:15 Ch:7 Chaotic S:0   
Dlvl:1 $:0 HP:14(14) Pw:3(3) AC:7 Xp:1/0                                        

",0.0,False
99,northwest,,"message:
 
No  Points     Name                                                   Hp [max]
0  Agent-Ran-Elf-Fem-Cha quit in The Dungeons of Doom on
level 1.                                               14  [14]


language observation:
dark area adjacent east, southeast, and south

cursor:
very far eastsoutheast 
(x=77, y=6)

map:
 No  Points     Name                                                   Hp [max] 
                                                                                
            0  Agent-Ran-Elf-Fem-Cha quit in The Dungeons of Doom on            
                                                                                
              level 1.                                               14  [14]   
                                                                                
                                                                                
                                                                                
                                                                                
                                                                                
                                                                                
                                                                                
                                                                                
                                                                                
                                                                                
                                                                                
                                                                                
                                                                                
                                                                                
                                                                                
                                                                                
                                                                                
                                                                                

",0.0,True
