Step,Action,Reasoning,Observation,Reward,Done
0,east,"As a tourist, my goal is to explore the level and reach the stairs down. Given the dark area near north, I suspect there may be something of interest in that direction. I will first attempt to explore the doorway adjacent to the north and then move north to investigate the dark area. If I encounter any obstacles, I will consider using my current weapon, the uncursed tin opener, or searching for hidden passages. It seems I don't have much in the way of combat equipment, so I'll aim to avoid fights and try to navigate through the level.","message:
It's a wall.

language observation:
horizontal wall near south
vertical wall near southwest and west
dark area very near north
doorway adjacent north
northeast room corner adjacent northeast
vertical wall adjacent east and southeast
horizontal wall adjacent northwest

cursor:
Yourself a tourist
(x=43, y=6)

map:
                                                                                
                                                                                
                                                                                
                                                                                
                                        - -.-                                   
                                        |..@|                                   
                                        |...|                                   
                                        |...|                                   
                                        |...|                                   
                                        |...|                                   
                                        --.--                                   
                                                                                
                                                                                
                                                                                
                                                                                
                                                                                
                                                                                
                                                                                
                                                                                
                                                                                
                                                                                
Agent the Rambler              St:15 Dx:13 Co:12 In:15 Wi:6 Ch:14 Neutral S:0   
Dlvl:1 $:271 HP:10(10) Pw:2(2) AC:10 Xp:1/0                                     

",0.0,False
1,north,,"message:


language observation:
horizontal wall far south
vertical wall near southwest
dark area adjacent north, northeast, and northwest
northeast room corner adjacent east
vertical wall adjacent southeast
stairs up adjacent south
horizontal wall adjacent west

cursor:
Yourself a tourist
(x=43, y=5)

map:
                                                                                
                                                                                
                                                                                
                                                                                
                                        - -@-                                   
                                        |..<|                                   
                                        |...|                                   
                                        |...|                                   
                                        |...|                                   
                                        |...|                                   
                                        --.--                                   
                                                                                
                                                                                
                                                                                
                                                                                
                                                                                
                                                                                
                                                                                
                                                                                
                                                                                
                                                                                
Agent the Rambler              St:15 Dx:13 Co:12 In:15 Wi:6 Ch:14 Neutral S:0   
Dlvl:1 $:271 HP:10(10) Pw:2(2) AC:10 Xp:1/0                                     

",0.0,False
2,south,"My initial goal was to explore the level and reach the stairs down. Upon reviewing my previous observations, I noticed that I was heading in the wrong direction, as the stairs up are now adjacent south. Given the layout of the level and my current position, I plan to move south to reach the stairs up, and then reassess my plan to find a way down to the stairs down. I will also keep in mind that I need to avoid fighting and try to navigate through the level without taking unnecessary risks.","message:


language observation:
horizontal wall near south
vertical wall near southwest and west
dark area very near north
doorway adjacent north
northeast room corner adjacent northeast
vertical wall adjacent east and southeast
horizontal wall adjacent northwest

cursor:
Yourself a tourist
(x=43, y=6)

map:
                                                                                
                                                                                
                                                                                
                                                                                
                                        - -.-                                   
                                        |..@|                                   
                                        |...|                                   
                                        |...|                                   
                                        |...|                                   
                                        |...|                                   
                                        --.--                                   
                                                                                
                                                                                
                                                                                
                                                                                
                                                                                
                                                                                
                                                                                
                                                                                
                                                                                
                                                                                
Agent the Rambler              St:15 Dx:13 Co:12 In:15 Wi:6 Ch:14 Neutral S:0   
Dlvl:1 $:271 HP:10(10) Pw:2(2) AC:10 Xp:1/0                                     

",0.0,False
3,north,,"message:


language observation:
horizontal wall far south
vertical wall near southwest
dark area adjacent north, northeast, and northwest
northeast room corner adjacent east
vertical wall adjacent southeast
stairs up adjacent south
horizontal wall adjacent west

cursor:
Yourself a tourist
(x=43, y=5)

map:
                                                                                
                                                                                
                                                                                
                                                                                
                                        - -@-                                   
                                        |..<|                                   
                                        |...|                                   
                                        |...|                                   
                                        |...|                                   
                                        |...|                                   
                                        --.--                                   
                                                                                
                                                                                
                                                                                
                                                                                
                                                                                
                                                                                
                                                                                
                                                                                
                                                                                
                                                                                
Agent the Rambler              St:15 Dx:13 Co:12 In:15 Wi:6 Ch:14 Neutral S:0   
Dlvl:1 $:271 HP:10(10) Pw:2(2) AC:10 Xp:1/0                                     

",0.0,False
4,search,"To reach the stairs down, I need to find a path that leads to them. My current observations show a dark area adjacent north, northeast, and northwest, and a doorway adjacent north. I plan to search for hidden doors and passages to potentially reveal a new path. If that doesn't work, I will move north to investigate the dark area and doorway. Once I have a better understanding of the layout, I will plan a more specific route to reach the stairs down.","message:


language observation:
horizontal wall far south
vertical wall near southwest
dark area adjacent north, northeast, and northwest
northeast room corner adjacent east
vertical wall adjacent southeast
stairs up adjacent south
horizontal wall adjacent west

cursor:
Yourself a tourist
(x=43, y=5)

map:
                                                                                
                                                                                
                                                                                
                                                                                
                                        - -@-                                   
                                        |..<|                                   
                                        |...|                                   
                                        |...|                                   
                                        |...|                                   
                                        |...|                                   
                                        --.--                                   
                                                                                
                                                                                
                                                                                
                                                                                
                                                                                
                                                                                
                                                                                
                                                                                
                                                                                
                                                                                
Agent the Rambler              St:15 Dx:13 Co:12 In:15 Wi:6 Ch:14 Neutral S:0   
Dlvl:1 $:271 HP:10(10) Pw:2(2) AC:10 Xp:1/0                                     

",0.0,False
5,north,,"message:
It's solid stone.

language observation:
horizontal wall far south
vertical wall near southwest
dark area adjacent north, northeast, and northwest
northeast room corner adjacent east
vertical wall adjacent southeast
stairs up adjacent south
horizontal wall adjacent west

cursor:
Yourself a tourist
(x=43, y=5)

map:
                                                                                
                                                                                
                                                                                
                                                                                
                                        - -@-                                   
                                        |..<|                                   
                                        |...|                                   
                                        |...|                                   
                                        |...|                                   
                                        |...|                                   
                                        --.--                                   
                                                                                
                                                                                
                                                                                
                                                                                
                                                                                
                                                                                
                                                                                
                                                                                
                                                                                
                                                                                
Agent the Rambler              St:15 Dx:13 Co:12 In:15 Wi:6 Ch:14 Neutral S:0   
Dlvl:1 $:271 HP:10(10) Pw:2(2) AC:10 Xp:1/0                                     

",0.0,False
6,search,"My current goal is to reach the stairs down. Based on my observations, the stairs up are adjacent south, and I have a doorway adjacent north and a dark area adjacent north, northeast, and northwest. Since the dark area seems to be an obstacle, I plan to move north to investigate the doorway. If the doorway leads to a new room, I will search for hidden doors and passages to reveal any potential paths to the stairs down. If not, I will move around the room and try to find an alternative route. Ultimately, my goal is to navigate through the level and find a path that leads to the stairs down, which should be my goal.","message:


language observation:
horizontal wall far south
vertical wall near southwest
dark area adjacent north, northeast, and northwest
northeast room corner adjacent east
vertical wall adjacent southeast
stairs up adjacent south
horizontal wall adjacent west

cursor:
Yourself a tourist
(x=43, y=5)

map:
                                                                                
                                                                                
                                                                                
                                                                                
                                        - -@-                                   
                                        |..<|                                   
                                        |...|                                   
                                        |...|                                   
                                        |...|                                   
                                        |...|                                   
                                        --.--                                   
                                                                                
                                                                                
                                                                                
                                                                                
                                                                                
                                                                                
                                                                                
                                                                                
                                                                                
                                                                                
Agent the Rambler              St:15 Dx:13 Co:12 In:15 Wi:6 Ch:14 Neutral S:0   
Dlvl:1 $:271 HP:10(10) Pw:2(2) AC:10 Xp:1/0                                     

",0.0,False
7,north,,"message:
It's solid stone.

language observation:
horizontal wall far south
vertical wall near southwest
dark area adjacent north, northeast, and northwest
northeast room corner adjacent east
vertical wall adjacent southeast
stairs up adjacent south
horizontal wall adjacent west

cursor:
Yourself a tourist
(x=43, y=5)

map:
                                                                                
                                                                                
                                                                                
                                                                                
                                        - -@-                                   
                                        |..<|                                   
                                        |...|                                   
                                        |...|                                   
                                        |...|                                   
                                        |...|                                   
                                        --.--                                   
                                                                                
                                                                                
                                                                                
                                                                                
                                                                                
                                                                                
                                                                                
                                                                                
                                                                                
                                                                                
Agent the Rambler              St:15 Dx:13 Co:12 In:15 Wi:6 Ch:14 Neutral S:0   
Dlvl:1 $:271 HP:10(10) Pw:2(2) AC:10 Xp:1/0                                     

",0.0,False
8,east,"Based on my observations, my goal is to reach the stairs down. However, I'm currently facing a solid stone wall. To progress, I need to find a doorway or a passage that leads to the stairs down. Since my search action earlier didn't reveal anything, I'll focus on moving around the room to find a potential path. I'll also keep in mind the doorway adjacent north and the dark area adjacent north, northeast, and northwest. I plan to move east, investigate the northeast room corner, and then see if I can find a way around the dark area or through the doorway. If needed, I'll use the search action again to reveal any hidden doors or passages.","message:
It's a wall.

language observation:
horizontal wall far south
vertical wall near southwest
dark area adjacent north, northeast, and northwest
northeast room corner adjacent east
vertical wall adjacent southeast
stairs up adjacent south
horizontal wall adjacent west

cursor:
Yourself a tourist
(x=43, y=5)

map:
                                                                                
                                                                                
                                                                                
                                                                                
                                        - -@-                                   
                                        |..<|                                   
                                        |...|                                   
                                        |...|                                   
                                        |...|                                   
                                        |...|                                   
                                        --.--                                   
                                                                                
                                                                                
                                                                                
                                                                                
                                                                                
                                                                                
                                                                                
                                                                                
                                                                                
                                                                                
Agent the Rambler              St:15 Dx:13 Co:12 In:15 Wi:6 Ch:14 Neutral S:0   
Dlvl:1 $:271 HP:10(10) Pw:2(2) AC:10 Xp:1/0                                     

",0.0,False
9,search,,"message:


language observation:
horizontal wall far south
vertical wall near southwest
dark area adjacent north, northeast, and northwest
northeast room corner adjacent east
vertical wall adjacent southeast
stairs up adjacent south
horizontal wall adjacent west

cursor:
Yourself a tourist
(x=43, y=5)

map:
                                                                                
                                                                                
                                                                                
                                                                                
                                        - -@-                                   
                                        |..<|                                   
                                        |...|                                   
                                        |...|                                   
                                        |...|                                   
                                        |...|                                   
                                        --.--                                   
                                                                                
                                                                                
                                                                                
                                                                                
                                                                                
                                                                                
                                                                                
                                                                                
                                                                                
                                                                                
Agent the Rambler              St:15 Dx:13 Co:12 In:15 Wi:6 Ch:14 Neutral S:0   
Dlvl:1 $:271 HP:10(10) Pw:2(2) AC:10 Xp:1/0                                     

",0.0,False
10,north,"My plan is to find a way around the dark area and the walls to reach the stairs down. I'll first move east to investigate the northeast room corner. Since the dark area is adjacent north, northeast, and northwest, I'll try to avoid it for now and focus on exploring the area around the stairs up. If needed, I'll use the search action again to reveal any hidden doors or passages. Once I've explored the area, I'll try to find a way to safely move down to the stairs. I'll also keep an eye out for any doors, passages, or other features that could help me reach my goal.","message:
It's solid stone.

language observation:
horizontal wall far south
vertical wall near southwest
dark area adjacent north, northeast, and northwest
northeast room corner adjacent east
vertical wall adjacent southeast
stairs up adjacent south
horizontal wall adjacent west

cursor:
Yourself a tourist
(x=43, y=5)

map:
                                                                                
                                                                                
                                                                                
                                                                                
                                        - -@-                                   
                                        |..<|                                   
                                        |...|                                   
                                        |...|                                   
                                        |...|                                   
                                        |...|                                   
                                        --.--                                   
                                                                                
                                                                                
                                                                                
                                                                                
                                                                                
                                                                                
                                                                                
                                                                                
                                                                                
                                                                                
Agent the Rambler              St:15 Dx:13 Co:12 In:15 Wi:6 Ch:14 Neutral S:0   
Dlvl:1 $:271 HP:10(10) Pw:2(2) AC:10 Xp:1/0                                     

",0.0,False
11,south,,"message:


language observation:
horizontal wall near south
vertical wall near southwest and west
dark area very near north
doorway adjacent north
northeast room corner adjacent northeast
vertical wall adjacent east and southeast
horizontal wall adjacent northwest

cursor:
Yourself a tourist
(x=43, y=6)

map:
                                                                                
                                                                                
                                                                                
                                                                                
                                        - -.-                                   
                                        |..@|                                   
                                        |...|                                   
                                        |...|                                   
                                        |...|                                   
                                        |...|                                   
                                        --.--                                   
                                                                                
                                                                                
                                                                                
                                                                                
                                                                                
                                                                                
                                                                                
                                                                                
                                                                                
                                                                                
Agent the Rambler              St:15 Dx:13 Co:12 In:15 Wi:6 Ch:14 Neutral S:0   
Dlvl:1 $:271 HP:10(10) Pw:2(2) AC:10 Xp:1/0                                     

",0.0,False
12,search,"I plan to use the search action to try to find any hidden doors or passages that could help me reach the stairs down. Since I've already tried to move in different directions and ran into walls, I'll try to use my environment knowledge and observation to find a way around the dark area and the walls. After using the search action, I'll analyze the new information and decide on the next course of action. If the search action reveals any hidden features, I'll try to move towards them and see if they can help me reach the stairs down.","message:


language observation:
horizontal wall near south
vertical wall near southwest and west
dark area very near north
doorway adjacent north
northeast room corner adjacent northeast
vertical wall adjacent east and southeast
horizontal wall adjacent northwest

cursor:
Yourself a tourist
(x=43, y=6)

map:
                                                                                
                                                                                
                                                                                
                                                                                
                                        - -.-                                   
                                        |..@|                                   
                                        |...|                                   
                                        |...|                                   
                                        |...|                                   
                                        |...|                                   
                                        --.--                                   
                                                                                
                                                                                
                                                                                
                                                                                
                                                                                
                                                                                
                                                                                
                                                                                
                                                                                
                                                                                
Agent the Rambler              St:15 Dx:13 Co:12 In:15 Wi:6 Ch:14 Neutral S:0   
Dlvl:1 $:271 HP:10(10) Pw:2(2) AC:10 Xp:1/0                                     

",0.0,False
13,north,,"message:


language observation:
horizontal wall far south
vertical wall near southwest
dark area adjacent north, northeast, and northwest
northeast room corner adjacent east
vertical wall adjacent southeast
stairs up adjacent south
horizontal wall adjacent west

cursor:
Yourself a tourist
(x=43, y=5)

map:
                                                                                
                                                                                
                                                                                
                                                                                
                                        - -@-                                   
                                        |..<|                                   
                                        |...|                                   
                                        |...|                                   
                                        |...|                                   
                                        |...|                                   
                                        --.--                                   
                                                                                
                                                                                
                                                                                
                                                                                
                                                                                
                                                                                
                                                                                
                                                                                
                                                                                
                                                                                
Agent the Rambler              St:15 Dx:13 Co:12 In:15 Wi:6 Ch:14 Neutral S:0   
Dlvl:1 $:271 HP:10(10) Pw:2(2) AC:10 Xp:1/0                                     

",0.0,False
14,north,"Based on the previous observations, the dark area is still blocking my path to the stairs up. However, I noticed that the doorway is adjacent to the dark area, which means it's likely that the doorway is connected to the stairs down. My plan is to try to find a way to access the doorway or the stairs down. I will start by trying to move towards the doorway and see if it's accessible. If it's not, I will try to search for any hidden doors or passages that could lead me to the stairs down. I will also try to use my inventory to find any items that could help me navigate the level or find a way around the dark area.","message:
It's solid stone.

language observation:
horizontal wall far south
vertical wall near southwest
dark area adjacent north, northeast, and northwest
northeast room corner adjacent east
vertical wall adjacent southeast
stairs up adjacent south
horizontal wall adjacent west

cursor:
Yourself a tourist
(x=43, y=5)

map:
                                                                                
                                                                                
                                                                                
                                                                                
                                        - -@-                                   
                                        |..<|                                   
                                        |...|                                   
                                        |...|                                   
                                        |...|                                   
                                        |...|                                   
                                        --.--                                   
                                                                                
                                                                                
                                                                                
                                                                                
                                                                                
                                                                                
                                                                                
                                                                                
                                                                                
                                                                                
Agent the Rambler              St:15 Dx:13 Co:12 In:15 Wi:6 Ch:14 Neutral S:0   
Dlvl:1 $:271 HP:10(10) Pw:2(2) AC:10 Xp:1/0                                     

",0.0,False
15,north,,"message:
It's solid stone.

language observation:
horizontal wall far south
vertical wall near southwest
dark area adjacent north, northeast, and northwest
northeast room corner adjacent east
vertical wall adjacent southeast
stairs up adjacent south
horizontal wall adjacent west

cursor:
Yourself a tourist
(x=43, y=5)

map:
                                                                                
                                                                                
                                                                                
                                                                                
                                        - -@-                                   
                                        |..<|                                   
                                        |...|                                   
                                        |...|                                   
                                        |...|                                   
                                        |...|                                   
                                        --.--                                   
                                                                                
                                                                                
                                                                                
                                                                                
                                                                                
                                                                                
                                                                                
                                                                                
                                                                                
                                                                                
Agent the Rambler              St:15 Dx:13 Co:12 In:15 Wi:6 Ch:14 Neutral S:0   
Dlvl:1 $:271 HP:10(10) Pw:2(2) AC:10 Xp:1/0                                     

",0.0,False
16,south,"The goal is to reach the stairs down. However, the path is blocked by a solid stone wall and a dark area. Given that the doorway is adjacent to the dark area, I plan to try to move west to see if I can find a way to access the doorway. If that doesn't work, I will try to search for hidden doors or passages that could lead me to the stairs down. I will also try to use my inventory to find any items that could help me navigate the level or find a way around the dark area.","message:


language observation:
horizontal wall near south
vertical wall near southwest and west
dark area very near north
doorway adjacent north
northeast room corner adjacent northeast
vertical wall adjacent east and southeast
horizontal wall adjacent northwest

cursor:
Yourself a tourist
(x=43, y=6)

map:
                                                                                
                                                                                
                                                                                
                                                                                
                                        - -.-                                   
                                        |..@|                                   
                                        |...|                                   
                                        |...|                                   
                                        |...|                                   
                                        |...|                                   
                                        --.--                                   
                                                                                
                                                                                
                                                                                
                                                                                
                                                                                
                                                                                
                                                                                
                                                                                
                                                                                
                                                                                
Agent the Rambler              St:15 Dx:13 Co:12 In:15 Wi:6 Ch:14 Neutral S:0   
Dlvl:1 $:271 HP:10(10) Pw:2(2) AC:10 Xp:1/0                                     

",0.0,False
17,west,,"message:


language observation:
dark area far south
doorway near south
dark area very near northeast and northwest
vertical wall very near east, southeast, southwest, and west
horizontal wall adjacent north
doorway adjacent northeast and northwest
stairs up adjacent east

cursor:
Yourself a tourist
(x=42, y=6)

map:
                                                                                
                                                                                
                                                                                
                                                                                
                                        -.-.-                                   
                                        |.@<|                                   
                                        |...|                                   
                                        |...|                                   
                                        |...|                                   
                                        |...|                                   
                                        --.--                                   
                                                                                
                                                                                
                                                                                
                                                                                
                                                                                
                                                                                
                                                                                
                                                                                
                                                                                
                                                                                
Agent the Rambler              St:15 Dx:13 Co:12 In:15 Wi:6 Ch:14 Neutral S:0   
Dlvl:1 $:271 HP:10(10) Pw:2(2) AC:10 Xp:1/0                                     

",0.0,False
18,east,"Given the current situation, my plan is to move east towards the stairs up, since they seem to be the most direct path to the goal. I will attempt to navigate through the level by moving east, using the doorway and northeast room corner as reference points. Once I reach the stairs up, I will try to move down to reach the stairs down, which should bring me closer to the goal. This plan relies on the assumption that the level is designed in a way that allows movement in a generally east-west direction, and that the stairs up and down are connected in a straightforward manner.","message:


language observation:
horizontal wall near south
vertical wall near southwest and west
dark area very near north
doorway adjacent north
northeast room corner adjacent northeast
vertical wall adjacent east and southeast
horizontal wall adjacent northwest

cursor:
Yourself a tourist
(x=43, y=6)

map:
                                                                                
                                                                                
                                                                                
                                                                                
                                        -.-.-                                   
                                        |..@|                                   
                                        |...|                                   
                                        |...|                                   
                                        |...|                                   
                                        |...|                                   
                                        --.--                                   
                                                                                
                                                                                
                                                                                
                                                                                
                                                                                
                                                                                
                                                                                
                                                                                
                                                                                
                                                                                
Agent the Rambler              St:15 Dx:13 Co:12 In:15 Wi:6 Ch:14 Neutral S:0   
Dlvl:1 $:271 HP:10(10) Pw:2(2) AC:10 Xp:1/0                                     

",0.0,False
19,south,,"message:


language observation:
dark area near north and northwest
horizontal wall near south
vertical wall near southwest and west
doorway very near north and northwest
stairs up adjacent north
vertical wall adjacent northeast, east, and southeast

cursor:
Yourself a tourist
(x=43, y=7)

map:
                                                                                
                                                                                
                                                                                
                                                                                
                                        -.-.-                                   
                                        |..<|                                   
                                        |..@|                                   
                                        |...|                                   
                                        |...|                                   
                                        |...|                                   
                                        --.--                                   
                                                                                
                                                                                
                                                                                
                                                                                
                                                                                
                                                                                
                                                                                
                                                                                
                                                                                
                                                                                
Agent the Rambler              St:15 Dx:13 Co:12 In:15 Wi:6 Ch:14 Neutral S:0   
Dlvl:1 $:271 HP:10(10) Pw:2(2) AC:10 Xp:1/0                                     

",0.0,False
20,east,"The goal is to reach the stairs down. To achieve this, I will first move towards the stairs up, which are located adjacent to the current position. Once I reach the stairs up, I will move down to reach the stairs down. The plan is to navigate through the level by moving east and north, using the doorways and room corners as reference points. The reasoning behind this plan is that the stairs up and down are likely to be connected in a straightforward manner, and by moving through the level in a generally east-north direction, I should be able to reach the stairs down.","message:
It's a wall.

language observation:
dark area near north and northwest
horizontal wall near south
vertical wall near southwest and west
doorway very near north and northwest
stairs up adjacent north
vertical wall adjacent northeast, east, and southeast

cursor:
Yourself a tourist
(x=43, y=7)

map:
                                                                                
                                                                                
                                                                                
                                                                                
                                        -.-.-                                   
                                        |..<|                                   
                                        |..@|                                   
                                        |...|                                   
                                        |...|                                   
                                        |...|                                   
                                        --.--                                   
                                                                                
                                                                                
                                                                                
                                                                                
                                                                                
                                                                                
                                                                                
                                                                                
                                                                                
                                                                                
Agent the Rambler              St:15 Dx:13 Co:12 In:15 Wi:6 Ch:14 Neutral S:0   
Dlvl:1 $:271 HP:10(10) Pw:2(2) AC:10 Xp:1/0                                     

",0.0,False
21,north,,"message:


language observation:
horizontal wall near south
vertical wall near southwest and west
dark area very near north
doorway adjacent north
northeast room corner adjacent northeast
vertical wall adjacent east and southeast
horizontal wall adjacent northwest

cursor:
Yourself a tourist
(x=43, y=6)

map:
                                                                                
                                                                                
                                                                                
                                                                                
                                        -.-.-                                   
                                        |..@|                                   
                                        |...|                                   
                                        |...|                                   
                                        |...|                                   
                                        |...|                                   
                                        --.--                                   
                                                                                
                                                                                
                                                                                
                                                                                
                                                                                
                                                                                
                                                                                
                                                                                
                                                                                
                                                                                
Agent the Rambler              St:15 Dx:13 Co:12 In:15 Wi:6 Ch:14 Neutral S:0   
Dlvl:1 $:271 HP:10(10) Pw:2(2) AC:10 Xp:1/0                                     

",0.0,False
22,northwest,"Based on the previous observations, it appears that the stairs up are located north of the current position. To reach the stairs down, we need to first go down the stairs up. The plan is to move north towards the stairs up, and then move down to reach the stairs down. We can then explore the level further to find the stairs down and complete the task.","message:
It's a wall.

language observation:
horizontal wall near south
vertical wall near southwest and west
dark area very near north
doorway adjacent north
northeast room corner adjacent northeast
vertical wall adjacent east and southeast
horizontal wall adjacent northwest

cursor:
Yourself a tourist
(x=43, y=6)

map:
                                                                                
                                                                                
                                                                                
                                                                                
                                        -.-.-                                   
                                        |..@|                                   
                                        |...|                                   
                                        |...|                                   
                                        |...|                                   
                                        |...|                                   
                                        --.--                                   
                                                                                
                                                                                
                                                                                
                                                                                
                                                                                
                                                                                
                                                                                
                                                                                
                                                                                
                                                                                
Agent the Rambler              St:15 Dx:13 Co:12 In:15 Wi:6 Ch:14 Neutral S:0   
Dlvl:1 $:271 HP:10(10) Pw:2(2) AC:10 Xp:1/0                                     

",0.0,False
23,north,,"message:


language observation:
horizontal wall far south
vertical wall near southwest
dark area adjacent north, northeast, and northwest
northeast room corner adjacent east
vertical wall adjacent southeast
stairs up adjacent south
horizontal wall adjacent west

cursor:
Yourself a tourist
(x=43, y=5)

map:
                                                                                
                                                                                
                                                                                
                                                                                
                                        -.-@-                                   
                                        |..<|                                   
                                        |...|                                   
                                        |...|                                   
                                        |...|                                   
                                        |...|                                   
                                        --.--                                   
                                                                                
                                                                                
                                                                                
                                                                                
                                                                                
                                                                                
                                                                                
                                                                                
                                                                                
                                                                                
Agent the Rambler              St:15 Dx:13 Co:12 In:15 Wi:6 Ch:14 Neutral S:0   
Dlvl:1 $:271 HP:10(10) Pw:2(2) AC:10 Xp:1/0                                     

",0.0,False
24,north,"Based on the previous observations and plan, I understand that the goal is to reach the stairs down. The current situation is that we are at the entrance of a room, with stairs up adjacent to the south, which we need to go down first to reach the stairs down. Since going down the stairs up will take us to a different level, we will need to navigate through the new level to find the stairs down. To complete the task, my high-level plan is:
1. Go down the stairs up to reach a new level.
2. Explore the new level to find the stairs down.
3. Go down the stairs down to complete the task.","message:
It's solid stone.

language observation:
horizontal wall far south
vertical wall near southwest
dark area adjacent north, northeast, and northwest
northeast room corner adjacent east
vertical wall adjacent southeast
stairs up adjacent south
horizontal wall adjacent west

cursor:
Yourself a tourist
(x=43, y=5)

map:
                                                                                
                                                                                
                                                                                
                                                                                
                                        -.-@-                                   
                                        |..<|                                   
                                        |...|                                   
                                        |...|                                   
                                        |...|                                   
                                        |...|                                   
                                        --.--                                   
                                                                                
                                                                                
                                                                                
                                                                                
                                                                                
                                                                                
                                                                                
                                                                                
                                                                                
                                                                                
Agent the Rambler              St:15 Dx:13 Co:12 In:15 Wi:6 Ch:14 Neutral S:0   
Dlvl:1 $:271 HP:10(10) Pw:2(2) AC:10 Xp:1/0                                     

",0.0,False
25,south,,"message:


language observation:
horizontal wall near south
vertical wall near southwest and west
dark area very near north
doorway adjacent north
northeast room corner adjacent northeast
vertical wall adjacent east and southeast
horizontal wall adjacent northwest

cursor:
Yourself a tourist
(x=43, y=6)

map:
                                                                                
                                                                                
                                                                                
                                                                                
                                        -.-.-                                   
                                        |..@|                                   
                                        |...|                                   
                                        |...|                                   
                                        |...|                                   
                                        |...|                                   
                                        --.--                                   
                                                                                
                                                                                
                                                                                
                                                                                
                                                                                
                                                                                
                                                                                
                                                                                
                                                                                
                                                                                
Agent the Rambler              St:15 Dx:13 Co:12 In:15 Wi:6 Ch:14 Neutral S:0   
Dlvl:1 $:271 HP:10(10) Pw:2(2) AC:10 Xp:1/0                                     

",0.0,False
26,north,"To complete the task of reaching the stairs down, my high-level plan is:
1. Go down the stairs up to reach a new level.
2. Once on the new level, explore the surrounding area to find any new doors or exits that may lead me closer to the stairs down.
3. Use my inventory items, such as the darts and the tripe ration, to protect myself from any potential threats that I may encounter.
4. Continue to move east and north, trying to reach the stairs down while avoiding any obstacles or enemies that I may come across.","message:


language observation:
horizontal wall far south
vertical wall near southwest
dark area adjacent north, northeast, and northwest
northeast room corner adjacent east
vertical wall adjacent southeast
stairs up adjacent south
horizontal wall adjacent west

cursor:
Yourself a tourist
(x=43, y=5)

map:
                                                                                
                                                                                
                                                                                
                                                                                
                                        -.-@-                                   
                                        |..<|                                   
                                        |...|                                   
                                        |...|                                   
                                        |...|                                   
                                        |...|                                   
                                        --.--                                   
                                                                                
                                                                                
                                                                                
                                                                                
                                                                                
                                                                                
                                                                                
                                                                                
                                                                                
                                                                                
Agent the Rambler              St:15 Dx:13 Co:12 In:15 Wi:6 Ch:14 Neutral S:0   
Dlvl:1 $:271 HP:10(10) Pw:2(2) AC:10 Xp:1/0                                     

",0.0,False
27,south,,"message:


language observation:
horizontal wall near south
vertical wall near southwest and west
dark area very near north
doorway adjacent north
northeast room corner adjacent northeast
vertical wall adjacent east and southeast
horizontal wall adjacent northwest

cursor:
Yourself a tourist
(x=43, y=6)

map:
                                                                                
                                                                                
                                                                                
                                                                                
                                        -.-.-                                   
                                        |..@|                                   
                                        |...|                                   
                                        |...|                                   
                                        |...|                                   
                                        |...|                                   
                                        --.--                                   
                                                                                
                                                                                
                                                                                
                                                                                
                                                                                
                                                                                
                                                                                
                                                                                
                                                                                
                                                                                
Agent the Rambler              St:15 Dx:13 Co:12 In:15 Wi:6 Ch:14 Neutral S:0   
Dlvl:1 $:271 HP:10(10) Pw:2(2) AC:10 Xp:1/0                                     

",0.0,False
28,search,"Based on previous observations and plan, my high-level plan for completing the task of reaching the stairs down is to explore the current level, find any new doors or exits, and use the knowledge gained to navigate to the stairs down. Since the stairs up are currently in sight, but not in a usable direction, my plan is to try and find an alternative path or door that may lead to a new level with the stairs down. I will also consider searching for hidden doors and passages, and using my inventory items to protect myself from any potential threats.","message:


language observation:
horizontal wall near south
vertical wall near southwest and west
dark area very near north
doorway adjacent north
northeast room corner adjacent northeast
vertical wall adjacent east and southeast
horizontal wall adjacent northwest

cursor:
Yourself a tourist
(x=43, y=6)

map:
                                                                                
                                                                                
                                                                                
                                                                                
                                        -.-.-                                   
                                        |..@|                                   
                                        |...|                                   
                                        |...|                                   
                                        |...|                                   
                                        |...|                                   
                                        --.--                                   
                                                                                
                                                                                
                                                                                
                                                                                
                                                                                
                                                                                
                                                                                
                                                                                
                                                                                
                                                                                
Agent the Rambler              St:15 Dx:13 Co:12 In:15 Wi:6 Ch:14 Neutral S:0   
Dlvl:1 $:271 HP:10(10) Pw:2(2) AC:10 Xp:1/0                                     

",0.0,False
29,northwest,,"message:
It's a wall.

language observation:
horizontal wall near south
vertical wall near southwest and west
dark area very near north
doorway adjacent north
northeast room corner adjacent northeast
vertical wall adjacent east and southeast
horizontal wall adjacent northwest

cursor:
Yourself a tourist
(x=43, y=6)

map:
                                                                                
                                                                                
                                                                                
                                                                                
                                        -.-.-                                   
                                        |..@|                                   
                                        |...|                                   
                                        |...|                                   
                                        |...|                                   
                                        |...|                                   
                                        --.--                                   
                                                                                
                                                                                
                                                                                
                                                                                
                                                                                
                                                                                
                                                                                
                                                                                
                                                                                
                                                                                
Agent the Rambler              St:15 Dx:13 Co:12 In:15 Wi:6 Ch:14 Neutral S:0   
Dlvl:1 $:271 HP:10(10) Pw:2(2) AC:10 Xp:1/0                                     

",0.0,False
30,kick,"The high-level plan for completing the task of reaching the stairs down is to explore the current level, find any new doors or exits, and use the knowledge gained to navigate to the stairs down. Based on previous observations, it seems that the stairs up are in a different direction than the stairs down. Therefore, my plan is to search the current room for any hidden doors or passages, and then move in a direction that seems likely to lead to the stairs down. I will also keep in mind the presence of a doorway to the north, and consider exploring that direction as well. Additionally, I will continue to search for any items or objects that may aid me in my quest.","message:
In what direction?

language observation:
horizontal wall near south
vertical wall near southwest and west
dark area very near north
doorway adjacent north
northeast room corner adjacent northeast
vertical wall adjacent east and southeast
horizontal wall adjacent northwest

cursor:

(x=19, y=0)

map:
                                                                                
                                                                                
                                                                                
                                                                                
                                        -.-.-                                   
                                        |..@|                                   
                                        |...|                                   
                                        |...|                                   
                                        |...|                                   
                                        |...|                                   
                                        --.--                                   
                                                                                
                                                                                
                                                                                
                                                                                
                                                                                
                                                                                
                                                                                
                                                                                
                                                                                
                                                                                
Agent the Rambler              St:15 Dx:13 Co:12 In:15 Wi:6 Ch:14 Neutral S:0   
Dlvl:1 $:271 HP:10(10) Pw:2(2) AC:10 Xp:1/0                                     

",0.0,False
31,search,,"message:


language observation:
horizontal wall near south
vertical wall near southwest and west
dark area very near north
doorway adjacent north
northeast room corner adjacent northeast
vertical wall adjacent east and southeast
horizontal wall adjacent northwest

cursor:
Yourself a tourist
(x=43, y=6)

map:
                                                                                
                                                                                
                                                                                
                                                                                
                                        -.-.-                                   
                                        |..@|                                   
                                        |...|                                   
                                        |...|                                   
                                        |...|                                   
                                        |...|                                   
                                        --.--                                   
                                                                                
                                                                                
                                                                                
                                                                                
                                                                                
                                                                                
                                                                                
                                                                                
                                                                                
                                                                                
Agent the Rambler              St:15 Dx:13 Co:12 In:15 Wi:6 Ch:14 Neutral S:0   
Dlvl:1 $:271 HP:10(10) Pw:2(2) AC:10 Xp:1/0                                     

",0.0,False
32,south,"I plan to search the current room for any hidden doors or passages, and then use the information gained to navigate to the stairs down. Since I am currently in a room with a doorway to the north, I will explore that direction first. If the doorway leads to a new room, I will search that room for any clues or items that may aid me in my quest. I will continue to move in a direction that seems likely to lead to the stairs down, and use my knowledge of the layout to avoid dead ends and obstacles. I will also keep an eye out for any items or objects that may be useful in my quest.","message:


language observation:
dark area near north and northwest
horizontal wall near south
vertical wall near southwest and west
doorway very near north and northwest
stairs up adjacent north
vertical wall adjacent northeast, east, and southeast

cursor:
Yourself a tourist
(x=43, y=7)

map:
                                                                                
                                                                                
                                                                                
                                                                                
                                        -.-.-                                   
                                        |..<|                                   
                                        |..@|                                   
                                        |...|                                   
                                        |...|                                   
                                        |...|                                   
                                        --.--                                   
                                                                                
                                                                                
                                                                                
                                                                                
                                                                                
                                                                                
                                                                                
                                                                                
                                                                                
                                                                                
Agent the Rambler              St:15 Dx:13 Co:12 In:15 Wi:6 Ch:14 Neutral S:0   
Dlvl:1 $:271 HP:10(10) Pw:2(2) AC:10 Xp:1/0                                     

",0.0,False
33,northwest,,"message:


language observation:
dark area far south
doorway near south
dark area very near northeast and northwest
vertical wall very near east, southeast, southwest, and west
horizontal wall adjacent north
doorway adjacent northeast and northwest
stairs up adjacent east

cursor:
Yourself a tourist
(x=42, y=6)

map:
                                                                                
                                                                                
                                                                                
                                                                                
                                        -.-.-                                   
                                        |.@<|                                   
                                        |...|                                   
                                        |...|                                   
                                        |...|                                   
                                        |...|                                   
                                        --.--                                   
                                                                                
                                                                                
                                                                                
                                                                                
                                                                                
                                                                                
                                                                                
                                                                                
                                                                                
                                                                                
Agent the Rambler              St:15 Dx:13 Co:12 In:15 Wi:6 Ch:14 Neutral S:0   
Dlvl:1 $:271 HP:10(10) Pw:2(2) AC:10 Xp:1/0                                     

",0.0,False
34,north,"Based on my previous observations, I plan to explore the area in a systematic way, starting from the doorway to the north and searching each room for any hidden doors or passages. I will then use the information gained to navigate to the stairs down. I notice that there is a doorway to the east that leads to the stairs up, which seems to be a distraction. I will avoid going that way for now. I will continue to move in a direction that seems likely to lead to the stairs down, and use my knowledge of the layout to avoid dead ends and obstacles.","message:
It's a wall.

language observation:
dark area far south
doorway near south
dark area very near northeast and northwest
vertical wall very near east, southeast, southwest, and west
horizontal wall adjacent north
doorway adjacent northeast and northwest
stairs up adjacent east

cursor:
Yourself a tourist
(x=42, y=6)

map:
                                                                                
                                                                                
                                                                                
                                                                                
                                        -.-.-                                   
                                        |.@<|                                   
                                        |...|                                   
                                        |...|                                   
                                        |...|                                   
                                        |...|                                   
                                        --.--                                   
                                                                                
                                                                                
                                                                                
                                                                                
                                                                                
                                                                                
                                                                                
                                                                                
                                                                                
                                                                                
Agent the Rambler              St:15 Dx:13 Co:12 In:15 Wi:6 Ch:14 Neutral S:0   
Dlvl:1 $:271 HP:10(10) Pw:2(2) AC:10 Xp:1/0                                     

",0.0,False
35,north,,"message:
It's a wall.

language observation:
dark area far south
doorway near south
dark area very near northeast and northwest
vertical wall very near east, southeast, southwest, and west
horizontal wall adjacent north
doorway adjacent northeast and northwest
stairs up adjacent east

cursor:
Yourself a tourist
(x=42, y=6)

map:
                                                                                
                                                                                
                                                                                
                                                                                
                                        -.-.-                                   
                                        |.@<|                                   
                                        |...|                                   
                                        |...|                                   
                                        |...|                                   
                                        |...|                                   
                                        --.--                                   
                                                                                
                                                                                
                                                                                
                                                                                
                                                                                
                                                                                
                                                                                
                                                                                
                                                                                
                                                                                
Agent the Rambler              St:15 Dx:13 Co:12 In:15 Wi:6 Ch:14 Neutral S:0   
Dlvl:1 $:271 HP:10(10) Pw:2(2) AC:10 Xp:1/0                                     

",0.0,False
36,search,"I will search the north area more thoroughly, then head towards the doorway to the north. If that doesn't work, I will try moving west and see if there's a way around the wall. I will continue to explore and search until I find a path to the stairs down. I will also keep an eye out for any hidden doors or passages that might lead me to my goal.","message:


language observation:
dark area far south
doorway near south
dark area very near northeast and northwest
vertical wall very near east, southeast, southwest, and west
horizontal wall adjacent north
doorway adjacent northeast and northwest
stairs up adjacent east

cursor:
Yourself a tourist
(x=42, y=6)

map:
                                                                                
                                                                                
                                                                                
                                                                                
                                        -.-.-                                   
                                        |.@<|                                   
                                        |...|                                   
                                        |...|                                   
                                        |...|                                   
                                        |...|                                   
                                        --.--                                   
                                                                                
                                                                                
                                                                                
                                                                                
                                                                                
                                                                                
                                                                                
                                                                                
                                                                                
                                                                                
Agent the Rambler              St:15 Dx:13 Co:12 In:15 Wi:6 Ch:14 Neutral S:0   
Dlvl:1 $:271 HP:10(10) Pw:2(2) AC:10 Xp:1/0                                     

",0.0,False
37,north,,"message:
It's a wall.

language observation:
dark area far south
doorway near south
dark area very near northeast and northwest
vertical wall very near east, southeast, southwest, and west
horizontal wall adjacent north
doorway adjacent northeast and northwest
stairs up adjacent east

cursor:
Yourself a tourist
(x=42, y=6)

map:
                                                                                
                                                                                
                                                                                
                                                                                
                                        -.-.-                                   
                                        |.@<|                                   
                                        |...|                                   
                                        |...|                                   
                                        |...|                                   
                                        |...|                                   
                                        --.--                                   
                                                                                
                                                                                
                                                                                
                                                                                
                                                                                
                                                                                
                                                                                
                                                                                
                                                                                
                                                                                
Agent the Rambler              St:15 Dx:13 Co:12 In:15 Wi:6 Ch:14 Neutral S:0   
Dlvl:1 $:271 HP:10(10) Pw:2(2) AC:10 Xp:1/0                                     

",0.0,False
38,north,"My plan is to search the room more thoroughly, then try to move north through the doorway. If that doesn't work, I will try to find a way around the wall to the east or west. Since I couldn't find a door or a passage in the previous rooms, I will focus on moving through the doorway to the north. I will use my surroundings to inform my decisions and adjust my plan accordingly.","message:
It's a wall.

language observation:
dark area far south
doorway near south
dark area very near northeast and northwest
vertical wall very near east, southeast, southwest, and west
horizontal wall adjacent north
doorway adjacent northeast and northwest
stairs up adjacent east

cursor:
Yourself a tourist
(x=42, y=6)

map:
                                                                                
                                                                                
                                                                                
                                                                                
                                        -.-.-                                   
                                        |.@<|                                   
                                        |...|                                   
                                        |...|                                   
                                        |...|                                   
                                        |...|                                   
                                        --.--                                   
                                                                                
                                                                                
                                                                                
                                                                                
                                                                                
                                                                                
                                                                                
                                                                                
                                                                                
                                                                                
Agent the Rambler              St:15 Dx:13 Co:12 In:15 Wi:6 Ch:14 Neutral S:0   
Dlvl:1 $:271 HP:10(10) Pw:2(2) AC:10 Xp:1/0                                     

",0.0,False
39,search,,"message:


language observation:
dark area far south
doorway near south
dark area very near northeast and northwest
vertical wall very near east, southeast, southwest, and west
horizontal wall adjacent north
doorway adjacent northeast and northwest
stairs up adjacent east

cursor:
Yourself a tourist
(x=42, y=6)

map:
                                                                                
                                                                                
                                                                                
                                                                                
                                        -.-.-                                   
                                        |.@<|                                   
                                        |...|                                   
                                        |...|                                   
                                        |...|                                   
                                        |...|                                   
                                        --.--                                   
                                                                                
                                                                                
                                                                                
                                                                                
                                                                                
                                                                                
                                                                                
                                                                                
                                                                                
                                                                                
Agent the Rambler              St:15 Dx:13 Co:12 In:15 Wi:6 Ch:14 Neutral S:0   
Dlvl:1 $:271 HP:10(10) Pw:2(2) AC:10 Xp:1/0                                     

",0.0,False
40,east,"The goal is to reach the stairs down. Based on the current situation, the doorway to the north seems to be the most promising path. However, there is a wall blocking the direct north path. Considering this, I will first try to search the room thoroughly to see if there are any hidden doors or passages that could be a potential alternative. If that doesn't work, I will then try to move north through the doorway, hoping that it will open up after searching the room. If that doesn't work either, I will explore other options such as moving east or west to find an alternative path. The reasoning behind this plan is that I want to exhaust all possible avenues of approach before trying to force my way through a potential wall or obstacle.","message:


language observation:
horizontal wall near south
vertical wall near southwest and west
dark area very near north
doorway adjacent north
northeast room corner adjacent northeast
vertical wall adjacent east and southeast
horizontal wall adjacent northwest

cursor:
Yourself a tourist
(x=43, y=6)

map:
                                                                                
                                                                                
                                                                                
                                                                                
                                        -.-.-                                   
                                        |..@|                                   
                                        |...|                                   
                                        |...|                                   
                                        |...|                                   
                                        |...|                                   
                                        --.--                                   
                                                                                
                                                                                
                                                                                
                                                                                
                                                                                
                                                                                
                                                                                
                                                                                
                                                                                
                                                                                
Agent the Rambler              St:15 Dx:13 Co:12 In:15 Wi:6 Ch:14 Neutral S:0   
Dlvl:1 $:271 HP:10(10) Pw:2(2) AC:10 Xp:1/0                                     

",0.0,False
41,north,,"message:


language observation:
horizontal wall far south
vertical wall near southwest
dark area adjacent north, northeast, and northwest
northeast room corner adjacent east
vertical wall adjacent southeast
stairs up adjacent south
horizontal wall adjacent west

cursor:
Yourself a tourist
(x=43, y=5)

map:
                                                                                
                                                                                
                                                                                
                                                                                
                                        -.-@-                                   
                                        |..<|                                   
                                        |...|                                   
                                        |...|                                   
                                        |...|                                   
                                        |...|                                   
                                        --.--                                   
                                                                                
                                                                                
                                                                                
                                                                                
                                                                                
                                                                                
                                                                                
                                                                                
                                                                                
                                                                                
Agent the Rambler              St:15 Dx:13 Co:12 In:15 Wi:6 Ch:14 Neutral S:0   
Dlvl:1 $:271 HP:10(10) Pw:2(2) AC:10 Xp:1/0                                     

",0.0,False
42,search,"The goal is to reach the stairs down. Based on the current situation, the staircase is located at the south part of the room, but there is a horizontal wall blocking the direct path. Considering this, I will first move north to reach the doorway, which seems to be the most promising path. After entering the doorway, I will search the room to see if there are any hidden doors or passages that could be a potential alternative. If that doesn't work, I will then try to find an alternative path by moving east or west. The reasoning behind this plan is that I want to exhaust all possible avenues of approach before trying to force my way through a potential wall or obstacle, and that the doorway to the north seems to be the most promising path to reach the staircase.","message:


language observation:
horizontal wall far south
vertical wall near southwest
dark area adjacent north, northeast, and northwest
northeast room corner adjacent east
vertical wall adjacent southeast
stairs up adjacent south
horizontal wall adjacent west

cursor:
Yourself a tourist
(x=43, y=5)

map:
                                                                                
                                                                                
                                                                                
                                                                                
                                        -.-@-                                   
                                        |..<|                                   
                                        |...|                                   
                                        |...|                                   
                                        |...|                                   
                                        |...|                                   
                                        --.--                                   
                                                                                
                                                                                
                                                                                
                                                                                
                                                                                
                                                                                
                                                                                
                                                                                
                                                                                
                                                                                
Agent the Rambler              St:15 Dx:13 Co:12 In:15 Wi:6 Ch:14 Neutral S:0   
Dlvl:1 $:271 HP:10(10) Pw:2(2) AC:10 Xp:1/0                                     

",0.0,False
43,south,,"message:


language observation:
horizontal wall near south
vertical wall near southwest and west
dark area very near north
doorway adjacent north
northeast room corner adjacent northeast
vertical wall adjacent east and southeast
horizontal wall adjacent northwest

cursor:
Yourself a tourist
(x=43, y=6)

map:
                                                                                
                                                                                
                                                                                
                                                                                
                                        -.-.-                                   
                                        |..@|                                   
                                        |...|                                   
                                        |...|                                   
                                        |...|                                   
                                        |...|                                   
                                        --.--                                   
                                                                                
                                                                                
                                                                                
                                                                                
                                                                                
                                                                                
                                                                                
                                                                                
                                                                                
                                                                                
Agent the Rambler              St:15 Dx:13 Co:12 In:15 Wi:6 Ch:14 Neutral S:0   
Dlvl:1 $:271 HP:10(10) Pw:2(2) AC:10 Xp:1/0                                     

",0.0,False
44,north,"The goal is to reach the stairs down. Based on the current situation, the staircase is located at the south part of the previous room, but there is a horizontal wall blocking the direct path. Considering this, I plan to first find a way to access the staircase by searching for a hidden door or passage, or by finding an alternative path that does not involve forcing my way through a wall. Since the doorway to the north seems to be the most promising path to reach the staircase, I will try to open it by moving north and then searching the room. If the doorway is locked, I will try to kick it. If that doesn't work, I will search for alternative paths by moving east or west.","message:


language observation:
horizontal wall far south
vertical wall near southwest
dark area adjacent north, northeast, and northwest
northeast room corner adjacent east
vertical wall adjacent southeast
stairs up adjacent south
horizontal wall adjacent west

cursor:
Yourself a tourist
(x=43, y=5)

map:
                                                                                
                                                                                
                                                                                
                                                                                
                                        -.-@-                                   
                                        |..<|                                   
                                        |...|                                   
                                        |...|                                   
                                        |...|                                   
                                        |...|                                   
                                        --.--                                   
                                                                                
                                                                                
                                                                                
                                                                                
                                                                                
                                                                                
                                                                                
                                                                                
                                                                                
                                                                                
Agent the Rambler              St:15 Dx:13 Co:12 In:15 Wi:6 Ch:14 Neutral S:0   
Dlvl:1 $:271 HP:10(10) Pw:2(2) AC:10 Xp:1/0                                     

",0.0,False
45,north,,"message:
It's solid stone.

language observation:
horizontal wall far south
vertical wall near southwest
dark area adjacent north, northeast, and northwest
northeast room corner adjacent east
vertical wall adjacent southeast
stairs up adjacent south
horizontal wall adjacent west

cursor:
Yourself a tourist
(x=43, y=5)

map:
                                                                                
                                                                                
                                                                                
                                                                                
                                        -.-@-                                   
                                        |..<|                                   
                                        |...|                                   
                                        |...|                                   
                                        |...|                                   
                                        |...|                                   
                                        --.--                                   
                                                                                
                                                                                
                                                                                
                                                                                
                                                                                
                                                                                
                                                                                
                                                                                
                                                                                
                                                                                
Agent the Rambler              St:15 Dx:13 Co:12 In:15 Wi:6 Ch:14 Neutral S:0   
Dlvl:1 $:271 HP:10(10) Pw:2(2) AC:10 Xp:1/0                                     

",0.0,False
46,north,"The goal is to reach the stairs down. Based on previous observations, the staircase is located at the south part of the previous room, but there is a horizontal wall blocking the direct path. The plan is to search for a hidden door or passage that leads to the staircase. If no such passage exists, the next plan is to move east to reach the northeast room corner, where the staircase can be accessed from the east side. The reasoning behind this plan is that by exploring the room and finding alternative paths, the agent can reach the staircase without forcing its way through a wall.","message:
It's solid stone.

language observation:
horizontal wall far south
vertical wall near southwest
dark area adjacent north, northeast, and northwest
northeast room corner adjacent east
vertical wall adjacent southeast
stairs up adjacent south
horizontal wall adjacent west

cursor:
Yourself a tourist
(x=43, y=5)

map:
                                                                                
                                                                                
                                                                                
                                                                                
                                        -.-@-                                   
                                        |..<|                                   
                                        |...|                                   
                                        |...|                                   
                                        |...|                                   
                                        |...|                                   
                                        --.--                                   
                                                                                
                                                                                
                                                                                
                                                                                
                                                                                
                                                                                
                                                                                
                                                                                
                                                                                
                                                                                
Agent the Rambler              St:15 Dx:13 Co:12 In:15 Wi:6 Ch:14 Neutral S:0   
Dlvl:1 $:271 HP:10(10) Pw:2(2) AC:10 Xp:1/0                                     

",0.0,False
47,east,,"message:
It's a wall.

language observation:
horizontal wall far south
vertical wall near southwest
dark area adjacent north, northeast, and northwest
northeast room corner adjacent east
vertical wall adjacent southeast
stairs up adjacent south
horizontal wall adjacent west

cursor:
Yourself a tourist
(x=43, y=5)

map:
                                                                                
                                                                                
                                                                                
                                                                                
                                        -.-@-                                   
                                        |..<|                                   
                                        |...|                                   
                                        |...|                                   
                                        |...|                                   
                                        |...|                                   
                                        --.--                                   
                                                                                
                                                                                
                                                                                
                                                                                
                                                                                
                                                                                
                                                                                
                                                                                
                                                                                
                                                                                
Agent the Rambler              St:15 Dx:13 Co:12 In:15 Wi:6 Ch:14 Neutral S:0   
Dlvl:1 $:271 HP:10(10) Pw:2(2) AC:10 Xp:1/0                                     

",0.0,False
48,search,"The goal is to reach the stairs down. From the previous observations, it's clear that the direct path to the staircase is blocked by a horizontal wall. To overcome this, I will search the room for a hidden door or passage that might lead to the staircase. If no such passage exists, I will try to find an alternative path by exploring the room and moving in a way that allows me to access the staircase from a different angle. If all else fails, I will try to find a way to break through the wall or open a door that I haven't noticed yet.","message:


language observation:
horizontal wall far south
vertical wall near southwest
dark area adjacent north, northeast, and northwest
northeast room corner adjacent east
vertical wall adjacent southeast
stairs up adjacent south
horizontal wall adjacent west

cursor:
Yourself a tourist
(x=43, y=5)

map:
                                                                                
                                                                                
                                                                                
                                                                                
                                        -.-@-                                   
                                        |..<|                                   
                                        |...|                                   
                                        |...|                                   
                                        |...|                                   
                                        |...|                                   
                                        --.--                                   
                                                                                
                                                                                
                                                                                
                                                                                
                                                                                
                                                                                
                                                                                
                                                                                
                                                                                
                                                                                
Agent the Rambler              St:15 Dx:13 Co:12 In:15 Wi:6 Ch:14 Neutral S:0   
Dlvl:1 $:271 HP:10(10) Pw:2(2) AC:10 Xp:1/0                                     

",0.0,False
49,east,,"message:
It's a wall.

language observation:
horizontal wall far south
vertical wall near southwest
dark area adjacent north, northeast, and northwest
northeast room corner adjacent east
vertical wall adjacent southeast
stairs up adjacent south
horizontal wall adjacent west

cursor:
Yourself a tourist
(x=43, y=5)

map:
                                                                                
                                                                                
                                                                                
                                                                                
                                        -.-@-                                   
                                        |..<|                                   
                                        |...|                                   
                                        |...|                                   
                                        |...|                                   
                                        |...|                                   
                                        --.--                                   
                                                                                
                                                                                
                                                                                
                                                                                
                                                                                
                                                                                
                                                                                
                                                                                
                                                                                
                                                                                
Agent the Rambler              St:15 Dx:13 Co:12 In:15 Wi:6 Ch:14 Neutral S:0   
Dlvl:1 $:271 HP:10(10) Pw:2(2) AC:10 Xp:1/0                                     

",0.0,False
50,north,"The goal is to reach the stairs down. The direct path to the staircase is blocked by a horizontal wall. To overcome this, I will explore the room by moving east and search for a hidden door or passage that might lead to the staircase. If no such passage exists, I will try to find an alternative path by moving around the room and examining the walls for any hidden openings. If all else fails, I will try to find a way to break through the wall or open a door that I haven't noticed yet. My priority is to find a path to the stairs down, and I will take the most promising action to achieve this goal.","message:
It's solid stone.

language observation:
horizontal wall far south
vertical wall near southwest
dark area adjacent north, northeast, and northwest
northeast room corner adjacent east
vertical wall adjacent southeast
stairs up adjacent south
horizontal wall adjacent west

cursor:
Yourself a tourist
(x=43, y=5)

map:
                                                                                
                                                                                
                                                                                
                                                                                
                                        -.-@-                                   
                                        |..<|                                   
                                        |...|                                   
                                        |...|                                   
                                        |...|                                   
                                        |...|                                   
                                        --.--                                   
                                                                                
                                                                                
                                                                                
                                                                                
                                                                                
                                                                                
                                                                                
                                                                                
                                                                                
                                                                                
Agent the Rambler              St:15 Dx:13 Co:12 In:15 Wi:6 Ch:14 Neutral S:0   
Dlvl:1 $:271 HP:10(10) Pw:2(2) AC:10 Xp:1/0                                     

",0.0,False
51,east,,"message:
It's a wall.

language observation:
horizontal wall far south
vertical wall near southwest
dark area adjacent north, northeast, and northwest
northeast room corner adjacent east
vertical wall adjacent southeast
stairs up adjacent south
horizontal wall adjacent west

cursor:
Yourself a tourist
(x=43, y=5)

map:
                                                                                
                                                                                
                                                                                
                                                                                
                                        -.-@-                                   
                                        |..<|                                   
                                        |...|                                   
                                        |...|                                   
                                        |...|                                   
                                        |...|                                   
                                        --.--                                   
                                                                                
                                                                                
                                                                                
                                                                                
                                                                                
                                                                                
                                                                                
                                                                                
                                                                                
                                                                                
Agent the Rambler              St:15 Dx:13 Co:12 In:15 Wi:6 Ch:14 Neutral S:0   
Dlvl:1 $:271 HP:10(10) Pw:2(2) AC:10 Xp:1/0                                     

",0.0,False
52,kick,"My goal is to reach the stairs down, and the current path to it is blocked by solid stone walls. To overcome this, I will first try to find an alternative path by exploring the room more thoroughly. I will examine the northeast room corner, where I noticed a northeast room corner adjacent east earlier, to see if there's a hidden passage or door. If that doesn't work, I will then try to move around the room and examine the walls for any other possible openings or paths to the stairs down.","message:
In what direction?

language observation:
horizontal wall far south
vertical wall near southwest
dark area adjacent north, northeast, and northwest
northeast room corner adjacent east
vertical wall adjacent southeast
stairs up adjacent south
horizontal wall adjacent west

cursor:

(x=19, y=0)

map:
                                                                                
                                                                                
                                                                                
                                                                                
                                        -.-@-                                   
                                        |..<|                                   
                                        |...|                                   
                                        |...|                                   
                                        |...|                                   
                                        |...|                                   
                                        --.--                                   
                                                                                
                                                                                
                                                                                
                                                                                
                                                                                
                                                                                
                                                                                
                                                                                
                                                                                
                                                                                
Agent the Rambler              St:15 Dx:13 Co:12 In:15 Wi:6 Ch:14 Neutral S:0   
Dlvl:1 $:271 HP:10(10) Pw:2(2) AC:10 Xp:1/0                                     

",0.0,False
53,search,,"message:


language observation:
horizontal wall far south
vertical wall near southwest
dark area adjacent north, northeast, and northwest
northeast room corner adjacent east
vertical wall adjacent southeast
stairs up adjacent south
horizontal wall adjacent west

cursor:
Yourself a tourist
(x=43, y=5)

map:
                                                                                
                                                                                
                                                                                
                                                                                
                                        -.-@-                                   
                                        |..<|                                   
                                        |...|                                   
                                        |...|                                   
                                        |...|                                   
                                        |...|                                   
                                        --.--                                   
                                                                                
                                                                                
                                                                                
                                                                                
                                                                                
                                                                                
                                                                                
                                                                                
                                                                                
                                                                                
Agent the Rambler              St:15 Dx:13 Co:12 In:15 Wi:6 Ch:14 Neutral S:0   
Dlvl:1 $:271 HP:10(10) Pw:2(2) AC:10 Xp:1/0                                     

",0.0,False
54,kick southeast,"The current path to the stairs down is blocked by solid stone walls. To overcome this, I will first try to find an alternative path by examining the northeast room corner and surrounding areas for any hidden passages or doors. If that doesn't work, I will then try to move around the room and examine the walls for any other possible openings or paths to the stairs down. I will use the ""search"" action to thoroughly examine the area and the ""kick"" action to try to break through any solid stone walls.","

Your previous output did not contain a valid action. Defaulted to action: north

Observation:
message:
It's solid stone.

language observation:
horizontal wall far south
vertical wall near southwest
dark area adjacent north, northeast, and northwest
northeast room corner adjacent east
vertical wall adjacent southeast
stairs up adjacent south
horizontal wall adjacent west

cursor:
Yourself a tourist
(x=43, y=5)

map:
                                                                                
                                                                                
                                                                                
                                                                                
                                        -.-@-                                   
                                        |..<|                                   
                                        |...|                                   
                                        |...|                                   
                                        |...|                                   
                                        |...|                                   
                                        --.--                                   
                                                                                
                                                                                
                                                                                
                                                                                
                                                                                
                                                                                
                                                                                
                                                                                
                                                                                
                                                                                
Agent the Rambler              St:15 Dx:13 Co:12 In:15 Wi:6 Ch:14 Neutral S:0   
Dlvl:1 $:271 HP:10(10) Pw:2(2) AC:10 Xp:1/0                                     

",0.0,False
55,search,,"message:


language observation:
horizontal wall far south
vertical wall near southwest
dark area adjacent north, northeast, and northwest
northeast room corner adjacent east
vertical wall adjacent southeast
stairs up adjacent south
horizontal wall adjacent west

cursor:
Yourself a tourist
(x=43, y=5)

map:
                                                                                
                                                                                
                                                                                
                                                                                
                                        -.-@-                                   
                                        |..<|                                   
                                        |...|                                   
                                        |...|                                   
                                        |...|                                   
                                        |...|                                   
                                        --.--                                   
                                                                                
                                                                                
                                                                                
                                                                                
                                                                                
                                                                                
                                                                                
                                                                                
                                                                                
                                                                                
Agent the Rambler              St:15 Dx:13 Co:12 In:15 Wi:6 Ch:14 Neutral S:0   
Dlvl:1 $:271 HP:10(10) Pw:2(2) AC:10 Xp:1/0                                     

",0.0,False
56,kick east,"The goal is to reach the stairs down. I will start by searching the current room to find any hidden doors or passages. If I don't find any, I will move east and continue searching. If I still can't find a path, I will try to move around the room and examine the walls for any other possible openings. If all else fails, I will try to kick through the solid stone walls to find a way down.","

Your previous output did not contain a valid action. Defaulted to action: north

Observation:
message:
It's solid stone.

language observation:
horizontal wall far south
vertical wall near southwest
dark area adjacent north, northeast, and northwest
northeast room corner adjacent east
vertical wall adjacent southeast
stairs up adjacent south
horizontal wall adjacent west

cursor:
Yourself a tourist
(x=43, y=5)

map:
                                                                                
                                                                                
                                                                                
                                                                                
                                        -.-@-                                   
                                        |..<|                                   
                                        |...|                                   
                                        |...|                                   
                                        |...|                                   
                                        |...|                                   
                                        --.--                                   
                                                                                
                                                                                
                                                                                
                                                                                
                                                                                
                                                                                
                                                                                
                                                                                
                                                                                
                                                                                
Agent the Rambler              St:15 Dx:13 Co:12 In:15 Wi:6 Ch:14 Neutral S:0   
Dlvl:1 $:271 HP:10(10) Pw:2(2) AC:10 Xp:1/0                                     

",0.0,False
57,kick east,,"

Your previous output did not contain a valid action. Defaulted to action: north

Observation:
message:
It's solid stone.

language observation:
horizontal wall far south
vertical wall near southwest
dark area adjacent north, northeast, and northwest
northeast room corner adjacent east
vertical wall adjacent southeast
stairs up adjacent south
horizontal wall adjacent west

cursor:
Yourself a tourist
(x=43, y=5)

map:
                                                                                
                                                                                
                                                                                
                                                                                
                                        -.-@-                                   
                                        |..<|                                   
                                        |...|                                   
                                        |...|                                   
                                        |...|                                   
                                        |...|                                   
                                        --.--                                   
                                                                                
                                                                                
                                                                                
                                                                                
                                                                                
                                                                                
                                                                                
                                                                                
                                                                                
                                                                                
Agent the Rambler              St:15 Dx:13 Co:12 In:15 Wi:6 Ch:14 Neutral S:0   
Dlvl:1 $:271 HP:10(10) Pw:2(2) AC:10 Xp:1/0                                     

",0.0,False
58,search,"Based on the observations, the goal is to reach the stairs down. Since the current location is blocked by solid stone walls, I will need to find a way around the room or create a new path. The northeast room corner is adjacent to the east, which might indicate a possible way to access the stairs down. I will try to move east and examine the northeast room corner more closely to see if there's a hidden door or passage. If that doesn't work, I will continue searching the room for any other possible openings or try to kick through the walls to create a new path.","message:


language observation:
horizontal wall far south
vertical wall near southwest
dark area adjacent north, northeast, and northwest
northeast room corner adjacent east
vertical wall adjacent southeast
stairs up adjacent south
horizontal wall adjacent west

cursor:
Yourself a tourist
(x=43, y=5)

map:
                                                                                
                                                                                
                                                                                
                                                                                
                                        -.-@-                                   
                                        |..<|                                   
                                        |...|                                   
                                        |...|                                   
                                        |...|                                   
                                        |...|                                   
                                        --.--                                   
                                                                                
                                                                                
                                                                                
                                                                                
                                                                                
                                                                                
                                                                                
                                                                                
                                                                                
                                                                                
Agent the Rambler              St:15 Dx:13 Co:12 In:15 Wi:6 Ch:14 Neutral S:0   
Dlvl:1 $:271 HP:10(10) Pw:2(2) AC:10 Xp:1/0                                     

",0.0,False
59,search,,"message:


language observation:
horizontal wall far south
vertical wall near southwest
dark area adjacent north, northeast, and northwest
northeast room corner adjacent east
vertical wall adjacent southeast
stairs up adjacent south
horizontal wall adjacent west

cursor:
Yourself a tourist
(x=43, y=5)

map:
                                                                                
                                                                                
                                                                                
                                                                                
                                        -.-@-                                   
                                        |..<|                                   
                                        |...|                                   
                                        |...|                                   
                                        |...|                                   
                                        |...|                                   
                                        --.--                                   
                                                                                
                                                                                
                                                                                
                                                                                
                                                                                
                                                                                
                                                                                
                                                                                
                                                                                
                                                                                
Agent the Rambler              St:15 Dx:13 Co:12 In:15 Wi:6 Ch:14 Neutral S:0   
Dlvl:1 $:271 HP:10(10) Pw:2(2) AC:10 Xp:1/0                                     

",0.0,False
60,search,"My plan is to continue searching the room for any hidden doors or passages that may lead to the stairs down. Since the northeast room corner is adjacent to the east, I will try to examine it more closely to see if there's a hidden door or passage. If that doesn't work, I will try to move east and examine the area again. If neither of these options work, I will try to kick through the walls to create a new path.","message:


language observation:
horizontal wall far south
vertical wall near southwest
dark area adjacent north, northeast, and northwest
northeast room corner adjacent east
vertical wall adjacent southeast
stairs up adjacent south
horizontal wall adjacent west

cursor:
Yourself a tourist
(x=43, y=5)

map:
                                                                                
                                                                                
                                                                                
                                                                                
                                        -.-@-                                   
                                        |..<|                                   
                                        |...|                                   
                                        |...|                                   
                                        |...|                                   
                                        |...|                                   
                                        --.--                                   
                                                                                
                                                                                
                                                                                
                                                                                
                                                                                
                                                                                
                                                                                
                                                                                
                                                                                
                                                                                
Agent the Rambler              St:15 Dx:13 Co:12 In:15 Wi:6 Ch:14 Neutral S:0   
Dlvl:1 $:271 HP:10(10) Pw:2(2) AC:10 Xp:1/0                                     

",0.0,False
61,search,,"message:


language observation:
horizontal wall far south
vertical wall near southwest
dark area adjacent north, northeast, and northwest
northeast room corner adjacent east
vertical wall adjacent southeast
stairs up adjacent south
horizontal wall adjacent west

cursor:
Yourself a tourist
(x=43, y=5)

map:
                                                                                
                                                                                
                                                                                
                                                                                
                                        -.-@-                                   
                                        |..<|                                   
                                        |...|                                   
                                        |...|                                   
                                        |...|                                   
                                        |...|                                   
                                        --.--                                   
                                                                                
                                                                                
                                                                                
                                                                                
                                                                                
                                                                                
                                                                                
                                                                                
                                                                                
                                                                                
Agent the Rambler              St:15 Dx:13 Co:12 In:15 Wi:6 Ch:14 Neutral S:0   
Dlvl:1 $:271 HP:10(10) Pw:2(2) AC:10 Xp:1/0                                     

",0.0,False
62,south,"Based on the current observations, the goal is to reach the stairs down. Since the stairs up is adjacent south, it's likely that the stairs down is located north. I plan to move north and explore the area to find the stairs down. If I'm unable to find the stairs down, I will try to search for hidden doors or passages that may lead to it. If neither of these options work, I will try to kick through the walls to create a new path.","message:


language observation:
horizontal wall near south
vertical wall near southwest and west
dark area very near north
doorway adjacent north
northeast room corner adjacent northeast
vertical wall adjacent east and southeast
horizontal wall adjacent northwest

cursor:
Yourself a tourist
(x=43, y=6)

map:
                                                                                
                                                                                
                                                                                
                                                                                
                                        -.-.-                                   
                                        |..@|                                   
                                        |...|                                   
                                        |...|                                   
                                        |...|                                   
                                        |...|                                   
                                        --.--                                   
                                                                                
                                                                                
                                                                                
                                                                                
                                                                                
                                                                                
                                                                                
                                                                                
                                                                                
                                                                                
Agent the Rambler              St:15 Dx:13 Co:12 In:15 Wi:6 Ch:14 Neutral S:0   
Dlvl:1 $:271 HP:10(10) Pw:2(2) AC:10 Xp:1/0                                     

",0.0,False
63,north,,"message:


language observation:
horizontal wall far south
vertical wall near southwest
dark area adjacent north, northeast, and northwest
northeast room corner adjacent east
vertical wall adjacent southeast
stairs up adjacent south
horizontal wall adjacent west

cursor:
Yourself a tourist
(x=43, y=5)

map:
                                                                                
                                                                                
                                                                                
                                                                                
                                        -.-@-                                   
                                        |..<|                                   
                                        |...|                                   
                                        |...|                                   
                                        |...|                                   
                                        |...|                                   
                                        --.--                                   
                                                                                
                                                                                
                                                                                
                                                                                
                                                                                
                                                                                
                                                                                
                                                                                
                                                                                
                                                                                
Agent the Rambler              St:15 Dx:13 Co:12 In:15 Wi:6 Ch:14 Neutral S:0   
Dlvl:1 $:271 HP:10(10) Pw:2(2) AC:10 Xp:1/0                                     

",0.0,False
64,north,"Based on the current observations, my plan is to find the stairs down, which is likely to be located north of the current position. Since the doorway was discovered adjacent north, it's reasonable to assume that it leads to the stairs down. To confirm this, I will move north and explore the area to find the stairs down. If the doorway leads to the stairs down, I will proceed to move through it. If not, I will try to search for other possible paths or hidden doors that may lead to the stairs down.","message:
It's solid stone.

language observation:
horizontal wall far south
vertical wall near southwest
dark area adjacent north, northeast, and northwest
northeast room corner adjacent east
vertical wall adjacent southeast
stairs up adjacent south
horizontal wall adjacent west

cursor:
Yourself a tourist
(x=43, y=5)

map:
                                                                                
                                                                                
                                                                                
                                                                                
                                        -.-@-                                   
                                        |..<|                                   
                                        |...|                                   
                                        |...|                                   
                                        |...|                                   
                                        |...|                                   
                                        --.--                                   
                                                                                
                                                                                
                                                                                
                                                                                
                                                                                
                                                                                
                                                                                
                                                                                
                                                                                
                                                                                
Agent the Rambler              St:15 Dx:13 Co:12 In:15 Wi:6 Ch:14 Neutral S:0   
Dlvl:1 $:271 HP:10(10) Pw:2(2) AC:10 Xp:1/0                                     

",0.0,False
65,north,,"message:
It's solid stone.

language observation:
horizontal wall far south
vertical wall near southwest
dark area adjacent north, northeast, and northwest
northeast room corner adjacent east
vertical wall adjacent southeast
stairs up adjacent south
horizontal wall adjacent west

cursor:
Yourself a tourist
(x=43, y=5)

map:
                                                                                
                                                                                
                                                                                
                                                                                
                                        -.-@-                                   
                                        |..<|                                   
                                        |...|                                   
                                        |...|                                   
                                        |...|                                   
                                        |...|                                   
                                        --.--                                   
                                                                                
                                                                                
                                                                                
                                                                                
                                                                                
                                                                                
                                                                                
                                                                                
                                                                                
                                                                                
Agent the Rambler              St:15 Dx:13 Co:12 In:15 Wi:6 Ch:14 Neutral S:0   
Dlvl:1 $:271 HP:10(10) Pw:2(2) AC:10 Xp:1/0                                     

",0.0,False
66,west,"The goal is to reach the stairs down, which is currently adjacent to the south. The current position is in a room with a solid stone wall to the north, indicating that there are no additional rooms to the north. Based on the observation of the previous actions, it seems that moving in the cardinal directions (north, south, east, west) does not reveal any new information or paths. Therefore, the most effective approach is to search for a hidden door or passage that may lead to the stairs down. To achieve this, I will start by moving west, as the vertical wall is adjacent to the southwest, which may indicate a hidden passage or door in that direction.","message:
It's a wall.

language observation:
horizontal wall far south
vertical wall near southwest
dark area adjacent north, northeast, and northwest
northeast room corner adjacent east
vertical wall adjacent southeast
stairs up adjacent south
horizontal wall adjacent west

cursor:
Yourself a tourist
(x=43, y=5)

map:
                                                                                
                                                                                
                                                                                
                                                                                
                                        -.-@-                                   
                                        |..<|                                   
                                        |...|                                   
                                        |...|                                   
                                        |...|                                   
                                        |...|                                   
                                        --.--                                   
                                                                                
                                                                                
                                                                                
                                                                                
                                                                                
                                                                                
                                                                                
                                                                                
                                                                                
                                                                                
Agent the Rambler              St:15 Dx:13 Co:12 In:15 Wi:6 Ch:14 Neutral S:0   
Dlvl:1 $:271 HP:10(10) Pw:2(2) AC:10 Xp:1/0                                     

",0.0,False
67,search,,"message:


language observation:
horizontal wall far south
vertical wall near southwest
dark area adjacent north, northeast, and northwest
northeast room corner adjacent east
vertical wall adjacent southeast
stairs up adjacent south
horizontal wall adjacent west

cursor:
Yourself a tourist
(x=43, y=5)

map:
                                                                                
                                                                                
                                                                                
                                                                                
                                        -.-@-                                   
                                        |..<|                                   
                                        |...|                                   
                                        |...|                                   
                                        |...|                                   
                                        |...|                                   
                                        --.--                                   
                                                                                
                                                                                
                                                                                
                                                                                
                                                                                
                                                                                
                                                                                
                                                                                
                                                                                
                                                                                
Agent the Rambler              St:15 Dx:13 Co:12 In:15 Wi:6 Ch:14 Neutral S:0   
Dlvl:1 $:271 HP:10(10) Pw:2(2) AC:10 Xp:1/0                                     

",0.0,False
68,search,"Based on the observations, it seems that there are no visible doors or passages leading to the stairs down. The solid stone walls and vertical walls near the southwest and southeast corners indicate that these areas are impassable. The dark areas to the north, northeast, and northwest may indicate a hidden passage or door, but searching in these areas did not reveal anything. Given this information, the best course of action is to explore the room further by searching for hidden doors or passages. If that does not work, we can try moving in a different direction or kicking the walls to see if they are indeed solid stone.

High-level plan:

1. Search the room for hidden doors or passages.
2. If the above does not work, try moving in a different direction.
3. If all else fails, kick the walls to confirm that they are solid stone.
4. Repeat the above steps until the stairs down are found.

Current plan: Search the room for hidden doors or passages by using the ""search"" action.","message:


language observation:
horizontal wall far south
vertical wall near southwest
dark area adjacent north, northeast, and northwest
northeast room corner adjacent east
vertical wall adjacent southeast
stairs up adjacent south
horizontal wall adjacent west

cursor:
Yourself a tourist
(x=43, y=5)

map:
                                                                                
                                                                                
                                                                                
                                                                                
                                        -.-@-                                   
                                        |..<|                                   
                                        |...|                                   
                                        |...|                                   
                                        |...|                                   
                                        |...|                                   
                                        --.--                                   
                                                                                
                                                                                
                                                                                
                                                                                
                                                                                
                                                                                
                                                                                
                                                                                
                                                                                
                                                                                
Agent the Rambler              St:15 Dx:13 Co:12 In:15 Wi:6 Ch:14 Neutral S:0   
Dlvl:1 $:271 HP:10(10) Pw:2(2) AC:10 Xp:1/0                                     

",0.0,False
69,kick northeast,,"

Your previous output did not contain a valid action. Defaulted to action: north

Observation:
message:
It's solid stone.

language observation:
horizontal wall far south
vertical wall near southwest
dark area adjacent north, northeast, and northwest
northeast room corner adjacent east
vertical wall adjacent southeast
stairs up adjacent south
horizontal wall adjacent west

cursor:
Yourself a tourist
(x=43, y=5)

map:
                                                                                
                                                                                
                                                                                
                                                                                
                                        -.-@-                                   
                                        |..<|                                   
                                        |...|                                   
                                        |...|                                   
                                        |...|                                   
                                        |...|                                   
                                        --.--                                   
                                                                                
                                                                                
                                                                                
                                                                                
                                                                                
                                                                                
                                                                                
                                                                                
                                                                                
                                                                                
Agent the Rambler              St:15 Dx:13 Co:12 In:15 Wi:6 Ch:14 Neutral S:0   
Dlvl:1 $:271 HP:10(10) Pw:2(2) AC:10 Xp:1/0                                     

",0.0,False
70,north,"Based on the observations, it seems that the stairs down are adjacent to the south, but they are inaccessible due to the presence of a horizontal wall far south. To solve the task, we need to find a way to remove or bypass this wall.

One possible approach is to search the room for hidden doors or passages, as suggested by the presence of dark areas adjacent to the north, northeast, and northwest. If we can find a hidden door or passage, we may be able to access the stairs down.

Another possible approach is to kick the walls to confirm that they are indeed solid stone, and to see if we can break through them. However, this approach may not be successful, and it may also cause damage to the walls.

A high-level plan for completing the task would be to:

1. Search the room for hidden doors or passages, starting with the dark areas adjacent to the north, northeast, and northwest.
2. If searching does not reveal any hidden doors or passages, try kicking the walls to confirm that they are solid stone.
3. If kicking the walls does not reveal any hidden doors or passages, repeat the process of searching and kicking the walls.
4. If we are unable to find a way to access the stairs down, we may need to explore other areas of the level to find an alternative solution.

Based on this plan, the next action is to search the dark area adjacent to the north.","message:
It's solid stone.

language observation:
horizontal wall far south
vertical wall near southwest
dark area adjacent north, northeast, and northwest
northeast room corner adjacent east
vertical wall adjacent southeast
stairs up adjacent south
horizontal wall adjacent west

cursor:
Yourself a tourist
(x=43, y=5)

map:
                                                                                
                                                                                
                                                                                
                                                                                
                                        -.-@-                                   
                                        |..<|                                   
                                        |...|                                   
                                        |...|                                   
                                        |...|                                   
                                        |...|                                   
                                        --.--                                   
                                                                                
                                                                                
                                                                                
                                                                                
                                                                                
                                                                                
                                                                                
                                                                                
                                                                                
                                                                                
Agent the Rambler              St:15 Dx:13 Co:12 In:15 Wi:6 Ch:14 Neutral S:0   
Dlvl:1 $:271 HP:10(10) Pw:2(2) AC:10 Xp:1/0                                     

",0.0,False
71,north,,"message:
It's solid stone.

language observation:
horizontal wall far south
vertical wall near southwest
dark area adjacent north, northeast, and northwest
northeast room corner adjacent east
vertical wall adjacent southeast
stairs up adjacent south
horizontal wall adjacent west

cursor:
Yourself a tourist
(x=43, y=5)

map:
                                                                                
                                                                                
                                                                                
                                                                                
                                        -.-@-                                   
                                        |..<|                                   
                                        |...|                                   
                                        |...|                                   
                                        |...|                                   
                                        |...|                                   
                                        --.--                                   
                                                                                
                                                                                
                                                                                
                                                                                
                                                                                
                                                                                
                                                                                
                                                                                
                                                                                
                                                                                
Agent the Rambler              St:15 Dx:13 Co:12 In:15 Wi:6 Ch:14 Neutral S:0   
Dlvl:1 $:271 HP:10(10) Pw:2(2) AC:10 Xp:1/0                                     

",0.0,False
72,search north,"Our goal is to reach the stairs down. The stairs are blocked by a horizontal wall far south, and we need to find a way to remove or bypass this wall. We can try to search the room for hidden doors or passages, or we can try to kick the walls to confirm that they are indeed solid stone.

One possible approach is to search the dark area adjacent to the north, northeast, and northwest. This area may contain a hidden door or passage that can take us to the other side of the wall.

If searching does not reveal any hidden doors or passages, we can try to kick the walls to confirm that they are solid stone. This may also help us to identify any potential weaknesses in the walls.

In addition, we can try to move around the room to see if there are any other areas that may contain hidden doors or passages. We can also try to get a better view of the room by moving to a higher location or by using an object that can give us a better view.

Ultimately, our goal is to find a way to reach the stairs down, and we will need to use a combination of exploration, searching, and kicking to achieve this goal.

Based on this plan, our next action is to search the dark area adjacent to the north, northeast, and northwest.","

Your previous output did not contain a valid action. Defaulted to action: north

Observation:
message:
It's solid stone.

language observation:
horizontal wall far south
vertical wall near southwest
dark area adjacent north, northeast, and northwest
northeast room corner adjacent east
vertical wall adjacent southeast
stairs up adjacent south
horizontal wall adjacent west

cursor:
Yourself a tourist
(x=43, y=5)

map:
                                                                                
                                                                                
                                                                                
                                                                                
                                        -.-@-                                   
                                        |..<|                                   
                                        |...|                                   
                                        |...|                                   
                                        |...|                                   
                                        |...|                                   
                                        --.--                                   
                                                                                
                                                                                
                                                                                
                                                                                
                                                                                
                                                                                
                                                                                
                                                                                
                                                                                
                                                                                
Agent the Rambler              St:15 Dx:13 Co:12 In:15 Wi:6 Ch:14 Neutral S:0   
Dlvl:1 $:271 HP:10(10) Pw:2(2) AC:10 Xp:1/0                                     

",0.0,False
73,northwest,,"message:
It's solid stone.

language observation:
horizontal wall far south
vertical wall near southwest
dark area adjacent north, northeast, and northwest
northeast room corner adjacent east
vertical wall adjacent southeast
stairs up adjacent south
horizontal wall adjacent west

cursor:
Yourself a tourist
(x=43, y=5)

map:
                                                                                
                                                                                
                                                                                
                                                                                
                                        -.-@-                                   
                                        |..<|                                   
                                        |...|                                   
                                        |...|                                   
                                        |...|                                   
                                        |...|                                   
                                        --.--                                   
                                                                                
                                                                                
                                                                                
                                                                                
                                                                                
                                                                                
                                                                                
                                                                                
                                                                                
                                                                                
Agent the Rambler              St:15 Dx:13 Co:12 In:15 Wi:6 Ch:14 Neutral S:0   
Dlvl:1 $:271 HP:10(10) Pw:2(2) AC:10 Xp:1/0                                     

",0.0,False
74,search north,"Our goal is to reach the stairs down. The stairs are blocked by a horizontal wall far south, and we need to find a way to remove or bypass this wall.

From our previous observations, we have confirmed that the walls in this room are solid stone, and there are no visible openings or doors.

Based on this information, our best option is to search the room for hidden doors or passages. We have already searched the room, but we may have missed something.

We will start by searching the dark area adjacent to the north, northeast, and northwest. This area may contain a hidden door or passage that can take us to the other side of the wall.

If searching does not reveal any hidden doors or passages, we can try to kick the walls to confirm that they are indeed solid stone. This may also help us to identify any potential weaknesses in the walls.

Once we have explored the room and identified any potential weaknesses in the walls, we can start to think about how to remove or bypass the wall. This may involve using an object in our inventory, such as a tool or a projectile, to damage the wall.

Our overall plan is to:

1. Search the room for hidden doors or passages
2. Identify any potential weaknesses in the walls
3. Use an object in our inventory to remove or bypass the wall

Our first action will be to search the dark area adjacent to the north, northeast, and northwest.","

Your previous output did not contain a valid action. Defaulted to action: north

Observation:
message:
It's solid stone.

language observation:
horizontal wall far south
vertical wall near southwest
dark area adjacent north, northeast, and northwest
northeast room corner adjacent east
vertical wall adjacent southeast
stairs up adjacent south
horizontal wall adjacent west

cursor:
Yourself a tourist
(x=43, y=5)

map:
                                                                                
                                                                                
                                                                                
                                                                                
                                        -.-@-                                   
                                        |..<|                                   
                                        |...|                                   
                                        |...|                                   
                                        |...|                                   
                                        |...|                                   
                                        --.--                                   
                                                                                
                                                                                
                                                                                
                                                                                
                                                                                
                                                                                
                                                                                
                                                                                
                                                                                
                                                                                
Agent the Rambler              St:15 Dx:13 Co:12 In:15 Wi:6 Ch:14 Neutral S:0   
Dlvl:1 $:271 HP:10(10) Pw:2(2) AC:10 Xp:1/0                                     

",0.0,False
75,search north,,"

Your previous output did not contain a valid action. Defaulted to action: north

Observation:
message:
It's solid stone.

language observation:
horizontal wall far south
vertical wall near southwest
dark area adjacent north, northeast, and northwest
northeast room corner adjacent east
vertical wall adjacent southeast
stairs up adjacent south
horizontal wall adjacent west

cursor:
Yourself a tourist
(x=43, y=5)

map:
                                                                                
                                                                                
                                                                                
                                                                                
                                        -.-@-                                   
                                        |..<|                                   
                                        |...|                                   
                                        |...|                                   
                                        |...|                                   
                                        |...|                                   
                                        --.--                                   
                                                                                
                                                                                
                                                                                
                                                                                
                                                                                
                                                                                
                                                                                
                                                                                
                                                                                
                                                                                
Agent the Rambler              St:15 Dx:13 Co:12 In:15 Wi:6 Ch:14 Neutral S:0   
Dlvl:1 $:271 HP:10(10) Pw:2(2) AC:10 Xp:1/0                                     

",0.0,False
76,south,"Our goal is to reach the stairs down, but the horizontal wall far south blocks our way. We need to find a way to remove or bypass this wall. We can use the items in our inventory to examine the wall more closely and potentially find a weakness.

One option is to search the wall again, looking for any hidden doors or passages that might have been missed. Another option is to use an object in our inventory to examine the wall, such as the tin opener or the camera. 

Our high-level plan is to search the wall again, looking for any hidden doors or passages, and then to use the items in our inventory to examine the wall and find a weakness.

First, we will search the wall to see if there is a hidden door or passage that we missed. If we do not find anything, we will use the items in our inventory to examine the wall and find a weakness.","message:


language observation:
horizontal wall near south
vertical wall near southwest and west
dark area very near north
doorway adjacent north
northeast room corner adjacent northeast
vertical wall adjacent east and southeast
horizontal wall adjacent northwest

cursor:
Yourself a tourist
(x=43, y=6)

map:
                                                                                
                                                                                
                                                                                
                                                                                
                                        -.-.-                                   
                                        |..@|                                   
                                        |...|                                   
                                        |...|                                   
                                        |...|                                   
                                        |...|                                   
                                        --.--                                   
                                                                                
                                                                                
                                                                                
                                                                                
                                                                                
                                                                                
                                                                                
                                                                                
                                                                                
                                                                                
Agent the Rambler              St:15 Dx:13 Co:12 In:15 Wi:6 Ch:14 Neutral S:0   
Dlvl:1 $:271 HP:10(10) Pw:2(2) AC:10 Xp:1/0                                     

",0.0,False
77,search,,"message:


language observation:
horizontal wall near south
vertical wall near southwest and west
dark area very near north
doorway adjacent north
northeast room corner adjacent northeast
vertical wall adjacent east and southeast
horizontal wall adjacent northwest

cursor:
Yourself a tourist
(x=43, y=6)

map:
                                                                                
                                                                                
                                                                                
                                                                                
                                        -.-.-                                   
                                        |..@|                                   
                                        |...|                                   
                                        |...|                                   
                                        |...|                                   
                                        |...|                                   
                                        --.--                                   
                                                                                
                                                                                
                                                                                
                                                                                
                                                                                
                                                                                
                                                                                
                                                                                
                                                                                
                                                                                
Agent the Rambler              St:15 Dx:13 Co:12 In:15 Wi:6 Ch:14 Neutral S:0   
Dlvl:1 $:271 HP:10(10) Pw:2(2) AC:10 Xp:1/0                                     

",0.0,False
78,north,"Our goal is to reach the stairs down, but the horizontal wall near south blocks our way. However, we have now noticed a doorway adjacent to our current position. We can use this doorway to move south and bypass the horizontal wall. Once we are through the doorway, we can continue to move south to reach the stairs down.

To complete this task, we will take the following actions:

1. Move through the doorway south
2. Continue moving south to reach the stairs down

We will use the doorway as a means to bypass the horizontal wall and reach the stairs down.","message:


language observation:
horizontal wall far south
vertical wall near southwest
dark area adjacent north, northeast, and northwest
northeast room corner adjacent east
vertical wall adjacent southeast
stairs up adjacent south
horizontal wall adjacent west

cursor:
Yourself a tourist
(x=43, y=5)

map:
                                                                                
                                                                                
                                                                                
                                                                                
                                        -.-@-                                   
                                        |..<|                                   
                                        |...|                                   
                                        |...|                                   
                                        |...|                                   
                                        |...|                                   
                                        --.--                                   
                                                                                
                                                                                
                                                                                
                                                                                
                                                                                
                                                                                
                                                                                
                                                                                
                                                                                
                                                                                
Agent the Rambler              St:15 Dx:13 Co:12 In:15 Wi:6 Ch:14 Neutral S:0   
Dlvl:1 $:271 HP:10(10) Pw:2(2) AC:10 Xp:1/0                                     

",0.0,False
79,north,,"message:
It's solid stone.

language observation:
horizontal wall far south
vertical wall near southwest
dark area adjacent north, northeast, and northwest
northeast room corner adjacent east
vertical wall adjacent southeast
stairs up adjacent south
horizontal wall adjacent west

cursor:
Yourself a tourist
(x=43, y=5)

map:
                                                                                
                                                                                
                                                                                
                                                                                
                                        -.-@-                                   
                                        |..<|                                   
                                        |...|                                   
                                        |...|                                   
                                        |...|                                   
                                        |...|                                   
                                        --.--                                   
                                                                                
                                                                                
                                                                                
                                                                                
                                                                                
                                                                                
                                                                                
                                                                                
                                                                                
                                                                                
Agent the Rambler              St:15 Dx:13 Co:12 In:15 Wi:6 Ch:14 Neutral S:0   
Dlvl:1 $:271 HP:10(10) Pw:2(2) AC:10 Xp:1/0                                     

",0.0,False
80,north,"Based on the observations and the goal to reach the stairs down, our plan is to move north and then enter the doorway to bypass the horizontal wall and reach the stairs down. We will continue to move south after entering the doorway to reach the stairs down.

However, upon further review of the situation, I realized that we are currently not at the doorway. To reach the doorway, we need to move north. Then we can enter the doorway and move south to reach the stairs down.

Here is our updated plan:

1. Move north to reach the doorway.
2. Enter the doorway to bypass the horizontal wall.
3. Move south to reach the stairs down.

We will execute the first step of the plan by moving north.","message:
It's solid stone.

language observation:
horizontal wall far south
vertical wall near southwest
dark area adjacent north, northeast, and northwest
northeast room corner adjacent east
vertical wall adjacent southeast
stairs up adjacent south
horizontal wall adjacent west

cursor:
Yourself a tourist
(x=43, y=5)

map:
                                                                                
                                                                                
                                                                                
                                                                                
                                        -.-@-                                   
                                        |..<|                                   
                                        |...|                                   
                                        |...|                                   
                                        |...|                                   
                                        |...|                                   
                                        --.--                                   
                                                                                
                                                                                
                                                                                
                                                                                
                                                                                
                                                                                
                                                                                
                                                                                
                                                                                
                                                                                
Agent the Rambler              St:15 Dx:13 Co:12 In:15 Wi:6 Ch:14 Neutral S:0   
Dlvl:1 $:271 HP:10(10) Pw:2(2) AC:10 Xp:1/0                                     

",0.0,False
81,north,,"message:
It's solid stone.

language observation:
horizontal wall far south
vertical wall near southwest
dark area adjacent north, northeast, and northwest
northeast room corner adjacent east
vertical wall adjacent southeast
stairs up adjacent south
horizontal wall adjacent west

cursor:
Yourself a tourist
(x=43, y=5)

map:
                                                                                
                                                                                
                                                                                
                                                                                
                                        -.-@-                                   
                                        |..<|                                   
                                        |...|                                   
                                        |...|                                   
                                        |...|                                   
                                        |...|                                   
                                        --.--                                   
                                                                                
                                                                                
                                                                                
                                                                                
                                                                                
                                                                                
                                                                                
                                                                                
                                                                                
                                                                                
Agent the Rambler              St:15 Dx:13 Co:12 In:15 Wi:6 Ch:14 Neutral S:0   
Dlvl:1 $:271 HP:10(10) Pw:2(2) AC:10 Xp:1/0                                     

",0.0,False
82,search north,"We need to reach the stairs down, but the path is blocked by a solid stone wall. To bypass the wall, we need to find a door or a passage that will allow us to access the stairs down. After reviewing the observations, we see a dark area adjacent to the north, northeast, and northwest. This could potentially be a door or a passage. Our plan is to move north to investigate the dark area and see if we can find a way to reach the stairs down.","

Your previous output did not contain a valid action. Defaulted to action: north

Observation:
message:
It's solid stone.

language observation:
horizontal wall far south
vertical wall near southwest
dark area adjacent north, northeast, and northwest
northeast room corner adjacent east
vertical wall adjacent southeast
stairs up adjacent south
horizontal wall adjacent west

cursor:
Yourself a tourist
(x=43, y=5)

map:
                                                                                
                                                                                
                                                                                
                                                                                
                                        -.-@-                                   
                                        |..<|                                   
                                        |...|                                   
                                        |...|                                   
                                        |...|                                   
                                        |...|                                   
                                        --.--                                   
                                                                                
                                                                                
                                                                                
                                                                                
                                                                                
                                                                                
                                                                                
                                                                                
                                                                                
                                                                                
Agent the Rambler              St:15 Dx:13 Co:12 In:15 Wi:6 Ch:14 Neutral S:0   
Dlvl:1 $:271 HP:10(10) Pw:2(2) AC:10 Xp:1/0                                     

",0.0,False
83,search,,"message:


language observation:
horizontal wall far south
vertical wall near southwest
dark area adjacent north, northeast, and northwest
northeast room corner adjacent east
vertical wall adjacent southeast
stairs up adjacent south
horizontal wall adjacent west

cursor:
Yourself a tourist
(x=43, y=5)

map:
                                                                                
                                                                                
                                                                                
                                                                                
                                        -.-@-                                   
                                        |..<|                                   
                                        |...|                                   
                                        |...|                                   
                                        |...|                                   
                                        |...|                                   
                                        --.--                                   
                                                                                
                                                                                
                                                                                
                                                                                
                                                                                
                                                                                
                                                                                
                                                                                
                                                                                
                                                                                
Agent the Rambler              St:15 Dx:13 Co:12 In:15 Wi:6 Ch:14 Neutral S:0   
Dlvl:1 $:271 HP:10(10) Pw:2(2) AC:10 Xp:1/0                                     

",0.0,False
84,open,"We need to reach the stairs down, but the path is blocked by a solid stone wall. Our previous attempts to move north were unsuccessful. However, we did observe a dark area adjacent to the north, northeast, and northwest, which could potentially be a door or a passage. Our high-level plan is to search the dark area and try to open it, hoping that it will lead us to the stairs down. We will then proceed to follow the passage or door and navigate through the level to reach the stairs down.","message:
In what direction?

language observation:
horizontal wall far south
vertical wall near southwest
dark area adjacent north, northeast, and northwest
northeast room corner adjacent east
vertical wall adjacent southeast
stairs up adjacent south
horizontal wall adjacent west

cursor:

(x=19, y=0)

map:
                                                                                
                                                                                
                                                                                
                                                                                
                                        -.-@-                                   
                                        |..<|                                   
                                        |...|                                   
                                        |...|                                   
                                        |...|                                   
                                        |...|                                   
                                        --.--                                   
                                                                                
                                                                                
                                                                                
                                                                                
                                                                                
                                                                                
                                                                                
                                                                                
                                                                                
                                                                                
Agent the Rambler              St:15 Dx:13 Co:12 In:15 Wi:6 Ch:14 Neutral S:0   
Dlvl:1 $:271 HP:10(10) Pw:2(2) AC:10 Xp:1/0                                     

",0.0,False
85,open,,"message:
What a strange direction!  Never mind.

language observation:
horizontal wall far south
vertical wall near southwest
dark area adjacent north, northeast, and northwest
northeast room corner adjacent east
vertical wall adjacent southeast
stairs up adjacent south
horizontal wall adjacent west

cursor:
Yourself a tourist
(x=43, y=5)

map:
                                                                                
                                                                                
                                                                                
                                                                                
                                        -.-@-                                   
                                        |..<|                                   
                                        |...|                                   
                                        |...|                                   
                                        |...|                                   
                                        |...|                                   
                                        --.--                                   
                                                                                
                                                                                
                                                                                
                                                                                
                                                                                
                                                                                
                                                                                
                                                                                
                                                                                
                                                                                
Agent the Rambler              St:15 Dx:13 Co:12 In:15 Wi:6 Ch:14 Neutral S:0   
Dlvl:1 $:271 HP:10(10) Pw:2(2) AC:10 Xp:1/0                                     

",0.0,False
86,search north,"Our goal is to reach the stairs down, but we are currently blocked by a solid stone wall. To solve this, we will move back to the previous location (43, y=5) and try to open the dark area that we observed earlier. We will then proceed to follow the passage or door and navigate through the level to reach the stairs down. Since the dark area is adjacent to north, northeast, and northwest, we will start by searching the north direction to try and open the dark area.","

Your previous output did not contain a valid action. Defaulted to action: north

Observation:
message:
It's solid stone.

language observation:
horizontal wall far south
vertical wall near southwest
dark area adjacent north, northeast, and northwest
northeast room corner adjacent east
vertical wall adjacent southeast
stairs up adjacent south
horizontal wall adjacent west

cursor:
Yourself a tourist
(x=43, y=5)

map:
                                                                                
                                                                                
                                                                                
                                                                                
                                        -.-@-                                   
                                        |..<|                                   
                                        |...|                                   
                                        |...|                                   
                                        |...|                                   
                                        |...|                                   
                                        --.--                                   
                                                                                
                                                                                
                                                                                
                                                                                
                                                                                
                                                                                
                                                                                
                                                                                
                                                                                
                                                                                
Agent the Rambler              St:15 Dx:13 Co:12 In:15 Wi:6 Ch:14 Neutral S:0   
Dlvl:1 $:271 HP:10(10) Pw:2(2) AC:10 Xp:1/0                                     

",0.0,False
87,search,,"message:


language observation:
horizontal wall far south
vertical wall near southwest
dark area adjacent north, northeast, and northwest
northeast room corner adjacent east
vertical wall adjacent southeast
stairs up adjacent south
horizontal wall adjacent west

cursor:
Yourself a tourist
(x=43, y=5)

map:
                                                                                
                                                                                
                                                                                
                                                                                
                                        -.-@-                                   
                                        |..<|                                   
                                        |...|                                   
                                        |...|                                   
                                        |...|                                   
                                        |...|                                   
                                        --.--                                   
                                                                                
                                                                                
                                                                                
                                                                                
                                                                                
                                                                                
                                                                                
                                                                                
                                                                                
                                                                                
Agent the Rambler              St:15 Dx:13 Co:12 In:15 Wi:6 Ch:14 Neutral S:0   
Dlvl:1 $:271 HP:10(10) Pw:2(2) AC:10 Xp:1/0                                     

",0.0,False
88,search,"Based on the observations, we are currently blocked by a solid stone wall and cannot reach the stairs down directly. Our goal is to navigate through the level to reach the stairs down. We will start by searching the dark area adjacent to north, northeast, and northwest to try and find a passage or door. Once we find an opening, we will proceed to follow the passage or door and navigate through the level to reach the stairs down.","message:


language observation:
horizontal wall far south
vertical wall near southwest
dark area adjacent north, northeast, and northwest
northeast room corner adjacent east
vertical wall adjacent southeast
stairs up adjacent south
horizontal wall adjacent west

cursor:
Yourself a tourist
(x=43, y=5)

map:
                                                                                
                                                                                
                                                                                
                                                                                
                                        -.-@-                                   
                                        |..<|                                   
                                        |...|                                   
                                        |...|                                   
                                        |...|                                   
                                        |...|                                   
                                        --.--                                   
                                                                                
                                                                                
                                                                                
                                                                                
                                                                                
                                                                                
                                                                                
                                                                                
                                                                                
                                                                                
Agent the Rambler              St:15 Dx:13 Co:12 In:15 Wi:6 Ch:14 Neutral S:0   
Dlvl:1 $:271 HP:10(10) Pw:2(2) AC:10 Xp:1/0                                     

",0.0,False
89,northwest,,"message:
It's solid stone.

language observation:
horizontal wall far south
vertical wall near southwest
dark area adjacent north, northeast, and northwest
northeast room corner adjacent east
vertical wall adjacent southeast
stairs up adjacent south
horizontal wall adjacent west

cursor:
Yourself a tourist
(x=43, y=5)

map:
                                                                                
                                                                                
                                                                                
                                                                                
                                        -.-@-                                   
                                        |..<|                                   
                                        |...|                                   
                                        |...|                                   
                                        |...|                                   
                                        |...|                                   
                                        --.--                                   
                                                                                
                                                                                
                                                                                
                                                                                
                                                                                
                                                                                
                                                                                
                                                                                
                                                                                
                                                                                
Agent the Rambler              St:15 Dx:13 Co:12 In:15 Wi:6 Ch:14 Neutral S:0   
Dlvl:1 $:271 HP:10(10) Pw:2(2) AC:10 Xp:1/0                                     

",0.0,False
90,open,"Our goal is to reach the stairs down. Based on the observations, we are currently blocked by a solid stone wall and cannot reach the stairs down directly. To navigate through the level, we will start by searching the dark area adjacent to north, northeast, and northwest to try and find a passage or door. Once we find an opening, we will proceed to follow the passage or door and navigate through the level to reach the stairs down. We will continue to search and move until we find the stairs down.","message:
In what direction?

language observation:
horizontal wall far south
vertical wall near southwest
dark area adjacent north, northeast, and northwest
northeast room corner adjacent east
vertical wall adjacent southeast
stairs up adjacent south
horizontal wall adjacent west

cursor:

(x=19, y=0)

map:
                                                                                
                                                                                
                                                                                
                                                                                
                                        -.-@-                                   
                                        |..<|                                   
                                        |...|                                   
                                        |...|                                   
                                        |...|                                   
                                        |...|                                   
                                        --.--                                   
                                                                                
                                                                                
                                                                                
                                                                                
                                                                                
                                                                                
                                                                                
                                                                                
                                                                                
                                                                                
Agent the Rambler              St:15 Dx:13 Co:12 In:15 Wi:6 Ch:14 Neutral S:0   
Dlvl:1 $:271 HP:10(10) Pw:2(2) AC:10 Xp:1/0                                     

",0.0,False
91,north,,"message:
You see no door there.

language observation:
horizontal wall far south
vertical wall near southwest
dark area adjacent north, northeast, and northwest
northeast room corner adjacent east
vertical wall adjacent southeast
stairs up adjacent south
horizontal wall adjacent west

cursor:
Yourself a tourist
(x=43, y=5)

map:
                                                                                
                                                                                
                                                                                
                                                                                
                                        -.-@-                                   
                                        |..<|                                   
                                        |...|                                   
                                        |...|                                   
                                        |...|                                   
                                        |...|                                   
                                        --.--                                   
                                                                                
                                                                                
                                                                                
                                                                                
                                                                                
                                                                                
                                                                                
                                                                                
                                                                                
                                                                                
Agent the Rambler              St:15 Dx:13 Co:12 In:15 Wi:6 Ch:14 Neutral S:0   
Dlvl:1 $:271 HP:10(10) Pw:2(2) AC:10 Xp:1/0                                     

",0.0,False
92,open east,"Our goal is to reach the stairs down. Based on the observations, we are currently blocked by a solid stone wall and cannot reach the stairs down directly. To navigate through the level, we will start by trying to open the northeast room corner adjacent to east, which may contain a door or passage. If we cannot open the room, we will search the dark area adjacent to north, northeast, and northwest to try and find a passage or door. Once we find an opening, we will proceed to follow the passage or door and navigate through the level to reach the stairs down.","

Your previous output did not contain a valid action. Defaulted to action: north

Observation:
message:
It's solid stone.

language observation:
horizontal wall far south
vertical wall near southwest
dark area adjacent north, northeast, and northwest
northeast room corner adjacent east
vertical wall adjacent southeast
stairs up adjacent south
horizontal wall adjacent west

cursor:
Yourself a tourist
(x=43, y=5)

map:
                                                                                
                                                                                
                                                                                
                                                                                
                                        -.-@-                                   
                                        |..<|                                   
                                        |...|                                   
                                        |...|                                   
                                        |...|                                   
                                        |...|                                   
                                        --.--                                   
                                                                                
                                                                                
                                                                                
                                                                                
                                                                                
                                                                                
                                                                                
                                                                                
                                                                                
                                                                                
Agent the Rambler              St:15 Dx:13 Co:12 In:15 Wi:6 Ch:14 Neutral S:0   
Dlvl:1 $:271 HP:10(10) Pw:2(2) AC:10 Xp:1/0                                     

",0.0,False
93,search north,,"

Your previous output did not contain a valid action. Defaulted to action: north

Observation:
message:
It's solid stone.

language observation:
horizontal wall far south
vertical wall near southwest
dark area adjacent north, northeast, and northwest
northeast room corner adjacent east
vertical wall adjacent southeast
stairs up adjacent south
horizontal wall adjacent west

cursor:
Yourself a tourist
(x=43, y=5)

map:
                                                                                
                                                                                
                                                                                
                                                                                
                                        -.-@-                                   
                                        |..<|                                   
                                        |...|                                   
                                        |...|                                   
                                        |...|                                   
                                        |...|                                   
                                        --.--                                   
                                                                                
                                                                                
                                                                                
                                                                                
                                                                                
                                                                                
                                                                                
                                                                                
                                                                                
                                                                                
Agent the Rambler              St:15 Dx:13 Co:12 In:15 Wi:6 Ch:14 Neutral S:0   
Dlvl:1 $:271 HP:10(10) Pw:2(2) AC:10 Xp:1/0                                     

",0.0,False
94,search north,"The goal is to reach the stairs down. Based on the observations, the northeast room corner adjacent to east contains a solid stone wall that blocks direct access to the stairs down. To navigate through the level, we will start by searching the dark area adjacent to north, northeast, and northwest to try and find a passage or door. We will then proceed to follow the passage or door and navigate through the level to reach the stairs down. If we find a passage or door, we will try to open it or move through it to continue our progress.","

Your previous output did not contain a valid action. Defaulted to action: north

Observation:
message:
It's solid stone.

language observation:
horizontal wall far south
vertical wall near southwest
dark area adjacent north, northeast, and northwest
northeast room corner adjacent east
vertical wall adjacent southeast
stairs up adjacent south
horizontal wall adjacent west

cursor:
Yourself a tourist
(x=43, y=5)

map:
                                                                                
                                                                                
                                                                                
                                                                                
                                        -.-@-                                   
                                        |..<|                                   
                                        |...|                                   
                                        |...|                                   
                                        |...|                                   
                                        |...|                                   
                                        --.--                                   
                                                                                
                                                                                
                                                                                
                                                                                
                                                                                
                                                                                
                                                                                
                                                                                
                                                                                
                                                                                
Agent the Rambler              St:15 Dx:13 Co:12 In:15 Wi:6 Ch:14 Neutral S:0   
Dlvl:1 $:271 HP:10(10) Pw:2(2) AC:10 Xp:1/0                                     

",0.0,False
95,search,,"message:


language observation:
horizontal wall far south
vertical wall near southwest
dark area adjacent north, northeast, and northwest
northeast room corner adjacent east
vertical wall adjacent southeast
stairs up adjacent south
horizontal wall adjacent west

cursor:
Yourself a tourist
(x=43, y=5)

map:
                                                                                
                                                                                
                                                                                
                                                                                
                                        -.-@-                                   
                                        |..<|                                   
                                        |...|                                   
                                        |...|                                   
                                        |...|                                   
                                        |...|                                   
                                        --.--                                   
                                                                                
                                                                                
                                                                                
                                                                                
                                                                                
                                                                                
                                                                                
                                                                                
                                                                                
                                                                                
Agent the Rambler              St:15 Dx:13 Co:12 In:15 Wi:6 Ch:14 Neutral S:0   
Dlvl:1 $:271 HP:10(10) Pw:2(2) AC:10 Xp:1/0                                     

",0.0,False
96,search,"The goal is to reach the stairs down. Based on the observations, the northeast room corner adjacent to east contains a solid stone wall that blocks direct access to the stairs down. To navigate through the level, we will start by searching the dark area adjacent to north, northeast, and northwest to try and find a passage or door. We will then proceed to follow the passage or door and navigate through the level to reach the stairs down.

One possibility is that the dark area is actually a room or a passage that we can access by opening a hidden door. If this is the case, we can use the ""search"" action to try and find the hidden door and then ""open"" it to access the room or passage.

We will start by searching the dark area to try and find the hidden door. If we don't find the door, we will try to search other areas of the level to find a passage or door that we can use to reach the stairs down.

Our plan is to:

1. Search the dark area adjacent to north, northeast, and northwest to try and find a hidden door.
2. If we find the hidden door, open it to access the room or passage.
3. If we don't find the hidden door, search other areas of the level to find a passage or door that we can use to reach the stairs down.
4. Follow the passage or door and navigate through the level to reach the stairs down.","message:


language observation:
horizontal wall far south
vertical wall near southwest
dark area adjacent north, northeast, and northwest
northeast room corner adjacent east
vertical wall adjacent southeast
stairs up adjacent south
horizontal wall adjacent west

cursor:
Yourself a tourist
(x=43, y=5)

map:
                                                                                
                                                                                
                                                                                
                                                                                
                                        -.-@-                                   
                                        |..<|                                   
                                        |...|                                   
                                        |...|                                   
                                        |...|                                   
                                        |...|                                   
                                        --.--                                   
                                                                                
                                                                                
                                                                                
                                                                                
                                                                                
                                                                                
                                                                                
                                                                                
                                                                                
                                                                                
Agent the Rambler              St:15 Dx:13 Co:12 In:15 Wi:6 Ch:14 Neutral S:0   
Dlvl:1 $:271 HP:10(10) Pw:2(2) AC:10 Xp:1/0                                     

",0.0,False
97,search north,,"

Your previous output did not contain a valid action. Defaulted to action: north

Observation:
message:
It's solid stone.

language observation:
horizontal wall far south
vertical wall near southwest
dark area adjacent north, northeast, and northwest
northeast room corner adjacent east
vertical wall adjacent southeast
stairs up adjacent south
horizontal wall adjacent west

cursor:
Yourself a tourist
(x=43, y=5)

map:
                                                                                
                                                                                
                                                                                
                                                                                
                                        -.-@-                                   
                                        |..<|                                   
                                        |...|                                   
                                        |...|                                   
                                        |...|                                   
                                        |...|                                   
                                        --.--                                   
                                                                                
                                                                                
                                                                                
                                                                                
                                                                                
                                                                                
                                                                                
                                                                                
                                                                                
                                                                                
Agent the Rambler              St:15 Dx:13 Co:12 In:15 Wi:6 Ch:14 Neutral S:0   
Dlvl:1 $:271 HP:10(10) Pw:2(2) AC:10 Xp:1/0                                     

",0.0,False
98,search north,"The goal is to reach the stairs down. Based on the observations, the northeast room corner adjacent to east contains a solid stone wall that blocks direct access to the stairs down. To navigate through the level, we will try to find a passage or door that leads to the stairs down. Since the dark area adjacent to north, northeast, and northwest is the only unexplored area, we will search this area to try and find a hidden door or passage.

We will also keep in mind that the level map suggests that there may be multiple rooms or areas, and we may need to explore multiple areas to find a path to the stairs down.

We will search the dark area and then proceed to explore other areas of the level as needed.

One possible approach is to search the dark area, then try to move in the direction that is adjacent to the stairs down, and repeat this process until we find a way to reach the stairs down.","

Your previous output did not contain a valid action. Defaulted to action: north

Observation:
message:
It's solid stone.

language observation:
horizontal wall far south
vertical wall near southwest
dark area adjacent north, northeast, and northwest
northeast room corner adjacent east
vertical wall adjacent southeast
stairs up adjacent south
horizontal wall adjacent west

cursor:
Yourself a tourist
(x=43, y=5)

map:
                                                                                
                                                                                
                                                                                
                                                                                
                                        -.-@-                                   
                                        |..<|                                   
                                        |...|                                   
                                        |...|                                   
                                        |...|                                   
                                        |...|                                   
                                        --.--                                   
                                                                                
                                                                                
                                                                                
                                                                                
                                                                                
                                                                                
                                                                                
                                                                                
                                                                                
                                                                                
Agent the Rambler              St:15 Dx:13 Co:12 In:15 Wi:6 Ch:14 Neutral S:0   
Dlvl:1 $:271 HP:10(10) Pw:2(2) AC:10 Xp:1/0                                     

",0.0,False
99,search north,,"

Your previous output did not contain a valid action. Defaulted to action: north

Observation:
message:
 
No  Points     Name                                                   Hp [max]
0  Agent-Tou-Hum-Fem-Neu quit in The Dungeons of Doom on
level 1.                                               10  [10]


language observation:
dark area adjacent east, southeast, and south

cursor:
very far eastsoutheast 
(x=77, y=6)

map:
 No  Points     Name                                                   Hp [max] 
                                                                                
            0  Agent-Tou-Hum-Fem-Neu quit in The Dungeons of Doom on            
                                                                                
              level 1.                                               10  [10]   
                                                                                
                                                                                
                                                                                
                                                                                
                                                                                
                                                                                
                                                                                
                                                                                
                                                                                
                                                                                
                                                                                
                                                                                
                                                                                
                                                                                
                                                                                
                                                                                
                                                                                
                                                                                

",0.0,True
