Step,Action,Reasoning,Observation,Reward,Done
0,east,"I plan to systematically explore the level, starting from the current location, by moving in a direction that will give me more information. Since the level is dark, I will use my bullwhip to light up the area by kicking any dark objects. As I move, I will use the 'search' action to find any hidden doors or passages. I will prioritize moving east first to find any doors that might lead to the stairs down. Once I have a better understanding of the level layout, I can adjust my plan accordingly. Since I am currently standing at (x=45, y=17), I will start by moving east to gain more information.","message:


language observation:
horizontal wall near north and northwest
dark area near northeast, east, and west
vertical closed door near west
vertical closed door very near northeast
doorway very near east
horizontal wall adjacent southeast, south, and southwest
stairs up adjacent west

cursor:
Yourself a archeologist
(x=46, y=17)

map:
                                                                                
                                                                                
                                                                                
                                                                                
                                                                                
                                                                                
                                                                                
                                                                                
                                                                                
                                                                                
                                                                                
                                                                                
                                                                                
                                          -------                               
                                          |.....+                               
                                          |.....|                               
                                          +..<@..                               
                                          -------                               
                                                                                
                                                                                
                                                                                
Agent the Digger               St:14 Dx:12 Co:13 In:16 Wi:11 Ch:8 Lawful S:0    
Dlvl:1 $:0 HP:15(15) Pw:1(1) AC:9 Xp:1/0                                        

",0.0,False
1,north,,"message:


language observation:
vertical closed door near westsouthwest
vertical wall near west
horizontal wall very near north, south, southwest, and northwest
northeast room corner very near northeast
vertical closed door very near eastnortheast
vertical wall very near east
southeast corner very near southeast
stairs up adjacent southwest

cursor:
Yourself a archeologist
(x=46, y=16)

map:
                                                                                
                                                                                
                                                                                
                                                                                
                                                                                
                                                                                
                                                                                
                                                                                
                                                                                
                                                                                
                                                                                
                                                                                
                                                                                
                                          -------                               
                                          |.....+                               
                                          |...@.|                               
                                          +..<...                               
                                          -------                               
                                                                                
                                                                                
                                                                                
Agent the Digger               St:14 Dx:12 Co:13 In:16 Wi:11 Ch:8 Lawful S:0    
Dlvl:1 $:0 HP:15(15) Pw:1(1) AC:9 Xp:1/0                                        

",0.0,False
2,east,"Based on previous observations, my high-level plan is to explore the level systematically and reach the stairs down. Since the stairs up are nearby, it is likely that the stairs down are in the opposite direction. I plan to move in a generally east direction, searching for doors, passages, and any potential items. When encountering closed doors, I will attempt to open them or use the bullwhip to light up the area to potentially reveal hidden passages or stairs down. As I progress, I will prioritize gaining more information about the level by moving in the direction that provides the most information, while also being cautious of any potential dangers such as vertical walls or dark areas.","message:


language observation:
vertical closed door near westsouthwest
vertical wall near west
horizontal wall very near north, south, southwest, and northwest
dark area very near northeast and southeast
stairs up very near westsouthwest
vertical closed door adjacent northeast
vertical wall adjacent east
doorway adjacent southeast

cursor:
Yourself a archeologist
(x=47, y=16)

map:
                                                                                
                                                                                
                                                                                
                                                                                
                                                                                
                                                                                
                                                                                
                                                                                
                                                                                
                                                                                
                                                                                
                                                                                
                                                                                
                                          -------                               
                                          |.....+                               
                                          |....@|                               
                                          +..<...                               
                                          -------                               
                                                                                
                                                                                
                                                                                
Agent the Digger               St:14 Dx:12 Co:13 In:16 Wi:11 Ch:8 Lawful S:0    
Dlvl:1 $:0 HP:15(15) Pw:1(1) AC:9 Xp:1/0                                        

",0.0,False
3,search,,"message:


language observation:
vertical closed door near westsouthwest
vertical wall near west
horizontal wall very near north, south, southwest, and northwest
dark area very near northeast and southeast
stairs up very near westsouthwest
vertical closed door adjacent northeast
vertical wall adjacent east
doorway adjacent southeast

cursor:
Yourself a archeologist
(x=47, y=16)

map:
                                                                                
                                                                                
                                                                                
                                                                                
                                                                                
                                                                                
                                                                                
                                                                                
                                                                                
                                                                                
                                                                                
                                                                                
                                                                                
                                          -------                               
                                          |.....+                               
                                          |....@|                               
                                          +..<...                               
                                          -------                               
                                                                                
                                                                                
                                                                                
Agent the Digger               St:14 Dx:12 Co:13 In:16 Wi:11 Ch:8 Lawful S:0    
Dlvl:1 $:0 HP:15(15) Pw:1(1) AC:9 Xp:1/0                                        

",0.0,False
4,north,"Given the current observations, my high-level plan is to systematically explore the level to reach the stairs down. Since the stairs up are nearby, I plan to move in a generally west direction, searching for doors, passages, and any potential items. I will use the bullwhip to light up dark areas and attempt to open closed doors to gain more information about the level. As I progress, I will prioritize gaining more information about the level by moving in the direction that provides the most information, while also being cautious of any potential dangers such as vertical walls or dark areas. If I encounter a staircase or a door that leads down, I will prioritize moving down to achieve my goal. If not, I will continue to explore the level in a generally west direction until I find the stairs down.","message:


language observation:
horizontal wall near south and southwest
vertical closed door near westsouthwest
vertical wall near west
dark area very near east
stairs up very near southwest
horizontal wall adjacent north and northwest
northeast room corner adjacent northeast
vertical closed door adjacent east
vertical wall adjacent southeast

cursor:
Yourself a archeologist
(x=47, y=15)

map:
                                                                                
                                                                                
                                                                                
                                                                                
                                                                                
                                                                                
                                                                                
                                                                                
                                                                                
                                                                                
                                                                                
                                                                                
                                                                                
                                          -------                               
                                          |....@+                               
                                          |.....|                               
                                          +..<...                               
                                          -------                               
                                                                                
                                                                                
                                                                                
Agent the Digger               St:14 Dx:12 Co:13 In:16 Wi:11 Ch:8 Lawful S:0    
Dlvl:1 $:0 HP:15(15) Pw:1(1) AC:9 Xp:1/0                                        

",0.0,False
5,search,,"message:


language observation:
horizontal wall near south and southwest
vertical closed door near westsouthwest
vertical wall near west
dark area very near east
stairs up very near southwest
horizontal wall adjacent north and northwest
northeast room corner adjacent northeast
vertical closed door adjacent east
vertical wall adjacent southeast

cursor:
Yourself a archeologist
(x=47, y=15)

map:
                                                                                
                                                                                
                                                                                
                                                                                
                                                                                
                                                                                
                                                                                
                                                                                
                                                                                
                                                                                
                                                                                
                                                                                
                                                                                
                                          -------                               
                                          |....@+                               
                                          |.....|                               
                                          +..<...                               
                                          -------                               
                                                                                
                                                                                
                                                                                
Agent the Digger               St:14 Dx:12 Co:13 In:16 Wi:11 Ch:8 Lawful S:0    
Dlvl:1 $:0 HP:15(15) Pw:1(1) AC:9 Xp:1/0                                        

",0.0,False
6,southwest,"Based on my previous observations and plan, my high-level plan is to reach the stairs down. Since the stairs up are nearby, I plan to move west to explore the level and get a better understanding of its layout. I will use my bullwhip to light up dark areas and attempt to open closed doors to gain more information about the level. As I progress, I will prioritize gaining more information about the level by moving in the direction that provides the most information. I will use the 'search' action to scan the level for any hidden doors or passages, and the 'kick' action if I need to break through any locked doors or chests. If I encounter a staircase or a door that leads down, I will prioritize moving down to achieve my goal.","message:


language observation:
vertical closed door near westsouthwest
vertical wall near west
horizontal wall very near north, south, southwest, and northwest
northeast room corner very near northeast
vertical closed door very near eastnortheast
vertical wall very near east
southeast corner very near southeast
stairs up adjacent southwest

cursor:
Yourself a archeologist
(x=46, y=16)

map:
                                                                                
                                                                                
                                                                                
                                                                                
                                                                                
                                                                                
                                                                                
                                                                                
                                                                                
                                                                                
                                                                                
                                                                                
                                                                                
                                          -------                               
                                          |.....+                               
                                          |...@.|                               
                                          +..<...                               
                                          -------                               
                                                                                
                                                                                
                                                                                
Agent the Digger               St:14 Dx:12 Co:13 In:16 Wi:11 Ch:8 Lawful S:0    
Dlvl:1 $:0 HP:15(15) Pw:1(1) AC:9 Xp:1/0                                        

",0.0,False
7,south,,"message:


language observation:
horizontal wall near north and northwest
dark area near northeast, east, and west
vertical closed door near west
vertical closed door very near northeast
doorway very near east
horizontal wall adjacent southeast, south, and southwest
stairs up adjacent west

cursor:
Yourself a archeologist
(x=46, y=17)

map:
                                                                                
                                                                                
                                                                                
                                                                                
                                                                                
                                                                                
                                                                                
                                                                                
                                                                                
                                                                                
                                                                                
                                                                                
                                                                                
                                          -------                               
                                          |.....+                               
                                          |.....|                               
                                          +..<@..                               
                                          -------                               
                                                                                
                                                                                
                                                                                
Agent the Digger               St:14 Dx:12 Co:13 In:16 Wi:11 Ch:8 Lawful S:0    
Dlvl:1 $:0 HP:15(15) Pw:1(1) AC:9 Xp:1/0                                        

",0.0,False
8,east,"Based on my previous observations and the current layout, my high-level plan is to move east to explore the adjacent room and gain more information about the level. I will use my bullwhip to light up the dark area and attempt to open any closed doors to gather more information. I will prioritize exploring the level to the east, as it appears to have more potential for finding stairs down. If I encounter any locked doors or chests, I will use the 'kick' action to break through them, and I will use the 'search' action to scan the level for any hidden doors or passages.","message:


language observation:
dark area far west
horizontal wall near north and northwest
vertical closed door near west
vertical closed door very near northnortheast
dark area very near east
stairs up very near west
vertical wall adjacent northeast
doorway adjacent east
southeast corner adjacent southeast
horizontal wall adjacent south and southwest

cursor:
Yourself a archeologist
(x=47, y=17)

map:
                                                                                
                                                                                
                                                                                
                                                                                
                                                                                
                                                                                
                                                                                
                                                                                
                                                                                
                                                                                
                                                                                
                                                                                
                                                                                
                                          -------                               
                                          |.....+                               
                                          |.....|                               
                                          +..<.@.                               
                                          -------                               
                                                                                
                                                                                
                                                                                
Agent the Digger               St:14 Dx:12 Co:13 In:16 Wi:11 Ch:8 Lawful S:0    
Dlvl:1 $:0 HP:15(15) Pw:1(1) AC:9 Xp:1/0                                        

",0.0,False
9,kick,,"message:
In what direction?

language observation:
dark area far west
horizontal wall near north and northwest
vertical closed door near west
vertical closed door very near northnortheast
dark area very near east
stairs up very near west
vertical wall adjacent northeast
doorway adjacent east
southeast corner adjacent southeast
horizontal wall adjacent south and southwest

cursor:

(x=19, y=0)

map:
                                                                                
                                                                                
                                                                                
                                                                                
                                                                                
                                                                                
                                                                                
                                                                                
                                                                                
                                                                                
                                                                                
                                                                                
                                                                                
                                          -------                               
                                          |.....+                               
                                          |.....|                               
                                          +..<.@.                               
                                          -------                               
                                                                                
                                                                                
                                                                                
Agent the Digger               St:14 Dx:12 Co:13 In:16 Wi:11 Ch:8 Lawful S:0    
Dlvl:1 $:0 HP:15(15) Pw:1(1) AC:9 Xp:1/0                                        

",0.0,False
10,east,"Based on my previous observations and the current layout, my high-level plan is to move east to explore the adjacent room and gain more information about the level. Since the east room has a doorway and a vertical wall, it is likely to have stairs down or other valuable items. I will use my +2 bullwhip to light up the dark area and attempt to open any closed doors to gather more information. To increase my chances of finding stairs down, I will also use the 'search' action to scan the level for any hidden doors or passages, and the 'kick' action to break through any locked doors or chests that I find. Once I have explored the east room and identified any potential paths or items, I will make a more detailed plan to navigate the level and find the stairs down.","message:
Dumb move!  You strain a muscle.

language observation:
dark area far west
horizontal wall near north and northwest
vertical closed door near west
vertical closed door very near northnortheast
dark area very near east
stairs up very near west
vertical wall adjacent northeast
doorway adjacent east
southeast corner adjacent southeast
horizontal wall adjacent south and southwest

cursor:
Yourself a archeologist
(x=47, y=17)

map:
                                                                                
                                                                                
                                                                                
                                                                                
                                                                                
                                                                                
                                                                                
                                                                                
                                                                                
                                                                                
                                                                                
                                                                                
                                                                                
                                          -------                               
                                          |.....+                               
                                          |.....|                               
                                          +..<.@.                               
                                          -------                               
                                                                                
                                                                                
                                                                                
Agent the Digger               St:14 Dx:11 Co:13 In:16 Wi:11 Ch:8 Lawful S:0    
Dlvl:1 $:0 HP:15(15) Pw:1(1) AC:9 Xp:1/0                                        

",0.0,False
11,east,,"message:


language observation:
vertical closed door far west
dark area far west
stairs up near west
horizontal wall near northwest
vertical closed door very near north
dark area very near east
vertical wall adjacent north
dark area adjacent northeast and southeast
southeast corner adjacent south
horizontal wall adjacent southwest

cursor:
Yourself a archeologist
(x=48, y=17)

map:
                                                                                
                                                                                
                                                                                
                                                                                
                                                                                
                                                                                
                                                                                
                                                                                
                                                                                
                                                                                
                                                                                
                                                                                
                                                                                
                                          -------                               
                                          |.....+                               
                                          |.....|                               
                                          +..<..@#                              
                                          -------                               
                                                                                
                                                                                
                                                                                
Agent the Digger               St:14 Dx:11 Co:13 In:16 Wi:11 Ch:8 Lawful S:0    
Dlvl:1 $:0 HP:15(15) Pw:1(1) AC:9 Xp:1/0                                        

",0.0,False
12,southwest,"The high-level plan is to find the stairs down. Since I am currently standing near the east room, I will use the search action to scan the level for any hidden doors or passages. If the search action reveals a hidden door or passage, I will use the kick action to break through it and gain access to the next room. If the search action does not reveal any hidden doors or passages, I will move west to the stairs up, then back east to try and find a door or passage to the stairs down. I will repeat this process until I find the stairs down.","message:
It's a wall.

language observation:
vertical closed door far west
dark area far west
stairs up near west
horizontal wall near northwest
vertical closed door very near north
dark area very near east
vertical wall adjacent north
dark area adjacent northeast and southeast
southeast corner adjacent south
horizontal wall adjacent southwest

cursor:
Yourself a archeologist
(x=48, y=17)

map:
                                                                                
                                                                                
                                                                                
                                                                                
                                                                                
                                                                                
                                                                                
                                                                                
                                                                                
                                                                                
                                                                                
                                                                                
                                                                                
                                          -------                               
                                          |.....+                               
                                          |.....|                               
                                          +..<..@#                              
                                          -------                               
                                                                                
                                                                                
                                                                                
Agent the Digger               St:14 Dx:11 Co:13 In:16 Wi:11 Ch:8 Lawful S:0    
Dlvl:1 $:0 HP:15(15) Pw:1(1) AC:9 Xp:1/0                                        

",0.0,False
13,search,,"message:


language observation:
vertical closed door far west
dark area far west
stairs up near west
horizontal wall near northwest
vertical closed door very near north
dark area very near east
vertical wall adjacent north
dark area adjacent northeast and southeast
southeast corner adjacent south
horizontal wall adjacent southwest

cursor:
Yourself a archeologist
(x=48, y=17)

map:
                                                                                
                                                                                
                                                                                
                                                                                
                                                                                
                                                                                
                                                                                
                                                                                
                                                                                
                                                                                
                                                                                
                                                                                
                                                                                
                                          -------                               
                                          |.....+                               
                                          |.....|                               
                                          +..<..@#                              
                                          -------                               
                                                                                
                                                                                
                                                                                
Agent the Digger               St:14 Dx:11 Co:13 In:16 Wi:11 Ch:8 Lawful S:0    
Dlvl:1 $:0 HP:15(15) Pw:1(1) AC:9 Xp:1/0                                        

",0.0,False
14,open,"I will move to the stairs up and then back to the east room to try and find a door or passage to the stairs down. I will use the search action to scan the level for any hidden doors or passages. If the search action reveals a hidden door or passage, I will use the kick action to break through it and gain access to the next room. I will repeat this process until I find the stairs down.","message:
In what direction?

language observation:
vertical closed door far west
dark area far west
stairs up near west
horizontal wall near northwest
vertical closed door very near north
dark area very near east
vertical wall adjacent north
dark area adjacent northeast and southeast
southeast corner adjacent south
horizontal wall adjacent southwest

cursor:

(x=19, y=0)

map:
                                                                                
                                                                                
                                                                                
                                                                                
                                                                                
                                                                                
                                                                                
                                                                                
                                                                                
                                                                                
                                                                                
                                                                                
                                                                                
                                          -------                               
                                          |.....+                               
                                          |.....|                               
                                          +..<..@#                              
                                          -------                               
                                                                                
                                                                                
                                                                                
Agent the Digger               St:14 Dx:11 Co:13 In:16 Wi:11 Ch:8 Lawful S:0    
Dlvl:1 $:0 HP:15(15) Pw:1(1) AC:9 Xp:1/0                                        

",0.0,False
15,south,,"message:
You see no door there.

language observation:
vertical closed door far west
dark area far west
stairs up near west
horizontal wall near northwest
vertical closed door very near north
dark area very near east
vertical wall adjacent north
dark area adjacent northeast and southeast
southeast corner adjacent south
horizontal wall adjacent southwest

cursor:
Yourself a archeologist
(x=48, y=17)

map:
                                                                                
                                                                                
                                                                                
                                                                                
                                                                                
                                                                                
                                                                                
                                                                                
                                                                                
                                                                                
                                                                                
                                                                                
                                                                                
                                          -------                               
                                          |.....+                               
                                          |.....|                               
                                          +..<..@#                              
                                          -------                               
                                                                                
                                                                                
                                                                                
Agent the Digger               St:14 Dx:11 Co:13 In:16 Wi:11 Ch:8 Lawful S:0    
Dlvl:1 $:0 HP:15(15) Pw:1(1) AC:9 Xp:1/0                                        

",0.0,False
16,search,"To complete the task, I need to find a path to the stairs down. From the current level, I can see the stairs up to the west, but I need to find a way down. Based on the previous observations, I noticed a dark area near the east which could be a doorway or a passage. My plan is to move east and search for any hidden doors or passages. If I find a door or passage, I will try to open or kick it to gain access to the next room. I will repeat this process until I find a way down.","message:


language observation:
vertical closed door far west
dark area far west
stairs up near west
horizontal wall near northwest
vertical closed door very near north
dark area very near east
vertical wall adjacent north
dark area adjacent northeast and southeast
southeast corner adjacent south
horizontal wall adjacent southwest

cursor:
Yourself a archeologist
(x=48, y=17)

map:
                                                                                
                                                                                
                                                                                
                                                                                
                                                                                
                                                                                
                                                                                
                                                                                
                                                                                
                                                                                
                                                                                
                                                                                
                                                                                
                                          -------                               
                                          |.....+                               
                                          |.....|                               
                                          +..<..@#                              
                                          -------                               
                                                                                
                                                                                
                                                                                
Agent the Digger               St:14 Dx:11 Co:13 In:16 Wi:11 Ch:8 Lawful S:0    
Dlvl:1 $:0 HP:15(15) Pw:1(1) AC:9 Xp:1/0                                        

",0.0,False
17,east,,"message:


language observation:
vertical closed door far west
dark area far west
stairs up near west
dark area very near east
vertical closed door very near northnorthwest
dark area adjacent north, northeast, southeast, and south
southeast corner adjacent southwest
doorway adjacent west
vertical wall adjacent northwest

cursor:
Yourself a archeologist
(x=49, y=17)

map:
                                                                                
                                                                                
                                                                                
                                                                                
                                                                                
                                                                                
                                                                                
                                                                                
                                                                                
                                                                                
                                                                                
                                                                                
                                                                                
                                          -------                               
                                          |.....+                               
                                          |.....|                               
                                          +..<...@#                             
                                          -------                               
                                                                                
                                                                                
                                                                                
Agent the Digger               St:14 Dx:11 Co:13 In:16 Wi:11 Ch:8 Lawful S:0    
Dlvl:1 $:0 HP:15(15) Pw:1(1) AC:9 Xp:1/0                                        

",0.0,False
18,east,"I have been trying to reach the stairs down but have been unable to find a way. I noticed a dark area near the east in previous observations, which I assumed could be a doorway or passage. I will now focus on exploring this area and try to find a path to the stairs down. I will move east and search for any hidden doors or passages. If I find a door or passage, I will try to open or kick it to gain access to the next room. I will repeat this process until I find a way down.","message:
Your leg feels better.

language observation:
vertical closed door far west
dark area far west
stairs up near west
dark area very near northeast and east
doorway very near west
vertical closed door very near northwest
dark area adjacent north, southeast, south, southwest, and northwest

cursor:
Yourself a archeologist
(x=50, y=17)

map:
                                                                                
                                                                                
                                                                                
                                                                                
                                                                                
                                                                                
                                                                                
                                                                                
                                                                                
                                                                                
                                                                                
                                                                                
                                                                                
                                          -------                               
                                          |.....+                               
                                          |.....|  #                            
                                          +..<...#@#                            
                                          -------                               
                                                                                
                                                                                
                                                                                
Agent the Digger               St:14 Dx:12 Co:13 In:16 Wi:11 Ch:8 Lawful S:0    
Dlvl:1 $:0 HP:15(15) Pw:1(1) AC:9 Xp:1/0                                        

",0.0,False
19,north,,"message:
It's solid stone.

language observation:
vertical closed door far west
dark area far west
stairs up near west
dark area very near northeast and east
doorway very near west
vertical closed door very near northwest
dark area adjacent north, southeast, south, southwest, and northwest

cursor:
Yourself a archeologist
(x=50, y=17)

map:
                                                                                
                                                                                
                                                                                
                                                                                
                                                                                
                                                                                
                                                                                
                                                                                
                                                                                
                                                                                
                                                                                
                                                                                
                                                                                
                                          -------                               
                                          |.....+                               
                                          |.....|  #                            
                                          +..<...#@#                            
                                          -------                               
                                                                                
                                                                                
                                                                                
Agent the Digger               St:14 Dx:12 Co:13 In:16 Wi:11 Ch:8 Lawful S:0    
Dlvl:1 $:0 HP:15(15) Pw:1(1) AC:9 Xp:1/0                                        

",0.0,False
20,north,"I have been trying to reach the stairs down but have been unable to find a way. Upon reviewing previous observations, I noticed a dark area near the east in several observations, which I assumed could be a doorway or passage. However, my attempts to explore this area were hindered by the fact that my leg was injured, which has since recovered.

My high-level plan is to move east and explore the dark area, which I believe could be a passage or doorway leading to the stairs down. If I find a door or passage, I will try to open or kick it to gain access to the next room. I will repeat this process until I find a way down.

Based on this plan, my initial action will be to move east and search for any hidden doors or passages. If I encounter a door or passage, I will try to open or kick it to gain access to the next room.","message:
It's solid stone.

language observation:
vertical closed door far west
dark area far west
stairs up near west
dark area very near northeast and east
doorway very near west
vertical closed door very near northwest
dark area adjacent north, southeast, south, southwest, and northwest

cursor:
Yourself a archeologist
(x=50, y=17)

map:
                                                                                
                                                                                
                                                                                
                                                                                
                                                                                
                                                                                
                                                                                
                                                                                
                                                                                
                                                                                
                                                                                
                                                                                
                                                                                
                                          -------                               
                                          |.....+                               
                                          |.....|  #                            
                                          +..<...#@#                            
                                          -------                               
                                                                                
                                                                                
                                                                                
Agent the Digger               St:14 Dx:12 Co:13 In:16 Wi:11 Ch:8 Lawful S:0    
Dlvl:1 $:0 HP:15(15) Pw:1(1) AC:9 Xp:1/0                                        

",0.0,False
21,east,,"message:


language observation:
vertical closed door far west
stairs up far west
doorway near west
vertical closed door near westnorthwest
dark area very near north
dark area adjacent northeast, east, southeast, south, southwest, and northwest

cursor:
Yourself a archeologist
(x=51, y=17)

map:
                                                                                
                                                                                
                                                                                
                                                                                
                                                                                
                                                                                
                                                                                
                                                                                
                                                                                
                                                                                
                                                                                
                                                                                
                                                                                
                                          -------                               
                                          |.....+                               
                                          |.....|  #                            
                                          +..<...##@                            
                                          -------                               
                                                                                
                                                                                
                                                                                
Agent the Digger               St:14 Dx:12 Co:13 In:16 Wi:11 Ch:8 Lawful S:0    
Dlvl:1 $:0 HP:15(15) Pw:1(1) AC:9 Xp:1/0                                        

",0.0,False
22,north,"Based on previous observations, it appears that the stairs down are located in the southwest room, but are inaccessible due to a horizontal wall blocking the path. However, a dark area near the east suggests the presence of a doorway or passage.

My plan is to move east and search for a doorway or passage. Upon finding it, I will try to open or kick it to gain access to the next room. If I find a door or passage, I will prioritize opening or kicking it to avoid wasting time. If I encounter another obstacle, I will adjust my plan accordingly.

Once I have gained access to the next room, I will continue to move east and search for the stairs down. If I encounter another horizontal wall, I may need to search for an alternative path or try to open or kick the wall to access the stairs down.

I will continue to explore the level and search for the stairs down, prioritizing finding a doorway or passage to gain access to the next room.","message:


language observation:
vertical closed door far westsouthwest
stairs up far westsouthwest
vertical closed door near westnorthwest
dark area very near north, south, southwest, and northwest
dark area adjacent northeast, east, southeast, and west

cursor:
Yourself a archeologist
(x=51, y=16)

map:
                                                                                
                                                                                
                                                                                
                                                                                
                                                                                
                                                                                
                                                                                
                                                                                
                                                                                
                                                                                
                                                                                
                                                                                
                                                                                
                                          -------                               
                                          |.....+ ##                            
                                          |.....|  @                            
                                          +..<...###                            
                                          -------                               
                                                                                
                                                                                
                                                                                
Agent the Digger               St:14 Dx:12 Co:13 In:16 Wi:11 Ch:8 Lawful S:0    
Dlvl:1 $:0 HP:15(15) Pw:1(1) AC:9 Xp:1/0                                        

",0.0,False
23,kick,,"message:
In what direction?

language observation:
vertical closed door far westsouthwest
stairs up far westsouthwest
vertical closed door near westnorthwest
dark area very near north, south, southwest, and northwest
dark area adjacent northeast, east, southeast, and west

cursor:

(x=19, y=0)

map:
                                                                                
                                                                                
                                                                                
                                                                                
                                                                                
                                                                                
                                                                                
                                                                                
                                                                                
                                                                                
                                                                                
                                                                                
                                                                                
                                          -------                               
                                          |.....+ ##                            
                                          |.....|  @                            
                                          +..<...###                            
                                          -------                               
                                                                                
                                                                                
                                                                                
Agent the Digger               St:14 Dx:12 Co:13 In:16 Wi:11 Ch:8 Lawful S:0    
Dlvl:1 $:0 HP:15(15) Pw:1(1) AC:9 Xp:1/0                                        

",0.0,False
24,south,"Based on previous observations, my goal is to reach the stairs down. I have identified a possible path to the stairs by moving east and searching for a doorway or passage. However, this path is blocked by a horizontal wall, and I will need to find an alternative route.

To complete the task, I plan to:

1. Search the current room for a hidden door or passage that may allow me to bypass the horizontal wall.
2. If no hidden door or passage is found, I will attempt to open or kick the westnorthwest door to see if it leads to a room with a path to the stairs down.
3. If the westnorthwest door is locked or blocked, I will search the room again for a hidden door or passage.
4. If no alternative path is found, I will backtrack to the previous room and search for another possible path to the stairs down.

By following this plan, I hope to find a way to reach the stairs down and complete the task.","message:
You kick at empty space.

language observation:
vertical closed door far westsouthwest
stairs up far westsouthwest
vertical closed door near westnorthwest
dark area very near north, south, southwest, and northwest
dark area adjacent northeast, east, southeast, and west

cursor:
Yourself a archeologist
(x=51, y=16)

map:
                                                                                
                                                                                
                                                                                
                                                                                
                                                                                
                                                                                
                                                                                
                                                                                
                                                                                
                                                                                
                                                                                
                                                                                
                                                                                
                                          -------                               
                                          |.....+ ##                            
                                          |.....|  @                            
                                          +..<...###                            
                                          -------                               
                                                                                
                                                                                
                                                                                
Agent the Digger               St:14 Dx:12 Co:13 In:16 Wi:11 Ch:8 Lawful S:0    
Dlvl:1 $:0 HP:15(15) Pw:1(1) AC:9 Xp:1/0                                        

",0.0,False
25,north,,"message:


language observation:
vertical closed door far westsouthwest
stairs up far westsouthwest
dark area near south
vertical closed door near west
dark area very near north, northeast, and west
dark area adjacent east, southeast, southwest, and northwest

cursor:
Yourself a archeologist
(x=51, y=15)

map:
                                                                                
                                                                                
                                                                                
                                                                                
                                                                                
                                                                                
                                                                                
                                                                                
                                                                                
                                                                                
                                                                                
                                                                                
                                                                                
                                          -------  ##                           
                                          |.....+ #@                            
                                          |.....|  #                            
                                          +..<...###                            
                                          -------                               
                                                                                
                                                                                
                                                                                
Agent the Digger               St:14 Dx:12 Co:13 In:16 Wi:11 Ch:8 Lawful S:0    
Dlvl:1 $:0 HP:15(15) Pw:1(1) AC:9 Xp:1/0                                        

",0.0,False
26,west,"Based on previous observations, my goal is to reach the stairs down. I have identified a possible path to the stairs by moving west and then searching for a doorway or passage. However, this path is blocked by a vertical closed door.

To complete the task, I plan to search the current room for a hidden door or passage that may allow me to bypass the vertical closed door. If no hidden door or passage is found, I will attempt to open or kick the west door to see if it leads to a room with a path to the stairs down.

I will continue to move west and search for a path to the stairs down until I reach the stairs. If I encounter any obstacles or dead ends, I will backtrack and try an alternative route.","message:


language observation:
vertical closed door far westsouthwest
vertical wall far west
stairs up near westsouthwest
dark area very near northeast, east, and southeast
vertical closed door very near west
dark area adjacent north, south, southwest, and northwest

cursor:
Yourself a archeologist
(x=50, y=15)

map:
                                                                                
                                                                                
                                                                                
                                                                                
                                                                                
                                                                                
                                                                                
                                                                                
                                                                                
                                                                                
                                                                                
                                                                                
                                                                                
                                          -------  ##                           
                                          |.....+#@#                            
                                          |.....|  #                            
                                          +..<...###                            
                                          -------                               
                                                                                
                                                                                
                                                                                
Agent the Digger               St:14 Dx:12 Co:13 In:16 Wi:11 Ch:8 Lawful S:0    
Dlvl:1 $:0 HP:15(15) Pw:1(1) AC:9 Xp:1/0                                        

",0.0,False
27,search,,"message:


language observation:
vertical closed door far westsouthwest
vertical wall far west
stairs up near westsouthwest
dark area very near northeast, east, and southeast
vertical closed door very near west
dark area adjacent north, south, southwest, and northwest

cursor:
Yourself a archeologist
(x=50, y=15)

map:
                                                                                
                                                                                
                                                                                
                                                                                
                                                                                
                                                                                
                                                                                
                                                                                
                                                                                
                                                                                
                                                                                
                                                                                
                                                                                
                                          -------  ##                           
                                          |.....+#@#                            
                                          |.....|  #                            
                                          +..<...###                            
                                          -------                               
                                                                                
                                                                                
                                                                                
Agent the Digger               St:14 Dx:12 Co:13 In:16 Wi:11 Ch:8 Lawful S:0    
Dlvl:1 $:0 HP:15(15) Pw:1(1) AC:9 Xp:1/0                                        

",0.0,False
28,search,"Based on my previous observations, I plan to find a way to bypass the vertical closed door and reach the stairs down. To do this, I will continue to search for a hidden door or passage in the current room. If no hidden door or passage is found, I will attempt to open or kick the west door to see if it leads to a room with a path to the stairs down. I will continue to move west and search for a path to the stairs down until I reach the stairs. If I encounter any obstacles or dead ends, I will backtrack and try an alternative route. My goal is to find a path to the stairs down by searching and navigating through the current room and adjacent rooms.","message:


language observation:
vertical closed door far westsouthwest
vertical wall far west
stairs up near westsouthwest
dark area very near northeast, east, and southeast
vertical closed door very near west
dark area adjacent north, south, southwest, and northwest

cursor:
Yourself a archeologist
(x=50, y=15)

map:
                                                                                
                                                                                
                                                                                
                                                                                
                                                                                
                                                                                
                                                                                
                                                                                
                                                                                
                                                                                
                                                                                
                                                                                
                                                                                
                                          -------  ##                           
                                          |.....+#@#                            
                                          |.....|  #                            
                                          +..<...###                            
                                          -------                               
                                                                                
                                                                                
                                                                                
Agent the Digger               St:14 Dx:12 Co:13 In:16 Wi:11 Ch:8 Lawful S:0    
Dlvl:1 $:0 HP:15(15) Pw:1(1) AC:9 Xp:1/0                                        

",0.0,False
29,east,,"message:


language observation:
vertical closed door far westsouthwest
stairs up far westsouthwest
vertical wall far west
dark area near south
vertical closed door near west
dark area very near north and northeast
dark area adjacent east, southeast, southwest, and northwest

cursor:
Yourself a archeologist
(x=51, y=15)

map:
                                                                                
                                                                                
                                                                                
                                                                                
                                                                                
                                                                                
                                                                                
                                                                                
                                                                                
                                                                                
                                                                                
                                                                                
                                                                                
                                          -------  ##                           
                                          |.....+##@                            
                                          |.....|  #                            
                                          +..<...###                            
                                          -------                               
                                                                                
                                                                                
                                                                                
Agent the Digger               St:14 Dx:12 Co:13 In:16 Wi:11 Ch:8 Lawful S:0    
Dlvl:1 $:0 HP:15(15) Pw:1(1) AC:9 Xp:1/0                                        

",0.0,False
30,east,"The goal is to reach the stairs down. Based on previous observations, the stairs are located in a room that is accessible from the west. However, the path to the stairs is blocked by a vertical closed door and a vertical wall. My plan is to search the room for a hidden door or passage that could bypass the obstacles. If no hidden door or passage is found, I will attempt to open or kick the west door to see if it leads to a room with a path to the stairs down. If this fails, I will consider alternative routes, such as searching the room for a key or searching adjacent rooms for an alternative path. My high-level plan is to systematically explore the room and its adjacent rooms, searching for a path to the stairs down.","message:
It's solid stone.

language observation:
vertical closed door far westsouthwest
stairs up far westsouthwest
vertical wall far west
dark area near south
vertical closed door near west
dark area very near north and northeast
dark area adjacent east, southeast, southwest, and northwest

cursor:
Yourself a archeologist
(x=51, y=15)

map:
                                                                                
                                                                                
                                                                                
                                                                                
                                                                                
                                                                                
                                                                                
                                                                                
                                                                                
                                                                                
                                                                                
                                                                                
                                                                                
                                          -------  ##                           
                                          |.....+##@                            
                                          |.....|  #                            
                                          +..<...###                            
                                          -------                               
                                                                                
                                                                                
                                                                                
Agent the Digger               St:14 Dx:12 Co:13 In:16 Wi:11 Ch:8 Lawful S:0    
Dlvl:1 $:0 HP:15(15) Pw:1(1) AC:9 Xp:1/0                                        

",0.0,False
31,south,,"message:


language observation:
vertical closed door far westsouthwest
stairs up far westsouthwest
dark area near north
vertical closed door near westnorthwest
dark area very near south, southwest, and northwest
dark area adjacent northeast, east, southeast, and west

cursor:
Yourself a archeologist
(x=51, y=16)

map:
                                                                                
                                                                                
                                                                                
                                                                                
                                                                                
                                                                                
                                                                                
                                                                                
                                                                                
                                                                                
                                                                                
                                                                                
                                                                                
                                          -------  ##                           
                                          |.....+###                            
                                          |.....|  @                            
                                          +..<...###                            
                                          -------                               
                                                                                
                                                                                
                                                                                
Agent the Digger               St:14 Dx:12 Co:13 In:16 Wi:11 Ch:8 Lawful S:0    
Dlvl:1 $:0 HP:15(15) Pw:1(1) AC:9 Xp:1/0                                        

",0.0,False
32,north,"My high-level plan is to systematically explore the room and its adjacent rooms to find a path to the stairs down. Since the west door is blocked by a vertical closed door and a vertical wall, I will first attempt to search the room for a hidden door or passage that could bypass these obstacles. If no hidden door or passage is found, I will then search the adjacent rooms, starting with the room to the north. If I find a room that allows me to move towards the stairs, I will take it. If I find a room that blocks my path, I will then search for a hidden door or passage in that room or adjacent rooms. I will repeat this process until I find a path to the stairs down.","message:


language observation:
vertical closed door far westsouthwest
stairs up far westsouthwest
vertical wall far west
dark area near south
vertical closed door near west
dark area very near north and northeast
dark area adjacent east, southeast, southwest, and northwest

cursor:
Yourself a archeologist
(x=51, y=15)

map:
                                                                                
                                                                                
                                                                                
                                                                                
                                                                                
                                                                                
                                                                                
                                                                                
                                                                                
                                                                                
                                                                                
                                                                                
                                                                                
                                          -------  ##                           
                                          |.....+##@                            
                                          |.....|  #                            
                                          +..<...###                            
                                          -------                               
                                                                                
                                                                                
                                                                                
Agent the Digger               St:14 Dx:12 Co:13 In:16 Wi:11 Ch:8 Lawful S:0    
Dlvl:1 $:0 HP:15(15) Pw:1(1) AC:9 Xp:1/0                                        

",0.0,False
33,search,,"message:


language observation:
vertical closed door far westsouthwest
stairs up far westsouthwest
vertical wall far west
dark area near south
vertical closed door near west
dark area very near north and northeast
dark area adjacent east, southeast, southwest, and northwest

cursor:
Yourself a archeologist
(x=51, y=15)

map:
                                                                                
                                                                                
                                                                                
                                                                                
                                                                                
                                                                                
                                                                                
                                                                                
                                                                                
                                                                                
                                                                                
                                                                                
                                                                                
                                          -------  ##                           
                                          |.....+##@                            
                                          |.....|  #                            
                                          +..<...###                            
                                          -------                               
                                                                                
                                                                                
                                                                                
Agent the Digger               St:14 Dx:12 Co:13 In:16 Wi:11 Ch:8 Lawful S:0    
Dlvl:1 $:0 HP:15(15) Pw:1(1) AC:9 Xp:1/0                                        

",0.0,False
34,,"My high-level plan is to systematically search for hidden doors or passages in the room, and explore adjacent rooms until I find a path to the stairs down. Given the layout of the room, my first priority is to explore the room to the north, as it may offer a possible route to the stairs. I will start by searching the room to confirm that there are no hidden doors or passages that could bypass the obstacles in the room. If no hidden doors or passages are found, I will then search the adjacent rooms, starting with the room to the north. If I find a room that allows me to move towards the stairs, I will take it. If I find a room that blocks my path, I will then search for a hidden door or passage in that room or adjacent rooms. I will repeat this process until I find a path to the stairs down.

I will use the +2 bullwhip as a defensive tool and the +0 pick-axe as a tool for breaking through obstacles.

My current goal is to search the room to the north.

north","

Your previous output did not contain a valid action. Defaulted to action: north

Observation:
message:


language observation:
vertical closed door far westsouthwest
stairs up far westsouthwest
dark area near south
vertical closed door near westsouthwest
dark area very near north, northeast, east, and southwest
dark area adjacent southeast, west, and northwest

cursor:
Yourself a archeologist
(x=51, y=14)

map:
                                                                                
                                                                                
                                                                                
                                                                                
                                                                                
                                                                                
                                                                                
                                                                                
                                                                                
                                                                                
                                                                                
                                                                                
                                                   ##                           
                                          -------  @#                           
                                          |.....+###                            
                                          |.....|  #                            
                                          +..<...###                            
                                          -------                               
                                                                                
                                                                                
                                                                                
Agent the Digger               St:14 Dx:12 Co:13 In:16 Wi:11 Ch:8 Lawful S:0    
Dlvl:1 $:0 HP:15(15) Pw:1(1) AC:9 Xp:1/0                                        

",0.0,False
35,north,,"message:


language observation:
vertical closed door far westsouthwest
stairs up far westsouthwest
dark area near south
vertical closed door near westsouthwest
dark area very near northeast, east, and southeast
dark area adjacent north, southwest, west, and northwest
boulder adjacent northeast

cursor:
Yourself a archeologist
(x=51, y=13)

map:
                                                                                
                                                                                
                                                                                
                                                                                
                                                                                
                                                                                
                                                                                
                                                                                
                                                                                
                                                                                
                                                                                
                                                    `                           
                                                   @#                           
                                          -------  ##                           
                                          |.....+###                            
                                          |.....|  #                            
                                          +..<...###                            
                                          -------                               
                                                                                
                                                                                
                                                                                
Agent the Digger               St:14 Dx:12 Co:13 In:16 Wi:11 Ch:8 Lawful S:0    
Dlvl:1 $:0 HP:15(15) Pw:1(1) AC:9 Xp:1/0                                        

",0.0,False
36,south,"My high-level plan is to navigate through the rooms and find a path to the stairs down. Given the current layout, it seems that I am facing a few obstacles such as the vertical closed doors and the boulder. To overcome these obstacles, I plan to try and search for hidden doors or passages that could bypass them. If no hidden doors or passages are found, I will attempt to move past the obstacles by trying to open the doors or by finding a way to move around them. Once I find a path to the stairs down, I will make my way there. If needed, I may have to use my +2 bullwhip to defend myself from any potential enemies that I may encounter.

In terms of my search strategy, I will start by searching the rooms to the north and the south of my current location, as these rooms may offer a possible route to the stairs. I will then search the rooms to the east and west of my current location, working my way in a zigzag pattern to ensure that I don't miss any potential hidden doors or passages. If I find a room that blocks my path, I will then search for a hidden door or passage in that room or in adjacent rooms.

Overall, my goal is to be methodical and thorough in my search, while also being prepared to adapt to any unexpected obstacles or challenges that I may encounter.","message:


language observation:
vertical closed door far westsouthwest
stairs up far westsouthwest
dark area near south
vertical closed door near westsouthwest
dark area very near north, northeast, east, and southwest
boulder very near northnortheast
dark area adjacent southeast, west, and northwest

cursor:
Yourself a archeologist
(x=51, y=14)

map:
                                                                                
                                                                                
                                                                                
                                                                                
                                                                                
                                                                                
                                                                                
                                                                                
                                                                                
                                                                                
                                                                                
                                                    `                           
                                                   ##                           
                                          -------  @#                           
                                          |.....+###                            
                                          |.....|  #                            
                                          +..<...###                            
                                          -------                               
                                                                                
                                                                                
                                                                                
Agent the Digger               St:14 Dx:12 Co:13 In:16 Wi:11 Ch:8 Lawful S:0    
Dlvl:1 $:0 HP:15(15) Pw:1(1) AC:9 Xp:1/0                                        

",0.0,False
37,search,,"message:


language observation:
vertical closed door far westsouthwest
stairs up far westsouthwest
dark area near south
vertical closed door near westsouthwest
dark area very near north, northeast, east, and southwest
boulder very near northnortheast
dark area adjacent southeast, west, and northwest

cursor:
Yourself a archeologist
(x=51, y=14)

map:
                                                                                
                                                                                
                                                                                
                                                                                
                                                                                
                                                                                
                                                                                
                                                                                
                                                                                
                                                                                
                                                                                
                                                    `                           
                                                   ##                           
                                          -------  @#                           
                                          |.....+###                            
                                          |.....|  #                            
                                          +..<...###                            
                                          -------                               
                                                                                
                                                                                
                                                                                
Agent the Digger               St:14 Dx:12 Co:13 In:16 Wi:11 Ch:8 Lawful S:0    
Dlvl:1 $:0 HP:15(15) Pw:1(1) AC:9 Xp:1/0                                        

",0.0,False
38,east,"To complete the task, my high-level plan is as follows:

1. Since the stairs down are currently located to the westsouthwest, I plan to move in that direction to access them.
2. However, there is a vertical closed door near the stairs, and a vertical closed door to the westsouthwest. I will try to open these doors to see if they provide a clear path to the stairs.
3. If the doors are locked or cannot be opened, I will search the rooms to the north and the south of my current location to see if there are any hidden doors or passages that could bypass the obstacles.
4. If no hidden doors or passages are found, I will try to move past the obstacles by finding a way to move around the boulder or by using my +2 bullwhip to defend myself from any potential enemies that I may encounter.
5. Once I have found a clear path to the stairs, I will make my way there and descend to complete the task.

Based on the current layout and obstacles, my plan is to start by trying to open the vertical closed doors to see if they provide a clear path to the stairs.","message:


language observation:
vertical closed door far westsouthwest
stairs up far westsouthwest
dark area near north
vertical closed door near westsouthwest
boulder very near north
dark area very near northeast, east, southwest, west, and northwest
boulder adjacent east
dark area adjacent southeast and south

cursor:
Yourself a archeologist
(x=52, y=14)

map:
                                                                                
                                                                                
                                                                                
                                                                                
                                                                                
                                                                                
                                                                                
                                                                                
                                                                                
                                                                                
                                                                                
                                                    `                           
                                                   ###                          
                                          -------  #@`                          
                                          |.....+###                            
                                          |.....|  #                            
                                          +..<...###                            
                                          -------                               
                                                                                
                                                                                
                                                                                
Agent the Digger               St:14 Dx:12 Co:13 In:16 Wi:11 Ch:8 Lawful S:0    
Dlvl:1 $:0 HP:15(15) Pw:1(1) AC:9 Xp:1/0                                        

",0.0,False
39,west,,"message:


language observation:
vertical closed door far westsouthwest
stairs up far westsouthwest
dark area near east and south
vertical closed door near westsouthwest
dark area very near north, northeast, and southwest
boulder very near northnortheast and east
dark area adjacent southeast, west, and northwest

cursor:
Yourself a archeologist
(x=51, y=14)

map:
                                                                                
                                                                                
                                                                                
                                                                                
                                                                                
                                                                                
                                                                                
                                                                                
                                                                                
                                                                                
                                                                                
                                                    `                           
                                                   ###                          
                                          -------  @#`                          
                                          |.....+###                            
                                          |.....|  #                            
                                          +..<...###                            
                                          -------                               
                                                                                
                                                                                
                                                                                
Agent the Digger               St:14 Dx:12 Co:13 In:16 Wi:11 Ch:8 Lawful S:0    
Dlvl:1 $:0 HP:15(15) Pw:1(1) AC:9 Xp:1/0                                        

",0.0,False
40,south,"Given the current situation, my high-level plan is as follows:

I will try to move around the boulder by heading south, and then attempt to search for any hidden doors or passages that may provide a clear path to the stairs down.

Once I have found a way to bypass the obstacles, I will make my way to the stairs and descend to complete the task.

I chose this plan because moving south will give me more space to search and potentially find a way around the boulder. Searching for hidden doors and passages is a key part of MiniHack, and I believe it is the most likely way to succeed in this situation.

I will try to move south first, and then proceed from there based on the outcome of the action.","message:


language observation:
vertical closed door far westsouthwest
stairs up far westsouthwest
vertical wall far west
dark area near north, northeast, and south
boulder near northnortheast
vertical closed door near west
boulder very near eastnortheast
dark area adjacent east, southeast, southwest, and northwest

cursor:
Yourself a archeologist
(x=51, y=15)

map:
                                                                                
                                                                                
                                                                                
                                                                                
                                                                                
                                                                                
                                                                                
                                                                                
                                                                                
                                                                                
                                                                                
                                                    `                           
                                                   ###                          
                                          -------  ##`                          
                                          |.....+##@                            
                                          |.....|  #                            
                                          +..<...###                            
                                          -------                               
                                                                                
                                                                                
                                                                                
Agent the Digger               St:14 Dx:12 Co:13 In:16 Wi:11 Ch:8 Lawful S:0    
Dlvl:1 $:0 HP:15(15) Pw:1(1) AC:9 Xp:1/0                                        

",0.0,False
41,search,,"message:


language observation:
vertical closed door far westsouthwest
stairs up far westsouthwest
vertical wall far west
dark area near north, northeast, and south
boulder near northnortheast
vertical closed door near west
boulder very near eastnortheast
dark area adjacent east, southeast, southwest, and northwest

cursor:
Yourself a archeologist
(x=51, y=15)

map:
                                                                                
                                                                                
                                                                                
                                                                                
                                                                                
                                                                                
                                                                                
                                                                                
                                                                                
                                                                                
                                                                                
                                                    `                           
                                                   ###                          
                                          -------  ##`                          
                                          |.....+##@                            
                                          |.....|  #                            
                                          +..<...###                            
                                          -------                               
                                                                                
                                                                                
                                                                                
Agent the Digger               St:14 Dx:12 Co:13 In:16 Wi:11 Ch:8 Lawful S:0    
Dlvl:1 $:0 HP:15(15) Pw:1(1) AC:9 Xp:1/0                                        

",0.0,False
42,east,"The high-level plan to complete the task is as follows:

First, I will attempt to move around the boulder by heading east, which will give me a clearer view of the map and potentially allow me to find a hidden passage or door.

Once I have moved east, I will search the area to see if there are any hidden doors or passages that I can use to bypass the boulder and proceed towards the stairs down.

I chose this plan because moving east will give me more space to search and potentially find a way around the boulder. Searching for hidden doors and passages is a key part of MiniHack, and I believe it is the most likely way to succeed in this situation.

I will start by moving east and then proceed from there based on the outcome of the action.","message:
It's solid stone.

language observation:
vertical closed door far westsouthwest
stairs up far westsouthwest
vertical wall far west
dark area near north, northeast, and south
boulder near northnortheast
vertical closed door near west
boulder very near eastnortheast
dark area adjacent east, southeast, southwest, and northwest

cursor:
Yourself a archeologist
(x=51, y=15)

map:
                                                                                
                                                                                
                                                                                
                                                                                
                                                                                
                                                                                
                                                                                
                                                                                
                                                                                
                                                                                
                                                                                
                                                    `                           
                                                   ###                          
                                          -------  ##`                          
                                          |.....+##@                            
                                          |.....|  #                            
                                          +..<...###                            
                                          -------                               
                                                                                
                                                                                
                                                                                
Agent the Digger               St:14 Dx:12 Co:13 In:16 Wi:11 Ch:8 Lawful S:0    
Dlvl:1 $:0 HP:15(15) Pw:1(1) AC:9 Xp:1/0                                        

",0.0,False
43,northwest,,"message:
It's solid stone.

language observation:
vertical closed door far westsouthwest
stairs up far westsouthwest
vertical wall far west
dark area near north, northeast, and south
boulder near northnortheast
vertical closed door near west
boulder very near eastnortheast
dark area adjacent east, southeast, southwest, and northwest

cursor:
Yourself a archeologist
(x=51, y=15)

map:
                                                                                
                                                                                
                                                                                
                                                                                
                                                                                
                                                                                
                                                                                
                                                                                
                                                                                
                                                                                
                                                                                
                                                    `                           
                                                   ###                          
                                          -------  ##`                          
                                          |.....+##@                            
                                          |.....|  #                            
                                          +..<...###                            
                                          -------                               
                                                                                
                                                                                
                                                                                
Agent the Digger               St:14 Dx:12 Co:13 In:16 Wi:11 Ch:8 Lawful S:0    
Dlvl:1 $:0 HP:15(15) Pw:1(1) AC:9 Xp:1/0                                        

",0.0,False
44,southwest,"Based on the previous observations, I have come to the conclusion that the goal of reaching the stairs down cannot be achieved through direct movement due to the presence of boulders and walls blocking the path.

My high-level plan is to attempt to find a hidden door or passage that can bypass these obstacles and lead me to the stairs down.

To achieve this, I will attempt to search the area thoroughly, paying close attention to any potential hiding spots or patterns on the map that may indicate the presence of a hidden door or passage.

If I fail to find a hidden door or passage, I will consider using my pick-axe to try and move the boulders or break through the walls to clear a path.","message:
It's solid stone.

language observation:
vertical closed door far westsouthwest
stairs up far westsouthwest
vertical wall far west
dark area near north, northeast, and south
boulder near northnortheast
vertical closed door near west
boulder very near eastnortheast
dark area adjacent east, southeast, southwest, and northwest

cursor:
Yourself a archeologist
(x=51, y=15)

map:
                                                                                
                                                                                
                                                                                
                                                                                
                                                                                
                                                                                
                                                                                
                                                                                
                                                                                
                                                                                
                                                                                
                                                    `                           
                                                   ###                          
                                          -------  ##`                          
                                          |.....+##@                            
                                          |.....|  #                            
                                          +..<...###                            
                                          -------                               
                                                                                
                                                                                
                                                                                
Agent the Digger               St:14 Dx:12 Co:13 In:16 Wi:11 Ch:8 Lawful S:0    
Dlvl:1 $:0 HP:15(15) Pw:1(1) AC:9 Xp:1/0                                        

",0.0,False
45,east,,"message:
It's solid stone.

language observation:
vertical closed door far westsouthwest
stairs up far westsouthwest
vertical wall far west
dark area near north, northeast, and south
boulder near northnortheast
vertical closed door near west
boulder very near eastnortheast
dark area adjacent east, southeast, southwest, and northwest

cursor:
Yourself a archeologist
(x=51, y=15)

map:
                                                                                
                                                                                
                                                                                
                                                                                
                                                                                
                                                                                
                                                                                
                                                                                
                                                                                
                                                                                
                                                                                
                                                    `                           
                                                   ###                          
                                          -------  ##`                          
                                          |.....+##@                            
                                          |.....|  #                            
                                          +..<...###                            
                                          -------                               
                                                                                
                                                                                
                                                                                
Agent the Digger               St:14 Dx:12 Co:13 In:16 Wi:11 Ch:8 Lawful S:0    
Dlvl:1 $:0 HP:15(15) Pw:1(1) AC:9 Xp:1/0                                        

",0.0,False
46,search,"The high-level plan for completing the task is to search for a hidden door or passage that can bypass the boulders and walls blocking the path to the stairs down. Since direct movement is not an option, I will attempt to search the area thoroughly, paying close attention to any potential hiding spots or patterns on the map that may indicate the presence of a hidden door or passage. If searching fails to reveal a hidden door or passage, I will consider using the pick-axe to try and move the boulders or break through the walls to clear a path.","message:


language observation:
vertical closed door far westsouthwest
stairs up far westsouthwest
vertical wall far west
dark area near north, northeast, and south
boulder near northnortheast
vertical closed door near west
boulder very near eastnortheast
dark area adjacent east, southeast, southwest, and northwest

cursor:
Yourself a archeologist
(x=51, y=15)

map:
                                                                                
                                                                                
                                                                                
                                                                                
                                                                                
                                                                                
                                                                                
                                                                                
                                                                                
                                                                                
                                                                                
                                                    `                           
                                                   ###                          
                                          -------  ##`                          
                                          |.....+##@                            
                                          |.....|  #                            
                                          +..<...###                            
                                          -------                               
                                                                                
                                                                                
                                                                                
Agent the Digger               St:14 Dx:12 Co:13 In:16 Wi:11 Ch:8 Lawful S:0    
Dlvl:1 $:0 HP:15(15) Pw:1(1) AC:9 Xp:1/0                                        

",0.0,False
47,kick,,"message:
In what direction?

language observation:
vertical closed door far westsouthwest
stairs up far westsouthwest
vertical wall far west
dark area near north, northeast, and south
boulder near northnortheast
vertical closed door near west
boulder very near eastnortheast
dark area adjacent east, southeast, southwest, and northwest

cursor:

(x=19, y=0)

map:
                                                                                
                                                                                
                                                                                
                                                                                
                                                                                
                                                                                
                                                                                
                                                                                
                                                                                
                                                                                
                                                                                
                                                    `                           
                                                   ###                          
                                          -------  ##`                          
                                          |.....+##@                            
                                          |.....|  #                            
                                          +..<...###                            
                                          -------                               
                                                                                
                                                                                
                                                                                
Agent the Digger               St:14 Dx:12 Co:13 In:16 Wi:11 Ch:8 Lawful S:0    
Dlvl:1 $:0 HP:15(15) Pw:1(1) AC:9 Xp:1/0                                        

",0.0,False
48,north,"The high-level plan for completing the task is to navigate through the level by using the pick-axe to remove the boulders that are blocking the path, and then search for a hidden door or passage that can bypass the vertical closed doors. The goal is to find a way to the stairs down, which is located far westsouthwest. The plan involves removing the boulders and then searching the area thoroughly to find any hidden passage or door that can lead to the stairs down.","message:
You kick at empty space.

language observation:
vertical closed door far westsouthwest
stairs up far westsouthwest
vertical wall far west
dark area near north, northeast, and south
boulder near northnortheast
vertical closed door near west
boulder very near eastnortheast
dark area adjacent east, southeast, southwest, and northwest

cursor:
Yourself a archeologist
(x=51, y=15)

map:
                                                                                
                                                                                
                                                                                
                                                                                
                                                                                
                                                                                
                                                                                
                                                                                
                                                                                
                                                                                
                                                                                
                                                    `                           
                                                   ###                          
                                          -------  ##`                          
                                          |.....+##@                            
                                          |.....|  #                            
                                          +..<...###                            
                                          -------                               
                                                                                
                                                                                
                                                                                
Agent the Digger               St:14 Dx:12 Co:13 In:16 Wi:11 Ch:8 Lawful S:0    
Dlvl:1 $:0 HP:15(15) Pw:1(1) AC:9 Xp:1/0                                        

",0.0,False
49,east,,"message:
It's solid stone.

language observation:
vertical closed door far westsouthwest
stairs up far westsouthwest
vertical wall far west
dark area near north, northeast, and south
boulder near northnortheast
vertical closed door near west
boulder very near eastnortheast
dark area adjacent east, southeast, southwest, and northwest

cursor:
Yourself a archeologist
(x=51, y=15)

map:
                                                                                
                                                                                
                                                                                
                                                                                
                                                                                
                                                                                
                                                                                
                                                                                
                                                                                
                                                                                
                                                                                
                                                    `                           
                                                   ###                          
                                          -------  ##`                          
                                          |.....+##@                            
                                          |.....|  #                            
                                          +..<...###                            
                                          -------                               
                                                                                
                                                                                
                                                                                
Agent the Digger               St:14 Dx:12 Co:13 In:16 Wi:11 Ch:8 Lawful S:0    
Dlvl:1 $:0 HP:15(15) Pw:1(1) AC:9 Xp:1/0                                        

",0.0,False
50,north,"Use the pick-axe to remove the boulders in the way, and then search the area to find a hidden door or passage that can bypass the vertical closed doors. Once a passage is found, navigate through it to reach the stairs down.","message:


language observation:
vertical closed door far westsouthwest
stairs up far westsouthwest
dark area near east and south
vertical closed door near westsouthwest
dark area very near north, northeast, and southwest
boulder very near northnortheast and east
dark area adjacent southeast, west, and northwest

cursor:
Yourself a archeologist
(x=51, y=14)

map:
                                                                                
                                                                                
                                                                                
                                                                                
                                                                                
                                                                                
                                                                                
                                                                                
                                                                                
                                                                                
                                                                                
                                                    `                           
                                                   ###                          
                                          -------  @#`                          
                                          |.....+###                            
                                          |.....|  #                            
                                          +..<...###                            
                                          -------                               
                                                                                
                                                                                
                                                                                
Agent the Digger               St:14 Dx:12 Co:13 In:16 Wi:11 Ch:8 Lawful S:0    
Dlvl:1 $:0 HP:15(15) Pw:1(1) AC:9 Xp:1/0                                        

",0.0,False
51,pick up e,,"

Your previous output did not contain a valid action. Defaulted to action: north

Observation:
message:


language observation:
vertical closed door far westsouthwest
stairs up far westsouthwest
dark area near east and south
vertical closed door near westsouthwest
dark area very near northeast and southeast
boulder very near eastsoutheast
dark area adjacent north, southwest, west, and northwest
boulder adjacent northeast

cursor:
Yourself a archeologist
(x=51, y=13)

map:
                                                                                
                                                                                
                                                                                
                                                                                
                                                                                
                                                                                
                                                                                
                                                                                
                                                                                
                                                                                
                                                                                
                                                    `                           
                                                   @##                          
                                          -------  ##`                          
                                          |.....+###                            
                                          |.....|  #                            
                                          +..<...###                            
                                          -------                               
                                                                                
                                                                                
                                                                                
Agent the Digger               St:14 Dx:12 Co:13 In:16 Wi:11 Ch:8 Lawful S:0    
Dlvl:1 $:0 HP:15(15) Pw:1(1) AC:9 Xp:1/0                                        

",0.0,False
52,north,"To complete the task, we need to reach the stairs down. Our current location is blocked by a vertical closed door far westsouthwest and a vertical closed door near westsouthwest. We can use the +0 pick-axe to remove the boulder near northnortheast, creating a path to the north. Once we are able to move north, we can continue to navigate around the boulders and eventually find a passage that bypasses the vertical closed doors. After finding the passage, we can move through it to reach the stairs down.
We should focus on removing the boulders that are blocking our path to the north. Our first priority is to clear the boulder near northnortheast, which will allow us to move north and progress through the level.","message:
It's solid stone.

language observation:
vertical closed door far westsouthwest
stairs up far westsouthwest
dark area near east and south
vertical closed door near westsouthwest
dark area very near northeast and southeast
boulder very near eastsoutheast
dark area adjacent north, southwest, west, and northwest
boulder adjacent northeast

cursor:
Yourself a archeologist
(x=51, y=13)

map:
                                                                                
                                                                                
                                                                                
                                                                                
                                                                                
                                                                                
                                                                                
                                                                                
                                                                                
                                                                                
                                                                                
                                                    `                           
                                                   @##                          
                                          -------  ##`                          
                                          |.....+###                            
                                          |.....|  #                            
                                          +..<...###                            
                                          -------                               
                                                                                
                                                                                
                                                                                
Agent the Digger               St:14 Dx:12 Co:13 In:16 Wi:11 Ch:8 Lawful S:0    
Dlvl:1 $:0 HP:15(15) Pw:1(1) AC:9 Xp:1/0                                        

",0.0,False
53,use e,,"

Your previous output did not contain a valid action. Defaulted to action: north

Observation:
message:
It's solid stone.

language observation:
vertical closed door far westsouthwest
stairs up far westsouthwest
dark area near east and south
vertical closed door near westsouthwest
dark area very near northeast and southeast
boulder very near eastsoutheast
dark area adjacent north, southwest, west, and northwest
boulder adjacent northeast

cursor:
Yourself a archeologist
(x=51, y=13)

map:
                                                                                
                                                                                
                                                                                
                                                                                
                                                                                
                                                                                
                                                                                
                                                                                
                                                                                
                                                                                
                                                                                
                                                    `                           
                                                   @##                          
                                          -------  ##`                          
                                          |.....+###                            
                                          |.....|  #                            
                                          +..<...###                            
                                          -------                               
                                                                                
                                                                                
                                                                                
Agent the Digger               St:14 Dx:12 Co:13 In:16 Wi:11 Ch:8 Lawful S:0    
Dlvl:1 $:0 HP:15(15) Pw:1(1) AC:9 Xp:1/0                                        

",0.0,False
54,east,"Based on previous observations, our goal is to reach the stairs down. However, the path to the north is blocked by a boulder, and using the +0 pick-axe to remove it will allow us to progress. Once the boulder is removed, we can move north and eventually find a passage that bypasses the vertical closed doors. After finding the passage, we can move through it to reach the stairs down.","message:


language observation:
vertical closed door far westsouthwest
stairs up far westsouthwest
dark area near southwest
vertical closed door near westsouthwest
dark area very near north, northeast, east, southeast, south, and west
boulder adjacent north and southeast
dark area adjacent northwest

cursor:
Yourself a archeologist
(x=52, y=13)

map:
                                                                                
                                                                                
                                                                                
                                                                                
                                                                                
                                                                                
                                                                                
                                                                                
                                                                                
                                                                                
                                                                                
                                                    `#                          
                                                   #@#                          
                                          -------  ##`                          
                                          |.....+###                            
                                          |.....|  #                            
                                          +..<...###                            
                                          -------                               
                                                                                
                                                                                
                                                                                
Agent the Digger               St:14 Dx:12 Co:13 In:16 Wi:11 Ch:8 Lawful S:0    
Dlvl:1 $:0 HP:15(15) Pw:1(1) AC:9 Xp:1/0                                        

",0.0,False
55,use e,,"

Your previous output did not contain a valid action. Defaulted to action: north

Observation:
message:
With great effort you move the boulder.

language observation:
vertical closed door far westsouthwest
stairs up far westsouthwest
dark area near south
vertical closed door near westsouthwest
dark area very near north, northeast, east, southeast, and southwest
boulder very near southsoutheast
boulder adjacent north
dark area adjacent west and northwest

cursor:
Yourself a archeologist
(x=52, y=12)

map:
                                                                                
                                                                                
                                                                                
                                                                                
                                                                                
                                                                                
                                                                                
                                                                                
                                                                                
                                                                                
                                                    `#                          
                                                    @#                          
                                                   ###                          
                                          -------  ##`                          
                                          |.....+###                            
                                          |.....|  #                            
                                          +..<...###                            
                                          -------                               
                                                                                
                                                                                
                                                                                
Agent the Digger               St:14 Dx:12 Co:13 In:16 Wi:11 Ch:8 Lawful S:0    
Dlvl:1 $:0 HP:15(15) Pw:1(1) AC:9 Xp:1/0                                        

",0.0,False
56,search,"My plan is to remove the remaining obstacles and reach the stairs down. First, I will try to move the boulder to the north to create a clear path. Then, I will examine the area to the north and search for any hidden doors or passages. Once I find a passage, I will move through it and continue to explore the area to find the stairs down.","message:


language observation:
vertical closed door far westsouthwest
stairs up far westsouthwest
dark area near south
vertical closed door near westsouthwest
dark area very near north, northeast, east, southeast, and southwest
boulder very near southsoutheast
boulder adjacent north
dark area adjacent west and northwest

cursor:
Yourself a archeologist
(x=52, y=12)

map:
                                                                                
                                                                                
                                                                                
                                                                                
                                                                                
                                                                                
                                                                                
                                                                                
                                                                                
                                                                                
                                                    `#                          
                                                    @#                          
                                                   ###                          
                                          -------  ##`                          
                                          |.....+###                            
                                          |.....|  #                            
                                          +..<...###                            
                                          -------                               
                                                                                
                                                                                
                                                                                
Agent the Digger               St:14 Dx:12 Co:13 In:16 Wi:11 Ch:8 Lawful S:0    
Dlvl:1 $:0 HP:15(15) Pw:1(1) AC:9 Xp:1/0                                        

",0.0,False
57,east,,"message:


language observation:
vertical closed door far westsouthwest
stairs up far westsouthwest
dark area near south and southwest
vertical closed door near westsouthwest
dark area very near north, west, and northwest
boulder very near south
dark area adjacent northeast, east, and southeast
boulder adjacent northwest

cursor:
Yourself a archeologist
(x=53, y=12)

map:
                                                                                
                                                                                
                                                                                
                                                                                
                                                                                
                                                                                
                                                                                
                                                                                
                                                                                
                                                                                
                                                    `#                          
                                                    #@                          
                                                   ###                          
                                          -------  ##`                          
                                          |.....+###                            
                                          |.....|  #                            
                                          +..<...###                            
                                          -------                               
                                                                                
                                                                                
                                                                                
Agent the Digger               St:14 Dx:12 Co:13 In:16 Wi:11 Ch:8 Lawful S:0    
Dlvl:1 $:0 HP:15(15) Pw:1(1) AC:9 Xp:1/0                                        

",0.0,False
58,open,"The plan is to remove the boulder in the north and then move north to find the hidden passage. Since the boulder is adjacent to the northwest corner, moving the boulder to the north will create a clear path to the hidden passage. After moving the boulder, I will move north to find the passage and then search the area for any hidden doors or passages. Once I find a passage, I will move through it and continue to explore the area to find the stairs down.","message:
In what direction?

language observation:
vertical closed door far westsouthwest
stairs up far westsouthwest
dark area near south and southwest
vertical closed door near westsouthwest
dark area very near north, west, and northwest
boulder very near south
dark area adjacent northeast, east, and southeast
boulder adjacent northwest

cursor:

(x=19, y=0)

map:
                                                                                
                                                                                
                                                                                
                                                                                
                                                                                
                                                                                
                                                                                
                                                                                
                                                                                
                                                                                
                                                    `#                          
                                                    #@                          
                                                   ###                          
                                          -------  ##`                          
                                          |.....+###                            
                                          |.....|  #                            
                                          +..<...###                            
                                          -------                               
                                                                                
                                                                                
                                                                                
Agent the Digger               St:14 Dx:12 Co:13 In:16 Wi:11 Ch:8 Lawful S:0    
Dlvl:1 $:0 HP:15(15) Pw:1(1) AC:9 Xp:1/0                                        

",0.0,False
59,northwest,,"message:
You see no door there.

language observation:
vertical closed door far westsouthwest
stairs up far westsouthwest
dark area near south and southwest
vertical closed door near westsouthwest
dark area very near north, west, and northwest
boulder very near south
dark area adjacent northeast, east, and southeast
boulder adjacent northwest

cursor:
Yourself a archeologist
(x=53, y=12)

map:
                                                                                
                                                                                
                                                                                
                                                                                
                                                                                
                                                                                
                                                                                
                                                                                
                                                                                
                                                                                
                                                    `#                          
                                                    #@                          
                                                   ###                          
                                          -------  ##`                          
                                          |.....+###                            
                                          |.....|  #                            
                                          +..<...###                            
                                          -------                               
                                                                                
                                                                                
                                                                                
Agent the Digger               St:14 Dx:12 Co:13 In:16 Wi:11 Ch:8 Lawful S:0    
Dlvl:1 $:0 HP:15(15) Pw:1(1) AC:9 Xp:1/0                                        

",0.0,False
60,east,"My goal is to reach the stairs down. Based on my previous observations, the stairs are located far westsouthwest of my current position. However, I need to clear the path to reach them. I will first move the boulder in the north to the south to create a clear path. Then, I will move north to reach the wall, and search the area to find any hidden passages or doors. If I find a passage, I will move through it and continue to explore the area to find the stairs down.","message:
It's solid stone.

language observation:
vertical closed door far westsouthwest
stairs up far westsouthwest
dark area near south and southwest
vertical closed door near westsouthwest
dark area very near north, west, and northwest
boulder very near south
dark area adjacent northeast, east, and southeast
boulder adjacent northwest

cursor:
Yourself a archeologist
(x=53, y=12)

map:
                                                                                
                                                                                
                                                                                
                                                                                
                                                                                
                                                                                
                                                                                
                                                                                
                                                                                
                                                                                
                                                    `#                          
                                                    #@                          
                                                   ###                          
                                          -------  ##`                          
                                          |.....+###                            
                                          |.....|  #                            
                                          +..<...###                            
                                          -------                               
                                                                                
                                                                                
                                                                                
Agent the Digger               St:14 Dx:12 Co:13 In:16 Wi:11 Ch:8 Lawful S:0    
Dlvl:1 $:0 HP:15(15) Pw:1(1) AC:9 Xp:1/0                                        

",0.0,False
61,use e,,"

Your previous output did not contain a valid action. Defaulted to action: north

Observation:
message:


language observation:
vertical closed door far westsouthwest
stairs up far westsouthwest
boulder near south
dark area near south and southwest
vertical closed door near westsouthwest
dark area very near north, west, and northwest
dark area adjacent northeast, east, and southeast
boulder adjacent west

cursor:
Yourself a archeologist
(x=53, y=11)

map:
                                                                                
                                                                                
                                                                                
                                                                                
                                                                                
                                                                                
                                                                                
                                                                                
                                                                                
                                                    ##                          
                                                    `@                          
                                                    ##                          
                                                   ###                          
                                          -------  ##`                          
                                          |.....+###                            
                                          |.....|  #                            
                                          +..<...###                            
                                          -------                               
                                                                                
                                                                                
                                                                                
Agent the Digger               St:14 Dx:12 Co:13 In:16 Wi:11 Ch:8 Lawful S:0    
Dlvl:1 $:0 HP:15(15) Pw:1(1) AC:9 Xp:1/0                                        

",0.0,False
62,open,"My high-level plan to reach the stairs down is as follows:

First, I need to clear the path to the stairs down. To do this, I will use my pick-axe (alternate weapon) to move the boulder near the south northwards, creating a clear path to the stairs down.

After clearing the path, I will search the area to find any hidden passages or doors that might lead me to the stairs down.

If I find a passage or door, I will move through it and continue to explore the area until I reach the stairs down.

If there are any locked doors or obstacles in my path, I will use my bullwhip to kick them and try to open them.

Once I reach the stairs down, I will descend them to complete my goal.","message:
In what direction?

language observation:
vertical closed door far westsouthwest
stairs up far westsouthwest
boulder near south
dark area near south and southwest
vertical closed door near westsouthwest
dark area very near north, west, and northwest
dark area adjacent northeast, east, and southeast
boulder adjacent west

cursor:

(x=19, y=0)

map:
                                                                                
                                                                                
                                                                                
                                                                                
                                                                                
                                                                                
                                                                                
                                                                                
                                                                                
                                                    ##                          
                                                    `@                          
                                                    ##                          
                                                   ###                          
                                          -------  ##`                          
                                          |.....+###                            
                                          |.....|  #                            
                                          +..<...###                            
                                          -------                               
                                                                                
                                                                                
                                                                                
Agent the Digger               St:14 Dx:12 Co:13 In:16 Wi:11 Ch:8 Lawful S:0    
Dlvl:1 $:0 HP:15(15) Pw:1(1) AC:9 Xp:1/0                                        

",0.0,False
63,east,,"message:
You see no door there.

language observation:
vertical closed door far westsouthwest
stairs up far westsouthwest
boulder near south
dark area near south and southwest
vertical closed door near westsouthwest
dark area very near north, west, and northwest
dark area adjacent northeast, east, and southeast
boulder adjacent west

cursor:
Yourself a archeologist
(x=53, y=11)

map:
                                                                                
                                                                                
                                                                                
                                                                                
                                                                                
                                                                                
                                                                                
                                                                                
                                                                                
                                                    ##                          
                                                    `@                          
                                                    ##                          
                                                   ###                          
                                          -------  ##`                          
                                          |.....+###                            
                                          |.....|  #                            
                                          +..<...###                            
                                          -------                               
                                                                                
                                                                                
                                                                                
Agent the Digger               St:14 Dx:12 Co:13 In:16 Wi:11 Ch:8 Lawful S:0    
Dlvl:1 $:0 HP:15(15) Pw:1(1) AC:9 Xp:1/0                                        

",0.0,False
64,south,"My high-level plan to reach the stairs down is as follows:

First, I will move the boulder near the south to the east, clearing the path to the stairs down.

Next, I will search the area to find any hidden passages or doors that might lead me to the stairs down.

After that, I will use my pick-axe to move the remaining boulder in the way of the stairs down, clearing the final path.

Finally, I will search the area again to ensure that there are no more obstacles in my way, and then I will move to the stairs down to complete my goal.

I plan to use my bullwhip to kick any locked doors or obstacles that I encounter along the way.

I will be careful to avoid moving the boulder back onto the path, as this would prevent me from reaching the stairs down.

I will use my knowledge of the environment to navigate the area and find the best route to the stairs down.","message:


language observation:
vertical closed door far westsouthwest
stairs up far westsouthwest
dark area near north, south, and southwest
vertical closed door near westsouthwest
boulder very near south
dark area very near west and northwest
dark area adjacent northeast, east, and southeast
boulder adjacent northwest

cursor:
Yourself a archeologist
(x=53, y=12)

map:
                                                                                
                                                                                
                                                                                
                                                                                
                                                                                
                                                                                
                                                                                
                                                                                
                                                                                
                                                    ##                          
                                                    `#                          
                                                    #@                          
                                                   ###                          
                                          -------  ##`                          
                                          |.....+###                            
                                          |.....|  #                            
                                          +..<...###                            
                                          -------                               
                                                                                
                                                                                
                                                                                
Agent the Digger               St:14 Dx:12 Co:13 In:16 Wi:11 Ch:8 Lawful S:0    
Dlvl:1 $:0 HP:15(15) Pw:1(1) AC:9 Xp:1/0                                        

",0.0,False
65,south,,"message:


language observation:
vertical closed door far westsouthwest
stairs up far westsouthwest
dark area near north, southwest, and west
vertical closed door near westsouthwest
dark area very near south and northwest
boulder very near northnorthwest
dark area adjacent northeast, east, and southeast
boulder adjacent south

cursor:
Yourself a archeologist
(x=53, y=13)

map:
                                                                                
                                                                                
                                                                                
                                                                                
                                                                                
                                                                                
                                                                                
                                                                                
                                                                                
                                                    ##                          
                                                    `#                          
                                                    ##                          
                                                   ##@                          
                                          -------  ##`                          
                                          |.....+###                            
                                          |.....|  #                            
                                          +..<...###                            
                                          -------                               
                                                                                
                                                                                
                                                                                
Agent the Digger               St:14 Dx:12 Co:13 In:16 Wi:11 Ch:8 Lawful S:0    
Dlvl:1 $:0 HP:15(15) Pw:1(1) AC:9 Xp:1/0                                        

",0.0,False
66,south,"Move the boulder near the northwest to the southeast, clearing the path to the stairs down. Then, use the pick-axe to move the remaining boulder in the way of the stairs down. Finally, move to the stairs down to complete my goal.","message:
You try to move the boulder, but in vain.

language observation:
vertical closed door far westsouthwest
stairs up far westsouthwest
dark area near north, southwest, and west
vertical closed door near westsouthwest
dark area very near south and northwest
boulder very near northnorthwest
dark area adjacent northeast, east, and southeast
boulder adjacent south

cursor:
Yourself a archeologist
(x=53, y=13)

map:
                                                                                
                                                                                
                                                                                
                                                                                
                                                                                
                                                                                
                                                                                
                                                                                
                                                                                
                                                    ##                          
                                                    `#                          
                                                    ##                          
                                                   ##@                          
                                          -------  ##`                          
                                          |.....+###                            
                                          |.....|  #                            
                                          +..<...###                            
                                          -------                               
                                                                                
                                                                                
                                                                                
Agent the Digger               St:14 Dx:12 Co:13 In:16 Wi:11 Ch:8 Lawful S:0    
Dlvl:1 $:0 HP:15(15) Pw:1(1) AC:9 Xp:1/0                                        

",0.0,False
67,kick,,"message:
In what direction?

language observation:
vertical closed door far westsouthwest
stairs up far westsouthwest
dark area near north, southwest, and west
vertical closed door near westsouthwest
dark area very near south and northwest
boulder very near northnorthwest
dark area adjacent northeast, east, and southeast
boulder adjacent south

cursor:

(x=19, y=0)

map:
                                                                                
                                                                                
                                                                                
                                                                                
                                                                                
                                                                                
                                                                                
                                                                                
                                                                                
                                                    ##                          
                                                    `#                          
                                                    ##                          
                                                   ##@                          
                                          -------  ##`                          
                                          |.....+###                            
                                          |.....|  #                            
                                          +..<...###                            
                                          -------                               
                                                                                
                                                                                
                                                                                
Agent the Digger               St:14 Dx:12 Co:13 In:16 Wi:11 Ch:8 Lawful S:0    
Dlvl:1 $:0 HP:15(15) Pw:1(1) AC:9 Xp:1/0                                        

",0.0,False
68,kick,"My plan is to move the boulder at the northwest corner to the southeast corner, which will clear the path to the stairs down. I will then use the pick-axe to move the remaining boulder in the way of the stairs down. Once both boulders are out of the way, I will move to the stairs down to complete my goal. To achieve this, I will first try to move the boulder at the northwest corner to the southeast corner using the kick action, and if that doesn't work, I will try to pick up the boulder using the pick-axe.","message:
What a strange direction!

language observation:
vertical closed door far westsouthwest
stairs up far westsouthwest
dark area near north, southwest, and west
vertical closed door near westsouthwest
dark area very near south and northwest
boulder very near northnorthwest
dark area adjacent northeast, east, and southeast
boulder adjacent south

cursor:
Yourself a archeologist
(x=53, y=13)

map:
                                                                                
                                                                                
                                                                                
                                                                                
                                                                                
                                                                                
                                                                                
                                                                                
                                                                                
                                                    ##                          
                                                    `#                          
                                                    ##                          
                                                   ##@                          
                                          -------  ##`                          
                                          |.....+###                            
                                          |.....|  #                            
                                          +..<...###                            
                                          -------                               
                                                                                
                                                                                
                                                                                
Agent the Digger               St:14 Dx:12 Co:13 In:16 Wi:11 Ch:8 Lawful S:0    
Dlvl:1 $:0 HP:15(15) Pw:1(1) AC:9 Xp:1/0                                        

",0.0,False
69,kick southeast,,"

Your previous output did not contain a valid action. Defaulted to action: north

Observation:
message:


language observation:
vertical closed door far westsouthwest
stairs up far westsouthwest
dark area near north, south, and southwest
vertical closed door near westsouthwest
boulder very near south
dark area very near west and northwest
dark area adjacent northeast, east, and southeast
boulder adjacent northwest

cursor:
Yourself a archeologist
(x=53, y=12)

map:
                                                                                
                                                                                
                                                                                
                                                                                
                                                                                
                                                                                
                                                                                
                                                                                
                                                                                
                                                    ##                          
                                                    `#                          
                                                    #@                          
                                                   ###                          
                                          -------  ##`                          
                                          |.....+###                            
                                          |.....|  #                            
                                          +..<...###                            
                                          -------                               
                                                                                
                                                                                
                                                                                
Agent the Digger               St:14 Dx:12 Co:13 In:16 Wi:11 Ch:8 Lawful S:0    
Dlvl:1 $:0 HP:15(15) Pw:1(1) AC:9 Xp:1/0                                        

",0.0,False
70,"<plan>
My high-level plan is to move the boulder in the way of the stairs down to a position where it no longer blocks the path. To achieve this, I will use the pick-axe to remove the boulder. First, I need to move the boulder from its current position to a more accessible location. Since the boulder is currently near the southeast corner, I will move it north to the northwest corner. Then, I will use the pick-axe to remove the boulder, clearing the path to the stairs down. Finally, I will move to the stairs down to complete my goal.

My reasoning is that the pick-axe is the best tool for removing the boulder, and I need to get the boulder out of the way before I can access the stairs down.

Next action: e",,"

Your previous output did not contain a valid action. Defaulted to action: north

Observation:
message:


language observation:
vertical closed door far westsouthwest
stairs up far westsouthwest
boulder near south
dark area near south and southwest
vertical closed door near westsouthwest
dark area very near north, west, and northwest
dark area adjacent northeast, east, and southeast
boulder adjacent west

cursor:
Yourself a archeologist
(x=53, y=11)

map:
                                                                                
                                                                                
                                                                                
                                                                                
                                                                                
                                                                                
                                                                                
                                                                                
                                                                                
                                                    ##                          
                                                    `@                          
                                                    ##                          
                                                   ###                          
                                          -------  ##`                          
                                          |.....+###                            
                                          |.....|  #                            
                                          +..<...###                            
                                          -------                               
                                                                                
                                                                                
                                                                                
Agent the Digger               St:14 Dx:12 Co:13 In:16 Wi:11 Ch:8 Lawful S:0    
Dlvl:1 $:0 HP:15(15) Pw:1(1) AC:9 Xp:1/0                                        

",0.0,False
71,take,,"

Your previous output did not contain a valid action. Defaulted to action: north

Observation:
message:


language observation:
vertical closed door far westsouthwest
stairs up far westsouthwest
boulder near south
dark area near south
vertical closed door near southwest
dark area very near north, southwest, west, and northwest
dark area adjacent northeast, east, and southeast
boulder adjacent southwest and northwest

cursor:
Yourself a archeologist
(x=53, y=10)

map:
                                                                                
                                                                                
                                                                                
                                                                                
                                                                                
                                                                                
                                                                                
                                                                                
                                                    `#                          
                                                    #@                          
                                                    `#                          
                                                    ##                          
                                                   ###                          
                                          -------  ##`                          
                                          |.....+###                            
                                          |.....|  #                            
                                          +..<...###                            
                                          -------                               
                                                                                
                                                                                
                                                                                
Agent the Digger               St:14 Dx:12 Co:13 In:16 Wi:11 Ch:8 Lawful S:0    
Dlvl:1 $:0 HP:15(15) Pw:1(1) AC:9 Xp:1/0                                        

",0.0,False
72,,"My high-level plan is to move the boulder to a position where it no longer blocks the path to the stairs down. I will start by moving the boulder from its current position near the southwest corner to the northwest corner. This will give me access to the boulder and allow me to remove it using the pick-axe.

To achieve this, I will use a combination of movement and the pick-axe. First, I will move the boulder from the southwest corner to the northwest corner. Then, I will move to the northwest corner and use the pick-axe to remove the boulder. Once the boulder is removed, I will move to the stairs down and descend to complete my goal.

My reasoning is that the boulder is currently blocking the path to the stairs down, and I need to remove it in order to access the stairs. By moving the boulder to the northwest corner, I will be able to remove it using the pick-axe and then access the stairs down.

Next action: kick northwest","

Your previous output did not contain a valid action. Defaulted to action: north

Observation:
message:


language observation:
dark area far south
vertical closed door far southsouthwest and westsouthwest
stairs up far southwest
boulder near south
dark area very near north, northeast, southwest, west, and northwest
boulder very near southsouthwest
dark area adjacent east and southeast
boulder adjacent west

cursor:
Yourself a archeologist
(x=53, y=9)

map:
                                                                                
                                                                                
                                                                                
                                                                                
                                                        -                       
                                                       .                        
                                                                                
                                                    ###                         
                                                    `@                          
                                                    ##                          
                                                    `#                          
                                                    ##                          
                                                   ###                          
                                          -------  ##`                          
                                          |.....+###                            
                                          |.....|  #                            
                                          +..<...###                            
                                          -------                               
                                                                                
                                                                                
                                                                                
Agent the Digger               St:14 Dx:12 Co:13 In:16 Wi:11 Ch:8 Lawful S:0    
Dlvl:1 $:0 HP:15(15) Pw:1(1) AC:9 Xp:1/0                                        

",0.0,False
73,kick,,"message:
In what direction?

language observation:
dark area far south
vertical closed door far southsouthwest and westsouthwest
stairs up far southwest
boulder near south
dark area very near north, northeast, southwest, west, and northwest
boulder very near southsouthwest
dark area adjacent east and southeast
boulder adjacent west

cursor:

(x=19, y=0)

map:
                                                                                
                                                                                
                                                                                
                                                                                
                                                        -                       
                                                       .                        
                                                                                
                                                    ###                         
                                                    `@                          
                                                    ##                          
                                                    `#                          
                                                    ##                          
                                                   ###                          
                                          -------  ##`                          
                                          |.....+###                            
                                          |.....|  #                            
                                          +..<...###                            
                                          -------                               
                                                                                
                                                                                
                                                                                
Agent the Digger               St:14 Dx:12 Co:13 In:16 Wi:11 Ch:8 Lawful S:0    
Dlvl:1 $:0 HP:15(15) Pw:1(1) AC:9 Xp:1/0                                        

",0.0,False
74,"<plan>
My high-level plan is to move the boulder to a position where it no longer blocks the path to the stairs down. To achieve this, I will use the pick-axe to remove the boulder from its current position near the south. I will first move to the south, then I will use the pick-axe to remove the boulder. Once the boulder is removed, I will move to the stairs down and descend to complete my goal.

My reasoning is that the boulder is currently blocking the path to the stairs down, and I need to remove it in order to access the stairs. By removing the boulder using the pick-axe, I will be able to move to the stairs down and complete my goal.

Next action: south",,"

Your previous output did not contain a valid action. Defaulted to action: north

Observation:
message:
Dumb move!  You strain a muscle.

language observation:
dark area far south
vertical closed door far southsouthwest and westsouthwest
stairs up far southwest
boulder near south
dark area very near north, northeast, southwest, west, and northwest
boulder very near southsouthwest
dark area adjacent east and southeast
boulder adjacent west

cursor:
Yourself a archeologist
(x=53, y=9)

map:
                                                                                
                                                                                
                                                                                
                                                                                
                                                        -                       
                                                       .                        
                                                                                
                                                    ###                         
                                                    `@                          
                                                    ##                          
                                                    `#                          
                                                    ##                          
                                                   ###                          
                                          -------  ##`                          
                                          |.....+###                            
                                          |.....|  #                            
                                          +..<...###                            
                                          -------                               
                                                                                
                                                                                
                                                                                
Agent the Digger               St:14 Dx:11 Co:13 In:16 Wi:11 Ch:8 Lawful S:0    
Dlvl:1 $:0 HP:15(15) Pw:1(1) AC:9 Xp:1/0                                        

",0.0,False
75,east,,"message:
It's solid stone.

language observation:
dark area far south
vertical closed door far southsouthwest and westsouthwest
stairs up far southwest
boulder near south
dark area very near north, northeast, southwest, west, and northwest
boulder very near southsouthwest
dark area adjacent east and southeast
boulder adjacent west

cursor:
Yourself a archeologist
(x=53, y=9)

map:
                                                                                
                                                                                
                                                                                
                                                                                
                                                        -                       
                                                       .                        
                                                                                
                                                    ###                         
                                                    `@                          
                                                    ##                          
                                                    `#                          
                                                    ##                          
                                                   ###                          
                                          -------  ##`                          
                                          |.....+###                            
                                          |.....|  #                            
                                          +..<...###                            
                                          -------                               
                                                                                
                                                                                
                                                                                
Agent the Digger               St:14 Dx:11 Co:13 In:16 Wi:11 Ch:8 Lawful S:0    
Dlvl:1 $:0 HP:15(15) Pw:1(1) AC:9 Xp:1/0                                        

",0.0,False
76,east,"My high-level plan is to remove the boulder that is blocking the path to the stairs down. To achieve this, I will first move to the west and then use the pick-axe to remove the boulder. Once the boulder is removed, I will move to the stairs down and descend to complete my goal. My reasoning is that I need to remove the boulder in order to access the stairs, and using the pick-axe is the best tool for removing it. I will also be careful to avoid straining any more muscles.

Next action: east","message:
It's solid stone.

language observation:
dark area far south
vertical closed door far southsouthwest and westsouthwest
stairs up far southwest
boulder near south
dark area very near north, northeast, southwest, west, and northwest
boulder very near southsouthwest
dark area adjacent east and southeast
boulder adjacent west

cursor:
Yourself a archeologist
(x=53, y=9)

map:
                                                                                
                                                                                
                                                                                
                                                                                
                                                        -                       
                                                       .                        
                                                                                
                                                    ###                         
                                                    `@                          
                                                    ##                          
                                                    `#                          
                                                    ##                          
                                                   ###                          
                                          -------  ##`                          
                                          |.....+###                            
                                          |.....|  #                            
                                          +..<...###                            
                                          -------                               
                                                                                
                                                                                
                                                                                
Agent the Digger               St:14 Dx:11 Co:13 In:16 Wi:11 Ch:8 Lawful S:0    
Dlvl:1 $:0 HP:15(15) Pw:1(1) AC:9 Xp:1/0                                        

",0.0,False
77,kick,,"message:


language observation:
dark area far south
vertical closed door far southsouthwest and westsouthwest
stairs up far southwest
boulder near south
dark area very near north, northeast, southwest, west, and northwest
boulder very near southsouthwest
dark area adjacent east and southeast
boulder adjacent west

cursor:
Yourself a archeologist
(x=53, y=9)

map:
                                                                                
                                                                                
                                                                                
                                                                                
                                                        -                       
                                                       .                        
                                                                                
                                                    ###                         
                                                    `@                          
                                                    ##                          
                                                    `#                          
                                                    ##                          
                                                   ###                          
                                          -------  ##`                          
                                          |.....+###                            
                                          |.....|  #                            
                                          +..<...###                            
                                          -------                               
                                                                                
                                                                                
                                                                                
Agent the Digger               St:14 Dx:11 Co:13 In:16 Wi:11 Ch:8 Lawful S:0    
Dlvl:1 $:0 HP:15(15) Pw:1(1) AC:9 Xp:1/0                                        

",0.0,False
78,"<plan>
My high-level plan is to remove the boulder that is blocking the path to the stairs down. I will first move to the east, then I will use the pick-axe to remove the boulder. Once the boulder is removed, I will move to the stairs down and descend to complete my goal. My reasoning is that I need to remove the boulder in order to access the stairs, and using the pick-axe is the best tool for removing it. Since the boulder is adjacent to the west, I can use the kick action to move it instead of the pick-axe. By doing so, I can conserve energy and avoid straining any more muscles.

My updated plan is as follows:

1. Move east to access the boulder from the other side.
2. Kick the boulder to move it out of the way.
3. Move to the stairs down and descend to complete my goal.

Next action: east",,"

Your previous output did not contain a valid action. Defaulted to action: north

Observation:
message:


language observation:
boulder far south
dark area far south
vertical closed door far southsouthwest and westsouthwest
stairs up far southsouthwest
horizontal wall near northeast
boulder near southsouthwest
dark area very near north, east, southwest, west, and northwest
doorway very near northeast
dark area adjacent southeast
boulder adjacent southwest

cursor:
Yourself a archeologist
(x=53, y=8)

map:
                                                                                
                                                                                
                                                                                
                                                                                
                                                        -                       
                                                       .                        
                                                    ###                         
                                                    #@#                         
                                                    `#                          
                                                    ##                          
                                                    `#                          
                                                    ##                          
                                                   ###                          
                                          -------  ##`                          
                                          |.....+###                            
                                          |.....|  #                            
                                          +..<...###                            
                                          -------                               
                                                                                
                                                                                
                                                                                
Agent the Digger               St:14 Dx:11 Co:13 In:16 Wi:11 Ch:8 Lawful S:0    
Dlvl:1 $:0 HP:15(15) Pw:1(1) AC:9 Xp:1/0                                        

",0.0,False
79,east,,"message:


language observation:
boulder far southsouthwest
vertical closed door far southsouthwest and westsouthwest
stairs up far southwest
boulder near southsouthwest
dark area near southwest and west
dark area very near north and northwest
boulder very near westsouthwest
dark area adjacent northeast, east, southeast, and south

cursor:
Yourself a archeologist
(x=54, y=8)

map:
                                                                                
                                                                                
                                                                                
                                                                                
                                                        -                       
                                                       .                        
                                                    ###                         
                                                    ##@                         
                                                    `#                          
                                                    ##                          
                                                    `#                          
                                                    ##                          
                                                   ###                          
                                          -------  ##`                          
                                          |.....+###                            
                                          |.....|  #                            
                                          +..<...###                            
                                          -------                               
                                                                                
                                                                                
                                                                                
Agent the Digger               St:14 Dx:11 Co:13 In:16 Wi:11 Ch:8 Lawful S:0    
Dlvl:1 $:0 HP:15(15) Pw:1(1) AC:9 Xp:1/0                                        

",0.0,False
80,"<plan>
My high-level plan is to remove the boulder that is blocking the path to the stairs down. I will first move to the southsouthwest to get closer to the boulder. Then, I will use the kick action to move the boulder out of the way. Once the boulder is removed, I will move to the stairs down and descend to complete my goal. 

I am not concerned about the pick-axe at this point, as I can simply kick the boulder out of the way. I will be careful not to strain any muscles by moving the boulder in this way.

My plan is as follows:

1. Move southsouthwest to get closer to the boulder.
2. Kick the boulder to move it out of the way.
3. Move to the stairs down and descend to complete my goal.

This plan should allow me to remove the boulder and access the stairs down.

Next action: southsouthwest",,"

Your previous output did not contain a valid action. Defaulted to action: north

Observation:
message:


language observation:
boulder far southsouthwest
vertical closed door far southsouthwest and westsouthwest
stairs up far southsouthwest
boulder near southsouthwest
dark area near southwest and west
dark area very near north, south, and northwest
horizontal wall very near northeast
boulder very near southwest
doorway adjacent northeast
dark area adjacent east and southeast

cursor:
Yourself a archeologist
(x=54, y=7)

map:
                                                                                
                                                                                
                                                                                
                                                                                
                                                        --                      
                                                     ##..                       
                                                    ##@                         
                                                    ###                         
                                                    `#                          
                                                    ##                          
                                                    `#                          
                                                    ##                          
                                                   ###                          
                                          -------  ##`                          
                                          |.....+###                            
                                          |.....|  #                            
                                          +..<...###                            
                                          -------                               
                                                                                
                                                                                
                                                                                
Agent the Digger               St:14 Dx:11 Co:13 In:16 Wi:11 Ch:8 Lawful S:0    
Dlvl:1 $:0 HP:15(15) Pw:1(1) AC:9 Xp:1/0                                        

",0.0,False
81,southsouthwest,,"

Your previous output did not contain a valid action. Defaulted to action: north

Observation:
message:


language observation:
vertical wall far east
boulder far southsouthwest
vertical closed door far southsouthwest and westsouthwest
stairs up far southsouthwest
dark area near south and southwest
boulders near southsouthwest
dark area very near west
dark area adjacent north, northeast, southeast, and northwest
doorway adjacent east

cursor:
Yourself a archeologist
(x=54, y=6)

map:
                                                                                
                                                                                
                                                                                
                                                                                
                                                        --------                
                                                     #@........|                
                                                    ###  ......|                
                                                    ###    ....|                
                                                    `#       ..|                
                                                    ##       ---                
                                                    `#                          
                                                    ##                          
                                                   ###                          
                                          -------  ##`                          
                                          |.....+###                            
                                          |.....|  #                            
                                          +..<...###                            
                                          -------                               
                                                                                
                                                                                
                                                                                
Agent the Digger               St:14 Dx:11 Co:13 In:16 Wi:11 Ch:8 Lawful S:0    
Dlvl:1 $:0 HP:15(15) Pw:1(1) AC:9 Xp:1/0                                        

",0.0,False
82,south,"My high-level plan is to remove the boulder that is blocking the path to the stairs down. I have determined that the boulder is located at the far southsouthwest of the map. To access the stairs down, I will first move east to get close to the doorway in the northeast. Once I am close to the doorway, I can move southsouthwest to get closer to the boulder. Then, I will use the pick-axe to remove the boulder from the path. After the boulder is removed, I will move to the stairs down and descend to complete my goal.

My reasoning is that I need to remove the boulder in order to access the stairs down. I can use the pick-axe to remove the boulder, as it is the best tool for this task. I will be careful to move around the boulder in a way that minimizes the risk of straining any muscles.

My plan is as follows:

1. Move east to get close to the doorway in the northeast.
2. Move southsouthwest to get closer to the boulder.
3. Use the pick-axe to remove the boulder from the path.
4. Move to the stairs down and descend to complete my goal.

This plan should allow me to remove the boulder and access the stairs down.","message:


language observation:
boulder far southsouthwest
vertical closed door far southsouthwest and westsouthwest
stairs up far southsouthwest
boulder near southsouthwest
dark area near southwest and west
dark area very near north, south, and northwest
horizontal wall very near northeast
boulder very near southwest
doorway adjacent northeast
dark area adjacent east and southeast

cursor:
Yourself a archeologist
(x=54, y=7)

map:
                                                                                
                                                                                
                                                                                
                                                                                
                                                        --------                
                                                     ##........|                
                                                    ##@  ......|                
                                                    ###    ....|                
                                                    `#       ..|                
                                                    ##       ---                
                                                    `#                          
                                                    ##                          
                                                   ###                          
                                          -------  ##`                          
                                          |.....+###                            
                                          |.....|  #                            
                                          +..<...###                            
                                          -------                               
                                                                                
                                                                                
                                                                                
Agent the Digger               St:14 Dx:11 Co:13 In:16 Wi:11 Ch:8 Lawful S:0    
Dlvl:1 $:0 HP:15(15) Pw:1(1) AC:9 Xp:1/0                                        

",0.0,False
83,east,,"message:
It's a wall.

language observation:
boulder far southsouthwest
vertical closed door far southsouthwest and westsouthwest
stairs up far southsouthwest
boulder near southsouthwest
dark area near southwest and west
dark area very near north, south, and northwest
horizontal wall very near northeast
boulder very near southwest
doorway adjacent northeast
dark area adjacent east and southeast

cursor:
Yourself a archeologist
(x=54, y=7)

map:
                                                                                
                                                                                
                                                                                
                                                                                
                                                        --------                
                                                     ##........|                
                                                    ##@  ......|                
                                                    ###    ....|                
                                                    `#       ..|                
                                                    ##       ---                
                                                    `#                          
                                                    ##                          
                                                   ###                          
                                          -------  ##`                          
                                          |.....+###                            
                                          |.....|  #                            
                                          +..<...###                            
                                          -------                               
                                                                                
                                                                                
                                                                                
Agent the Digger               St:14 Dx:11 Co:13 In:16 Wi:11 Ch:8 Lawful S:0    
Dlvl:1 $:0 HP:15(15) Pw:1(1) AC:9 Xp:1/0                                        

",0.0,False
84,"<plan>
My high-level plan is to remove the boulder that is blocking the path to the stairs down. I have determined that the boulder is located at the far southsouthwest of the map. To access the stairs down, I will first move to the northeast to get close to the doorway. Then, I will move southsouthwest to get closer to the boulder. After that, I will use the pick-axe to remove the boulder from the path. Once the boulder is removed, I will move to the stairs down and descend to complete my goal.

My reasoning is that I need to remove the boulder in order to access the stairs down. I can use the pick-axe to remove the boulder, as it is the best tool for this task. I will be careful to move around the boulder in a way that minimizes the risk of straining any muscles.

My plan is as follows:

1. Move to the northeast to get close to the doorway.
2. Move southsouthwest to get closer to the boulder.
3. Use the pick-axe to remove the boulder from the path.
4. Move to the stairs down and descend to complete my goal.

I will execute this plan step by step.

Next action: east",,"

Your previous output did not contain a valid action. Defaulted to action: north

Observation:
message:


language observation:
vertical wall far east
boulder far southsouthwest
vertical closed door far southsouthwest and westsouthwest
stairs up far southsouthwest
dark area near south and southwest
boulders near southsouthwest
dark area very near west
dark area adjacent north, northeast, southeast, and northwest
doorway adjacent east

cursor:
Yourself a archeologist
(x=54, y=6)

map:
                                                                                
                                                                                
                                                                                
                                                                                
                                                        --------                
                                                     #@........|                
                                                    ###  ......|                
                                                    ###    ....|                
                                                    `#       ..|                
                                                    ##       ---                
                                                    `#                          
                                                    ##                          
                                                   ###                          
                                          -------  ##`                          
                                          |.....+###                            
                                          |.....|  #                            
                                          +..<...###                            
                                          -------                               
                                                                                
                                                                                
                                                                                
Agent the Digger               St:14 Dx:11 Co:13 In:16 Wi:11 Ch:8 Lawful S:0    
Dlvl:1 $:0 HP:15(15) Pw:1(1) AC:9 Xp:1/0                                        

",0.0,False
85,kick,,"message:


language observation:
vertical wall far east
boulder far southsouthwest
vertical closed door far southsouthwest and westsouthwest
stairs up far southsouthwest
dark area near south and southwest
boulders near southsouthwest
dark area very near west
dark area adjacent north, northeast, southeast, and northwest
doorway adjacent east

cursor:
Yourself a archeologist
(x=54, y=6)

map:
                                                                                
                                                                                
                                                                                
                                                                                
                                                        --------                
                                                     #@........|                
                                                    ###  ......|                
                                                    ###    ....|                
                                                    `#       ..|                
                                                    ##       ---                
                                                    `#                          
                                                    ##                          
                                                   ###                          
                                          -------  ##`                          
                                          |.....+###                            
                                          |.....|  #                            
                                          +..<...###                            
                                          -------                               
                                                                                
                                                                                
                                                                                
Agent the Digger               St:14 Dx:11 Co:13 In:16 Wi:11 Ch:8 Lawful S:0    
Dlvl:1 $:0 HP:15(15) Pw:1(1) AC:9 Xp:1/0                                        

",0.0,False
86,"<plan>
My high-level plan is to remove the boulder that is blocking the path to the stairs down. To achieve this, I will use my +0 pick-axe to move the boulder. My reasoning is that the pick-axe is the best tool for this task, and it is the only tool I have that can move the boulder. I will first move to the southsouthwest to get close to the boulder. Once I am close to the boulder, I will use the pick-axe to move it out of the way. After the boulder is removed, I will move to the stairs down and descend to complete my goal.

My plan is as follows:

1. Move southsouthwest to get close to the boulder.
2. Use the pick-axe to move the boulder out of the way.
3. Move to the stairs down and descend to complete my goal.

I will execute this plan step by step.

Next action: southsouthwest",,"

Your previous output did not contain a valid action. Defaulted to action: north

Observation:
message:
It's solid stone.

language observation:
vertical wall far east
boulder far southsouthwest
vertical closed door far southsouthwest and westsouthwest
stairs up far southsouthwest
dark area near south and southwest
boulders near southsouthwest
dark area very near west
dark area adjacent north, northeast, southeast, and northwest
doorway adjacent east

cursor:
Yourself a archeologist
(x=54, y=6)

map:
                                                                                
                                                                                
                                                                                
                                                                                
                                                        --------                
                                                     #@........|                
                                                    ###  ......|                
                                                    ###    ....|                
                                                    `#       ..|                
                                                    ##       ---                
                                                    `#                          
                                                    ##                          
                                                   ###                          
                                          -------  ##`                          
                                          |.....+###                            
                                          |.....|  #                            
                                          +..<...###                            
                                          -------                               
                                                                                
                                                                                
                                                                                
Agent the Digger               St:14 Dx:11 Co:13 In:16 Wi:11 Ch:8 Lawful S:0    
Dlvl:1 $:0 HP:15(15) Pw:1(1) AC:9 Xp:1/0                                        

",0.0,False
87,kick,,"message:


language observation:
vertical wall far east
boulder far southsouthwest
vertical closed door far southsouthwest and westsouthwest
stairs up far southsouthwest
dark area near south and southwest
boulders near southsouthwest
dark area very near west
dark area adjacent north, northeast, southeast, and northwest
doorway adjacent east

cursor:
Yourself a archeologist
(x=54, y=6)

map:
                                                                                
                                                                                
                                                                                
                                                                                
                                                        --------                
                                                     #@........|                
                                                    ###  ......|                
                                                    ###    ....|                
                                                    `#       ..|                
                                                    ##       ---                
                                                    `#                          
                                                    ##                          
                                                   ###                          
                                          -------  ##`                          
                                          |.....+###                            
                                          |.....|  #                            
                                          +..<...###                            
                                          -------                               
                                                                                
                                                                                
                                                                                
Agent the Digger               St:14 Dx:11 Co:13 In:16 Wi:11 Ch:8 Lawful S:0    
Dlvl:1 $:0 HP:15(15) Pw:1(1) AC:9 Xp:1/0                                        

",0.0,False
88,"<plan>
My high-level plan is to remove the boulder that is blocking the path to the stairs down. I have determined that I need to use the pick-axe to move the boulder. Since the pick-axe is in my inventory, I can simply pick it up and use it to move the boulder. I will first pick up the pick-axe, then I will move to the southsouthwest to get close to the boulder. Once I am close to the boulder, I will use the pick-axe to move it out of the way. After the boulder is removed, I will move to the stairs down and descend to complete my goal. This plan should allow me to remove the boulder and access the stairs down.

My reasoning is that I need to remove the boulder in order to access the stairs down. Using the pick-axe is the best tool for this task, and it is the only tool I have that can move the boulder. I will be careful to move around the boulder in a way that minimizes the risk of straining any muscles.

My plan is as follows:

1. Pick up the pick-axe from the inventory.
2. Move southsouthwest to get close to the boulder.
3. Use the pick-axe to move the boulder out of the way.
4. Move to the stairs down and descend to complete my goal.

I will execute this plan step by step.

Next action: e",,"

Your previous output did not contain a valid action. Defaulted to action: north

Observation:
message:
It's solid stone.

language observation:
vertical wall far east
boulder far southsouthwest
vertical closed door far southsouthwest and westsouthwest
stairs up far southsouthwest
dark area near south and southwest
boulders near southsouthwest
dark area very near west
dark area adjacent north, northeast, southeast, and northwest
doorway adjacent east

cursor:
Yourself a archeologist
(x=54, y=6)

map:
                                                                                
                                                                                
                                                                                
                                                                                
                                                        --------                
                                                     #@........|                
                                                    ###  ......|                
                                                    ###    ....|                
                                                    `#       ..|                
                                                    ##       ---                
                                                    `#                          
                                                    ##                          
                                                   ###                          
                                          -------  ##`                          
                                          |.....+###                            
                                          |.....|  #                            
                                          +..<...###                            
                                          -------                               
                                                                                
                                                                                
                                                                                
Agent the Digger               St:14 Dx:11 Co:13 In:16 Wi:11 Ch:8 Lawful S:0    
Dlvl:1 $:0 HP:15(15) Pw:1(1) AC:9 Xp:1/0                                        

",0.0,False
89,pick-up e,,"

Your previous output did not contain a valid action. Defaulted to action: north

Observation:
message:
It's solid stone.

language observation:
vertical wall far east
boulder far southsouthwest
vertical closed door far southsouthwest and westsouthwest
stairs up far southsouthwest
dark area near south and southwest
boulders near southsouthwest
dark area very near west
dark area adjacent north, northeast, southeast, and northwest
doorway adjacent east

cursor:
Yourself a archeologist
(x=54, y=6)

map:
                                                                                
                                                                                
                                                                                
                                                                                
                                                        --------                
                                                     #@........|                
                                                    ###  ......|                
                                                    ###    ....|                
                                                    `#       ..|                
                                                    ##       ---                
                                                    `#                          
                                                    ##                          
                                                   ###                          
                                          -------  ##`                          
                                          |.....+###                            
                                          |.....|  #                            
                                          +..<...###                            
                                          -------                               
                                                                                
                                                                                
                                                                                
Agent the Digger               St:14 Dx:11 Co:13 In:16 Wi:11 Ch:8 Lawful S:0    
Dlvl:1 $:0 HP:15(15) Pw:1(1) AC:9 Xp:1/0                                        

",0.0,False
90,"<plan>
To complete the task of accessing the stairs down, I need to remove the boulder that is blocking the path. I have determined that using the pick-axe is the best tool for this task. My plan is as follows:

1. Move to the southsouthwest to get close to the boulder.
2. Pick up the pick-axe from the inventory.
3. Use the pick-axe to move the boulder out of the way.
4. Move to the stairs down and descend to complete my goal.

I will carefully consider each step and execute it one at a time to avoid any obstacles or potential risks.

Action: move southsouthwest",,"

Your previous output did not contain a valid action. Defaulted to action: north

Observation:
message:
It's solid stone.

language observation:
vertical wall far east
boulder far southsouthwest
vertical closed door far southsouthwest and westsouthwest
stairs up far southsouthwest
dark area near south and southwest
boulders near southsouthwest
dark area very near west
dark area adjacent north, northeast, southeast, and northwest
doorway adjacent east

cursor:
Yourself a archeologist
(x=54, y=6)

map:
                                                                                
                                                                                
                                                                                
                                                                                
                                                        --------                
                                                     #@........|                
                                                    ###  ......|                
                                                    ###    ....|                
                                                    `#       ..|                
                                                    ##       ---                
                                                    `#                          
                                                    ##                          
                                                   ###                          
                                          -------  ##`                          
                                          |.....+###                            
                                          |.....|  #                            
                                          +..<...###                            
                                          -------                               
                                                                                
                                                                                
                                                                                
Agent the Digger               St:14 Dx:11 Co:13 In:16 Wi:11 Ch:8 Lawful S:0    
Dlvl:1 $:0 HP:15(15) Pw:1(1) AC:9 Xp:1/0                                        

",0.0,False
91,southsouthwest,,"

Your previous output did not contain a valid action. Defaulted to action: north

Observation:
message:
It's solid stone.

language observation:
vertical wall far east
boulder far southsouthwest
vertical closed door far southsouthwest and westsouthwest
stairs up far southsouthwest
dark area near south and southwest
boulders near southsouthwest
dark area very near west
dark area adjacent north, northeast, southeast, and northwest
doorway adjacent east

cursor:
Yourself a archeologist
(x=54, y=6)

map:
                                                                                
                                                                                
                                                                                
                                                                                
                                                        --------                
                                                     #@........|                
                                                    ###  ......|                
                                                    ###    ....|                
                                                    `#       ..|                
                                                    ##       ---                
                                                    `#                          
                                                    ##                          
                                                   ###                          
                                          -------  ##`                          
                                          |.....+###                            
                                          |.....|  #                            
                                          +..<...###                            
                                          -------                               
                                                                                
                                                                                
                                                                                
Agent the Digger               St:14 Dx:11 Co:13 In:16 Wi:11 Ch:8 Lawful S:0    
Dlvl:1 $:0 HP:15(15) Pw:1(1) AC:9 Xp:1/0                                        

",0.0,False
92,kick,"My high-level plan is to access the stairs down by removing the boulder that is blocking the path. To achieve this, I will first move to the boulder and pick up the pick-axe, which is the tool needed to move the boulder. Once I have the pick-axe, I will use it to move the boulder out of the way. After the boulder is removed, I will move to the stairs down and descend to complete my goal. My reasoning is that the pick-axe is the best tool for moving the boulder, and once the boulder is removed, I will have a clear path to the stairs down.","message:


language observation:
vertical wall far east
boulder far southsouthwest
vertical closed door far southsouthwest and westsouthwest
stairs up far southsouthwest
dark area near south and southwest
boulders near southsouthwest
dark area very near west
dark area adjacent north, northeast, southeast, and northwest
doorway adjacent east

cursor:
Yourself a archeologist
(x=54, y=6)

map:
                                                                                
                                                                                
                                                                                
                                                                                
                                                        --------                
                                                     #@........|                
                                                    ###  ......|                
                                                    ###    ....|                
                                                    `#       ..|                
                                                    ##       ---                
                                                    `#                          
                                                    ##                          
                                                   ###                          
                                          -------  ##`                          
                                          |.....+###                            
                                          |.....|  #                            
                                          +..<...###                            
                                          -------                               
                                                                                
                                                                                
                                                                                
Agent the Digger               St:14 Dx:11 Co:13 In:16 Wi:11 Ch:8 Lawful S:0    
Dlvl:1 $:0 HP:15(15) Pw:1(1) AC:9 Xp:1/0                                        

",0.0,False
93,east,,"message:


language observation:
vertical wall far east
boulder far southsouthwest
vertical closed door far southsouthwest and westsouthwest
stairs up far southsouthwest
horizontal wall near southeast
boulder near southsouthwest and southwest
dark area near southwest and west
northwest room corner adjacent north
horizontal wall adjacent northeast
vertical wall adjacent south
dark area adjacent northwest

cursor:
Yourself a archeologist
(x=55, y=6)

map:
                                                                                
                                                                                
                                                                                
                                                                                
                                                       ---------                
                                                     ##@.......|                
                                                    ###|.......|                
                                                    ### .......|                
                                                    `#   ......|                
                                                    ##   -------                
                                                    `#                          
                                                    ##                          
                                                   ###                          
                                          -------  ##`                          
                                          |.....+###                            
                                          |.....|  #                            
                                          +..<...###                            
                                          -------                               
                                                                                
                                                                                
                                                                                
Agent the Digger               St:14 Dx:11 Co:13 In:16 Wi:11 Ch:8 Lawful S:0    
Dlvl:1 $:0 HP:15(15) Pw:1(1) AC:9 Xp:1/0                                        

",0.0,False
94,"<plan>To complete the task of accessing the stairs down, I need to remove the boulder that is blocking the path. I have determined that using the pick-axe is the best tool for this task. My plan is as follows:

1. I will move to the boulder and pick up the pick-axe, which is the tool needed to move the boulder.
2. Once I have the pick-axe, I will use it to move the boulder out of the way.
3. After the boulder is removed, I will move to the stairs down and descend to complete my goal.

My reasoning is that the pick-axe is the best tool for moving the boulder, and once the boulder is removed, I will have a clear path to the stairs down.

Action: pick-up e",,"

Your previous output did not contain a valid action. Defaulted to action: north

Observation:
message:
It's a wall.

language observation:
vertical wall far east
boulder far southsouthwest
vertical closed door far southsouthwest and westsouthwest
stairs up far southsouthwest
horizontal wall near southeast
boulder near southsouthwest and southwest
dark area near southwest and west
northwest room corner adjacent north
horizontal wall adjacent northeast
vertical wall adjacent south
dark area adjacent northwest

cursor:
Yourself a archeologist
(x=55, y=6)

map:
                                                                                
                                                                                
                                                                                
                                                                                
                                                       ---------                
                                                     ##@.......|                
                                                    ###|.......|                
                                                    ### .......|                
                                                    `#   ......|                
                                                    ##   -------                
                                                    `#                          
                                                    ##                          
                                                   ###                          
                                          -------  ##`                          
                                          |.....+###                            
                                          |.....|  #                            
                                          +..<...###                            
                                          -------                               
                                                                                
                                                                                
                                                                                
Agent the Digger               St:14 Dx:11 Co:13 In:16 Wi:11 Ch:8 Lawful S:0    
Dlvl:1 $:0 HP:15(15) Pw:1(1) AC:9 Xp:1/0                                        

",0.0,False
95,pick-up e,,"

Your previous output did not contain a valid action. Defaulted to action: north

Observation:
message:
It's a wall.

language observation:
vertical wall far east
boulder far southsouthwest
vertical closed door far southsouthwest and westsouthwest
stairs up far southsouthwest
horizontal wall near southeast
boulder near southsouthwest and southwest
dark area near southwest and west
northwest room corner adjacent north
horizontal wall adjacent northeast
vertical wall adjacent south
dark area adjacent northwest

cursor:
Yourself a archeologist
(x=55, y=6)

map:
                                                                                
                                                                                
                                                                                
                                                                                
                                                       ---------                
                                                     ##@.......|                
                                                    ###|.......|                
                                                    ### .......|                
                                                    `#   ......|                
                                                    ##   -------                
                                                    `#                          
                                                    ##                          
                                                   ###                          
                                          -------  ##`                          
                                          |.....+###                            
                                          |.....|  #                            
                                          +..<...###                            
                                          -------                               
                                                                                
                                                                                
                                                                                
Agent the Digger               St:14 Dx:11 Co:13 In:16 Wi:11 Ch:8 Lawful S:0    
Dlvl:1 $:0 HP:15(15) Pw:1(1) AC:9 Xp:1/0                                        

",0.0,False
96,"<plan>
My high-level plan is to access the stairs down by removing the boulder that is blocking the path. To achieve this, I will first move to the boulder and pick up the pick-axe, which is the tool needed to move the boulder. Once I have the pick-axe, I will use it to move the boulder out of the way. After the boulder is removed, I will move to the stairs down and descend to complete my goal. My reasoning is that the pick-axe is the best tool for moving the boulder, and once the boulder is removed, I will have a clear path to the stairs down.

I will follow these steps:

1. Move to the southsouthwest to get close to the boulder.
2. Pick up the pick-axe from the inventory.
3. Use the pick-axe to move the boulder out of the way.
4. Move to the stairs down and descend to complete my goal.

My plan should allow me to remove the boulder and access the stairs down.

Action: move southsouthwest",,"

Your previous output did not contain a valid action. Defaulted to action: north

Observation:
message:
It's a wall.

language observation:
vertical wall far east
boulder far southsouthwest
vertical closed door far southsouthwest and westsouthwest
stairs up far southsouthwest
horizontal wall near southeast
boulder near southsouthwest and southwest
dark area near southwest and west
northwest room corner adjacent north
horizontal wall adjacent northeast
vertical wall adjacent south
dark area adjacent northwest

cursor:
Yourself a archeologist
(x=55, y=6)

map:
                                                                                
                                                                                
                                                                                
                                                                                
                                                       ---------                
                                                     ##@.......|                
                                                    ###|.......|                
                                                    ### .......|                
                                                    `#   ......|                
                                                    ##   -------                
                                                    `#                          
                                                    ##                          
                                                   ###                          
                                          -------  ##`                          
                                          |.....+###                            
                                          |.....|  #                            
                                          +..<...###                            
                                          -------                               
                                                                                
                                                                                
                                                                                
Agent the Digger               St:14 Dx:11 Co:13 In:16 Wi:11 Ch:8 Lawful S:0    
Dlvl:1 $:0 HP:15(15) Pw:1(1) AC:9 Xp:1/0                                        

",0.0,False
97,east,,"message:


language observation:
vertical wall far east
boulder far southsouthwest
vertical closed door far southsouthwest and westsouthwest
stairs up far southwest
horizontal wall near southeast and south
boulder near southsouthwest and westsouthwest
dark area near west
horizontal wall adjacent north and northeast
vertical wall adjacent southwest
doorway adjacent west
northwest room corner adjacent northwest

cursor:
Yourself a archeologist
(x=56, y=6)

map:
                                                                                
                                                                                
                                                                                
                                                                                
                                                       ---------                
                                                     ##.@......|                
                                                    ###|.......|                
                                                    ###|.......|                
                                                    `# |.......|                
                                                    ## ---------                
                                                    `#                          
                                                    ##                          
                                                   ###                          
                                          -------  ##`                          
                                          |.....+###                            
                                          |.....|  #                            
                                          +..<...###                            
                                          -------                               
                                                                                
                                                                                
                                                                                
Agent the Digger               St:14 Dx:11 Co:13 In:16 Wi:11 Ch:8 Lawful S:0    
Dlvl:1 $:0 HP:15(15) Pw:1(1) AC:9 Xp:1/0                                        

",0.0,False
98,"<plan>To complete the task of accessing the stairs down, I need to remove the boulder that is blocking the path. I have determined that using the pick-axe is the best tool for this task. My plan is as follows:

1. I will pick up the pick-axe from my inventory.
2. I will move to the southsouthwest to get close to the boulder.
3. Once I am close to the boulder, I will use the pick-axe to move it out of the way.
4. After the boulder is removed, I will move to the stairs down and descend to complete my goal.

My reasoning is that the pick-axe is the best tool for moving the boulder, and once the boulder is removed, I will have a clear path to the stairs down.

Action: pick-up e",,"

Your previous output did not contain a valid action. Defaulted to action: north

Observation:
message:
It's a wall.

language observation:
vertical wall far east
boulder far southsouthwest
vertical closed door far southsouthwest and westsouthwest
stairs up far southwest
horizontal wall near southeast and south
boulder near southsouthwest and westsouthwest
dark area near west
horizontal wall adjacent north and northeast
vertical wall adjacent southwest
doorway adjacent west
northwest room corner adjacent northwest

cursor:
Yourself a archeologist
(x=56, y=6)

map:
                                                                                
                                                                                
                                                                                
                                                                                
                                                       ---------                
                                                     ##.@......|                
                                                    ###|.......|                
                                                    ###|.......|                
                                                    `# |.......|                
                                                    ## ---------                
                                                    `#                          
                                                    ##                          
                                                   ###                          
                                          -------  ##`                          
                                          |.....+###                            
                                          |.....|  #                            
                                          +..<...###                            
                                          -------                               
                                                                                
                                                                                
                                                                                
Agent the Digger               St:14 Dx:11 Co:13 In:16 Wi:11 Ch:8 Lawful S:0    
Dlvl:1 $:0 HP:15(15) Pw:1(1) AC:9 Xp:1/0                                        

",0.0,False
99,kick,,"message:
 
No  Points     Name                                                   Hp [max]
0  Agent-Arc-Dwa-Mal-Law quit in The Dungeons of Doom on
level 1.                                               15  [15]


language observation:
dark area adjacent east, southeast, and south

cursor:
very far eastsoutheast 
(x=77, y=6)

map:
 No  Points     Name                                                   Hp [max] 
                                                                                
            0  Agent-Arc-Dwa-Mal-Law quit in The Dungeons of Doom on            
                                                                                
              level 1.                                               15  [15]   
                                                                                
                                                                                
                                                                                
                                                                                
                                                                                
                                                                                
                                                                                
                                                                                
                                                                                
                                                                                
                                                                                
                                                                                
                                                                                
                                                                                
                                                                                
                                                                                
                                                                                
                                                                                

",0.0,True
